<?xml version="1.0" encoding="UTF-8"?>
<gpx
  version="1.0"
  creator="GPSBabel - http://www.gpsbabel.org"
  xmlns:xsi="http://www.w3.org/2001/XMLSchema-instance"
  xmlns="http://www.topografix.com/GPX/1/0"
  xsi:schemaLocation="http://www.topografix.com/GPX/1/0 http://www.topografix.com/GPX/1/0/gpx.xsd">
<time>2026-09-09T10:26:07Z</time>
<bounds minlat="53.082550038" minlon="46.580360401" maxlat="53.233791338" maxlon="48.931751288"/>
<trk>
  <name>Track 000</name>
<trkseg>
<trkpt lat="53.087783782" lon="46.580360401">
  <ele>247.600998</ele>
  <time>2010-07-31T03:18:21Z</time>
</trkpt>
<trkpt lat="53.087780010" lon="46.580379512">
  <ele>247.597000</ele>
  <time>2010-07-31T03:18:22Z</time>
</trkpt>
<trkpt lat="53.087780010" lon="46.580417650">
  <ele>247.858002</ele>
  <time>2010-07-31T03:18:23Z</time>
</trkpt>
<trkpt lat="53.087780010" lon="46.580467187">
  <ele>248.164993</ele>
  <time>2010-07-31T03:18:24Z</time>
</trkpt>
<trkpt lat="53.087780010" lon="46.580528291">
  <ele>248.214996</ele>
  <time>2010-07-31T03:18:25Z</time>
</trkpt>
<trkpt lat="53.087776154" lon="46.580608338">
  <ele>248.285004</ele>
  <time>2010-07-31T03:18:26Z</time>
</trkpt>
<trkpt lat="53.087768527" lon="46.580703724">
  <ele>248.481003</ele>
  <time>2010-07-31T03:18:27Z</time>
</trkpt>
<trkpt lat="53.087760899" lon="46.580818137">
  <ele>248.725006</ele>
  <time>2010-07-31T03:18:28Z</time>
</trkpt>
<trkpt lat="53.087745644" lon="46.580947889">
  <ele>248.828003</ele>
  <time>2010-07-31T03:18:29Z</time>
</trkpt>
<trkpt lat="53.087726617" lon="46.581085185">
  <ele>248.947006</ele>
  <time>2010-07-31T03:18:30Z</time>
</trkpt>
<trkpt lat="53.087711362" lon="46.581237819">
  <ele>248.988007</ele>
  <time>2010-07-31T03:18:31Z</time>
</trkpt>
<trkpt lat="53.087688480" lon="46.581409480">
  <ele>249.184998</ele>
  <time>2010-07-31T03:18:32Z</time>
</trkpt>
<trkpt lat="53.087661741" lon="46.581596397">
  <ele>249.360992</ele>
  <time>2010-07-31T03:18:33Z</time>
</trkpt>
<trkpt lat="53.087635003" lon="46.581798568">
  <ele>249.376999</ele>
  <time>2010-07-31T03:18:34Z</time>
</trkpt>
<trkpt lat="53.087608349" lon="46.582012139">
  <ele>249.479004</ele>
  <time>2010-07-31T03:18:35Z</time>
</trkpt>
<trkpt lat="53.087581610" lon="46.582237277">
  <ele>249.634995</ele>
  <time>2010-07-31T03:18:36Z</time>
</trkpt>
<trkpt lat="53.087554956" lon="46.582469959">
  <ele>249.848007</ele>
  <time>2010-07-31T03:18:37Z</time>
</trkpt>
<trkpt lat="53.087516818" lon="46.582714040">
  <ele>250.216995</ele>
  <time>2010-07-31T03:18:38Z</time>
</trkpt>
<trkpt lat="53.087482452" lon="46.582973460">
  <ele>250.839996</ele>
  <time>2010-07-31T03:18:39Z</time>
</trkpt>
<trkpt lat="53.087451942" lon="46.583244363">
  <ele>250.968994</ele>
  <time>2010-07-31T03:18:40Z</time>
</trkpt>
<trkpt lat="53.087421432" lon="46.583518954">
  <ele>251.110001</ele>
  <time>2010-07-31T03:18:41Z</time>
</trkpt>
<trkpt lat="53.087383294" lon="46.583805112">
  <ele>251.263000</ele>
  <time>2010-07-31T03:18:42Z</time>
</trkpt>
<trkpt lat="53.087348929" lon="46.584095042">
  <ele>251.505005</ele>
  <time>2010-07-31T03:18:43Z</time>
</trkpt>
<trkpt lat="53.087314647" lon="46.584396372">
  <ele>251.774994</ele>
  <time>2010-07-31T03:18:44Z</time>
</trkpt>
<trkpt lat="53.087276425" lon="46.584701557">
  <ele>252.186996</ele>
  <time>2010-07-31T03:18:45Z</time>
</trkpt>
<trkpt lat="53.087238288" lon="46.585018141">
  <ele>252.787994</ele>
  <time>2010-07-31T03:18:46Z</time>
</trkpt>
<trkpt lat="53.087200150" lon="46.585330954">
  <ele>253.158997</ele>
  <time>2010-07-31T03:18:47Z</time>
</trkpt>
<trkpt lat="53.087158240" lon="46.585647622">
  <ele>252.955002</ele>
  <time>2010-07-31T03:18:48Z</time>
</trkpt>
<trkpt lat="53.087120019" lon="46.585971834">
  <ele>253.125000</ele>
  <time>2010-07-31T03:18:49Z</time>
</trkpt>
<trkpt lat="53.087081881" lon="46.586303674">
  <ele>253.475006</ele>
  <time>2010-07-31T03:18:50Z</time>
</trkpt>
<trkpt lat="53.087039972" lon="46.586639369">
  <ele>253.686996</ele>
  <time>2010-07-31T03:18:51Z</time>
</trkpt>
<trkpt lat="53.086997978" lon="46.586978920">
  <ele>253.919006</ele>
  <time>2010-07-31T03:18:52Z</time>
</trkpt>
<trkpt lat="53.086952213" lon="46.587326014">
  <ele>253.742996</ele>
  <time>2010-07-31T03:18:53Z</time>
</trkpt>
<trkpt lat="53.086906448" lon="46.587673193">
  <ele>253.789001</ele>
  <time>2010-07-31T03:18:54Z</time>
</trkpt>
<trkpt lat="53.086860683" lon="46.588031771">
  <ele>253.949005</ele>
  <time>2010-07-31T03:18:55Z</time>
</trkpt>
<trkpt lat="53.086814918" lon="46.588390348">
  <ele>254.244003</ele>
  <time>2010-07-31T03:18:56Z</time>
</trkpt>
<trkpt lat="53.086765297" lon="46.588756554">
  <ele>254.417007</ele>
  <time>2010-07-31T03:18:57Z</time>
</trkpt>
<trkpt lat="53.086715676" lon="46.589122759">
  <ele>254.636002</ele>
  <time>2010-07-31T03:18:58Z</time>
</trkpt>
<trkpt lat="53.086666139" lon="46.589496592">
  <ele>254.906998</ele>
  <time>2010-07-31T03:18:59Z</time>
</trkpt>
<trkpt lat="53.086608890" lon="46.589870425">
  <ele>254.889999</ele>
  <time>2010-07-31T03:19:00Z</time>
</trkpt>
<trkpt lat="53.086551642" lon="46.590248113">
  <ele>254.774994</ele>
  <time>2010-07-31T03:19:01Z</time>
</trkpt>
<trkpt lat="53.086482994" lon="46.590621946">
  <ele>254.903000</ele>
  <time>2010-07-31T03:19:02Z</time>
</trkpt>
<trkpt lat="53.086406719" lon="46.590995779">
  <ele>255.041000</ele>
  <time>2010-07-31T03:19:03Z</time>
</trkpt>
<trkpt lat="53.086318960" lon="46.591373468">
  <ele>255.197998</ele>
  <time>2010-07-31T03:19:04Z</time>
</trkpt>
<trkpt lat="53.086235058" lon="46.591751073">
  <ele>255.882004</ele>
  <time>2010-07-31T03:19:05Z</time>
</trkpt>
<trkpt lat="53.086135900" lon="46.592117278">
  <ele>255.925995</ele>
  <time>2010-07-31T03:19:06Z</time>
</trkpt>
<trkpt lat="53.086032886" lon="46.592483483">
  <ele>256.251007</ele>
  <time>2010-07-31T03:19:07Z</time>
</trkpt>
<trkpt lat="53.085918389" lon="46.592849772">
  <ele>256.476013</ele>
  <time>2010-07-31T03:19:08Z</time>
</trkpt>
<trkpt lat="53.085803976" lon="46.593208350">
  <ele>256.595001</ele>
  <time>2010-07-31T03:19:09Z</time>
</trkpt>
<trkpt lat="53.085678080" lon="46.593563072">
  <ele>256.602997</ele>
  <time>2010-07-31T03:19:10Z</time>
</trkpt>
<trkpt lat="53.085552184" lon="46.593906395">
  <ele>256.635986</ele>
  <time>2010-07-31T03:19:11Z</time>
</trkpt>
<trkpt lat="53.085414888" lon="46.594238319">
  <ele>256.647003</ele>
  <time>2010-07-31T03:19:12Z</time>
</trkpt>
<trkpt lat="53.085273737" lon="46.594574014">
  <ele>256.447998</ele>
  <time>2010-07-31T03:19:13Z</time>
</trkpt>
<trkpt lat="53.085124958" lon="46.594905853">
  <ele>256.354004</ele>
  <time>2010-07-31T03:19:14Z</time>
</trkpt>
<trkpt lat="53.084976180" lon="46.595233921">
  <ele>256.390015</ele>
  <time>2010-07-31T03:19:15Z</time>
</trkpt>
<trkpt lat="53.084823629" lon="46.595558133">
  <ele>256.638000</ele>
  <time>2010-07-31T03:19:16Z</time>
</trkpt>
<trkpt lat="53.084670994" lon="46.595882429">
  <ele>257.080994</ele>
  <time>2010-07-31T03:19:17Z</time>
</trkpt>
<trkpt lat="53.084518444" lon="46.596206641">
  <ele>257.308990</ele>
  <time>2010-07-31T03:19:18Z</time>
</trkpt>
<trkpt lat="53.084362037" lon="46.596527081">
  <ele>257.554993</ele>
  <time>2010-07-31T03:19:19Z</time>
</trkpt>
<trkpt lat="53.084205631" lon="46.596847521">
  <ele>257.737000</ele>
  <time>2010-07-31T03:19:20Z</time>
</trkpt>
<trkpt lat="53.084056852" lon="46.597171817">
  <ele>257.891998</ele>
  <time>2010-07-31T03:19:21Z</time>
</trkpt>
<trkpt lat="53.083908074" lon="46.597499885">
  <ele>258.104004</ele>
  <time>2010-07-31T03:19:22Z</time>
</trkpt>
<trkpt lat="53.083763150" lon="46.597831724">
  <ele>258.322998</ele>
  <time>2010-07-31T03:19:23Z</time>
</trkpt>
<trkpt lat="53.083633399" lon="46.598171275">
  <ele>258.619995</ele>
  <time>2010-07-31T03:19:24Z</time>
</trkpt>
<trkpt lat="53.083507502" lon="46.598518370">
  <ele>259.083008</ele>
  <time>2010-07-31T03:19:25Z</time>
</trkpt>
<trkpt lat="53.083393089" lon="46.598865548">
  <ele>259.356995</ele>
  <time>2010-07-31T03:19:26Z</time>
</trkpt>
<trkpt lat="53.083282448" lon="46.599216498">
  <ele>259.845001</ele>
  <time>2010-07-31T03:19:27Z</time>
</trkpt>
<trkpt lat="53.083179435" lon="46.599571221">
  <ele>260.018005</ele>
  <time>2010-07-31T03:19:28Z</time>
</trkpt>
<trkpt lat="53.083087904" lon="46.599933654">
  <ele>260.647003</ele>
  <time>2010-07-31T03:19:29Z</time>
</trkpt>
<trkpt lat="53.083000146" lon="46.600307487">
  <ele>260.895996</ele>
  <time>2010-07-31T03:19:30Z</time>
</trkpt>
<trkpt lat="53.082920099" lon="46.600688947">
  <ele>260.942993</ele>
  <time>2010-07-31T03:19:31Z</time>
</trkpt>
<trkpt lat="53.082847595" lon="46.601074180">
  <ele>260.692993</ele>
  <time>2010-07-31T03:19:32Z</time>
</trkpt>
<trkpt lat="53.082782719" lon="46.601467123">
  <ele>260.902008</ele>
  <time>2010-07-31T03:19:33Z</time>
</trkpt>
<trkpt lat="53.082729327" lon="46.601863839">
  <ele>260.790009</ele>
  <time>2010-07-31T03:19:34Z</time>
</trkpt>
<trkpt lat="53.082679790" lon="46.602272037">
  <ele>260.608002</ele>
  <time>2010-07-31T03:19:35Z</time>
</trkpt>
<trkpt lat="53.082637796" lon="46.602680236">
  <ele>260.290009</ele>
  <time>2010-07-31T03:19:36Z</time>
</trkpt>
<trkpt lat="53.082607286" lon="46.603099834">
  <ele>260.548004</ele>
  <time>2010-07-31T03:19:37Z</time>
</trkpt>
<trkpt lat="53.082580548" lon="46.603523288">
  <ele>260.584991</ele>
  <time>2010-07-31T03:19:38Z</time>
</trkpt>
<trkpt lat="53.082565293" lon="46.603950514">
  <ele>260.696014</ele>
  <time>2010-07-31T03:19:39Z</time>
</trkpt>
<trkpt lat="53.082553893" lon="46.604377739">
  <ele>260.574005</ele>
  <time>2010-07-31T03:19:40Z</time>
</trkpt>
<trkpt lat="53.082550038" lon="46.604801193">
  <ele>260.873993</ele>
  <time>2010-07-31T03:19:41Z</time>
</trkpt>
<trkpt lat="53.082557665" lon="46.605217019">
  <ele>260.701996</ele>
  <time>2010-07-31T03:19:42Z</time>
</trkpt>
<trkpt lat="53.082580548" lon="46.605625134">
  <ele>260.937012</ele>
  <time>2010-07-31T03:19:43Z</time>
</trkpt>
<trkpt lat="53.082614914" lon="46.606025705">
  <ele>260.938995</ele>
  <time>2010-07-31T03:19:44Z</time>
</trkpt>
<trkpt lat="53.082656823" lon="46.606422421">
  <ele>260.911011</ele>
  <time>2010-07-31T03:19:45Z</time>
</trkpt>
<trkpt lat="53.082706444" lon="46.606819136">
  <ele>260.574005</ele>
  <time>2010-07-31T03:19:46Z</time>
</trkpt>
<trkpt lat="53.082763692" lon="46.607212080">
  <ele>260.062012</ele>
  <time>2010-07-31T03:19:47Z</time>
</trkpt>
<trkpt lat="53.082828484" lon="46.607604939">
  <ele>259.688995</ele>
  <time>2010-07-31T03:19:48Z</time>
</trkpt>
<trkpt lat="53.082893360" lon="46.607990256">
  <ele>259.018005</ele>
  <time>2010-07-31T03:19:49Z</time>
</trkpt>
<trkpt lat="53.082958236" lon="46.608379344">
  <ele>258.500000</ele>
  <time>2010-07-31T03:19:50Z</time>
</trkpt>
<trkpt lat="53.083026884" lon="46.608768431">
  <ele>257.894012</ele>
  <time>2010-07-31T03:19:51Z</time>
</trkpt>
<trkpt lat="53.083091760" lon="46.609149892">
  <ele>257.766998</ele>
  <time>2010-07-31T03:19:52Z</time>
</trkpt>
<trkpt lat="53.083156552" lon="46.609531436">
  <ele>257.335999</ele>
  <time>2010-07-31T03:19:53Z</time>
</trkpt>
<trkpt lat="53.083221428" lon="46.609909041">
  <ele>256.609009</ele>
  <time>2010-07-31T03:19:54Z</time>
</trkpt>
<trkpt lat="53.083286304" lon="46.610294357">
  <ele>256.296997</ele>
  <time>2010-07-31T03:19:55Z</time>
</trkpt>
<trkpt lat="53.083354952" lon="46.610671962">
  <ele>255.841003</ele>
  <time>2010-07-31T03:19:56Z</time>
</trkpt>
<trkpt lat="53.083419828" lon="46.611042023">
  <ele>255.686005</ele>
  <time>2010-07-31T03:19:57Z</time>
</trkpt>
<trkpt lat="53.083492247" lon="46.611415856">
  <ele>255.417007</ele>
  <time>2010-07-31T03:19:58Z</time>
</trkpt>
<trkpt lat="53.083557123" lon="46.611793544">
  <ele>254.809006</ele>
  <time>2010-07-31T03:19:59Z</time>
</trkpt>
<trkpt lat="53.083625771" lon="46.612171149">
  <ele>254.210999</ele>
  <time>2010-07-31T03:20:00Z</time>
</trkpt>
<trkpt lat="53.083694419" lon="46.612548837">
  <ele>254.001007</ele>
  <time>2010-07-31T03:20:01Z</time>
</trkpt>
<trkpt lat="53.083763150" lon="46.612934154">
  <ele>253.695999</ele>
  <time>2010-07-31T03:20:02Z</time>
</trkpt>
<trkpt lat="53.083831798" lon="46.613319386">
  <ele>253.255005</ele>
  <time>2010-07-31T03:20:03Z</time>
</trkpt>
<trkpt lat="53.083900446" lon="46.613700846">
  <ele>253.220001</ele>
  <time>2010-07-31T03:20:04Z</time>
</trkpt>
<trkpt lat="53.083965322" lon="46.614078535">
  <ele>252.740997</ele>
  <time>2010-07-31T03:20:05Z</time>
</trkpt>
<trkpt lat="53.084030114" lon="46.614459995">
  <ele>252.266006</ele>
  <time>2010-07-31T03:20:06Z</time>
</trkpt>
<trkpt lat="53.084091218" lon="46.614841456">
  <ele>251.996002</ele>
  <time>2010-07-31T03:20:07Z</time>
</trkpt>
<trkpt lat="53.084159866" lon="46.615222916">
  <ele>251.389999</ele>
  <time>2010-07-31T03:20:08Z</time>
</trkpt>
<trkpt lat="53.084228514" lon="46.615608232">
  <ele>250.897995</ele>
  <time>2010-07-31T03:20:09Z</time>
</trkpt>
<trkpt lat="53.084301017" lon="46.615989693">
  <ele>250.557007</ele>
  <time>2010-07-31T03:20:10Z</time>
</trkpt>
<trkpt lat="53.084369665" lon="46.616375009">
  <ele>250.520996</ele>
  <time>2010-07-31T03:20:11Z</time>
</trkpt>
<trkpt lat="53.084438313" lon="46.616764097">
  <ele>250.130997</ele>
  <time>2010-07-31T03:20:12Z</time>
</trkpt>
<trkpt lat="53.084503189" lon="46.617153184">
  <ele>249.518005</ele>
  <time>2010-07-31T03:20:13Z</time>
</trkpt>
<trkpt lat="53.084568065" lon="46.617542272">
  <ele>248.916000</ele>
  <time>2010-07-31T03:20:14Z</time>
</trkpt>
<trkpt lat="53.084636712" lon="46.617935216">
  <ele>248.522995</ele>
  <time>2010-07-31T03:20:15Z</time>
</trkpt>
<trkpt lat="53.084705360" lon="46.618331932">
  <ele>248.227005</ele>
  <time>2010-07-31T03:20:16Z</time>
</trkpt>
<trkpt lat="53.084774008" lon="46.618724791">
  <ele>247.903000</ele>
  <time>2010-07-31T03:20:17Z</time>
</trkpt>
<trkpt lat="53.084838884" lon="46.619121591">
  <ele>247.481003</ele>
  <time>2010-07-31T03:20:18Z</time>
</trkpt>
<trkpt lat="53.084907532" lon="46.619518306">
  <ele>246.962006</ele>
  <time>2010-07-31T03:20:19Z</time>
</trkpt>
<trkpt lat="53.084976180" lon="46.619915022">
  <ele>246.835007</ele>
  <time>2010-07-31T03:20:20Z</time>
</trkpt>
<trkpt lat="53.085044827" lon="46.620311737">
  <ele>246.369003</ele>
  <time>2010-07-31T03:20:21Z</time>
</trkpt>
<trkpt lat="53.085113559" lon="46.620700825">
  <ele>245.880997</ele>
  <time>2010-07-31T03:20:22Z</time>
</trkpt>
<trkpt lat="53.085178351" lon="46.621086141">
  <ele>245.574005</ele>
  <time>2010-07-31T03:20:23Z</time>
</trkpt>
<trkpt lat="53.085239371" lon="46.621471373">
  <ele>245.067993</ele>
  <time>2010-07-31T03:20:24Z</time>
</trkpt>
<trkpt lat="53.085304247" lon="46.621852834">
  <ele>244.574997</ele>
  <time>2010-07-31T03:20:25Z</time>
</trkpt>
<trkpt lat="53.085369123" lon="46.622230522">
  <ele>244.009995</ele>
  <time>2010-07-31T03:20:26Z</time>
</trkpt>
<trkpt lat="53.085437771" lon="46.622608211">
  <ele>243.546005</ele>
  <time>2010-07-31T03:20:27Z</time>
</trkpt>
<trkpt lat="53.085502647" lon="46.622985816">
  <ele>242.921005</ele>
  <time>2010-07-31T03:20:28Z</time>
</trkpt>
<trkpt lat="53.085567439" lon="46.623363504">
  <ele>242.315002</ele>
  <time>2010-07-31T03:20:29Z</time>
</trkpt>
<trkpt lat="53.085632315" lon="46.623744965">
  <ele>241.923004</ele>
  <time>2010-07-31T03:20:30Z</time>
</trkpt>
<trkpt lat="53.085697191" lon="46.624126425">
  <ele>241.384003</ele>
  <time>2010-07-31T03:20:31Z</time>
</trkpt>
<trkpt lat="53.085761983" lon="46.624504114">
  <ele>240.863007</ele>
  <time>2010-07-31T03:20:32Z</time>
</trkpt>
<trkpt lat="53.085826859" lon="46.624881718">
  <ele>240.322998</ele>
  <time>2010-07-31T03:20:33Z</time>
</trkpt>
<trkpt lat="53.085887879" lon="46.625255551">
  <ele>239.774994</ele>
  <time>2010-07-31T03:20:34Z</time>
</trkpt>
<trkpt lat="53.085945128" lon="46.625629384">
  <ele>239.229996</ele>
  <time>2010-07-31T03:20:35Z</time>
</trkpt>
<trkpt lat="53.086006148" lon="46.625995673">
  <ele>238.830994</ele>
  <time>2010-07-31T03:20:36Z</time>
</trkpt>
<trkpt lat="53.086063396" lon="46.626361879">
  <ele>238.384995</ele>
  <time>2010-07-31T03:20:37Z</time>
</trkpt>
<trkpt lat="53.086124416" lon="46.626724228">
  <ele>238.035995</ele>
  <time>2010-07-31T03:20:38Z</time>
</trkpt>
<trkpt lat="53.086181665" lon="46.627086662">
  <ele>238.149994</ele>
  <time>2010-07-31T03:20:39Z</time>
</trkpt>
<trkpt lat="53.086235058" lon="46.627452867">
  <ele>238.643997</ele>
  <time>2010-07-31T03:20:40Z</time>
</trkpt>
<trkpt lat="53.086288450" lon="46.627811445">
  <ele>238.656006</ele>
  <time>2010-07-31T03:20:41Z</time>
</trkpt>
<trkpt lat="53.086334215" lon="46.628170023">
  <ele>238.957993</ele>
  <time>2010-07-31T03:20:42Z</time>
</trkpt>
<trkpt lat="53.086372353" lon="46.628528601">
  <ele>239.117004</ele>
  <time>2010-07-31T03:20:43Z</time>
</trkpt>
<trkpt lat="53.086410491" lon="46.628883323">
  <ele>239.576004</ele>
  <time>2010-07-31T03:20:44Z</time>
</trkpt>
<trkpt lat="53.086444857" lon="46.629241984">
  <ele>239.936005</ele>
  <time>2010-07-31T03:20:45Z</time>
</trkpt>
<trkpt lat="53.086471595" lon="46.629600562">
  <ele>240.569000</ele>
  <time>2010-07-31T03:20:46Z</time>
</trkpt>
<trkpt lat="53.086490622" lon="46.629955284">
  <ele>240.893005</ele>
  <time>2010-07-31T03:20:47Z</time>
</trkpt>
<trkpt lat="53.086502105" lon="46.630310090">
  <ele>241.240005</ele>
  <time>2010-07-31T03:20:48Z</time>
</trkpt>
<trkpt lat="53.086513504" lon="46.630657185">
  <ele>241.662994</ele>
  <time>2010-07-31T03:20:49Z</time>
</trkpt>
<trkpt lat="53.086521132" lon="46.631008135">
  <ele>242.134003</ele>
  <time>2010-07-31T03:20:50Z</time>
</trkpt>
<trkpt lat="53.086528759" lon="46.631359085">
  <ele>242.686005</ele>
  <time>2010-07-31T03:20:51Z</time>
</trkpt>
<trkpt lat="53.086532615" lon="46.631710036">
  <ele>243.218002</ele>
  <time>2010-07-31T03:20:52Z</time>
</trkpt>
<trkpt lat="53.086540243" lon="46.632057214">
  <ele>243.671997</ele>
  <time>2010-07-31T03:20:53Z</time>
</trkpt>
<trkpt lat="53.086544015" lon="46.632408164">
  <ele>244.102005</ele>
  <time>2010-07-31T03:20:54Z</time>
</trkpt>
<trkpt lat="53.086551642" lon="46.632759115">
  <ele>244.705994</ele>
  <time>2010-07-31T03:20:55Z</time>
</trkpt>
<trkpt lat="53.086555498" lon="46.633110065">
  <ele>245.100006</ele>
  <time>2010-07-31T03:20:56Z</time>
</trkpt>
<trkpt lat="53.086563125" lon="46.633468643">
  <ele>245.475998</ele>
  <time>2010-07-31T03:20:57Z</time>
</trkpt>
<trkpt lat="53.086563125" lon="46.633819593">
  <ele>246.057007</ele>
  <time>2010-07-31T03:20:58Z</time>
</trkpt>
<trkpt lat="53.086566897" lon="46.634162916">
  <ele>246.587006</ele>
  <time>2010-07-31T03:20:59Z</time>
</trkpt>
<trkpt lat="53.086570753" lon="46.634498611">
  <ele>247.511002</ele>
  <time>2010-07-31T03:21:00Z</time>
</trkpt>
<trkpt lat="53.086570753" lon="46.634834306">
  <ele>248.302002</ele>
  <time>2010-07-31T03:21:01Z</time>
</trkpt>
<trkpt lat="53.086574525" lon="46.635162374">
  <ele>249.106995</ele>
  <time>2010-07-31T03:21:02Z</time>
</trkpt>
<trkpt lat="53.086578380" lon="46.635482814">
  <ele>249.520004</ele>
  <time>2010-07-31T03:21:03Z</time>
</trkpt>
<trkpt lat="53.086578380" lon="46.635807026">
  <ele>250.037994</ele>
  <time>2010-07-31T03:21:04Z</time>
</trkpt>
<trkpt lat="53.086578380" lon="46.636131322">
  <ele>250.386993</ele>
  <time>2010-07-31T03:21:05Z</time>
</trkpt>
<trkpt lat="53.086582152" lon="46.636455534">
  <ele>250.882996</ele>
  <time>2010-07-31T03:21:06Z</time>
</trkpt>
<trkpt lat="53.086586008" lon="46.636783602">
  <ele>251.287003</ele>
  <time>2010-07-31T03:21:07Z</time>
</trkpt>
<trkpt lat="53.086586008" lon="46.637107814">
  <ele>251.561996</ele>
  <time>2010-07-31T03:21:08Z</time>
</trkpt>
<trkpt lat="53.086586008" lon="46.637439737">
  <ele>251.651993</ele>
  <time>2010-07-31T03:21:09Z</time>
</trkpt>
<trkpt lat="53.086589780" lon="46.637771577">
  <ele>251.936996</ele>
  <time>2010-07-31T03:21:10Z</time>
</trkpt>
<trkpt lat="53.086589780" lon="46.638111128">
  <ele>252.436005</ele>
  <time>2010-07-31T03:21:11Z</time>
</trkpt>
<trkpt lat="53.086593635" lon="46.638450595">
  <ele>252.714005</ele>
  <time>2010-07-31T03:21:12Z</time>
</trkpt>
<trkpt lat="53.086593635" lon="46.638797773">
  <ele>253.014999</ele>
  <time>2010-07-31T03:21:13Z</time>
</trkpt>
<trkpt lat="53.086593635" lon="46.639144868">
  <ele>253.617004</ele>
  <time>2010-07-31T03:21:14Z</time>
</trkpt>
<trkpt lat="53.086589780" lon="46.639495818">
  <ele>253.955002</ele>
  <time>2010-07-31T03:21:15Z</time>
</trkpt>
<trkpt lat="53.086589780" lon="46.639850624">
  <ele>254.445999</ele>
  <time>2010-07-31T03:21:16Z</time>
</trkpt>
<trkpt lat="53.086593635" lon="46.640209202">
  <ele>255.052994</ele>
  <time>2010-07-31T03:21:17Z</time>
</trkpt>
<trkpt lat="53.086593635" lon="46.640571635">
  <ele>255.490005</ele>
  <time>2010-07-31T03:21:18Z</time>
</trkpt>
<trkpt lat="53.086593635" lon="46.640933985">
  <ele>255.304001</ele>
  <time>2010-07-31T03:21:19Z</time>
</trkpt>
<trkpt lat="53.086593635" lon="46.641304046">
  <ele>255.535004</ele>
  <time>2010-07-31T03:21:20Z</time>
</trkpt>
<trkpt lat="53.086597407" lon="46.641674023">
  <ele>255.783997</ele>
  <time>2010-07-31T03:21:21Z</time>
</trkpt>
<trkpt lat="53.086605035" lon="46.642040228">
  <ele>256.273987</ele>
  <time>2010-07-31T03:21:22Z</time>
</trkpt>
<trkpt lat="53.086608890" lon="46.642402662">
  <ele>256.657013</ele>
  <time>2010-07-31T03:21:23Z</time>
</trkpt>
<trkpt lat="53.086612662" lon="46.642761240">
  <ele>256.667999</ele>
  <time>2010-07-31T03:21:24Z</time>
</trkpt>
<trkpt lat="53.086616518" lon="46.643115962">
  <ele>256.548004</ele>
  <time>2010-07-31T03:21:25Z</time>
</trkpt>
<trkpt lat="53.086624146" lon="46.643463140">
  <ele>256.109009</ele>
  <time>2010-07-31T03:21:26Z</time>
</trkpt>
<trkpt lat="53.086631773" lon="46.643810235">
  <ele>255.770004</ele>
  <time>2010-07-31T03:21:27Z</time>
</trkpt>
<trkpt lat="53.086635629" lon="46.644149786">
  <ele>255.554993</ele>
  <time>2010-07-31T03:21:28Z</time>
</trkpt>
<trkpt lat="53.086643256" lon="46.644489253">
  <ele>255.237000</ele>
  <time>2010-07-31T03:21:29Z</time>
</trkpt>
<trkpt lat="53.086643256" lon="46.644828804">
  <ele>254.856995</ele>
  <time>2010-07-31T03:21:30Z</time>
</trkpt>
<trkpt lat="53.086647028" lon="46.645172127">
  <ele>254.834000</ele>
  <time>2010-07-31T03:21:31Z</time>
</trkpt>
<trkpt lat="53.086647028" lon="46.645511594">
  <ele>254.735001</ele>
  <time>2010-07-31T03:21:32Z</time>
</trkpt>
<trkpt lat="53.086647028" lon="46.645843517">
  <ele>254.559998</ele>
  <time>2010-07-31T03:21:33Z</time>
</trkpt>
<trkpt lat="53.086650884" lon="46.646179212">
  <ele>254.117004</ele>
  <time>2010-07-31T03:21:34Z</time>
</trkpt>
<trkpt lat="53.086654656" lon="46.646514907">
  <ele>254.149994</ele>
  <time>2010-07-31T03:21:35Z</time>
</trkpt>
<trkpt lat="53.086654656" lon="46.646850603">
  <ele>254.179001</ele>
  <time>2010-07-31T03:21:36Z</time>
</trkpt>
<trkpt lat="53.086654656" lon="46.647186298">
  <ele>254.033005</ele>
  <time>2010-07-31T03:21:37Z</time>
</trkpt>
<trkpt lat="53.086650884" lon="46.647514366">
  <ele>253.906006</ele>
  <time>2010-07-31T03:21:38Z</time>
</trkpt>
<trkpt lat="53.086650884" lon="46.647842433">
  <ele>253.889008</ele>
  <time>2010-07-31T03:21:39Z</time>
</trkpt>
<trkpt lat="53.086647028" lon="46.648162873">
  <ele>253.634995</ele>
  <time>2010-07-31T03:21:40Z</time>
</trkpt>
<trkpt lat="53.086647028" lon="46.648483314">
  <ele>253.690994</ele>
  <time>2010-07-31T03:21:41Z</time>
</trkpt>
<trkpt lat="53.086647028" lon="46.648803670">
  <ele>253.664993</ele>
  <time>2010-07-31T03:21:42Z</time>
</trkpt>
<trkpt lat="53.086643256" lon="46.649116483">
  <ele>253.837997</ele>
  <time>2010-07-31T03:21:43Z</time>
</trkpt>
<trkpt lat="53.086643256" lon="46.649425523">
  <ele>253.518997</ele>
  <time>2010-07-31T03:21:44Z</time>
</trkpt>
<trkpt lat="53.086643256" lon="46.649730708">
  <ele>253.313004</ele>
  <time>2010-07-31T03:21:45Z</time>
</trkpt>
<trkpt lat="53.086643256" lon="46.650039665">
  <ele>253.167007</ele>
  <time>2010-07-31T03:21:46Z</time>
</trkpt>
<trkpt lat="53.086643256" lon="46.650344850">
  <ele>253.539993</ele>
  <time>2010-07-31T03:21:47Z</time>
</trkpt>
<trkpt lat="53.086643256" lon="46.650638552">
  <ele>253.412003</ele>
  <time>2010-07-31T03:21:48Z</time>
</trkpt>
<trkpt lat="53.086643256" lon="46.650928482">
  <ele>253.410004</ele>
  <time>2010-07-31T03:21:49Z</time>
</trkpt>
<trkpt lat="53.086647028" lon="46.651214641">
  <ele>253.339996</ele>
  <time>2010-07-31T03:21:50Z</time>
</trkpt>
<trkpt lat="53.086650884" lon="46.651493087">
  <ele>253.313004</ele>
  <time>2010-07-31T03:21:51Z</time>
</trkpt>
<trkpt lat="53.086650884" lon="46.651767762">
  <ele>252.936996</ele>
  <time>2010-07-31T03:21:52Z</time>
</trkpt>
<trkpt lat="53.086647028" lon="46.652038582">
  <ele>252.998993</ele>
  <time>2010-07-31T03:21:53Z</time>
</trkpt>
<trkpt lat="53.086647028" lon="46.652305629">
  <ele>253.121994</ele>
  <time>2010-07-31T03:21:54Z</time>
</trkpt>
<trkpt lat="53.086643256" lon="46.652564965">
  <ele>253.171005</ele>
  <time>2010-07-31T03:21:55Z</time>
</trkpt>
<trkpt lat="53.086643256" lon="46.652824385">
  <ele>253.022995</ele>
  <time>2010-07-31T03:21:56Z</time>
</trkpt>
<trkpt lat="53.086647028" lon="46.653079949">
  <ele>253.108002</ele>
  <time>2010-07-31T03:21:57Z</time>
</trkpt>
<trkpt lat="53.086650884" lon="46.653331742">
  <ele>253.130005</ele>
  <time>2010-07-31T03:21:58Z</time>
</trkpt>
<trkpt lat="53.086654656" lon="46.653587306">
  <ele>253.085999</ele>
  <time>2010-07-31T03:21:59Z</time>
</trkpt>
<trkpt lat="53.086654656" lon="46.653842954">
  <ele>252.725998</ele>
  <time>2010-07-31T03:22:00Z</time>
</trkpt>
<trkpt lat="53.086658511" lon="46.654109918">
  <ele>252.414993</ele>
  <time>2010-07-31T03:22:01Z</time>
</trkpt>
<trkpt lat="53.086658511" lon="46.654384593">
  <ele>252.339996</ele>
  <time>2010-07-31T03:22:02Z</time>
</trkpt>
<trkpt lat="53.086658511" lon="46.654666895">
  <ele>252.272995</ele>
  <time>2010-07-31T03:22:03Z</time>
</trkpt>
<trkpt lat="53.086658511" lon="46.654952969">
  <ele>252.173996</ele>
  <time>2010-07-31T03:22:04Z</time>
</trkpt>
<trkpt lat="53.086658511" lon="46.655246755">
  <ele>252.128006</ele>
  <time>2010-07-31T03:22:05Z</time>
</trkpt>
<trkpt lat="53.086654656" lon="46.655548085">
  <ele>252.298004</ele>
  <time>2010-07-31T03:22:06Z</time>
</trkpt>
<trkpt lat="53.086658511" lon="46.655853270">
  <ele>252.136002</ele>
  <time>2010-07-31T03:22:07Z</time>
</trkpt>
<trkpt lat="53.086666139" lon="46.656169854">
  <ele>252.044998</ele>
  <time>2010-07-31T03:22:08Z</time>
</trkpt>
<trkpt lat="53.086669911" lon="46.656490294">
  <ele>252.186996</ele>
  <time>2010-07-31T03:22:09Z</time>
</trkpt>
<trkpt lat="53.086673766" lon="46.656818362">
  <ele>251.985992</ele>
  <time>2010-07-31T03:22:10Z</time>
</trkpt>
<trkpt lat="53.086681394" lon="46.657150285">
  <ele>251.503006</ele>
  <time>2010-07-31T03:22:11Z</time>
</trkpt>
<trkpt lat="53.086685166" lon="46.657482125">
  <ele>251.203003</ele>
  <time>2010-07-31T03:22:12Z</time>
</trkpt>
<trkpt lat="53.086696649" lon="46.657810193">
  <ele>250.710999</ele>
  <time>2010-07-31T03:22:13Z</time>
</trkpt>
<trkpt lat="53.086708048" lon="46.658134488">
  <ele>250.263000</ele>
  <time>2010-07-31T03:22:14Z</time>
</trkpt>
<trkpt lat="53.086715676" lon="46.658462556">
  <ele>249.695007</ele>
  <time>2010-07-31T03:22:15Z</time>
</trkpt>
<trkpt lat="53.086730931" lon="46.658790624">
  <ele>249.358994</ele>
  <time>2010-07-31T03:22:16Z</time>
</trkpt>
<trkpt lat="53.086742414" lon="46.659122463">
  <ele>248.804001</ele>
  <time>2010-07-31T03:22:17Z</time>
</trkpt>
<trkpt lat="53.086757669" lon="46.659454387">
  <ele>248.464996</ele>
  <time>2010-07-31T03:22:18Z</time>
</trkpt>
<trkpt lat="53.086772924" lon="46.659789998">
  <ele>247.899002</ele>
  <time>2010-07-31T03:22:19Z</time>
</trkpt>
<trkpt lat="53.086795807" lon="46.660129549">
  <ele>247.755997</ele>
  <time>2010-07-31T03:22:20Z</time>
</trkpt>
<trkpt lat="53.086814918" lon="46.660476644">
  <ele>247.731995</ele>
  <time>2010-07-31T03:22:21Z</time>
</trkpt>
<trkpt lat="53.086833945" lon="46.660819966">
  <ele>247.251007</ele>
  <time>2010-07-31T03:22:22Z</time>
</trkpt>
<trkpt lat="53.086853055" lon="46.661167145">
  <ele>246.839005</ele>
  <time>2010-07-31T03:22:23Z</time>
</trkpt>
<trkpt lat="53.086872082" lon="46.661521951">
  <ele>246.533005</ele>
  <time>2010-07-31T03:22:24Z</time>
</trkpt>
<trkpt lat="53.086891193" lon="46.661869045">
  <ele>246.490997</ele>
  <time>2010-07-31T03:22:25Z</time>
</trkpt>
<trkpt lat="53.086910220" lon="46.662223851">
  <ele>246.442001</ele>
  <time>2010-07-31T03:22:26Z</time>
</trkpt>
<trkpt lat="53.086933102" lon="46.662578573">
  <ele>246.209000</ele>
  <time>2010-07-31T03:22:27Z</time>
</trkpt>
<trkpt lat="53.086952213" lon="46.662937151">
  <ele>245.770004</ele>
  <time>2010-07-31T03:22:28Z</time>
</trkpt>
<trkpt lat="53.086978951" lon="46.663291957">
  <ele>244.970993</ele>
  <time>2010-07-31T03:22:29Z</time>
</trkpt>
<trkpt lat="53.087005606" lon="46.663650535">
  <ele>244.835007</ele>
  <time>2010-07-31T03:22:30Z</time>
</trkpt>
<trkpt lat="53.087032344" lon="46.664016740">
  <ele>244.778000</ele>
  <time>2010-07-31T03:22:31Z</time>
</trkpt>
<trkpt lat="53.087062854" lon="46.664375318">
  <ele>244.516006</ele>
  <time>2010-07-31T03:22:32Z</time>
</trkpt>
<trkpt lat="53.087089509" lon="46.664737668">
  <ele>244.020996</ele>
  <time>2010-07-31T03:22:33Z</time>
</trkpt>
<trkpt lat="53.087120019" lon="46.665096246">
  <ele>243.632004</ele>
  <time>2010-07-31T03:22:34Z</time>
</trkpt>
<trkpt lat="53.087154385" lon="46.665451052">
  <ele>243.520996</ele>
  <time>2010-07-31T03:22:35Z</time>
</trkpt>
<trkpt lat="53.087192522" lon="46.665809629">
  <ele>243.042999</ele>
  <time>2010-07-31T03:22:36Z</time>
</trkpt>
<trkpt lat="53.087226888" lon="46.666164435">
  <ele>242.681000</ele>
  <time>2010-07-31T03:22:37Z</time>
</trkpt>
<trkpt lat="53.087265026" lon="46.666523013">
  <ele>242.332001</ele>
  <time>2010-07-31T03:22:38Z</time>
</trkpt>
<trkpt lat="53.087299308" lon="46.666881591">
  <ele>242.126999</ele>
  <time>2010-07-31T03:22:39Z</time>
</trkpt>
<trkpt lat="53.087337529" lon="46.667236313">
  <ele>241.815002</ele>
  <time>2010-07-31T03:22:40Z</time>
</trkpt>
<trkpt lat="53.087375667" lon="46.667591119">
  <ele>241.330002</ele>
  <time>2010-07-31T03:22:41Z</time>
</trkpt>
<trkpt lat="53.087413805" lon="46.667945841">
  <ele>241.072998</ele>
  <time>2010-07-31T03:22:42Z</time>
</trkpt>
<trkpt lat="53.087451942" lon="46.668304419">
  <ele>241.050995</ele>
  <time>2010-07-31T03:22:43Z</time>
</trkpt>
<trkpt lat="53.087493936" lon="46.668659225">
  <ele>240.822006</ele>
  <time>2010-07-31T03:22:44Z</time>
</trkpt>
<trkpt lat="53.087535845" lon="46.669017803">
  <ele>240.841003</ele>
  <time>2010-07-31T03:22:45Z</time>
</trkpt>
<trkpt lat="53.087577838" lon="46.669372525">
  <ele>240.360001</ele>
  <time>2010-07-31T03:22:46Z</time>
</trkpt>
<trkpt lat="53.087619748" lon="46.669727331">
  <ele>239.962997</ele>
  <time>2010-07-31T03:22:47Z</time>
</trkpt>
<trkpt lat="53.087661741" lon="46.670078281">
  <ele>239.552994</ele>
  <time>2010-07-31T03:22:48Z</time>
</trkpt>
<trkpt lat="53.087703735" lon="46.670433003">
  <ele>239.141998</ele>
  <time>2010-07-31T03:22:49Z</time>
</trkpt>
<trkpt lat="53.087749500" lon="46.670787809">
  <ele>238.820999</ele>
  <time>2010-07-31T03:22:50Z</time>
</trkpt>
<trkpt lat="53.087795265" lon="46.671142615">
  <ele>238.332001</ele>
  <time>2010-07-31T03:22:51Z</time>
</trkpt>
<trkpt lat="53.087841030" lon="46.671493566">
  <ele>237.723007</ele>
  <time>2010-07-31T03:22:52Z</time>
</trkpt>
<trkpt lat="53.087890651" lon="46.671840660">
  <ele>237.904999</ele>
  <time>2010-07-31T03:22:53Z</time>
</trkpt>
<trkpt lat="53.087940188" lon="46.672183983">
  <ele>237.919998</ele>
  <time>2010-07-31T03:22:54Z</time>
</trkpt>
<trkpt lat="53.087989809" lon="46.672527306">
  <ele>238.205002</ele>
  <time>2010-07-31T03:22:55Z</time>
</trkpt>
<trkpt lat="53.088039430" lon="46.672866857">
  <ele>238.080002</ele>
  <time>2010-07-31T03:22:56Z</time>
</trkpt>
<trkpt lat="53.088092823" lon="46.673202552">
  <ele>238.121994</ele>
  <time>2010-07-31T03:22:57Z</time>
</trkpt>
<trkpt lat="53.088142360" lon="46.673538247">
  <ele>238.076996</ele>
  <time>2010-07-31T03:22:58Z</time>
</trkpt>
<trkpt lat="53.088195836" lon="46.673870087">
  <ele>238.699005</ele>
  <time>2010-07-31T03:22:59Z</time>
</trkpt>
<trkpt lat="53.088245373" lon="46.674205782">
  <ele>238.742996</ele>
  <time>2010-07-31T03:23:00Z</time>
</trkpt>
<trkpt lat="53.088302622" lon="46.674541477">
  <ele>238.660995</ele>
  <time>2010-07-31T03:23:01Z</time>
</trkpt>
<trkpt lat="53.088359870" lon="46.674884800">
  <ele>238.641998</ele>
  <time>2010-07-31T03:23:02Z</time>
</trkpt>
<trkpt lat="53.088424662" lon="46.675224267">
  <ele>238.748993</ele>
  <time>2010-07-31T03:23:03Z</time>
</trkpt>
<trkpt lat="53.088489538" lon="46.675559962">
  <ele>238.791000</ele>
  <time>2010-07-31T03:23:04Z</time>
</trkpt>
<trkpt lat="53.088558186" lon="46.675899513">
  <ele>238.688004</ele>
  <time>2010-07-31T03:23:05Z</time>
</trkpt>
<trkpt lat="53.088634461" lon="46.676242836">
  <ele>238.516998</ele>
  <time>2010-07-31T03:23:06Z</time>
</trkpt>
<trkpt lat="53.088706965" lon="46.676586159">
  <ele>238.237000</ele>
  <time>2010-07-31T03:23:07Z</time>
</trkpt>
<trkpt lat="53.088783240" lon="46.676933253">
  <ele>238.610992</ele>
  <time>2010-07-31T03:23:08Z</time>
</trkpt>
<trkpt lat="53.088859599" lon="46.677280432">
  <ele>238.794998</ele>
  <time>2010-07-31T03:23:09Z</time>
</trkpt>
<trkpt lat="53.088932019" lon="46.677627526">
  <ele>239.026001</ele>
  <time>2010-07-31T03:23:10Z</time>
</trkpt>
<trkpt lat="53.089008294" lon="46.677982332">
  <ele>239.526993</ele>
  <time>2010-07-31T03:23:11Z</time>
</trkpt>
<trkpt lat="53.089088425" lon="46.678337138">
  <ele>239.494995</ele>
  <time>2010-07-31T03:23:12Z</time>
</trkpt>
<trkpt lat="53.089168556" lon="46.678691860">
  <ele>239.800995</ele>
  <time>2010-07-31T03:23:13Z</time>
</trkpt>
<trkpt lat="53.089248687" lon="46.679054294">
  <ele>239.923996</ele>
  <time>2010-07-31T03:23:14Z</time>
</trkpt>
<trkpt lat="53.089328734" lon="46.679420499">
  <ele>240.274002</ele>
  <time>2010-07-31T03:23:15Z</time>
</trkpt>
<trkpt lat="53.089408865" lon="46.679775221">
  <ele>240.727997</ele>
  <time>2010-07-31T03:23:16Z</time>
</trkpt>
<trkpt lat="53.089488996" lon="46.680130027">
  <ele>240.819000</ele>
  <time>2010-07-31T03:23:17Z</time>
</trkpt>
<trkpt lat="53.089569127" lon="46.680480978">
  <ele>240.697006</ele>
  <time>2010-07-31T03:23:18Z</time>
</trkpt>
<trkpt lat="53.089649174" lon="46.680831928">
  <ele>240.679001</ele>
  <time>2010-07-31T03:23:19Z</time>
</trkpt>
<trkpt lat="53.089729305" lon="46.681186650">
  <ele>240.692993</ele>
  <time>2010-07-31T03:23:20Z</time>
</trkpt>
<trkpt lat="53.089809436" lon="46.681533828">
  <ele>240.406998</ele>
  <time>2010-07-31T03:23:21Z</time>
</trkpt>
<trkpt lat="53.089885712" lon="46.681888551">
  <ele>240.320007</ele>
  <time>2010-07-31T03:23:22Z</time>
</trkpt>
<trkpt lat="53.089965843" lon="46.682250984">
  <ele>240.436005</ele>
  <time>2010-07-31T03:23:23Z</time>
</trkpt>
<trkpt lat="53.090045890" lon="46.682613334">
  <ele>240.781998</ele>
  <time>2010-07-31T03:23:24Z</time>
</trkpt>
<trkpt lat="53.090126021" lon="46.682971995">
  <ele>240.975006</ele>
  <time>2010-07-31T03:23:25Z</time>
</trkpt>
<trkpt lat="53.090209924" lon="46.683330573">
  <ele>240.973007</ele>
  <time>2010-07-31T03:23:26Z</time>
</trkpt>
<trkpt lat="53.090290055" lon="46.683692923">
  <ele>240.686005</ele>
  <time>2010-07-31T03:23:27Z</time>
</trkpt>
<trkpt lat="53.090370186" lon="46.684055356">
  <ele>240.556000</ele>
  <time>2010-07-31T03:23:28Z</time>
</trkpt>
<trkpt lat="53.090450317" lon="46.684417706">
  <ele>240.645996</ele>
  <time>2010-07-31T03:23:29Z</time>
</trkpt>
<trkpt lat="53.090526592" lon="46.684776284">
  <ele>240.451004</ele>
  <time>2010-07-31T03:23:30Z</time>
</trkpt>
<trkpt lat="53.090602867" lon="46.685134862">
  <ele>240.188004</ele>
  <time>2010-07-31T03:23:31Z</time>
</trkpt>
<trkpt lat="53.090682998" lon="46.685501067">
  <ele>240.063995</ele>
  <time>2010-07-31T03:23:32Z</time>
</trkpt>
<trkpt lat="53.090766901" lon="46.685867272">
  <ele>240.164993</ele>
  <time>2010-07-31T03:23:33Z</time>
</trkpt>
<trkpt lat="53.090847032" lon="46.686229706">
  <ele>240.294998</ele>
  <time>2010-07-31T03:23:34Z</time>
</trkpt>
<trkpt lat="53.090927163" lon="46.686584512">
  <ele>239.781998</ele>
  <time>2010-07-31T03:23:35Z</time>
</trkpt>
<trkpt lat="53.091011066" lon="46.686946861">
  <ele>239.587006</ele>
  <time>2010-07-31T03:23:36Z</time>
</trkpt>
<trkpt lat="53.091091197" lon="46.687309295">
  <ele>239.617004</ele>
  <time>2010-07-31T03:23:37Z</time>
</trkpt>
<trkpt lat="53.091171244" lon="46.687671645">
  <ele>239.679993</ele>
  <time>2010-07-31T03:23:38Z</time>
</trkpt>
<trkpt lat="53.091251375" lon="46.688030222">
  <ele>239.744995</ele>
  <time>2010-07-31T03:23:39Z</time>
</trkpt>
<trkpt lat="53.091331506" lon="46.688385028">
  <ele>239.276001</ele>
  <time>2010-07-31T03:23:40Z</time>
</trkpt>
<trkpt lat="53.091411553" lon="46.688739751">
  <ele>238.718002</ele>
  <time>2010-07-31T03:23:41Z</time>
</trkpt>
<trkpt lat="53.091491684" lon="46.689094556">
  <ele>238.598007</ele>
  <time>2010-07-31T03:23:42Z</time>
</trkpt>
<trkpt lat="53.091567960" lon="46.689453134">
  <ele>238.544998</ele>
  <time>2010-07-31T03:23:43Z</time>
</trkpt>
<trkpt lat="53.091648091" lon="46.689807856">
  <ele>238.654007</ele>
  <time>2010-07-31T03:23:44Z</time>
</trkpt>
<trkpt lat="53.091728222" lon="46.690166434">
  <ele>238.876999</ele>
  <time>2010-07-31T03:23:45Z</time>
</trkpt>
<trkpt lat="53.091804497" lon="46.690525096">
  <ele>238.733002</ele>
  <time>2010-07-31T03:23:46Z</time>
</trkpt>
<trkpt lat="53.091880772" lon="46.690879818">
  <ele>238.563995</ele>
  <time>2010-07-31T03:23:47Z</time>
</trkpt>
<trkpt lat="53.091957131" lon="46.691238396">
  <ele>238.623001</ele>
  <time>2010-07-31T03:23:48Z</time>
</trkpt>
<trkpt lat="53.092033407" lon="46.691593202">
  <ele>238.483002</ele>
  <time>2010-07-31T03:23:49Z</time>
</trkpt>
<trkpt lat="53.092105826" lon="46.691947924">
  <ele>238.348007</ele>
  <time>2010-07-31T03:23:50Z</time>
</trkpt>
<trkpt lat="53.092182186" lon="46.692306502">
  <ele>238.535995</ele>
  <time>2010-07-31T03:23:51Z</time>
</trkpt>
<trkpt lat="53.092258461" lon="46.692665080">
  <ele>238.643997</ele>
  <time>2010-07-31T03:23:52Z</time>
</trkpt>
<trkpt lat="53.092334736" lon="46.693031285">
  <ele>238.716995</ele>
  <time>2010-07-31T03:23:53Z</time>
</trkpt>
<trkpt lat="53.092411011" lon="46.693393718">
  <ele>238.610001</ele>
  <time>2010-07-31T03:23:54Z</time>
</trkpt>
<trkpt lat="53.092483515" lon="46.693763696">
  <ele>238.850998</ele>
  <time>2010-07-31T03:23:55Z</time>
</trkpt>
<trkpt lat="53.092559790" lon="46.694129985">
  <ele>239.076996</ele>
  <time>2010-07-31T03:23:56Z</time>
</trkpt>
<trkpt lat="53.092628438" lon="46.694496190">
  <ele>239.442993</ele>
  <time>2010-07-31T03:23:57Z</time>
</trkpt>
<trkpt lat="53.092693314" lon="46.694854768">
  <ele>239.561996</ele>
  <time>2010-07-31T03:23:58Z</time>
</trkpt>
<trkpt lat="53.092758190" lon="46.695209490">
  <ele>239.654007</ele>
  <time>2010-07-31T03:23:59Z</time>
</trkpt>
<trkpt lat="53.092819210" lon="46.695568068">
  <ele>239.222000</ele>
  <time>2010-07-31T03:24:00Z</time>
</trkpt>
<trkpt lat="53.092880230" lon="46.695926646">
  <ele>239.559006</ele>
  <time>2010-07-31T03:24:01Z</time>
</trkpt>
<trkpt lat="53.092941251" lon="46.696289079">
  <ele>239.792999</ele>
  <time>2010-07-31T03:24:02Z</time>
</trkpt>
<trkpt lat="53.092998499" lon="46.696655285">
  <ele>239.940994</ele>
  <time>2010-07-31T03:24:03Z</time>
</trkpt>
<trkpt lat="53.093055747" lon="46.697025262">
  <ele>240.192993</ele>
  <time>2010-07-31T03:24:04Z</time>
</trkpt>
<trkpt lat="53.093112912" lon="46.697395323">
  <ele>240.529999</ele>
  <time>2010-07-31T03:24:05Z</time>
</trkpt>
<trkpt lat="53.093170160" lon="46.697765384">
  <ele>240.641006</ele>
  <time>2010-07-31T03:24:06Z</time>
</trkpt>
<trkpt lat="53.093227409" lon="46.698139217">
  <ele>240.843994</ele>
  <time>2010-07-31T03:24:07Z</time>
</trkpt>
<trkpt lat="53.093288429" lon="46.698516821">
  <ele>241.171997</ele>
  <time>2010-07-31T03:24:08Z</time>
</trkpt>
<trkpt lat="53.093341822" lon="46.698890654">
  <ele>241.403000</ele>
  <time>2010-07-31T03:24:09Z</time>
</trkpt>
<trkpt lat="53.093395215" lon="46.699264487">
  <ele>241.149002</ele>
  <time>2010-07-31T03:24:10Z</time>
</trkpt>
<trkpt lat="53.093444835" lon="46.699638404">
  <ele>241.070999</ele>
  <time>2010-07-31T03:24:11Z</time>
</trkpt>
<trkpt lat="53.093490601" lon="46.700019864">
  <ele>240.677002</ele>
  <time>2010-07-31T03:24:12Z</time>
</trkpt>
<trkpt lat="53.093536366" lon="46.700401325">
  <ele>240.524994</ele>
  <time>2010-07-31T03:24:13Z</time>
</trkpt>
<trkpt lat="53.093578359" lon="46.700782785">
  <ele>240.399994</ele>
  <time>2010-07-31T03:24:14Z</time>
</trkpt>
<trkpt lat="53.093620269" lon="46.701164246">
  <ele>240.225006</ele>
  <time>2010-07-31T03:24:15Z</time>
</trkpt>
<trkpt lat="53.093662262" lon="46.701541934">
  <ele>240.240997</ele>
  <time>2010-07-31T03:24:16Z</time>
</trkpt>
<trkpt lat="53.093700400" lon="46.701923395">
  <ele>240.057007</ele>
  <time>2010-07-31T03:24:17Z</time>
</trkpt>
<trkpt lat="53.093738537" lon="46.702312483">
  <ele>240.007004</ele>
  <time>2010-07-31T03:24:18Z</time>
</trkpt>
<trkpt lat="53.093780531" lon="46.702701570">
  <ele>239.901993</ele>
  <time>2010-07-31T03:24:19Z</time>
</trkpt>
<trkpt lat="53.093822440" lon="46.703094514">
  <ele>239.863007</ele>
  <time>2010-07-31T03:24:20Z</time>
</trkpt>
<trkpt lat="53.093864433" lon="46.703487374">
  <ele>239.753998</ele>
  <time>2010-07-31T03:24:21Z</time>
</trkpt>
<trkpt lat="53.093902571" lon="46.703884089">
  <ele>239.744003</ele>
  <time>2010-07-31T03:24:22Z</time>
</trkpt>
<trkpt lat="53.093940709" lon="46.704277033">
  <ele>239.636993</ele>
  <time>2010-07-31T03:24:23Z</time>
</trkpt>
<trkpt lat="53.093975075" lon="46.704677604">
  <ele>239.807007</ele>
  <time>2010-07-31T03:24:24Z</time>
</trkpt>
<trkpt lat="53.094013212" lon="46.705081947">
  <ele>239.878006</ele>
  <time>2010-07-31T03:24:25Z</time>
</trkpt>
<trkpt lat="53.094047578" lon="46.705486290">
  <ele>239.729996</ele>
  <time>2010-07-31T03:24:26Z</time>
</trkpt>
<trkpt lat="53.094081860" lon="46.705894489">
  <ele>239.938004</ele>
  <time>2010-07-31T03:24:27Z</time>
</trkpt>
<trkpt lat="53.094119998" lon="46.706302604">
  <ele>240.149002</ele>
  <time>2010-07-31T03:24:28Z</time>
</trkpt>
<trkpt lat="53.094150508" lon="46.706714658">
  <ele>240.298996</ele>
  <time>2010-07-31T03:24:29Z</time>
</trkpt>
<trkpt lat="53.094184874" lon="46.707122773">
  <ele>240.222000</ele>
  <time>2010-07-31T03:24:30Z</time>
</trkpt>
<trkpt lat="53.094215384" lon="46.707527200">
  <ele>240.391998</ele>
  <time>2010-07-31T03:24:31Z</time>
</trkpt>
<trkpt lat="53.094245894" lon="46.707931543">
  <ele>240.386002</ele>
  <time>2010-07-31T03:24:32Z</time>
</trkpt>
<trkpt lat="53.094276404" lon="46.708339658">
  <ele>240.363007</ele>
  <time>2010-07-31T03:24:33Z</time>
</trkpt>
<trkpt lat="53.094299287" lon="46.708747856">
  <ele>239.988998</ele>
  <time>2010-07-31T03:24:34Z</time>
</trkpt>
<trkpt lat="53.094322169" lon="46.709152199">
  <ele>239.910995</ele>
  <time>2010-07-31T03:24:35Z</time>
</trkpt>
<trkpt lat="53.094345052" lon="46.709552770">
  <ele>239.707001</ele>
  <time>2010-07-31T03:24:36Z</time>
</trkpt>
<trkpt lat="53.094368018" lon="46.709960969">
  <ele>239.529007</ele>
  <time>2010-07-31T03:24:37Z</time>
</trkpt>
<trkpt lat="53.094383273" lon="46.710369084">
  <ele>239.528000</ele>
  <time>2010-07-31T03:24:38Z</time>
</trkpt>
<trkpt lat="53.094398528" lon="46.710769655">
  <ele>239.389008</ele>
  <time>2010-07-31T03:24:39Z</time>
</trkpt>
<trkpt lat="53.094417555" lon="46.711162599">
  <ele>239.563995</ele>
  <time>2010-07-31T03:24:40Z</time>
</trkpt>
<trkpt lat="53.094432810" lon="46.711547831">
  <ele>239.634003</ele>
  <time>2010-07-31T03:24:41Z</time>
</trkpt>
<trkpt lat="53.094444294" lon="46.711940775">
  <ele>239.649002</ele>
  <time>2010-07-31T03:24:42Z</time>
</trkpt>
<trkpt lat="53.094455693" lon="46.712333718">
  <ele>240.046005</ele>
  <time>2010-07-31T03:24:43Z</time>
</trkpt>
<trkpt lat="53.094467176" lon="46.712726578">
  <ele>239.869003</ele>
  <time>2010-07-31T03:24:44Z</time>
</trkpt>
<trkpt lat="53.094482431" lon="46.713115666">
  <ele>240.287003</ele>
  <time>2010-07-31T03:24:45Z</time>
</trkpt>
<trkpt lat="53.094493831" lon="46.713504754">
  <ele>240.360001</ele>
  <time>2010-07-31T03:24:46Z</time>
</trkpt>
<trkpt lat="53.094505314" lon="46.713897698">
  <ele>240.397995</ele>
  <time>2010-07-31T03:24:47Z</time>
</trkpt>
<trkpt lat="53.094512941" lon="46.714290641">
  <ele>240.266998</ele>
  <time>2010-07-31T03:24:48Z</time>
</trkpt>
<trkpt lat="53.094516713" lon="46.714683501">
  <ele>240.029999</ele>
  <time>2010-07-31T03:24:49Z</time>
</trkpt>
<trkpt lat="53.094524425" lon="46.715076445">
  <ele>240.294006</ele>
  <time>2010-07-31T03:24:50Z</time>
</trkpt>
<trkpt lat="53.094528196" lon="46.715465533">
  <ele>240.389008</ele>
  <time>2010-07-31T03:24:51Z</time>
</trkpt>
<trkpt lat="53.094532052" lon="46.715858476">
  <ele>240.358002</ele>
  <time>2010-07-31T03:24:52Z</time>
</trkpt>
<trkpt lat="53.094532052" lon="46.716251336">
  <ele>240.175003</ele>
  <time>2010-07-31T03:24:53Z</time>
</trkpt>
<trkpt lat="53.094532052" lon="46.716640508">
  <ele>239.938004</ele>
  <time>2010-07-31T03:24:54Z</time>
</trkpt>
<trkpt lat="53.094528196" lon="46.717025740">
  <ele>240.158997</ele>
  <time>2010-07-31T03:24:55Z</time>
</trkpt>
<trkpt lat="53.094528196" lon="46.717403429">
  <ele>240.319000</ele>
  <time>2010-07-31T03:24:56Z</time>
</trkpt>
<trkpt lat="53.094524425" lon="46.717773406">
  <ele>240.050995</ele>
  <time>2010-07-31T03:24:57Z</time>
</trkpt>
<trkpt lat="53.094516713" lon="46.718143467">
  <ele>239.953003</ele>
  <time>2010-07-31T03:24:58Z</time>
</trkpt>
<trkpt lat="53.094509086" lon="46.718509672">
  <ele>239.945007</ele>
  <time>2010-07-31T03:24:59Z</time>
</trkpt>
<trkpt lat="53.094501458" lon="46.718864478">
  <ele>239.671005</ele>
  <time>2010-07-31T03:25:00Z</time>
</trkpt>
<trkpt lat="53.094490059" lon="46.719211573">
  <ele>239.475006</ele>
  <time>2010-07-31T03:25:01Z</time>
</trkpt>
<trkpt lat="53.094478576" lon="46.719554896">
  <ele>239.320007</ele>
  <time>2010-07-31T03:25:02Z</time>
</trkpt>
<trkpt lat="53.094467176" lon="46.719894446">
  <ele>239.194000</ele>
  <time>2010-07-31T03:25:03Z</time>
</trkpt>
<trkpt lat="53.094455693" lon="46.720230142">
  <ele>239.085007</ele>
  <time>2010-07-31T03:25:04Z</time>
</trkpt>
<trkpt lat="53.094440438" lon="46.720558126">
  <ele>239.389999</ele>
  <time>2010-07-31T03:25:05Z</time>
</trkpt>
<trkpt lat="53.094425183" lon="46.720878566">
  <ele>239.268005</ele>
  <time>2010-07-31T03:25:06Z</time>
</trkpt>
<trkpt lat="53.094413783" lon="46.721199006">
  <ele>239.688995</ele>
  <time>2010-07-31T03:25:07Z</time>
</trkpt>
<trkpt lat="53.094402300" lon="46.721511818">
  <ele>239.828003</ele>
  <time>2010-07-31T03:25:08Z</time>
</trkpt>
<trkpt lat="53.094387045" lon="46.721813232">
  <ele>239.940002</ele>
  <time>2010-07-31T03:25:09Z</time>
</trkpt>
<trkpt lat="53.094371790" lon="46.722110789">
  <ele>240.056000</ele>
  <time>2010-07-31T03:25:10Z</time>
</trkpt>
<trkpt lat="53.094352763" lon="46.722400635">
  <ele>240.121002</ele>
  <time>2010-07-31T03:25:11Z</time>
</trkpt>
<trkpt lat="53.094333652" lon="46.722682938">
  <ele>239.740005</ele>
  <time>2010-07-31T03:25:12Z</time>
</trkpt>
<trkpt lat="53.094318397" lon="46.722957613">
  <ele>239.684998</ele>
  <time>2010-07-31T03:25:13Z</time>
</trkpt>
<trkpt lat="53.094299287" lon="46.723228432">
  <ele>239.809006</ele>
  <time>2010-07-31T03:25:14Z</time>
</trkpt>
<trkpt lat="53.094280260" lon="46.723491708">
  <ele>239.723999</ele>
  <time>2010-07-31T03:25:15Z</time>
</trkpt>
<trkpt lat="53.094265005" lon="46.723751044">
  <ele>239.619995</ele>
  <time>2010-07-31T03:25:16Z</time>
</trkpt>
<trkpt lat="53.094245894" lon="46.724006692">
  <ele>239.699005</ele>
  <time>2010-07-31T03:25:17Z</time>
</trkpt>
<trkpt lat="53.094230639" lon="46.724258400">
  <ele>239.895996</ele>
  <time>2010-07-31T03:25:18Z</time>
</trkpt>
<trkpt lat="53.094211612" lon="46.724502565">
  <ele>240.098999</ele>
  <time>2010-07-31T03:25:19Z</time>
</trkpt>
<trkpt lat="53.094196357" lon="46.724742875">
  <ele>240.164993</ele>
  <time>2010-07-31T03:25:20Z</time>
</trkpt>
<trkpt lat="53.094181102" lon="46.724983184">
  <ele>239.856003</ele>
  <time>2010-07-31T03:25:21Z</time>
</trkpt>
<trkpt lat="53.094161991" lon="46.725219721">
  <ele>239.544998</ele>
  <time>2010-07-31T03:25:22Z</time>
</trkpt>
<trkpt lat="53.094146736" lon="46.725448631">
  <ele>239.328003</ele>
  <time>2010-07-31T03:25:23Z</time>
</trkpt>
<trkpt lat="53.094127625" lon="46.725673685">
  <ele>239.255005</ele>
  <time>2010-07-31T03:25:24Z</time>
</trkpt>
<trkpt lat="53.094108598" lon="46.725891111">
  <ele>238.925003</ele>
  <time>2010-07-31T03:25:25Z</time>
</trkpt>
<trkpt lat="53.094085716" lon="46.726108538">
  <ele>238.960999</ele>
  <time>2010-07-31T03:25:26Z</time>
</trkpt>
<trkpt lat="53.094066605" lon="46.726333592">
  <ele>239.089996</ele>
  <time>2010-07-31T03:25:27Z</time>
</trkpt>
<trkpt lat="53.094043722" lon="46.726570129">
  <ele>239.044006</ele>
  <time>2010-07-31T03:25:28Z</time>
</trkpt>
<trkpt lat="53.094020840" lon="46.726799039">
  <ele>239.026001</ele>
  <time>2010-07-31T03:25:29Z</time>
</trkpt>
<trkpt lat="53.094001729" lon="46.727027865">
  <ele>239.393997</ele>
  <time>2010-07-31T03:25:30Z</time>
</trkpt>
<trkpt lat="53.093982702" lon="46.727252919">
  <ele>239.710999</ele>
  <time>2010-07-31T03:25:31Z</time>
</trkpt>
<trkpt lat="53.093959820" lon="46.727481829">
  <ele>239.884995</ele>
  <time>2010-07-31T03:25:32Z</time>
</trkpt>
<trkpt lat="53.093940709" lon="46.727714511">
  <ele>240.134003</ele>
  <time>2010-07-31T03:25:33Z</time>
</trkpt>
<trkpt lat="53.093917826" lon="46.727943420">
  <ele>240.455002</ele>
  <time>2010-07-31T03:25:34Z</time>
</trkpt>
<trkpt lat="53.093891172" lon="46.728179958">
  <ele>240.593994</ele>
  <time>2010-07-31T03:25:35Z</time>
</trkpt>
<trkpt lat="53.093864433" lon="46.728416411">
  <ele>240.647995</ele>
  <time>2010-07-31T03:25:36Z</time>
</trkpt>
<trkpt lat="53.093833923" lon="46.728656804">
  <ele>240.557999</ele>
  <time>2010-07-31T03:25:37Z</time>
</trkpt>
<trkpt lat="53.093807185" lon="46.728897113">
  <ele>240.837006</ele>
  <time>2010-07-31T03:25:38Z</time>
</trkpt>
<trkpt lat="53.093776675" lon="46.729137423">
  <ele>240.647995</ele>
  <time>2010-07-31T03:25:39Z</time>
</trkpt>
<trkpt lat="53.093746165" lon="46.729381587">
  <ele>240.427002</ele>
  <time>2010-07-31T03:25:40Z</time>
</trkpt>
<trkpt lat="53.093711883" lon="46.729625668">
  <ele>239.966003</ele>
  <time>2010-07-31T03:25:41Z</time>
</trkpt>
<trkpt lat="53.093681373" lon="46.729881316">
  <ele>239.716003</ele>
  <time>2010-07-31T03:25:42Z</time>
</trkpt>
<trkpt lat="53.093647007" lon="46.730140653">
  <ele>239.621002</ele>
  <time>2010-07-31T03:25:43Z</time>
</trkpt>
<trkpt lat="53.093616497" lon="46.730400072">
  <ele>239.763000</ele>
  <time>2010-07-31T03:25:44Z</time>
</trkpt>
<trkpt lat="53.093582131" lon="46.730651865">
  <ele>239.503006</ele>
  <time>2010-07-31T03:25:45Z</time>
</trkpt>
<trkpt lat="53.093551621" lon="46.730907429">
  <ele>239.727997</ele>
  <time>2010-07-31T03:25:46Z</time>
</trkpt>
<trkpt lat="53.093521111" lon="46.731159221">
  <ele>239.593994</ele>
  <time>2010-07-31T03:25:47Z</time>
</trkpt>
<trkpt lat="53.093486745" lon="46.731414786">
  <ele>239.421997</ele>
  <time>2010-07-31T03:25:48Z</time>
</trkpt>
<trkpt lat="53.093452463" lon="46.731662722">
  <ele>239.570999</ele>
  <time>2010-07-31T03:25:49Z</time>
</trkpt>
<trkpt lat="53.093418097" lon="46.731918370">
  <ele>239.492996</ele>
  <time>2010-07-31T03:25:50Z</time>
</trkpt>
<trkpt lat="53.093387587" lon="46.732181562">
  <ele>239.684998</ele>
  <time>2010-07-31T03:25:51Z</time>
</trkpt>
<trkpt lat="53.093353305" lon="46.732433354">
  <ele>239.451996</ele>
  <time>2010-07-31T03:25:52Z</time>
</trkpt>
<trkpt lat="53.093318939" lon="46.732688919">
  <ele>239.408005</ele>
  <time>2010-07-31T03:25:53Z</time>
</trkpt>
<trkpt lat="53.093284573" lon="46.732948339">
  <ele>239.621994</ele>
  <time>2010-07-31T03:25:54Z</time>
</trkpt>
<trkpt lat="53.093246436" lon="46.733215302">
  <ele>239.697998</ele>
  <time>2010-07-31T03:25:55Z</time>
</trkpt>
<trkpt lat="53.093212154" lon="46.733478578">
  <ele>240.065002</ele>
  <time>2010-07-31T03:25:56Z</time>
</trkpt>
<trkpt lat="53.093174016" lon="46.733741770">
  <ele>240.304001</ele>
  <time>2010-07-31T03:25:57Z</time>
</trkpt>
<trkpt lat="53.093135795" lon="46.734008817">
  <ele>240.468994</ele>
  <time>2010-07-31T03:25:58Z</time>
</trkpt>
<trkpt lat="53.093101513" lon="46.734268153">
  <ele>240.953003</ele>
  <time>2010-07-31T03:25:59Z</time>
</trkpt>
<trkpt lat="53.093059519" lon="46.734527573">
  <ele>240.690002</ele>
  <time>2010-07-31T03:26:00Z</time>
</trkpt>
<trkpt lat="53.093021382" lon="46.734779365">
  <ele>241.113998</ele>
  <time>2010-07-31T03:26:01Z</time>
</trkpt>
<trkpt lat="53.092983244" lon="46.735027302">
  <ele>241.018997</ele>
  <time>2010-07-31T03:26:02Z</time>
</trkpt>
<trkpt lat="53.092941251" lon="46.735275239">
  <ele>241.251999</ele>
  <time>2010-07-31T03:26:03Z</time>
</trkpt>
<trkpt lat="53.092895485" lon="46.735523259">
  <ele>240.998993</ele>
  <time>2010-07-31T03:26:04Z</time>
</trkpt>
<trkpt lat="53.092853576" lon="46.735763568">
  <ele>240.901993</ele>
  <time>2010-07-31T03:26:05Z</time>
</trkpt>
<trkpt lat="53.092811583" lon="46.736003878">
  <ele>240.731003</ele>
  <time>2010-07-31T03:26:06Z</time>
</trkpt>
<trkpt lat="53.092765817" lon="46.736236559">
  <ele>241.076004</ele>
  <time>2010-07-31T03:26:07Z</time>
</trkpt>
<trkpt lat="53.092720052" lon="46.736461613">
  <ele>240.990997</ele>
  <time>2010-07-31T03:26:08Z</time>
</trkpt>
<trkpt lat="53.092681915" lon="46.736694295">
  <ele>240.992004</ele>
  <time>2010-07-31T03:26:09Z</time>
</trkpt>
<trkpt lat="53.092639921" lon="46.736930832">
  <ele>241.123001</ele>
  <time>2010-07-31T03:26:10Z</time>
</trkpt>
<trkpt lat="53.092594156" lon="46.737167370">
  <ele>241.216003</ele>
  <time>2010-07-31T03:26:11Z</time>
</trkpt>
<trkpt lat="53.092552163" lon="46.737411534">
  <ele>241.410995</ele>
  <time>2010-07-31T03:26:12Z</time>
</trkpt>
<trkpt lat="53.092506398" lon="46.737655615">
  <ele>242.220993</ele>
  <time>2010-07-31T03:26:13Z</time>
</trkpt>
<trkpt lat="53.092460632" lon="46.737903636">
  <ele>242.412994</ele>
  <time>2010-07-31T03:26:14Z</time>
</trkpt>
<trkpt lat="53.092411011" lon="46.738155345">
  <ele>242.570999</ele>
  <time>2010-07-31T03:26:15Z</time>
</trkpt>
<trkpt lat="53.092357619" lon="46.738403281">
  <ele>242.438995</ele>
  <time>2010-07-31T03:26:16Z</time>
</trkpt>
<trkpt lat="53.092311854" lon="46.738647446">
  <ele>242.720001</ele>
  <time>2010-07-31T03:26:17Z</time>
</trkpt>
<trkpt lat="53.092258461" lon="46.738891611">
  <ele>242.214005</ele>
  <time>2010-07-31T03:26:18Z</time>
</trkpt>
<trkpt lat="53.092212696" lon="46.739131920">
  <ele>242.003998</ele>
  <time>2010-07-31T03:26:19Z</time>
</trkpt>
<trkpt lat="53.092163075" lon="46.739368457">
  <ele>241.388000</ele>
  <time>2010-07-31T03:26:20Z</time>
</trkpt>
<trkpt lat="53.092117310" lon="46.739604911">
  <ele>240.923004</ele>
  <time>2010-07-31T03:26:21Z</time>
</trkpt>
<trkpt lat="53.092067689" lon="46.739845304">
  <ele>240.764008</ele>
  <time>2010-07-31T03:26:22Z</time>
</trkpt>
<trkpt lat="53.092018152" lon="46.740077985">
  <ele>240.320999</ele>
  <time>2010-07-31T03:26:23Z</time>
</trkpt>
<trkpt lat="53.091972386" lon="46.740310667">
  <ele>240.089996</ele>
  <time>2010-07-31T03:26:24Z</time>
</trkpt>
<trkpt lat="53.091926537" lon="46.740543349">
  <ele>239.832001</ele>
  <time>2010-07-31T03:26:25Z</time>
</trkpt>
<trkpt lat="53.091877000" lon="46.740787514">
  <ele>240.251007</ele>
  <time>2010-07-31T03:26:26Z</time>
</trkpt>
<trkpt lat="53.091827380" lon="46.741031678">
  <ele>240.565994</ele>
  <time>2010-07-31T03:26:27Z</time>
</trkpt>
<trkpt lat="53.091777842" lon="46.741275759">
  <ele>240.757004</ele>
  <time>2010-07-31T03:26:28Z</time>
</trkpt>
<trkpt lat="53.091728222" lon="46.741519924">
  <ele>240.561996</ele>
  <time>2010-07-31T03:26:29Z</time>
</trkpt>
<trkpt lat="53.091678601" lon="46.741764089">
  <ele>240.923004</ele>
  <time>2010-07-31T03:26:30Z</time>
</trkpt>
<trkpt lat="53.091632836" lon="46.742008170">
  <ele>240.828003</ele>
  <time>2010-07-31T03:26:31Z</time>
</trkpt>
<trkpt lat="53.091583215" lon="46.742248563">
  <ele>240.923996</ele>
  <time>2010-07-31T03:26:32Z</time>
</trkpt>
<trkpt lat="53.091533678" lon="46.742481245">
  <ele>241.041000</ele>
  <time>2010-07-31T03:26:33Z</time>
</trkpt>
<trkpt lat="53.091484057" lon="46.742713926">
  <ele>241.455994</ele>
  <time>2010-07-31T03:26:34Z</time>
</trkpt>
<trkpt lat="53.091438292" lon="46.742946608">
  <ele>241.729004</ele>
  <time>2010-07-31T03:26:35Z</time>
</trkpt>
<trkpt lat="53.091392526" lon="46.743171662">
  <ele>242.091003</ele>
  <time>2010-07-31T03:26:36Z</time>
</trkpt>
<trkpt lat="53.091346761" lon="46.743392944">
  <ele>242.082001</ele>
  <time>2010-07-31T03:26:37Z</time>
</trkpt>
<trkpt lat="53.091304768" lon="46.743614227">
  <ele>242.429001</ele>
  <time>2010-07-31T03:26:38Z</time>
</trkpt>
<trkpt lat="53.091259003" lon="46.743831653">
  <ele>242.699005</ele>
  <time>2010-07-31T03:26:39Z</time>
</trkpt>
<trkpt lat="53.091213237" lon="46.744045224">
  <ele>243.095001</ele>
  <time>2010-07-31T03:26:40Z</time>
</trkpt>
<trkpt lat="53.091171244" lon="46.744258879">
  <ele>243.033997</ele>
  <time>2010-07-31T03:26:41Z</time>
</trkpt>
<trkpt lat="53.091125479" lon="46.744480161">
  <ele>243.149994</ele>
  <time>2010-07-31T03:26:42Z</time>
</trkpt>
<trkpt lat="53.091079714" lon="46.744701359">
  <ele>243.018997</ele>
  <time>2010-07-31T03:26:43Z</time>
</trkpt>
<trkpt lat="53.091033949" lon="46.744922642">
  <ele>243.246002</ele>
  <time>2010-07-31T03:26:44Z</time>
</trkpt>
<trkpt lat="53.090988183" lon="46.745151551">
  <ele>243.429993</ele>
  <time>2010-07-31T03:26:45Z</time>
</trkpt>
<trkpt lat="53.090946190" lon="46.745380377">
  <ele>243.753998</ele>
  <time>2010-07-31T03:26:46Z</time>
</trkpt>
<trkpt lat="53.090900425" lon="46.745609287">
  <ele>244.018997</ele>
  <time>2010-07-31T03:26:47Z</time>
</trkpt>
<trkpt lat="53.090854660" lon="46.745838197">
  <ele>244.138000</ele>
  <time>2010-07-31T03:26:48Z</time>
</trkpt>
<trkpt lat="53.090808894" lon="46.746063251">
  <ele>244.115005</ele>
  <time>2010-07-31T03:26:49Z</time>
</trkpt>
<trkpt lat="53.090763129" lon="46.746292077">
  <ele>244.380005</ele>
  <time>2010-07-31T03:26:50Z</time>
</trkpt>
<trkpt lat="53.090713508" lon="46.746520987">
  <ele>244.647995</ele>
  <time>2010-07-31T03:26:51Z</time>
</trkpt>
<trkpt lat="53.090671515" lon="46.746749897">
  <ele>244.576996</ele>
  <time>2010-07-31T03:26:52Z</time>
</trkpt>
<trkpt lat="53.090625750" lon="46.746974951">
  <ele>244.307007</ele>
  <time>2010-07-31T03:26:53Z</time>
</trkpt>
<trkpt lat="53.090579985" lon="46.747200005">
  <ele>244.772003</ele>
  <time>2010-07-31T03:26:54Z</time>
</trkpt>
<trkpt lat="53.090530364" lon="46.747428915">
  <ele>244.927002</ele>
  <time>2010-07-31T03:26:55Z</time>
</trkpt>
<trkpt lat="53.090484599" lon="46.747653969">
  <ele>245.203003</ele>
  <time>2010-07-31T03:26:56Z</time>
</trkpt>
<trkpt lat="53.090435062" lon="46.747879023">
  <ele>244.839005</ele>
  <time>2010-07-31T03:26:57Z</time>
</trkpt>
<trkpt lat="53.090385441" lon="46.748104077">
  <ele>244.919998</ele>
  <time>2010-07-31T03:26:58Z</time>
</trkpt>
<trkpt lat="53.090339676" lon="46.748325359">
  <ele>244.807999</ele>
  <time>2010-07-31T03:26:59Z</time>
</trkpt>
<trkpt lat="53.090290055" lon="46.748554269">
  <ele>244.408997</ele>
  <time>2010-07-31T03:27:00Z</time>
</trkpt>
<trkpt lat="53.090248145" lon="46.748786950">
  <ele>244.559998</ele>
  <time>2010-07-31T03:27:01Z</time>
</trkpt>
<trkpt lat="53.090198524" lon="46.749008149">
  <ele>244.367996</ele>
  <time>2010-07-31T03:27:02Z</time>
</trkpt>
<trkpt lat="53.090152759" lon="46.749237059">
  <ele>244.326996</ele>
  <time>2010-07-31T03:27:03Z</time>
</trkpt>
<trkpt lat="53.090106994" lon="46.749458341">
  <ele>244.529007</ele>
  <time>2010-07-31T03:27:04Z</time>
</trkpt>
<trkpt lat="53.090065001" lon="46.749683395">
  <ele>244.537003</ele>
  <time>2010-07-31T03:27:05Z</time>
</trkpt>
<trkpt lat="53.090015380" lon="46.749908449">
  <ele>244.567993</ele>
  <time>2010-07-31T03:27:06Z</time>
</trkpt>
<trkpt lat="53.089969615" lon="46.750137359">
  <ele>244.548004</ele>
  <time>2010-07-31T03:27:07Z</time>
</trkpt>
<trkpt lat="53.089923849" lon="46.750362413">
  <ele>244.307007</ele>
  <time>2010-07-31T03:27:08Z</time>
</trkpt>
<trkpt lat="53.089878084" lon="46.750587467">
  <ele>244.195999</ele>
  <time>2010-07-31T03:27:09Z</time>
</trkpt>
<trkpt lat="53.089828463" lon="46.750816377">
  <ele>244.117996</ele>
  <time>2010-07-31T03:27:10Z</time>
</trkpt>
<trkpt lat="53.089782698" lon="46.751049059">
  <ele>244.210999</ele>
  <time>2010-07-31T03:27:11Z</time>
</trkpt>
<trkpt lat="53.089733161" lon="46.751281740">
  <ele>243.806000</ele>
  <time>2010-07-31T03:27:12Z</time>
</trkpt>
<trkpt lat="53.089687312" lon="46.751514422">
  <ele>243.417007</ele>
  <time>2010-07-31T03:27:13Z</time>
</trkpt>
<trkpt lat="53.089637775" lon="46.751747103">
  <ele>243.242004</ele>
  <time>2010-07-31T03:27:14Z</time>
</trkpt>
<trkpt lat="53.089588154" lon="46.751987496">
  <ele>242.917007</ele>
  <time>2010-07-31T03:27:15Z</time>
</trkpt>
<trkpt lat="53.089538533" lon="46.752231577">
  <ele>242.977997</ele>
  <time>2010-07-31T03:27:16Z</time>
</trkpt>
<trkpt lat="53.089485141" lon="46.752483370">
  <ele>243.220001</ele>
  <time>2010-07-31T03:27:17Z</time>
</trkpt>
<trkpt lat="53.089435603" lon="46.752735162">
  <ele>243.313995</ele>
  <time>2010-07-31T03:27:18Z</time>
</trkpt>
<trkpt lat="53.089382211" lon="46.752994498">
  <ele>243.406998</ele>
  <time>2010-07-31T03:27:19Z</time>
</trkpt>
<trkpt lat="53.089328734" lon="46.753253918">
  <ele>243.485001</ele>
  <time>2010-07-31T03:27:20Z</time>
</trkpt>
<trkpt lat="53.089275341" lon="46.753513338">
  <ele>243.287003</ele>
  <time>2010-07-31T03:27:21Z</time>
</trkpt>
<trkpt lat="53.089221949" lon="46.753765130">
  <ele>242.882004</ele>
  <time>2010-07-31T03:27:22Z</time>
</trkpt>
<trkpt lat="53.089168556" lon="46.754028322">
  <ele>242.770996</ele>
  <time>2010-07-31T03:27:23Z</time>
</trkpt>
<trkpt lat="53.089115163" lon="46.754291514">
  <ele>242.731995</ele>
  <time>2010-07-31T03:27:24Z</time>
</trkpt>
<trkpt lat="53.089061771" lon="46.754550934">
  <ele>242.427994</ele>
  <time>2010-07-31T03:27:25Z</time>
</trkpt>
<trkpt lat="53.089008294" lon="46.754814126">
  <ele>242.209000</ele>
  <time>2010-07-31T03:27:26Z</time>
</trkpt>
<trkpt lat="53.088951129" lon="46.755081173">
  <ele>241.580002</ele>
  <time>2010-07-31T03:27:27Z</time>
</trkpt>
<trkpt lat="53.088893881" lon="46.755355848">
  <ele>240.942001</ele>
  <time>2010-07-31T03:27:28Z</time>
</trkpt>
<trkpt lat="53.088836633" lon="46.755630523">
  <ele>240.529999</ele>
  <time>2010-07-31T03:27:29Z</time>
</trkpt>
<trkpt lat="53.088783240" lon="46.755905114">
  <ele>240.175003</ele>
  <time>2010-07-31T03:27:30Z</time>
</trkpt>
<trkpt lat="53.088726075" lon="46.756191272">
  <ele>240.026001</ele>
  <time>2010-07-31T03:27:31Z</time>
</trkpt>
<trkpt lat="53.088664971" lon="46.756477347">
  <ele>239.276001</ele>
  <time>2010-07-31T03:27:32Z</time>
</trkpt>
<trkpt lat="53.088611579" lon="46.756763421">
  <ele>238.938004</ele>
  <time>2010-07-31T03:27:33Z</time>
</trkpt>
<trkpt lat="53.088554414" lon="46.757049579">
  <ele>238.949997</ele>
  <time>2010-07-31T03:27:34Z</time>
</trkpt>
<trkpt lat="53.088493310" lon="46.757331882">
  <ele>238.496002</ele>
  <time>2010-07-31T03:27:35Z</time>
</trkpt>
<trkpt lat="53.088439917" lon="46.757614100">
  <ele>238.632996</ele>
  <time>2010-07-31T03:27:36Z</time>
</trkpt>
<trkpt lat="53.088382753" lon="46.757896403">
  <ele>238.522003</ele>
  <time>2010-07-31T03:27:37Z</time>
</trkpt>
<trkpt lat="53.088325504" lon="46.758171078">
  <ele>238.608994</ele>
  <time>2010-07-31T03:27:38Z</time>
</trkpt>
<trkpt lat="53.088268256" lon="46.758438125">
  <ele>238.279999</ele>
  <time>2010-07-31T03:27:39Z</time>
</trkpt>
<trkpt lat="53.088211091" lon="46.758705173">
  <ele>238.339005</ele>
  <time>2010-07-31T03:27:40Z</time>
</trkpt>
<trkpt lat="53.088157615" lon="46.758964509">
  <ele>238.095001</ele>
  <time>2010-07-31T03:27:41Z</time>
</trkpt>
<trkpt lat="53.088108078" lon="46.759220157">
  <ele>238.164001</ele>
  <time>2010-07-31T03:27:42Z</time>
</trkpt>
<trkpt lat="53.088054685" lon="46.759471865">
  <ele>237.828003</ele>
  <time>2010-07-31T03:27:43Z</time>
</trkpt>
<trkpt lat="53.088005064" lon="46.759719886">
  <ele>238.080994</ele>
  <time>2010-07-31T03:27:44Z</time>
</trkpt>
<trkpt lat="53.087951671" lon="46.759971594">
  <ele>238.050003</ele>
  <time>2010-07-31T03:27:45Z</time>
</trkpt>
<trkpt lat="53.087905906" lon="46.760223387">
  <ele>238.050003</ele>
  <time>2010-07-31T03:27:46Z</time>
</trkpt>
<trkpt lat="53.087856285" lon="46.760467552">
  <ele>237.906006</ele>
  <time>2010-07-31T03:27:47Z</time>
</trkpt>
<trkpt lat="53.087806664" lon="46.760715488">
  <ele>237.539001</ele>
  <time>2010-07-31T03:27:48Z</time>
</trkpt>
<trkpt lat="53.087757127" lon="46.760963425">
  <ele>237.636993</ele>
  <time>2010-07-31T03:27:49Z</time>
</trkpt>
<trkpt lat="53.087707506" lon="46.761203734">
  <ele>237.705994</ele>
  <time>2010-07-31T03:27:50Z</time>
</trkpt>
<trkpt lat="53.087661741" lon="46.761440272">
  <ele>237.983994</ele>
  <time>2010-07-31T03:27:51Z</time>
</trkpt>
<trkpt lat="53.087612120" lon="46.761665326">
  <ele>237.912994</ele>
  <time>2010-07-31T03:27:52Z</time>
</trkpt>
<trkpt lat="53.087566355" lon="46.761898007">
  <ele>238.003006</ele>
  <time>2010-07-31T03:27:53Z</time>
</trkpt>
<trkpt lat="53.087516818" lon="46.762134545">
  <ele>237.977005</ele>
  <time>2010-07-31T03:27:54Z</time>
</trkpt>
<trkpt lat="53.087463342" lon="46.762374854">
  <ele>238.460999</ele>
  <time>2010-07-31T03:27:55Z</time>
</trkpt>
<trkpt lat="53.087413805" lon="46.762622874">
  <ele>238.352005</ele>
  <time>2010-07-31T03:27:56Z</time>
</trkpt>
<trkpt lat="53.087364184" lon="46.762882210">
  <ele>238.337006</ele>
  <time>2010-07-31T03:27:57Z</time>
</trkpt>
<trkpt lat="53.087314647" lon="46.763156885">
  <ele>238.162994</ele>
  <time>2010-07-31T03:27:58Z</time>
</trkpt>
<trkpt lat="53.087261170" lon="46.763442960">
  <ele>237.863998</ele>
  <time>2010-07-31T03:27:59Z</time>
</trkpt>
<trkpt lat="53.087204006" lon="46.763744373">
  <ele>237.731003</ele>
  <time>2010-07-31T03:28:00Z</time>
</trkpt>
<trkpt lat="53.087146757" lon="46.764057186">
  <ele>237.755997</ele>
  <time>2010-07-31T03:28:01Z</time>
</trkpt>
<trkpt lat="53.087081881" lon="46.764377626">
  <ele>237.798996</ele>
  <time>2010-07-31T03:28:02Z</time>
</trkpt>
<trkpt lat="53.087020861" lon="46.764705693">
  <ele>238.113007</ele>
  <time>2010-07-31T03:28:03Z</time>
</trkpt>
<trkpt lat="53.086952213" lon="46.765037533">
  <ele>238.610992</ele>
  <time>2010-07-31T03:28:04Z</time>
</trkpt>
<trkpt lat="53.086883565" lon="46.765377084">
  <ele>239.352997</ele>
  <time>2010-07-31T03:28:05Z</time>
</trkpt>
<trkpt lat="53.086811062" lon="46.765720407">
  <ele>239.957001</ele>
  <time>2010-07-31T03:28:06Z</time>
</trkpt>
<trkpt lat="53.086742414" lon="46.766075129">
  <ele>240.552002</ele>
  <time>2010-07-31T03:28:07Z</time>
</trkpt>
<trkpt lat="53.086673766" lon="46.766426079">
  <ele>240.919006</ele>
  <time>2010-07-31T03:28:08Z</time>
</trkpt>
<trkpt lat="53.086601263" lon="46.766777029">
  <ele>241.451996</ele>
  <time>2010-07-31T03:28:09Z</time>
</trkpt>
<trkpt lat="53.086528759" lon="46.767131835">
  <ele>241.658997</ele>
  <time>2010-07-31T03:28:10Z</time>
</trkpt>
<trkpt lat="53.086460112" lon="46.767478930">
  <ele>242.026001</ele>
  <time>2010-07-31T03:28:11Z</time>
</trkpt>
<trkpt lat="53.086383836" lon="46.767826108">
  <ele>242.927994</ele>
  <time>2010-07-31T03:28:12Z</time>
</trkpt>
<trkpt lat="53.086311333" lon="46.768165575">
  <ele>243.666000</ele>
  <time>2010-07-31T03:28:13Z</time>
</trkpt>
<trkpt lat="53.086235058" lon="46.768501271">
  <ele>243.785995</ele>
  <time>2010-07-31T03:28:14Z</time>
</trkpt>
<trkpt lat="53.086158782" lon="46.768840821">
  <ele>244.292007</ele>
  <time>2010-07-31T03:28:15Z</time>
</trkpt>
<trkpt lat="53.086090051" lon="46.769180289">
  <ele>244.345993</ele>
  <time>2010-07-31T03:28:16Z</time>
</trkpt>
<trkpt lat="53.086021403" lon="46.769515984">
  <ele>244.507996</ele>
  <time>2010-07-31T03:28:17Z</time>
</trkpt>
<trkpt lat="53.085952755" lon="46.769851679">
  <ele>244.320007</ele>
  <time>2010-07-31T03:28:18Z</time>
</trkpt>
<trkpt lat="53.085887879" lon="46.770187374">
  <ele>244.667999</ele>
  <time>2010-07-31T03:28:19Z</time>
</trkpt>
<trkpt lat="53.085823087" lon="46.770526925">
  <ele>245.162003</ele>
  <time>2010-07-31T03:28:20Z</time>
</trkpt>
<trkpt lat="53.085758211" lon="46.770862620">
  <ele>245.279007</ele>
  <time>2010-07-31T03:28:21Z</time>
</trkpt>
<trkpt lat="53.085700963" lon="46.771202087">
  <ele>245.690994</ele>
  <time>2010-07-31T03:28:22Z</time>
</trkpt>
<trkpt lat="53.085643798" lon="46.771537783">
  <ele>246.182007</ele>
  <time>2010-07-31T03:28:23Z</time>
</trkpt>
<trkpt lat="53.085590322" lon="46.771873478">
  <ele>246.268005</ele>
  <time>2010-07-31T03:28:24Z</time>
</trkpt>
<trkpt lat="53.085536929" lon="46.772209173">
  <ele>246.863007</ele>
  <time>2010-07-31T03:28:25Z</time>
</trkpt>
<trkpt lat="53.085483536" lon="46.772552496">
  <ele>246.703995</ele>
  <time>2010-07-31T03:28:26Z</time>
</trkpt>
<trkpt lat="53.085430143" lon="46.772903446">
  <ele>246.807999</ele>
  <time>2010-07-31T03:28:27Z</time>
</trkpt>
<trkpt lat="53.085376751" lon="46.773254396">
  <ele>246.546997</ele>
  <time>2010-07-31T03:28:28Z</time>
</trkpt>
<trkpt lat="53.085330985" lon="46.773605347">
  <ele>246.932007</ele>
  <time>2010-07-31T03:28:29Z</time>
</trkpt>
<trkpt lat="53.085285220" lon="46.773967780">
  <ele>247.240005</ele>
  <time>2010-07-31T03:28:30Z</time>
</trkpt>
<trkpt lat="53.085239371" lon="46.774330130">
  <ele>247.470001</ele>
  <time>2010-07-31T03:28:31Z</time>
</trkpt>
<trkpt lat="53.085193606" lon="46.774700191">
  <ele>247.524994</ele>
  <time>2010-07-31T03:28:32Z</time>
</trkpt>
<trkpt lat="53.085159324" lon="46.775074024">
  <ele>248.259995</ele>
  <time>2010-07-31T03:28:33Z</time>
</trkpt>
<trkpt lat="53.085124958" lon="46.775447857">
  <ele>248.373001</ele>
  <time>2010-07-31T03:28:34Z</time>
</trkpt>
<trkpt lat="53.085090676" lon="46.775821690">
  <ele>248.576004</ele>
  <time>2010-07-31T03:28:35Z</time>
</trkpt>
<trkpt lat="53.085056311" lon="46.776203150">
  <ele>248.975006</ele>
  <time>2010-07-31T03:28:36Z</time>
</trkpt>
<trkpt lat="53.085021945" lon="46.776580838">
  <ele>249.080994</ele>
  <time>2010-07-31T03:28:37Z</time>
</trkpt>
<trkpt lat="53.084987663" lon="46.776958443">
  <ele>249.436005</ele>
  <time>2010-07-31T03:28:38Z</time>
</trkpt>
<trkpt lat="53.084957153" lon="46.777339904">
  <ele>249.574997</ele>
  <time>2010-07-31T03:28:39Z</time>
</trkpt>
<trkpt lat="53.084926642" lon="46.777717592">
  <ele>249.466995</ele>
  <time>2010-07-31T03:28:40Z</time>
</trkpt>
<trkpt lat="53.084899904" lon="46.778095281">
  <ele>248.733002</ele>
  <time>2010-07-31T03:28:41Z</time>
</trkpt>
<trkpt lat="53.084877022" lon="46.778472885">
  <ele>249.516006</ele>
  <time>2010-07-31T03:28:42Z</time>
</trkpt>
<trkpt lat="53.084854139" lon="46.778842947">
  <ele>249.384003</ele>
  <time>2010-07-31T03:28:43Z</time>
</trkpt>
<trkpt lat="53.084835028" lon="46.779216779">
  <ele>249.212006</ele>
  <time>2010-07-31T03:28:44Z</time>
</trkpt>
<trkpt lat="53.084819773" lon="46.779594384">
  <ele>249.195007</ele>
  <time>2010-07-31T03:28:45Z</time>
</trkpt>
<trkpt lat="53.084804518" lon="46.779975928">
  <ele>249.251007</ele>
  <time>2010-07-31T03:28:46Z</time>
</trkpt>
<trkpt lat="53.084793119" lon="46.780353533">
  <ele>249.623001</ele>
  <time>2010-07-31T03:28:47Z</time>
</trkpt>
<trkpt lat="53.084781636" lon="46.780723594">
  <ele>250.011002</ele>
  <time>2010-07-31T03:28:48Z</time>
</trkpt>
<trkpt lat="53.084781636" lon="46.781085944">
  <ele>250.330994</ele>
  <time>2010-07-31T03:28:49Z</time>
</trkpt>
<trkpt lat="53.084781636" lon="46.781448377">
  <ele>250.220001</ele>
  <time>2010-07-31T03:28:50Z</time>
</trkpt>
<trkpt lat="53.084789263" lon="46.781814583">
  <ele>250.132004</ele>
  <time>2010-07-31T03:28:51Z</time>
</trkpt>
<trkpt lat="53.084804518" lon="46.782180788">
  <ele>250.737000</ele>
  <time>2010-07-31T03:28:52Z</time>
</trkpt>
<trkpt lat="53.084819773" lon="46.782543221">
  <ele>251.026001</ele>
  <time>2010-07-31T03:28:53Z</time>
</trkpt>
<trkpt lat="53.084838884" lon="46.782909427">
  <ele>251.166000</ele>
  <time>2010-07-31T03:28:54Z</time>
</trkpt>
<trkpt lat="53.084865538" lon="46.783275632">
  <ele>251.556000</ele>
  <time>2010-07-31T03:28:55Z</time>
</trkpt>
<trkpt lat="53.084892277" lon="46.783645609">
  <ele>251.682999</ele>
  <time>2010-07-31T03:28:56Z</time>
</trkpt>
<trkpt lat="53.084922787" lon="46.784019442">
  <ele>252.408005</ele>
  <time>2010-07-31T03:28:57Z</time>
</trkpt>
<trkpt lat="53.084949525" lon="46.784393275">
  <ele>252.572998</ele>
  <time>2010-07-31T03:28:58Z</time>
</trkpt>
<trkpt lat="53.084980035" lon="46.784767192">
  <ele>252.589996</ele>
  <time>2010-07-31T03:28:59Z</time>
</trkpt>
<trkpt lat="53.085006690" lon="46.785141025">
  <ele>252.746002</ele>
  <time>2010-07-31T03:29:00Z</time>
</trkpt>
<trkpt lat="53.085041055" lon="46.785514858">
  <ele>252.832993</ele>
  <time>2010-07-31T03:29:01Z</time>
</trkpt>
<trkpt lat="53.085075337" lon="46.785888691">
  <ele>252.843002</ele>
  <time>2010-07-31T03:29:02Z</time>
</trkpt>
<trkpt lat="53.085109703" lon="46.786266295">
  <ele>253.216003</ele>
  <time>2010-07-31T03:29:03Z</time>
</trkpt>
<trkpt lat="53.085151697" lon="46.786643984">
  <ele>253.667007</ele>
  <time>2010-07-31T03:29:04Z</time>
</trkpt>
<trkpt lat="53.085193606" lon="46.787021672">
  <ele>254.085999</ele>
  <time>2010-07-31T03:29:05Z</time>
</trkpt>
<trkpt lat="53.085239371" lon="46.787403133">
  <ele>254.281006</ele>
  <time>2010-07-31T03:29:06Z</time>
</trkpt>
<trkpt lat="53.085285220" lon="46.787784593">
  <ele>254.283005</ele>
  <time>2010-07-31T03:29:07Z</time>
</trkpt>
<trkpt lat="53.085334757" lon="46.788169825">
  <ele>254.811005</ele>
  <time>2010-07-31T03:29:08Z</time>
</trkpt>
<trkpt lat="53.085384378" lon="46.788547514">
  <ele>254.945007</ele>
  <time>2010-07-31T03:29:09Z</time>
</trkpt>
<trkpt lat="53.085441627" lon="46.788932830">
  <ele>254.817001</ele>
  <time>2010-07-31T03:29:10Z</time>
</trkpt>
<trkpt lat="53.085506419" lon="46.789321918">
  <ele>255.192993</ele>
  <time>2010-07-31T03:29:11Z</time>
</trkpt>
<trkpt lat="53.085567439" lon="46.789711006">
  <ele>255.494003</ele>
  <time>2010-07-31T03:29:12Z</time>
</trkpt>
<trkpt lat="53.085636171" lon="46.790103950">
  <ele>256.657013</ele>
  <time>2010-07-31T03:29:13Z</time>
</trkpt>
<trkpt lat="53.085708590" lon="46.790496809">
  <ele>256.684998</ele>
  <time>2010-07-31T03:29:14Z</time>
</trkpt>
<trkpt lat="53.085781094" lon="46.790893525">
  <ele>257.497009</ele>
  <time>2010-07-31T03:29:15Z</time>
</trkpt>
<trkpt lat="53.085853597" lon="46.791290324">
  <ele>257.636993</ele>
  <time>2010-07-31T03:29:16Z</time>
</trkpt>
<trkpt lat="53.085929872" lon="46.791690812">
  <ele>257.924011</ele>
  <time>2010-07-31T03:29:17Z</time>
</trkpt>
<trkpt lat="53.086002376" lon="46.792095155">
  <ele>258.210999</ele>
  <time>2010-07-31T03:29:18Z</time>
</trkpt>
<trkpt lat="53.086078651" lon="46.792499581">
  <ele>258.289001</ele>
  <time>2010-07-31T03:29:19Z</time>
</trkpt>
<trkpt lat="53.086154927" lon="46.792907696">
  <ele>258.447998</ele>
  <time>2010-07-31T03:29:20Z</time>
</trkpt>
<trkpt lat="53.086235058" lon="46.793319667">
  <ele>259.069000</ele>
  <time>2010-07-31T03:29:21Z</time>
</trkpt>
<trkpt lat="53.086307561" lon="46.793731721">
  <ele>259.640015</ele>
  <time>2010-07-31T03:29:22Z</time>
</trkpt>
<trkpt lat="53.086383836" lon="46.794136064">
  <ele>260.032013</ele>
  <time>2010-07-31T03:29:23Z</time>
</trkpt>
<trkpt lat="53.086460112" lon="46.794544179">
  <ele>260.108002</ele>
  <time>2010-07-31T03:29:24Z</time>
</trkpt>
<trkpt lat="53.086536387" lon="46.794960005">
  <ele>260.290985</ele>
  <time>2010-07-31T03:29:25Z</time>
</trkpt>
<trkpt lat="53.086612662" lon="46.795371976">
  <ele>260.613007</ele>
  <time>2010-07-31T03:29:26Z</time>
</trkpt>
<trkpt lat="53.086689021" lon="46.795784030">
  <ele>260.912994</ele>
  <time>2010-07-31T03:29:27Z</time>
</trkpt>
<trkpt lat="53.086769069" lon="46.796192145">
  <ele>261.213013</ele>
  <time>2010-07-31T03:29:28Z</time>
</trkpt>
<trkpt lat="53.086845428" lon="46.796600344">
  <ele>261.127991</ele>
  <time>2010-07-31T03:29:29Z</time>
</trkpt>
<trkpt lat="53.086921703" lon="46.797008542">
  <ele>261.273010</ele>
  <time>2010-07-31T03:29:30Z</time>
</trkpt>
<trkpt lat="53.086997978" lon="46.797405258">
  <ele>261.610992</ele>
  <time>2010-07-31T03:29:31Z</time>
</trkpt>
<trkpt lat="53.087070482" lon="46.797798118">
  <ele>261.846008</ele>
  <time>2010-07-31T03:29:32Z</time>
</trkpt>
<trkpt lat="53.087142985" lon="46.798191061">
  <ele>261.518005</ele>
  <time>2010-07-31T03:29:33Z</time>
</trkpt>
<trkpt lat="53.087215405" lon="46.798587777">
  <ele>262.037994</ele>
  <time>2010-07-31T03:29:34Z</time>
</trkpt>
<trkpt lat="53.087291680" lon="46.798984492">
  <ele>262.449005</ele>
  <time>2010-07-31T03:29:35Z</time>
</trkpt>
<trkpt lat="53.087360412" lon="46.799381291">
  <ele>262.471008</ele>
  <time>2010-07-31T03:29:36Z</time>
</trkpt>
<trkpt lat="53.087432832" lon="46.799778007">
  <ele>262.679993</ele>
  <time>2010-07-31T03:29:37Z</time>
</trkpt>
<trkpt lat="53.087505335" lon="46.800174722">
  <ele>263.028992</ele>
  <time>2010-07-31T03:29:38Z</time>
</trkpt>
<trkpt lat="53.087581610" lon="46.800567666">
  <ele>263.106995</ele>
  <time>2010-07-31T03:29:39Z</time>
</trkpt>
<trkpt lat="53.087650258" lon="46.800960526">
  <ele>263.303986</ele>
  <time>2010-07-31T03:29:40Z</time>
</trkpt>
<trkpt lat="53.087718990" lon="46.801353469">
  <ele>263.627014</ele>
  <time>2010-07-31T03:29:41Z</time>
</trkpt>
<trkpt lat="53.087791409" lon="46.801750185">
  <ele>264.019012</ele>
  <time>2010-07-31T03:29:42Z</time>
</trkpt>
<trkpt lat="53.087860141" lon="46.802139273">
  <ele>264.006989</ele>
  <time>2010-07-31T03:29:43Z</time>
</trkpt>
<trkpt lat="53.087932561" lon="46.802539844">
  <ele>264.402008</ele>
  <time>2010-07-31T03:29:44Z</time>
</trkpt>
<trkpt lat="53.088005064" lon="46.802932704">
  <ele>264.341003</ele>
  <time>2010-07-31T03:29:45Z</time>
</trkpt>
<trkpt lat="53.088077568" lon="46.803321876">
  <ele>264.027008</ele>
  <time>2010-07-31T03:29:46Z</time>
</trkpt>
<trkpt lat="53.088149987" lon="46.803718591">
  <ele>263.928009</ele>
  <time>2010-07-31T03:29:47Z</time>
</trkpt>
<trkpt lat="53.088222491" lon="46.804115307">
  <ele>263.916992</ele>
  <time>2010-07-31T03:29:48Z</time>
</trkpt>
<trkpt lat="53.088298766" lon="46.804512022">
  <ele>263.876007</ele>
  <time>2010-07-31T03:29:49Z</time>
</trkpt>
<trkpt lat="53.088371269" lon="46.804916365">
  <ele>264.069000</ele>
  <time>2010-07-31T03:29:50Z</time>
</trkpt>
<trkpt lat="53.088439917" lon="46.805320708">
  <ele>264.427002</ele>
  <time>2010-07-31T03:29:51Z</time>
</trkpt>
<trkpt lat="53.088516276" lon="46.805725135">
  <ele>265.001007</ele>
  <time>2010-07-31T03:29:52Z</time>
</trkpt>
<trkpt lat="53.088588696" lon="46.806129478">
  <ele>264.888000</ele>
  <time>2010-07-31T03:29:53Z</time>
</trkpt>
<trkpt lat="53.088661199" lon="46.806529965">
  <ele>265.125000</ele>
  <time>2010-07-31T03:29:54Z</time>
</trkpt>
<trkpt lat="53.088737475" lon="46.806926765">
  <ele>265.567993</ele>
  <time>2010-07-31T03:29:55Z</time>
</trkpt>
<trkpt lat="53.088809978" lon="46.807334879">
  <ele>265.684998</ele>
  <time>2010-07-31T03:29:56Z</time>
</trkpt>
<trkpt lat="53.088882482" lon="46.807743078">
  <ele>265.739014</ele>
  <time>2010-07-31T03:29:57Z</time>
</trkpt>
<trkpt lat="53.088958757" lon="46.808155049">
  <ele>266.049011</ele>
  <time>2010-07-31T03:29:58Z</time>
</trkpt>
<trkpt lat="53.089035032" lon="46.808563247">
  <ele>266.420013</ele>
  <time>2010-07-31T03:29:59Z</time>
</trkpt>
<trkpt lat="53.089111308" lon="46.808975218">
  <ele>266.695007</ele>
  <time>2010-07-31T03:30:00Z</time>
</trkpt>
<trkpt lat="53.089183811" lon="46.809387188">
  <ele>266.765991</ele>
  <time>2010-07-31T03:30:01Z</time>
</trkpt>
<trkpt lat="53.089260086" lon="46.809799159">
  <ele>267.053009</ele>
  <time>2010-07-31T03:30:02Z</time>
</trkpt>
<trkpt lat="53.089332590" lon="46.810207358">
  <ele>266.807007</ele>
  <time>2010-07-31T03:30:03Z</time>
</trkpt>
<trkpt lat="53.089405093" lon="46.810615556">
  <ele>266.653992</ele>
  <time>2010-07-31T03:30:04Z</time>
</trkpt>
<trkpt lat="53.089477513" lon="46.811023671">
  <ele>266.778015</ele>
  <time>2010-07-31T03:30:05Z</time>
</trkpt>
<trkpt lat="53.089550016" lon="46.811428098">
  <ele>266.891998</ele>
  <time>2010-07-31T03:30:06Z</time>
</trkpt>
<trkpt lat="53.089626292" lon="46.811828585">
  <ele>266.915009</ele>
  <time>2010-07-31T03:30:07Z</time>
</trkpt>
<trkpt lat="53.089698795" lon="46.812225301">
  <ele>267.062988</ele>
  <time>2010-07-31T03:30:08Z</time>
</trkpt>
<trkpt lat="53.089771299" lon="46.812614473">
  <ele>267.032013</ele>
  <time>2010-07-31T03:30:09Z</time>
</trkpt>
<trkpt lat="53.089839946" lon="46.813003561">
  <ele>267.346008</ele>
  <time>2010-07-31T03:30:10Z</time>
</trkpt>
<trkpt lat="53.089904822" lon="46.813385021">
  <ele>267.201996</ele>
  <time>2010-07-31T03:30:11Z</time>
</trkpt>
<trkpt lat="53.089973470" lon="46.813766481">
  <ele>266.942993</ele>
  <time>2010-07-31T03:30:12Z</time>
</trkpt>
<trkpt lat="53.090042118" lon="46.814147942">
  <ele>266.231995</ele>
  <time>2010-07-31T03:30:13Z</time>
</trkpt>
<trkpt lat="53.090110766" lon="46.814533258">
  <ele>266.157013</ele>
  <time>2010-07-31T03:30:14Z</time>
</trkpt>
<trkpt lat="53.090183269" lon="46.814922346">
  <ele>265.938995</ele>
  <time>2010-07-31T03:30:15Z</time>
</trkpt>
<trkpt lat="53.090251917" lon="46.815311434">
  <ele>265.968994</ele>
  <time>2010-07-31T03:30:16Z</time>
</trkpt>
<trkpt lat="53.090320565" lon="46.815700522">
  <ele>266.625000</ele>
  <time>2010-07-31T03:30:17Z</time>
</trkpt>
<trkpt lat="53.090389213" lon="46.816081982">
  <ele>266.197998</ele>
  <time>2010-07-31T03:30:18Z</time>
</trkpt>
<trkpt lat="53.090461716" lon="46.816463443">
  <ele>266.348999</ele>
  <time>2010-07-31T03:30:19Z</time>
</trkpt>
<trkpt lat="53.090526592" lon="46.816841131">
  <ele>266.161987</ele>
  <time>2010-07-31T03:30:20Z</time>
</trkpt>
<trkpt lat="53.090599095" lon="46.817214964">
  <ele>266.287994</ele>
  <time>2010-07-31T03:30:21Z</time>
</trkpt>
<trkpt lat="53.090663888" lon="46.817585025">
  <ele>265.687012</ele>
  <time>2010-07-31T03:30:22Z</time>
</trkpt>
<trkpt lat="53.090732535" lon="46.817951230">
  <ele>265.272003</ele>
  <time>2010-07-31T03:30:23Z</time>
</trkpt>
<trkpt lat="53.090797411" lon="46.818313580">
  <ele>264.855988</ele>
  <time>2010-07-31T03:30:24Z</time>
</trkpt>
<trkpt lat="53.090862287" lon="46.818664530">
  <ele>264.496002</ele>
  <time>2010-07-31T03:30:25Z</time>
</trkpt>
<trkpt lat="53.090927163" lon="46.819011709">
  <ele>264.235992</ele>
  <time>2010-07-31T03:30:26Z</time>
</trkpt>
<trkpt lat="53.090988183" lon="46.819355031">
  <ele>264.216003</ele>
  <time>2010-07-31T03:30:27Z</time>
</trkpt>
<trkpt lat="53.091049204" lon="46.819694499">
  <ele>264.260010</ele>
  <time>2010-07-31T03:30:28Z</time>
</trkpt>
<trkpt lat="53.091110224" lon="46.820026422">
  <ele>264.292999</ele>
  <time>2010-07-31T03:30:29Z</time>
</trkpt>
<trkpt lat="53.091167472" lon="46.820346862">
  <ele>264.131989</ele>
  <time>2010-07-31T03:30:30Z</time>
</trkpt>
<trkpt lat="53.091228493" lon="46.820667302">
  <ele>264.257996</ele>
  <time>2010-07-31T03:30:31Z</time>
</trkpt>
<trkpt lat="53.091285741" lon="46.820983887">
  <ele>264.639008</ele>
  <time>2010-07-31T03:30:32Z</time>
</trkpt>
<trkpt lat="53.091342906" lon="46.821292844">
  <ele>264.505005</ele>
  <time>2010-07-31T03:30:33Z</time>
</trkpt>
<trkpt lat="53.091400154" lon="46.821601884">
  <ele>264.255005</ele>
  <time>2010-07-31T03:30:34Z</time>
</trkpt>
<trkpt lat="53.091453547" lon="46.821903214">
  <ele>264.282013</ele>
  <time>2010-07-31T03:30:35Z</time>
</trkpt>
<trkpt lat="53.091506939" lon="46.822197000">
  <ele>264.313995</ele>
  <time>2010-07-31T03:30:36Z</time>
</trkpt>
<trkpt lat="53.091556560" lon="46.822486846">
  <ele>264.286987</ele>
  <time>2010-07-31T03:30:37Z</time>
</trkpt>
<trkpt lat="53.091609953" lon="46.822776776">
  <ele>264.540009</ele>
  <time>2010-07-31T03:30:38Z</time>
</trkpt>
<trkpt lat="53.091663346" lon="46.823055306">
  <ele>264.598999</ele>
  <time>2010-07-31T03:30:39Z</time>
</trkpt>
<trkpt lat="53.091712967" lon="46.823329898">
  <ele>264.265991</ele>
  <time>2010-07-31T03:30:40Z</time>
</trkpt>
<trkpt lat="53.091758732" lon="46.823600801">
  <ele>263.927002</ele>
  <time>2010-07-31T03:30:41Z</time>
</trkpt>
<trkpt lat="53.091808353" lon="46.823867764">
  <ele>263.701996</ele>
  <time>2010-07-31T03:30:42Z</time>
</trkpt>
<trkpt lat="53.091857890" lon="46.824134812">
  <ele>263.847992</ele>
  <time>2010-07-31T03:30:43Z</time>
</trkpt>
<trkpt lat="53.091907511" lon="46.824409487">
  <ele>264.104004</ele>
  <time>2010-07-31T03:30:44Z</time>
</trkpt>
<trkpt lat="53.091957131" lon="46.824676534">
  <ele>263.889008</ele>
  <time>2010-07-31T03:30:45Z</time>
</trkpt>
<trkpt lat="53.092006668" lon="46.824951209">
  <ele>263.627991</ele>
  <time>2010-07-31T03:30:46Z</time>
</trkpt>
<trkpt lat="53.092056289" lon="46.825225800">
  <ele>263.984009</ele>
  <time>2010-07-31T03:30:47Z</time>
</trkpt>
<trkpt lat="53.092105826" lon="46.825496703">
  <ele>263.989014</ele>
  <time>2010-07-31T03:30:48Z</time>
</trkpt>
<trkpt lat="53.092155447" lon="46.825771295">
  <ele>264.054993</ele>
  <time>2010-07-31T03:30:49Z</time>
</trkpt>
<trkpt lat="53.092205068" lon="46.826038342">
  <ele>263.911987</ele>
  <time>2010-07-31T03:30:50Z</time>
</trkpt>
<trkpt lat="53.092254605" lon="46.826301534">
  <ele>263.158997</ele>
  <time>2010-07-31T03:30:51Z</time>
</trkpt>
<trkpt lat="53.092304226" lon="46.826572437">
  <ele>263.605011</ele>
  <time>2010-07-31T03:30:52Z</time>
</trkpt>
<trkpt lat="53.092353847" lon="46.826843256">
  <ele>263.799011</ele>
  <time>2010-07-31T03:30:53Z</time>
</trkpt>
<trkpt lat="53.092403384" lon="46.827121703">
  <ele>264.440002</ele>
  <time>2010-07-31T03:30:54Z</time>
</trkpt>
<trkpt lat="53.092456777" lon="46.827400234">
  <ele>264.682007</ele>
  <time>2010-07-31T03:30:55Z</time>
</trkpt>
<trkpt lat="53.092510253" lon="46.827686308">
  <ele>264.760986</ele>
  <time>2010-07-31T03:30:56Z</time>
</trkpt>
<trkpt lat="53.092559790" lon="46.827976238">
  <ele>264.653015</ele>
  <time>2010-07-31T03:30:57Z</time>
</trkpt>
<trkpt lat="53.092609411" lon="46.828266168">
  <ele>265.244995</ele>
  <time>2010-07-31T03:30:58Z</time>
</trkpt>
<trkpt lat="53.092659032" lon="46.828556098">
  <ele>265.105011</ele>
  <time>2010-07-31T03:30:59Z</time>
</trkpt>
<trkpt lat="53.092708569" lon="46.828845944">
  <ele>265.697998</ele>
  <time>2010-07-31T03:31:00Z</time>
</trkpt>
<trkpt lat="53.092765817" lon="46.829139730">
  <ele>265.829010</ele>
  <time>2010-07-31T03:31:01Z</time>
</trkpt>
<trkpt lat="53.092826838" lon="46.829444915">
  <ele>266.011993</ele>
  <time>2010-07-31T03:31:02Z</time>
</trkpt>
<trkpt lat="53.092891714" lon="46.829765355">
  <ele>266.269012</ele>
  <time>2010-07-31T03:31:03Z</time>
</trkpt>
<trkpt lat="53.092956506" lon="46.830093423">
  <ele>266.316986</ele>
  <time>2010-07-31T03:31:04Z</time>
</trkpt>
<trkpt lat="53.093025237" lon="46.830440518">
  <ele>266.221008</ele>
  <time>2010-07-31T03:31:05Z</time>
</trkpt>
<trkpt lat="53.093090029" lon="46.830791468">
  <ele>266.363007</ele>
  <time>2010-07-31T03:31:06Z</time>
</trkpt>
<trkpt lat="53.093154905" lon="46.831150046">
  <ele>266.709015</ele>
  <time>2010-07-31T03:31:07Z</time>
</trkpt>
<trkpt lat="53.093223553" lon="46.831520107">
  <ele>266.832001</ele>
  <time>2010-07-31T03:31:08Z</time>
</trkpt>
<trkpt lat="53.093288429" lon="46.831890084">
  <ele>266.645996</ele>
  <time>2010-07-31T03:31:09Z</time>
</trkpt>
<trkpt lat="53.093353305" lon="46.832275400">
  <ele>266.955994</ele>
  <time>2010-07-31T03:31:10Z</time>
</trkpt>
<trkpt lat="53.093414325" lon="46.832664488">
  <ele>266.617004</ele>
  <time>2010-07-31T03:31:11Z</time>
</trkpt>
<trkpt lat="53.093475346" lon="46.833061203">
  <ele>266.651001</ele>
  <time>2010-07-31T03:31:12Z</time>
</trkpt>
<trkpt lat="53.093540221" lon="46.833461775">
  <ele>266.587006</ele>
  <time>2010-07-31T03:31:13Z</time>
</trkpt>
<trkpt lat="53.093605014" lon="46.833858490">
  <ele>266.415009</ele>
  <time>2010-07-31T03:31:14Z</time>
</trkpt>
<trkpt lat="53.093677517" lon="46.834262833">
  <ele>266.563995</ele>
  <time>2010-07-31T03:31:15Z</time>
</trkpt>
<trkpt lat="53.093750020" lon="46.834667176">
  <ele>266.759003</ele>
  <time>2010-07-31T03:31:16Z</time>
</trkpt>
<trkpt lat="53.093826296" lon="46.835071603">
  <ele>266.688995</ele>
  <time>2010-07-31T03:31:17Z</time>
</trkpt>
<trkpt lat="53.093898799" lon="46.835475946">
  <ele>266.223999</ele>
  <time>2010-07-31T03:31:18Z</time>
</trkpt>
<trkpt lat="53.093975075" lon="46.835876433">
  <ele>265.959991</ele>
  <time>2010-07-31T03:31:19Z</time>
</trkpt>
<trkpt lat="53.094043722" lon="46.836273232">
  <ele>265.692993</ele>
  <time>2010-07-31T03:31:20Z</time>
</trkpt>
<trkpt lat="53.094116226" lon="46.836669948">
  <ele>265.476990</ele>
  <time>2010-07-31T03:31:21Z</time>
</trkpt>
<trkpt lat="53.094188729" lon="46.837066663">
  <ele>265.518005</ele>
  <time>2010-07-31T03:31:22Z</time>
</trkpt>
<trkpt lat="53.094265005" lon="46.837455751">
  <ele>265.795013</ele>
  <time>2010-07-31T03:31:23Z</time>
</trkpt>
<trkpt lat="53.094333652" lon="46.837841067">
  <ele>265.696014</ele>
  <time>2010-07-31T03:31:24Z</time>
</trkpt>
<trkpt lat="53.094406156" lon="46.838226300">
  <ele>265.669006</ele>
  <time>2010-07-31T03:31:25Z</time>
</trkpt>
<trkpt lat="53.094470948" lon="46.838607760">
  <ele>265.417999</ele>
  <time>2010-07-31T03:31:26Z</time>
</trkpt>
<trkpt lat="53.094539680" lon="46.838985449">
  <ele>265.356995</ele>
  <time>2010-07-31T03:31:27Z</time>
</trkpt>
<trkpt lat="53.094604472" lon="46.839363137">
  <ele>265.200989</ele>
  <time>2010-07-31T03:31:28Z</time>
</trkpt>
<trkpt lat="53.094669348" lon="46.839740742">
  <ele>265.058014</ele>
  <time>2010-07-31T03:31:29Z</time>
</trkpt>
<trkpt lat="53.094737995" lon="46.840110803">
  <ele>264.717010</ele>
  <time>2010-07-31T03:31:30Z</time>
</trkpt>
<trkpt lat="53.094806643" lon="46.840488408">
  <ele>264.920013</ele>
  <time>2010-07-31T03:31:31Z</time>
</trkpt>
<trkpt lat="53.094875375" lon="46.840858469">
  <ele>264.937012</ele>
  <time>2010-07-31T03:31:32Z</time>
</trkpt>
<trkpt lat="53.094947794" lon="46.841232302">
  <ele>265.036011</ele>
  <time>2010-07-31T03:31:33Z</time>
</trkpt>
<trkpt lat="53.095024070" lon="46.841598507">
  <ele>265.105988</ele>
  <time>2010-07-31T03:31:34Z</time>
</trkpt>
<trkpt lat="53.095108056" lon="46.841968568">
  <ele>265.296997</ele>
  <time>2010-07-31T03:31:35Z</time>
</trkpt>
<trkpt lat="53.095191959" lon="46.842330918">
  <ele>265.427002</ele>
  <time>2010-07-31T03:31:36Z</time>
</trkpt>
<trkpt lat="53.095287345" lon="46.842685724">
  <ele>265.220001</ele>
  <time>2010-07-31T03:31:37Z</time>
</trkpt>
<trkpt lat="53.095394131" lon="46.843032818">
  <ele>264.972992</ele>
  <time>2010-07-31T03:31:38Z</time>
</trkpt>
<trkpt lat="53.095512399" lon="46.843372369">
  <ele>264.850006</ele>
  <time>2010-07-31T03:31:39Z</time>
</trkpt>
<trkpt lat="53.095638296" lon="46.843696581">
  <ele>264.520996</ele>
  <time>2010-07-31T03:31:40Z</time>
</trkpt>
<trkpt lat="53.095771819" lon="46.844013250">
  <ele>264.845001</ele>
  <time>2010-07-31T03:31:41Z</time>
</trkpt>
<trkpt lat="53.095912971" lon="46.844318351">
  <ele>264.812988</ele>
  <time>2010-07-31T03:31:42Z</time>
</trkpt>
<trkpt lat="53.096057894" lon="46.844612136">
  <ele>264.851990</ele>
  <time>2010-07-31T03:31:43Z</time>
</trkpt>
<trkpt lat="53.096202817" lon="46.844894439">
  <ele>264.643005</ele>
  <time>2010-07-31T03:31:44Z</time>
</trkpt>
<trkpt lat="53.096351596" lon="46.845165258">
  <ele>265.050995</ele>
  <time>2010-07-31T03:31:45Z</time>
</trkpt>
<trkpt lat="53.096504230" lon="46.845428450">
  <ele>265.313995</ele>
  <time>2010-07-31T03:31:46Z</time>
</trkpt>
<trkpt lat="53.096660636" lon="46.845687870">
  <ele>265.460999</ele>
  <time>2010-07-31T03:31:47Z</time>
</trkpt>
<trkpt lat="53.096824670" lon="46.845943434">
  <ele>265.476990</ele>
  <time>2010-07-31T03:31:48Z</time>
</trkpt>
<trkpt lat="53.096988704" lon="46.846198998">
  <ele>265.631012</ele>
  <time>2010-07-31T03:31:49Z</time>
</trkpt>
<trkpt lat="53.097156510" lon="46.846447019">
  <ele>265.540009</ele>
  <time>2010-07-31T03:31:50Z</time>
</trkpt>
<trkpt lat="53.097328171" lon="46.846683472">
  <ele>265.721985</ele>
  <time>2010-07-31T03:31:51Z</time>
</trkpt>
<trkpt lat="53.097507460" lon="46.846904755">
  <ele>265.566010</ele>
  <time>2010-07-31T03:31:52Z</time>
</trkpt>
<trkpt lat="53.097690605" lon="46.847114554">
  <ele>265.636993</ele>
  <time>2010-07-31T03:31:53Z</time>
</trkpt>
<trkpt lat="53.097873665" lon="46.847312953">
  <ele>265.791992</ele>
  <time>2010-07-31T03:31:54Z</time>
</trkpt>
<trkpt lat="53.098068209" lon="46.847503642">
  <ele>266.238007</ele>
  <time>2010-07-31T03:31:55Z</time>
</trkpt>
<trkpt lat="53.098266609" lon="46.847682931">
  <ele>266.056000</ele>
  <time>2010-07-31T03:31:56Z</time>
</trkpt>
<trkpt lat="53.098468781" lon="46.847846964">
  <ele>266.252991</ele>
  <time>2010-07-31T03:31:57Z</time>
</trkpt>
<trkpt lat="53.098670952" lon="46.847999599">
  <ele>266.226990</ele>
  <time>2010-07-31T03:31:58Z</time>
</trkpt>
<trkpt lat="53.098873124" lon="46.848136894">
  <ele>266.312012</ele>
  <time>2010-07-31T03:31:59Z</time>
</trkpt>
<trkpt lat="53.099075295" lon="46.848266562">
  <ele>266.730011</ele>
  <time>2010-07-31T03:32:00Z</time>
</trkpt>
<trkpt lat="53.099277467" lon="46.848384831">
  <ele>267.067993</ele>
  <time>2010-07-31T03:32:01Z</time>
</trkpt>
<trkpt lat="53.099483494" lon="46.848491700">
  <ele>267.108002</ele>
  <time>2010-07-31T03:32:02Z</time>
</trkpt>
<trkpt lat="53.099689521" lon="46.848590858">
  <ele>267.389008</ele>
  <time>2010-07-31T03:32:03Z</time>
</trkpt>
<trkpt lat="53.099899320" lon="46.848682389">
  <ele>267.360992</ele>
  <time>2010-07-31T03:32:04Z</time>
</trkpt>
<trkpt lat="53.100109119" lon="46.848770147">
  <ele>267.358002</ele>
  <time>2010-07-31T03:32:05Z</time>
</trkpt>
<trkpt lat="53.100318918" lon="46.848842651">
  <ele>267.645996</ele>
  <time>2010-07-31T03:32:06Z</time>
</trkpt>
<trkpt lat="53.100524861" lon="46.848911298">
  <ele>267.890015</ele>
  <time>2010-07-31T03:32:07Z</time>
</trkpt>
<trkpt lat="53.100734744" lon="46.848972319">
  <ele>267.964996</ele>
  <time>2010-07-31T03:32:08Z</time>
</trkpt>
<trkpt lat="53.100940688" lon="46.849021940">
  <ele>267.929993</ele>
  <time>2010-07-31T03:32:09Z</time>
</trkpt>
<trkpt lat="53.101146715" lon="46.849060077">
  <ele>267.929993</ele>
  <time>2010-07-31T03:32:10Z</time>
</trkpt>
<trkpt lat="53.101345031" lon="46.849094359">
  <ele>267.968994</ele>
  <time>2010-07-31T03:32:11Z</time>
</trkpt>
<trkpt lat="53.101543430" lon="46.849113470">
  <ele>268.266998</ele>
  <time>2010-07-31T03:32:12Z</time>
</trkpt>
<trkpt lat="53.101737974" lon="46.849128725">
  <ele>268.545013</ele>
  <time>2010-07-31T03:32:13Z</time>
</trkpt>
<trkpt lat="53.101924891" lon="46.849136353">
  <ele>268.187012</ele>
  <time>2010-07-31T03:32:14Z</time>
</trkpt>
<trkpt lat="53.102115663" lon="46.849140208">
  <ele>268.105988</ele>
  <time>2010-07-31T03:32:15Z</time>
</trkpt>
<trkpt lat="53.102302579" lon="46.849147836">
  <ele>268.127991</ele>
  <time>2010-07-31T03:32:16Z</time>
</trkpt>
<trkpt lat="53.102485640" lon="46.849147836">
  <ele>268.226013</ele>
  <time>2010-07-31T03:32:17Z</time>
</trkpt>
<trkpt lat="53.102668785" lon="46.849155463">
  <ele>268.355988</ele>
  <time>2010-07-31T03:32:18Z</time>
</trkpt>
<trkpt lat="53.102855701" lon="46.849178346">
  <ele>268.626007</ele>
  <time>2010-07-31T03:32:19Z</time>
</trkpt>
<trkpt lat="53.103034990" lon="46.849208856">
  <ele>268.734985</ele>
  <time>2010-07-31T03:32:20Z</time>
</trkpt>
<trkpt lat="53.103214279" lon="46.849258393">
  <ele>268.864014</ele>
  <time>2010-07-31T03:32:21Z</time>
</trkpt>
<trkpt lat="53.103393568" lon="46.849334752">
  <ele>269.035004</ele>
  <time>2010-07-31T03:32:22Z</time>
</trkpt>
<trkpt lat="53.103569001" lon="46.849430054">
  <ele>269.259003</ele>
  <time>2010-07-31T03:32:23Z</time>
</trkpt>
<trkpt lat="53.103748290" lon="46.849540696">
  <ele>269.282990</ele>
  <time>2010-07-31T03:32:24Z</time>
</trkpt>
<trkpt lat="53.103931434" lon="46.849655192">
  <ele>269.381012</ele>
  <time>2010-07-31T03:32:25Z</time>
</trkpt>
<trkpt lat="53.104114495" lon="46.849773377">
  <ele>269.683990</ele>
  <time>2010-07-31T03:32:26Z</time>
</trkpt>
<trkpt lat="53.104297640" lon="46.849895502">
  <ele>269.614990</ele>
  <time>2010-07-31T03:32:27Z</time>
</trkpt>
<trkpt lat="53.104480784" lon="46.850025170">
  <ele>269.809998</ele>
  <time>2010-07-31T03:32:28Z</time>
</trkpt>
<trkpt lat="53.104663845" lon="46.850162465">
  <ele>269.877014</ele>
  <time>2010-07-31T03:32:29Z</time>
</trkpt>
<trkpt lat="53.104843134" lon="46.850318871">
  <ele>269.954987</ele>
  <time>2010-07-31T03:32:30Z</time>
</trkpt>
<trkpt lat="53.105022423" lon="46.850490533">
  <ele>270.252991</ele>
  <time>2010-07-31T03:32:31Z</time>
</trkpt>
<trkpt lat="53.105194084" lon="46.850673677">
  <ele>270.766998</ele>
  <time>2010-07-31T03:32:32Z</time>
</trkpt>
<trkpt lat="53.105365746" lon="46.850875849">
  <ele>271.253998</ele>
  <time>2010-07-31T03:32:33Z</time>
</trkpt>
<trkpt lat="53.105529780" lon="46.851097131">
  <ele>271.440002</ele>
  <time>2010-07-31T03:32:34Z</time>
</trkpt>
<trkpt lat="53.105693813" lon="46.851337440">
  <ele>271.723999</ele>
  <time>2010-07-31T03:32:35Z</time>
</trkpt>
<trkpt lat="53.105850220" lon="46.851589233">
  <ele>271.697998</ele>
  <time>2010-07-31T03:32:36Z</time>
</trkpt>
<trkpt lat="53.105995143" lon="46.851860052">
  <ele>271.622009</ele>
  <time>2010-07-31T03:32:37Z</time>
</trkpt>
<trkpt lat="53.106136294" lon="46.852142354">
  <ele>271.598999</ele>
  <time>2010-07-31T03:32:38Z</time>
</trkpt>
<trkpt lat="53.106273673" lon="46.852436056">
  <ele>271.803009</ele>
  <time>2010-07-31T03:32:39Z</time>
</trkpt>
<trkpt lat="53.106403342" lon="46.852741241">
  <ele>271.622009</ele>
  <time>2010-07-31T03:32:40Z</time>
</trkpt>
<trkpt lat="53.106536865" lon="46.853061682">
  <ele>271.803986</ele>
  <time>2010-07-31T03:32:41Z</time>
</trkpt>
<trkpt lat="53.106658906" lon="46.853393521">
  <ele>271.539001</ele>
  <time>2010-07-31T03:32:42Z</time>
</trkpt>
<trkpt lat="53.106777174" lon="46.853740700">
  <ele>271.592010</ele>
  <time>2010-07-31T03:32:43Z</time>
</trkpt>
<trkpt lat="53.106887816" lon="46.854091650">
  <ele>271.381989</ele>
  <time>2010-07-31T03:32:44Z</time>
</trkpt>
<trkpt lat="53.106994601" lon="46.854457855">
  <ele>271.242004</ele>
  <time>2010-07-31T03:32:45Z</time>
</trkpt>
<trkpt lat="53.107097615" lon="46.854831688">
  <ele>271.066986</ele>
  <time>2010-07-31T03:32:46Z</time>
</trkpt>
<trkpt lat="53.107193001" lon="46.855220776">
  <ele>270.856995</ele>
  <time>2010-07-31T03:32:47Z</time>
</trkpt>
<trkpt lat="53.107280759" lon="46.855609864">
  <ele>270.127014</ele>
  <time>2010-07-31T03:32:48Z</time>
</trkpt>
<trkpt lat="53.107372290" lon="46.855995180">
  <ele>270.022003</ele>
  <time>2010-07-31T03:32:49Z</time>
</trkpt>
<trkpt lat="53.107463820" lon="46.856369013">
  <ele>269.505005</ele>
  <time>2010-07-31T03:32:50Z</time>
</trkpt>
<trkpt lat="53.107562978" lon="46.856746702">
  <ele>269.571014</ele>
  <time>2010-07-31T03:32:51Z</time>
</trkpt>
<trkpt lat="53.107658364" lon="46.857120534">
  <ele>269.511993</ele>
  <time>2010-07-31T03:32:52Z</time>
</trkpt>
<trkpt lat="53.107749978" lon="46.857490512">
  <ele>268.880005</ele>
  <time>2010-07-31T03:32:53Z</time>
</trkpt>
<trkpt lat="53.107841508" lon="46.857864344">
  <ele>268.212006</ele>
  <time>2010-07-31T03:32:54Z</time>
</trkpt>
<trkpt lat="53.107933039" lon="46.858238261">
  <ele>267.992004</ele>
  <time>2010-07-31T03:32:55Z</time>
</trkpt>
<trkpt lat="53.108024569" lon="46.858612094">
  <ele>267.389008</ele>
  <time>2010-07-31T03:32:56Z</time>
</trkpt>
<trkpt lat="53.108119955" lon="46.858985927">
  <ele>267.127991</ele>
  <time>2010-07-31T03:32:57Z</time>
</trkpt>
<trkpt lat="53.108211486" lon="46.859355904">
  <ele>266.515991</ele>
  <time>2010-07-31T03:32:58Z</time>
</trkpt>
<trkpt lat="53.108303100" lon="46.859729737">
  <ele>266.148010</ele>
  <time>2010-07-31T03:32:59Z</time>
</trkpt>
<trkpt lat="53.108394630" lon="46.860099798">
  <ele>265.595001</ele>
  <time>2010-07-31T03:33:00Z</time>
</trkpt>
<trkpt lat="53.108486161" lon="46.860481258">
  <ele>265.365997</ele>
  <time>2010-07-31T03:33:01Z</time>
</trkpt>
<trkpt lat="53.108577691" lon="46.860866575">
  <ele>265.101013</ele>
  <time>2010-07-31T03:33:02Z</time>
</trkpt>
<trkpt lat="53.108676933" lon="46.861251807">
  <ele>264.747986</ele>
  <time>2010-07-31T03:33:03Z</time>
</trkpt>
<trkpt lat="53.108772319" lon="46.861644750">
  <ele>264.716003</ele>
  <time>2010-07-31T03:33:04Z</time>
</trkpt>
<trkpt lat="53.108871477" lon="46.862030067">
  <ele>264.881012</ele>
  <time>2010-07-31T03:33:05Z</time>
</trkpt>
<trkpt lat="53.108966863" lon="46.862415299">
  <ele>264.959015</ele>
  <time>2010-07-31T03:33:06Z</time>
</trkpt>
<trkpt lat="53.109066021" lon="46.862800615">
  <ele>264.957001</ele>
  <time>2010-07-31T03:33:07Z</time>
</trkpt>
<trkpt lat="53.109161407" lon="46.863189703">
  <ele>265.539001</ele>
  <time>2010-07-31T03:33:08Z</time>
</trkpt>
<trkpt lat="53.109256709" lon="46.863575019">
  <ele>265.610992</ele>
  <time>2010-07-31T03:33:09Z</time>
</trkpt>
<trkpt lat="53.109348323" lon="46.863956479">
  <ele>264.669006</ele>
  <time>2010-07-31T03:33:10Z</time>
</trkpt>
<trkpt lat="53.109443625" lon="46.864337940">
  <ele>264.782013</ele>
  <time>2010-07-31T03:33:11Z</time>
</trkpt>
<trkpt lat="53.109539011" lon="46.864711773">
  <ele>264.911011</ele>
  <time>2010-07-31T03:33:12Z</time>
</trkpt>
<trkpt lat="53.109630626" lon="46.865089377">
  <ele>264.821991</ele>
  <time>2010-07-31T03:33:13Z</time>
</trkpt>
<trkpt lat="53.109722156" lon="46.865463294">
  <ele>264.571014</ele>
  <time>2010-07-31T03:33:14Z</time>
</trkpt>
<trkpt lat="53.109813686" lon="46.865829499">
  <ele>264.768005</ele>
  <time>2010-07-31T03:33:15Z</time>
</trkpt>
<trkpt lat="53.109905217" lon="46.866191849">
  <ele>264.779999</ele>
  <time>2010-07-31T03:33:16Z</time>
</trkpt>
<trkpt lat="53.109992975" lon="46.866550427">
  <ele>264.837006</ele>
  <time>2010-07-31T03:33:17Z</time>
</trkpt>
<trkpt lat="53.110080734" lon="46.866909005">
  <ele>264.756989</ele>
  <time>2010-07-31T03:33:18Z</time>
</trkpt>
<trkpt lat="53.110168492" lon="46.867267583">
  <ele>264.644989</ele>
  <time>2010-07-31T03:33:19Z</time>
</trkpt>
<trkpt lat="53.110260023" lon="46.867626160">
  <ele>264.782013</ele>
  <time>2010-07-31T03:33:20Z</time>
</trkpt>
<trkpt lat="53.110347781" lon="46.867980966">
  <ele>264.364990</ele>
  <time>2010-07-31T03:33:21Z</time>
</trkpt>
<trkpt lat="53.110439312" lon="46.868339544">
  <ele>264.648010</ele>
  <time>2010-07-31T03:33:22Z</time>
</trkpt>
<trkpt lat="53.110530842" lon="46.868705750">
  <ele>264.839996</ele>
  <time>2010-07-31T03:33:23Z</time>
</trkpt>
<trkpt lat="53.110622372" lon="46.869075811">
  <ele>265.109985</ele>
  <time>2010-07-31T03:33:24Z</time>
</trkpt>
<trkpt lat="53.110710131" lon="46.869445788">
  <ele>265.125000</ele>
  <time>2010-07-31T03:33:25Z</time>
</trkpt>
<trkpt lat="53.110797890" lon="46.869815849">
  <ele>265.234009</ele>
  <time>2010-07-31T03:33:26Z</time>
</trkpt>
<trkpt lat="53.110885648" lon="46.870182054">
  <ele>265.162994</ele>
  <time>2010-07-31T03:33:27Z</time>
</trkpt>
<trkpt lat="53.110977178" lon="46.870544404">
  <ele>265.346985</ele>
  <time>2010-07-31T03:33:28Z</time>
</trkpt>
<trkpt lat="53.111064937" lon="46.870906837">
  <ele>265.571991</ele>
  <time>2010-07-31T03:33:29Z</time>
</trkpt>
<trkpt lat="53.111152612" lon="46.871265415">
  <ele>265.609985</ele>
  <time>2010-07-31T03:33:30Z</time>
</trkpt>
<trkpt lat="53.111244226" lon="46.871623993">
  <ele>265.476990</ele>
  <time>2010-07-31T03:33:31Z</time>
</trkpt>
<trkpt lat="53.111335756" lon="46.871982571">
  <ele>265.317993</ele>
  <time>2010-07-31T03:33:32Z</time>
</trkpt>
<trkpt lat="53.111423515" lon="46.872345004">
  <ele>265.122009</ele>
  <time>2010-07-31T03:33:33Z</time>
</trkpt>
<trkpt lat="53.111515045" lon="46.872703582">
  <ele>265.070007</ele>
  <time>2010-07-31T03:33:34Z</time>
</trkpt>
<trkpt lat="53.111606576" lon="46.873065932">
  <ele>265.584991</ele>
  <time>2010-07-31T03:33:35Z</time>
</trkpt>
<trkpt lat="53.111694334" lon="46.873428365">
  <ele>265.942993</ele>
  <time>2010-07-31T03:33:36Z</time>
</trkpt>
<trkpt lat="53.111785864" lon="46.873790715">
  <ele>266.153992</ele>
  <time>2010-07-31T03:33:37Z</time>
</trkpt>
<trkpt lat="53.111873623" lon="46.874156920">
  <ele>265.967987</ele>
  <time>2010-07-31T03:33:38Z</time>
</trkpt>
<trkpt lat="53.111965153" lon="46.874526981">
  <ele>265.812988</ele>
  <time>2010-07-31T03:33:39Z</time>
</trkpt>
<trkpt lat="53.112056768" lon="46.874893187">
  <ele>266.264008</ele>
  <time>2010-07-31T03:33:40Z</time>
</trkpt>
<trkpt lat="53.112148298" lon="46.875263248">
  <ele>265.845001</ele>
  <time>2010-07-31T03:33:41Z</time>
</trkpt>
<trkpt lat="53.112239828" lon="46.875633225">
  <ele>265.325012</ele>
  <time>2010-07-31T03:33:42Z</time>
</trkpt>
<trkpt lat="53.112335214" lon="46.876007058">
  <ele>265.312988</ele>
  <time>2010-07-31T03:33:43Z</time>
</trkpt>
<trkpt lat="53.112430600" lon="46.876380891">
  <ele>265.496002</ele>
  <time>2010-07-31T03:33:44Z</time>
</trkpt>
<trkpt lat="53.112522131" lon="46.876754723">
  <ele>265.850006</ele>
  <time>2010-07-31T03:33:45Z</time>
</trkpt>
<trkpt lat="53.112617517" lon="46.877128640">
  <ele>266.028992</ele>
  <time>2010-07-31T03:33:46Z</time>
</trkpt>
<trkpt lat="53.112705192" lon="46.877502473">
  <ele>265.864990</ele>
  <time>2010-07-31T03:33:47Z</time>
</trkpt>
<trkpt lat="53.112796806" lon="46.877876306">
  <ele>265.417999</ele>
  <time>2010-07-31T03:33:48Z</time>
</trkpt>
<trkpt lat="53.112888336" lon="46.878250139">
  <ele>265.213013</ele>
  <time>2010-07-31T03:33:49Z</time>
</trkpt>
<trkpt lat="53.112983722" lon="46.878627744">
  <ele>265.165985</ele>
  <time>2010-07-31T03:33:50Z</time>
</trkpt>
<trkpt lat="53.113079108" lon="46.879005432">
  <ele>265.313995</ele>
  <time>2010-07-31T03:33:51Z</time>
</trkpt>
<trkpt lat="53.113174411" lon="46.879383121">
  <ele>265.438995</ele>
  <time>2010-07-31T03:33:52Z</time>
</trkpt>
<trkpt lat="53.113269797" lon="46.879760725">
  <ele>265.601013</ele>
  <time>2010-07-31T03:33:53Z</time>
</trkpt>
<trkpt lat="53.113365183" lon="46.880134558">
  <ele>265.673004</ele>
  <time>2010-07-31T03:33:54Z</time>
</trkpt>
<trkpt lat="53.113456713" lon="46.880512247">
  <ele>266.053009</ele>
  <time>2010-07-31T03:33:55Z</time>
</trkpt>
<trkpt lat="53.113552099" lon="46.880889852">
  <ele>266.390015</ele>
  <time>2010-07-31T03:33:56Z</time>
</trkpt>
<trkpt lat="53.113647485" lon="46.881263768">
  <ele>266.312988</ele>
  <time>2010-07-31T03:33:57Z</time>
</trkpt>
<trkpt lat="53.113739016" lon="46.881637601">
  <ele>266.200989</ele>
  <time>2010-07-31T03:33:58Z</time>
</trkpt>
<trkpt lat="53.113826774" lon="46.882015206">
  <ele>265.945007</ele>
  <time>2010-07-31T03:33:59Z</time>
</trkpt>
<trkpt lat="53.113918304" lon="46.882389039">
  <ele>265.834015</ele>
  <time>2010-07-31T03:34:00Z</time>
</trkpt>
<trkpt lat="53.114009835" lon="46.882762872">
  <ele>265.937012</ele>
  <time>2010-07-31T03:34:01Z</time>
</trkpt>
<trkpt lat="53.114105221" lon="46.883136788">
  <ele>265.954010</ele>
  <time>2010-07-31T03:34:02Z</time>
</trkpt>
<trkpt lat="53.114196751" lon="46.883506766">
  <ele>266.152008</ele>
  <time>2010-07-31T03:34:03Z</time>
</trkpt>
<trkpt lat="53.114288365" lon="46.883876827">
  <ele>265.960999</ele>
  <time>2010-07-31T03:34:04Z</time>
</trkpt>
<trkpt lat="53.114383668" lon="46.884250659">
  <ele>266.334015</ele>
  <time>2010-07-31T03:34:05Z</time>
</trkpt>
<trkpt lat="53.114475282" lon="46.884628264">
  <ele>266.528992</ele>
  <time>2010-07-31T03:34:06Z</time>
</trkpt>
<trkpt lat="53.114570584" lon="46.885009725">
  <ele>267.201996</ele>
  <time>2010-07-31T03:34:07Z</time>
</trkpt>
<trkpt lat="53.114662198" lon="46.885387413">
  <ele>266.957001</ele>
  <time>2010-07-31T03:34:08Z</time>
</trkpt>
<trkpt lat="53.114757501" lon="46.885768874">
  <ele>267.058990</ele>
  <time>2010-07-31T03:34:09Z</time>
</trkpt>
<trkpt lat="53.114849115" lon="46.886150334">
  <ele>266.817993</ele>
  <time>2010-07-31T03:34:10Z</time>
</trkpt>
<trkpt lat="53.114944417" lon="46.886539422">
  <ele>267.010010</ele>
  <time>2010-07-31T03:34:11Z</time>
</trkpt>
<trkpt lat="53.115039803" lon="46.886924738">
  <ele>266.839996</ele>
  <time>2010-07-31T03:34:12Z</time>
</trkpt>
<trkpt lat="53.115135189" lon="46.887310054">
  <ele>266.908997</ele>
  <time>2010-07-31T03:34:13Z</time>
</trkpt>
<trkpt lat="53.115230575" lon="46.887699142">
  <ele>267.476013</ele>
  <time>2010-07-31T03:34:14Z</time>
</trkpt>
<trkpt lat="53.115325961" lon="46.888088230">
  <ele>267.351013</ele>
  <time>2010-07-31T03:34:15Z</time>
</trkpt>
<trkpt lat="53.115421264" lon="46.888477318">
  <ele>267.510986</ele>
  <time>2010-07-31T03:34:16Z</time>
</trkpt>
<trkpt lat="53.115512878" lon="46.888870262">
  <ele>267.421997</ele>
  <time>2010-07-31T03:34:17Z</time>
</trkpt>
<trkpt lat="53.115608180" lon="46.889263121">
  <ele>268.173004</ele>
  <time>2010-07-31T03:34:18Z</time>
</trkpt>
<trkpt lat="53.115695938" lon="46.889659921">
  <ele>268.424988</ele>
  <time>2010-07-31T03:34:19Z</time>
</trkpt>
<trkpt lat="53.115787469" lon="46.890049009">
  <ele>268.750000</ele>
  <time>2010-07-31T03:34:20Z</time>
</trkpt>
<trkpt lat="53.115875227" lon="46.890438097">
  <ele>269.058014</ele>
  <time>2010-07-31T03:34:21Z</time>
</trkpt>
<trkpt lat="53.115955358" lon="46.890827185">
  <ele>269.058990</ele>
  <time>2010-07-31T03:34:22Z</time>
</trkpt>
<trkpt lat="53.116039261" lon="46.891220128">
  <ele>268.983002</ele>
  <time>2010-07-31T03:34:23Z</time>
</trkpt>
<trkpt lat="53.116123164" lon="46.891609216">
  <ele>268.970001</ele>
  <time>2010-07-31T03:34:24Z</time>
</trkpt>
<trkpt lat="53.116199523" lon="46.891994448">
  <ele>269.346008</ele>
  <time>2010-07-31T03:34:25Z</time>
</trkpt>
<trkpt lat="53.116271943" lon="46.892375909">
  <ele>269.145996</ele>
  <time>2010-07-31T03:34:26Z</time>
</trkpt>
<trkpt lat="53.116340674" lon="46.892753597">
  <ele>269.022003</ele>
  <time>2010-07-31T03:34:27Z</time>
</trkpt>
<trkpt lat="53.116401695" lon="46.893131286">
  <ele>268.756989</ele>
  <time>2010-07-31T03:34:28Z</time>
</trkpt>
<trkpt lat="53.116462715" lon="46.893505119">
  <ele>268.606995</ele>
  <time>2010-07-31T03:34:29Z</time>
</trkpt>
<trkpt lat="53.116516108" lon="46.893878952">
  <ele>268.363007</ele>
  <time>2010-07-31T03:34:30Z</time>
</trkpt>
<trkpt lat="53.116565729" lon="46.894245157">
  <ele>268.475006</ele>
  <time>2010-07-31T03:34:31Z</time>
</trkpt>
<trkpt lat="53.116607638" lon="46.894611362">
  <ele>268.962006</ele>
  <time>2010-07-31T03:34:32Z</time>
</trkpt>
<trkpt lat="53.116645776" lon="46.894977568">
  <ele>269.143005</ele>
  <time>2010-07-31T03:34:33Z</time>
</trkpt>
<trkpt lat="53.116676370" lon="46.895340001">
  <ele>269.135986</ele>
  <time>2010-07-31T03:34:34Z</time>
</trkpt>
<trkpt lat="53.116703024" lon="46.895694723">
  <ele>269.459015</ele>
  <time>2010-07-31T03:34:35Z</time>
</trkpt>
<trkpt lat="53.116729762" lon="46.896041902">
  <ele>269.438995</ele>
  <time>2010-07-31T03:34:36Z</time>
</trkpt>
<trkpt lat="53.116752645" lon="46.896388996">
  <ele>269.670990</ele>
  <time>2010-07-31T03:34:37Z</time>
</trkpt>
<trkpt lat="53.116775528" lon="46.896728547">
  <ele>270.020996</ele>
  <time>2010-07-31T03:34:38Z</time>
</trkpt>
<trkpt lat="53.116798410" lon="46.897068014">
  <ele>270.591003</ele>
  <time>2010-07-31T03:34:39Z</time>
</trkpt>
<trkpt lat="53.116817437" lon="46.897399938">
  <ele>271.032013</ele>
  <time>2010-07-31T03:34:40Z</time>
</trkpt>
<trkpt lat="53.116840404" lon="46.897724150">
  <ele>271.147003</ele>
  <time>2010-07-31T03:34:41Z</time>
</trkpt>
<trkpt lat="53.116863286" lon="46.898048362">
  <ele>271.122986</ele>
  <time>2010-07-31T03:34:42Z</time>
</trkpt>
<trkpt lat="53.116889941" lon="46.898365030">
  <ele>270.872986</ele>
  <time>2010-07-31T03:34:43Z</time>
</trkpt>
<trkpt lat="53.116912823" lon="46.898685470">
  <ele>271.286987</ele>
  <time>2010-07-31T03:34:44Z</time>
</trkpt>
<trkpt lat="53.116931934" lon="46.899005910">
  <ele>272.115997</ele>
  <time>2010-07-31T03:34:45Z</time>
</trkpt>
<trkpt lat="53.116954817" lon="46.899326351">
  <ele>272.554993</ele>
  <time>2010-07-31T03:34:46Z</time>
</trkpt>
<trkpt lat="53.116973843" lon="46.899635307">
  <ele>272.907990</ele>
  <time>2010-07-31T03:34:47Z</time>
</trkpt>
<trkpt lat="53.116992954" lon="46.899944264">
  <ele>273.194000</ele>
  <time>2010-07-31T03:34:48Z</time>
</trkpt>
<trkpt lat="53.117012065" lon="46.900245678">
  <ele>273.511993</ele>
  <time>2010-07-31T03:34:49Z</time>
</trkpt>
<trkpt lat="53.117031092" lon="46.900543235">
  <ele>273.584991</ele>
  <time>2010-07-31T03:34:50Z</time>
</trkpt>
<trkpt lat="53.117050203" lon="46.900836937">
  <ele>274.040009</ele>
  <time>2010-07-31T03:34:51Z</time>
</trkpt>
<trkpt lat="53.117069229" lon="46.901123011">
  <ele>274.256012</ele>
  <time>2010-07-31T03:34:52Z</time>
</trkpt>
<trkpt lat="53.117088340" lon="46.901405314">
  <ele>274.079010</ele>
  <time>2010-07-31T03:34:53Z</time>
</trkpt>
<trkpt lat="53.117111223" lon="46.901683845">
  <ele>273.583008</ele>
  <time>2010-07-31T03:34:54Z</time>
</trkpt>
<trkpt lat="53.117130250" lon="46.901954664">
  <ele>273.557007</ele>
  <time>2010-07-31T03:34:55Z</time>
</trkpt>
<trkpt lat="53.117153132" lon="46.902206456">
  <ele>273.244995</ele>
  <time>2010-07-31T03:34:56Z</time>
</trkpt>
<trkpt lat="53.117176015" lon="46.902442910">
  <ele>273.457001</ele>
  <time>2010-07-31T03:34:57Z</time>
</trkpt>
<trkpt lat="53.117198981" lon="46.902664192">
  <ele>273.657013</ele>
  <time>2010-07-31T03:34:58Z</time>
</trkpt>
<trkpt lat="53.117229491" lon="46.902885474">
  <ele>273.790009</ele>
  <time>2010-07-31T03:34:59Z</time>
</trkpt>
<trkpt lat="53.117260002" lon="46.903099045">
  <ele>273.671997</ele>
  <time>2010-07-31T03:35:00Z</time>
</trkpt>
<trkpt lat="53.117290512" lon="46.903308844">
  <ele>273.524994</ele>
  <time>2010-07-31T03:35:01Z</time>
</trkpt>
<trkpt lat="53.117324794" lon="46.903514871">
  <ele>273.269012</ele>
  <time>2010-07-31T03:35:02Z</time>
</trkpt>
<trkpt lat="53.117366787" lon="46.903720815">
  <ele>273.355011</ele>
  <time>2010-07-31T03:35:03Z</time>
</trkpt>
<trkpt lat="53.117404925" lon="46.903926842">
  <ele>273.063995</ele>
  <time>2010-07-31T03:35:04Z</time>
</trkpt>
<trkpt lat="53.117454546" lon="46.904132869">
  <ele>272.786011</ele>
  <time>2010-07-31T03:35:05Z</time>
</trkpt>
<trkpt lat="53.117507938" lon="46.904342668">
  <ele>272.360992</ele>
  <time>2010-07-31T03:35:06Z</time>
</trkpt>
<trkpt lat="53.117561331" lon="46.904556239">
  <ele>272.266998</ele>
  <time>2010-07-31T03:35:07Z</time>
</trkpt>
<trkpt lat="53.117618579" lon="46.904773749">
  <ele>272.226013</ele>
  <time>2010-07-31T03:35:08Z</time>
</trkpt>
<trkpt lat="53.117683372" lon="46.904994948">
  <ele>272.428009</ele>
  <time>2010-07-31T03:35:09Z</time>
</trkpt>
<trkpt lat="53.117748247" lon="46.905208603">
  <ele>272.695007</ele>
  <time>2010-07-31T03:35:10Z</time>
</trkpt>
<trkpt lat="53.117813123" lon="46.905422173">
  <ele>272.579010</ele>
  <time>2010-07-31T03:35:11Z</time>
</trkpt>
<trkpt lat="53.117870372" lon="46.905628201">
  <ele>272.431000</ele>
  <time>2010-07-31T03:35:12Z</time>
</trkpt>
<trkpt lat="53.117935164" lon="46.905830372">
  <ele>272.389008</ele>
  <time>2010-07-31T03:35:13Z</time>
</trkpt>
<trkpt lat="53.117996184" lon="46.906028772">
  <ele>272.212006</ele>
  <time>2010-07-31T03:35:14Z</time>
</trkpt>
<trkpt lat="53.118053433" lon="46.906219460">
  <ele>272.088013</ele>
  <time>2010-07-31T03:35:15Z</time>
</trkpt>
<trkpt lat="53.118110681" lon="46.906406377">
  <ele>272.286011</ele>
  <time>2010-07-31T03:35:16Z</time>
</trkpt>
<trkpt lat="53.118167846" lon="46.906589521">
  <ele>272.265015</ele>
  <time>2010-07-31T03:35:17Z</time>
</trkpt>
<trkpt lat="53.118225094" lon="46.906764954">
  <ele>272.255005</ele>
  <time>2010-07-31T03:35:18Z</time>
</trkpt>
<trkpt lat="53.118278487" lon="46.906940471">
  <ele>272.184998</ele>
  <time>2010-07-31T03:35:19Z</time>
</trkpt>
<trkpt lat="53.118331879" lon="46.907123532">
  <ele>272.260010</ele>
  <time>2010-07-31T03:35:20Z</time>
</trkpt>
<trkpt lat="53.118389128" lon="46.907310449">
  <ele>272.160004</ele>
  <time>2010-07-31T03:35:21Z</time>
</trkpt>
<trkpt lat="53.118450148" lon="46.907508848">
  <ele>272.067993</ele>
  <time>2010-07-31T03:35:22Z</time>
</trkpt>
<trkpt lat="53.118518796" lon="46.907718647">
  <ele>271.933014</ele>
  <time>2010-07-31T03:35:23Z</time>
</trkpt>
<trkpt lat="53.118591299" lon="46.907943701">
  <ele>271.873993</ele>
  <time>2010-07-31T03:35:24Z</time>
</trkpt>
<trkpt lat="53.118667575" lon="46.908180239">
  <ele>271.699005</ele>
  <time>2010-07-31T03:35:25Z</time>
</trkpt>
<trkpt lat="53.118743934" lon="46.908428175">
  <ele>271.260010</ele>
  <time>2010-07-31T03:35:26Z</time>
</trkpt>
<trkpt lat="53.118831608" lon="46.908695223">
  <ele>271.257996</ele>
  <time>2010-07-31T03:35:27Z</time>
</trkpt>
<trkpt lat="53.118919367" lon="46.908969898">
  <ele>270.932007</ele>
  <time>2010-07-31T03:35:28Z</time>
</trkpt>
<trkpt lat="53.119007125" lon="46.909255972">
  <ele>270.997009</ele>
  <time>2010-07-31T03:35:29Z</time>
</trkpt>
<trkpt lat="53.119098656" lon="46.909553530">
  <ele>270.571991</ele>
  <time>2010-07-31T03:35:30Z</time>
</trkpt>
<trkpt lat="53.119194042" lon="46.909862487">
  <ele>270.309998</ele>
  <time>2010-07-31T03:35:31Z</time>
</trkpt>
<trkpt lat="53.119289428" lon="46.910182927">
  <ele>270.381989</ele>
  <time>2010-07-31T03:35:32Z</time>
</trkpt>
<trkpt lat="53.119380958" lon="46.910507223">
  <ele>270.360992</ele>
  <time>2010-07-31T03:35:33Z</time>
</trkpt>
<trkpt lat="53.119472489" lon="46.910842918">
  <ele>270.119995</ele>
  <time>2010-07-31T03:35:34Z</time>
</trkpt>
<trkpt lat="53.119567875" lon="46.911186241">
  <ele>270.213013</ele>
  <time>2010-07-31T03:35:35Z</time>
</trkpt>
<trkpt lat="53.119663261" lon="46.911529563">
  <ele>269.583008</ele>
  <time>2010-07-31T03:35:36Z</time>
</trkpt>
<trkpt lat="53.119766274" lon="46.911872886">
  <ele>269.476013</ele>
  <time>2010-07-31T03:35:37Z</time>
</trkpt>
<trkpt lat="53.119869204" lon="46.912219981">
  <ele>269.463013</ele>
  <time>2010-07-31T03:35:38Z</time>
</trkpt>
<trkpt lat="53.119976074" lon="46.912563303">
  <ele>269.371002</ele>
  <time>2010-07-31T03:35:39Z</time>
</trkpt>
<trkpt lat="53.120082859" lon="46.912906626">
  <ele>269.441010</ele>
  <time>2010-07-31T03:35:40Z</time>
</trkpt>
<trkpt lat="53.120185873" lon="46.913246177">
  <ele>269.406006</ele>
  <time>2010-07-31T03:35:41Z</time>
</trkpt>
<trkpt lat="53.120285030" lon="46.913581872">
  <ele>269.079987</ele>
  <time>2010-07-31T03:35:42Z</time>
</trkpt>
<trkpt lat="53.120384188" lon="46.913917568">
  <ele>269.122009</ele>
  <time>2010-07-31T03:35:43Z</time>
</trkpt>
<trkpt lat="53.120479574" lon="46.914245635">
  <ele>268.993988</ele>
  <time>2010-07-31T03:35:44Z</time>
</trkpt>
<trkpt lat="53.120578732" lon="46.914573703">
  <ele>268.941986</ele>
  <time>2010-07-31T03:35:45Z</time>
</trkpt>
<trkpt lat="53.120674118" lon="46.914894143">
  <ele>269.023987</ele>
  <time>2010-07-31T03:35:46Z</time>
</trkpt>
<trkpt lat="53.120765649" lon="46.915206872">
  <ele>269.080994</ele>
  <time>2010-07-31T03:35:47Z</time>
</trkpt>
<trkpt lat="53.120861035" lon="46.915515913">
  <ele>269.362000</ele>
  <time>2010-07-31T03:35:48Z</time>
</trkpt>
<trkpt lat="53.120952565" lon="46.915817242">
  <ele>269.097992</ele>
  <time>2010-07-31T03:35:49Z</time>
</trkpt>
<trkpt lat="53.121040324" lon="46.916114800">
  <ele>269.045990</ele>
  <time>2010-07-31T03:35:50Z</time>
</trkpt>
<trkpt lat="53.121131938" lon="46.916412357">
  <ele>269.201996</ele>
  <time>2010-07-31T03:35:51Z</time>
</trkpt>
<trkpt lat="53.121219613" lon="46.916706059">
  <ele>268.868988</ele>
  <time>2010-07-31T03:35:52Z</time>
</trkpt>
<trkpt lat="53.121307371" lon="46.916995989">
  <ele>268.748993</ele>
  <time>2010-07-31T03:35:53Z</time>
</trkpt>
<trkpt lat="53.121391274" lon="46.917282064">
  <ele>268.770996</ele>
  <time>2010-07-31T03:35:54Z</time>
</trkpt>
<trkpt lat="53.121475261" lon="46.917560594">
  <ele>269.032013</ele>
  <time>2010-07-31T03:35:55Z</time>
</trkpt>
<trkpt lat="53.121562935" lon="46.917839041">
  <ele>268.903015</ele>
  <time>2010-07-31T03:35:56Z</time>
</trkpt>
<trkpt lat="53.121643066" lon="46.918109860">
  <ele>268.782013</ele>
  <time>2010-07-31T03:35:57Z</time>
</trkpt>
<trkpt lat="53.121719342" lon="46.918365508">
  <ele>268.700989</ele>
  <time>2010-07-31T03:35:58Z</time>
</trkpt>
<trkpt lat="53.121791845" lon="46.918605817">
  <ele>268.666992</ele>
  <time>2010-07-31T03:35:59Z</time>
</trkpt>
<trkpt lat="53.121856721" lon="46.918823244">
  <ele>268.348999</ele>
  <time>2010-07-31T03:36:00Z</time>
</trkpt>
<trkpt lat="53.121921513" lon="46.919033043">
  <ele>267.984985</ele>
  <time>2010-07-31T03:36:01Z</time>
</trkpt>
<trkpt lat="53.121982533" lon="46.919242842">
  <ele>268.191986</ele>
  <time>2010-07-31T03:36:02Z</time>
</trkpt>
<trkpt lat="53.122047409" lon="46.919456497">
  <ele>268.552002</ele>
  <time>2010-07-31T03:36:03Z</time>
</trkpt>
<trkpt lat="53.122108430" lon="46.919666296">
  <ele>268.519012</ele>
  <time>2010-07-31T03:36:04Z</time>
</trkpt>
<trkpt lat="53.122177161" lon="46.919879951">
  <ele>268.540985</ele>
  <time>2010-07-31T03:36:05Z</time>
</trkpt>
<trkpt lat="53.122238182" lon="46.920089750">
  <ele>268.627014</ele>
  <time>2010-07-31T03:36:06Z</time>
</trkpt>
<trkpt lat="53.122302974" lon="46.920299549">
  <ele>268.644989</ele>
  <time>2010-07-31T03:36:07Z</time>
</trkpt>
<trkpt lat="53.122364078" lon="46.920509348">
  <ele>268.627014</ele>
  <time>2010-07-31T03:36:08Z</time>
</trkpt>
<trkpt lat="53.122428870" lon="46.920715291">
  <ele>268.792999</ele>
  <time>2010-07-31T03:36:09Z</time>
</trkpt>
<trkpt lat="53.122489890" lon="46.920925174">
  <ele>268.776001</ele>
  <time>2010-07-31T03:36:10Z</time>
</trkpt>
<trkpt lat="53.122550994" lon="46.921134973">
  <ele>268.380005</ele>
  <time>2010-07-31T03:36:11Z</time>
</trkpt>
<trkpt lat="53.122612014" lon="46.921348544">
  <ele>267.898987</ele>
  <time>2010-07-31T03:36:12Z</time>
</trkpt>
<trkpt lat="53.122676890" lon="46.921554571">
  <ele>267.571991</ele>
  <time>2010-07-31T03:36:13Z</time>
</trkpt>
<trkpt lat="53.122741682" lon="46.921760598">
  <ele>267.282990</ele>
  <time>2010-07-31T03:36:14Z</time>
</trkpt>
<trkpt lat="53.122798931" lon="46.921958914">
  <ele>267.075989</ele>
  <time>2010-07-31T03:36:15Z</time>
</trkpt>
<trkpt lat="53.122859951" lon="46.922161086">
  <ele>266.756012</ele>
  <time>2010-07-31T03:36:16Z</time>
</trkpt>
<trkpt lat="53.122924827" lon="46.922363257">
  <ele>266.694000</ele>
  <time>2010-07-31T03:36:17Z</time>
</trkpt>
<trkpt lat="53.122985847" lon="46.922561657">
  <ele>266.251007</ele>
  <time>2010-07-31T03:36:18Z</time>
</trkpt>
<trkpt lat="53.123046868" lon="46.922759973">
  <ele>265.889008</ele>
  <time>2010-07-31T03:36:19Z</time>
</trkpt>
<trkpt lat="53.123107888" lon="46.922966000">
  <ele>265.605988</ele>
  <time>2010-07-31T03:36:20Z</time>
</trkpt>
<trkpt lat="53.123172764" lon="46.923175799">
  <ele>265.523987</ele>
  <time>2010-07-31T03:36:21Z</time>
</trkpt>
<trkpt lat="53.123237640" lon="46.923393225">
  <ele>265.588013</ele>
  <time>2010-07-31T03:36:22Z</time>
</trkpt>
<trkpt lat="53.123302432" lon="46.923606880">
  <ele>265.372009</ele>
  <time>2010-07-31T03:36:23Z</time>
</trkpt>
<trkpt lat="53.123367308" lon="46.923816679">
  <ele>265.463989</ele>
  <time>2010-07-31T03:36:24Z</time>
</trkpt>
<trkpt lat="53.123432184" lon="46.924026478">
  <ele>265.877014</ele>
  <time>2010-07-31T03:36:25Z</time>
</trkpt>
<trkpt lat="53.123496976" lon="46.924236277">
  <ele>266.315002</ele>
  <time>2010-07-31T03:36:26Z</time>
</trkpt>
<trkpt lat="53.123561852" lon="46.924446076">
  <ele>266.169006</ele>
  <time>2010-07-31T03:36:27Z</time>
</trkpt>
<trkpt lat="53.123622872" lon="46.924659731">
  <ele>266.037994</ele>
  <time>2010-07-31T03:36:28Z</time>
</trkpt>
<trkpt lat="53.123687748" lon="46.924877157">
  <ele>265.708008</ele>
  <time>2010-07-31T03:36:29Z</time>
</trkpt>
<trkpt lat="53.123752624" lon="46.925094584">
  <ele>265.385010</ele>
  <time>2010-07-31T03:36:30Z</time>
</trkpt>
<trkpt lat="53.123817416" lon="46.925315866">
  <ele>264.925995</ele>
  <time>2010-07-31T03:36:31Z</time>
</trkpt>
<trkpt lat="53.123886148" lon="46.925548548">
  <ele>264.752014</ele>
  <time>2010-07-31T03:36:32Z</time>
</trkpt>
<trkpt lat="53.123950940" lon="46.925785085">
  <ele>264.282990</ele>
  <time>2010-07-31T03:36:33Z</time>
</trkpt>
<trkpt lat="53.124015816" lon="46.926029166">
  <ele>264.140991</ele>
  <time>2010-07-31T03:36:34Z</time>
</trkpt>
<trkpt lat="53.124080691" lon="46.926277187">
  <ele>264.006012</ele>
  <time>2010-07-31T03:36:35Z</time>
</trkpt>
<trkpt lat="53.124141712" lon="46.926525123">
  <ele>263.592987</ele>
  <time>2010-07-31T03:36:36Z</time>
</trkpt>
<trkpt lat="53.124198876" lon="46.926776916">
  <ele>263.334991</ele>
  <time>2010-07-31T03:36:37Z</time>
</trkpt>
<trkpt lat="53.124252353" lon="46.927024852">
  <ele>263.385986</ele>
  <time>2010-07-31T03:36:38Z</time>
</trkpt>
<trkpt lat="53.124305746" lon="46.927276645">
  <ele>263.471985</ele>
  <time>2010-07-31T03:36:39Z</time>
</trkpt>
<trkpt lat="53.124351511" lon="46.927520726">
  <ele>263.371002</ele>
  <time>2010-07-31T03:36:40Z</time>
</trkpt>
<trkpt lat="53.124397276" lon="46.927764891">
  <ele>263.109985</ele>
  <time>2010-07-31T03:36:41Z</time>
</trkpt>
<trkpt lat="53.124439269" lon="46.928009056">
  <ele>262.949005</ele>
  <time>2010-07-31T03:36:42Z</time>
</trkpt>
<trkpt lat="53.124477407" lon="46.928253137">
  <ele>262.444000</ele>
  <time>2010-07-31T03:36:43Z</time>
</trkpt>
<trkpt lat="53.124511689" lon="46.928497301">
  <ele>262.020996</ele>
  <time>2010-07-31T03:36:44Z</time>
</trkpt>
<trkpt lat="53.124542199" lon="46.928741466">
  <ele>261.928986</ele>
  <time>2010-07-31T03:36:45Z</time>
</trkpt>
<trkpt lat="53.124572793" lon="46.928985631">
  <ele>261.803009</ele>
  <time>2010-07-31T03:36:46Z</time>
</trkpt>
<trkpt lat="53.124599447" lon="46.929229712">
  <ele>261.359985</ele>
  <time>2010-07-31T03:36:47Z</time>
</trkpt>
<trkpt lat="53.124622330" lon="46.929481504">
  <ele>261.089996</ele>
  <time>2010-07-31T03:36:48Z</time>
</trkpt>
<trkpt lat="53.124645213" lon="46.929733297">
  <ele>260.604004</ele>
  <time>2010-07-31T03:36:49Z</time>
</trkpt>
<trkpt lat="53.124664323" lon="46.929985005">
  <ele>260.500000</ele>
  <time>2010-07-31T03:36:50Z</time>
</trkpt>
<trkpt lat="53.124683350" lon="46.930244425">
  <ele>260.437012</ele>
  <time>2010-07-31T03:36:51Z</time>
</trkpt>
<trkpt lat="53.124702461" lon="46.930503845">
  <ele>260.208008</ele>
  <time>2010-07-31T03:36:52Z</time>
</trkpt>
<trkpt lat="53.124713860" lon="46.930763265">
  <ele>259.932007</ele>
  <time>2010-07-31T03:36:53Z</time>
</trkpt>
<trkpt lat="53.124725344" lon="46.931034084">
  <ele>259.545990</ele>
  <time>2010-07-31T03:36:54Z</time>
</trkpt>
<trkpt lat="53.124736827" lon="46.931304904">
  <ele>259.118011</ele>
  <time>2010-07-31T03:36:55Z</time>
</trkpt>
<trkpt lat="53.124748226" lon="46.931575807">
  <ele>259.040009</ele>
  <time>2010-07-31T03:36:56Z</time>
</trkpt>
<trkpt lat="53.124759709" lon="46.931850398">
  <ele>259.023010</ele>
  <time>2010-07-31T03:36:57Z</time>
</trkpt>
<trkpt lat="53.124767337" lon="46.932125073">
  <ele>258.723999</ele>
  <time>2010-07-31T03:36:58Z</time>
</trkpt>
<trkpt lat="53.124778736" lon="46.932395976">
  <ele>258.509003</ele>
  <time>2010-07-31T03:36:59Z</time>
</trkpt>
<trkpt lat="53.124790220" lon="46.932674423">
  <ele>258.739014</ele>
  <time>2010-07-31T03:37:00Z</time>
</trkpt>
<trkpt lat="53.124797847" lon="46.932956725">
  <ele>258.773010</ele>
  <time>2010-07-31T03:37:01Z</time>
</trkpt>
<trkpt lat="53.124805475" lon="46.933246572">
  <ele>258.828003</ele>
  <time>2010-07-31T03:37:02Z</time>
</trkpt>
<trkpt lat="53.124816874" lon="46.933536502">
  <ele>259.441010</ele>
  <time>2010-07-31T03:37:03Z</time>
</trkpt>
<trkpt lat="53.124828357" lon="46.933834059">
  <ele>259.657013</ele>
  <time>2010-07-31T03:37:04Z</time>
</trkpt>
<trkpt lat="53.124839757" lon="46.934131617">
  <ele>259.502991</ele>
  <time>2010-07-31T03:37:05Z</time>
</trkpt>
<trkpt lat="53.124851240" lon="46.934436802">
  <ele>259.540985</ele>
  <time>2010-07-31T03:37:06Z</time>
</trkpt>
<trkpt lat="53.124858867" lon="46.934745759">
  <ele>259.450989</ele>
  <time>2010-07-31T03:37:07Z</time>
</trkpt>
<trkpt lat="53.124874122" lon="46.935066199">
  <ele>259.863007</ele>
  <time>2010-07-31T03:37:08Z</time>
</trkpt>
<trkpt lat="53.124885522" lon="46.935390495">
  <ele>259.917999</ele>
  <time>2010-07-31T03:37:09Z</time>
</trkpt>
<trkpt lat="53.124900777" lon="46.935729962">
  <ele>260.015015</ele>
  <time>2010-07-31T03:37:10Z</time>
</trkpt>
<trkpt lat="53.124912260" lon="46.936077140">
  <ele>259.776001</ele>
  <time>2010-07-31T03:37:11Z</time>
</trkpt>
<trkpt lat="53.124927515" lon="46.936435718">
  <ele>259.794006</ele>
  <time>2010-07-31T03:37:12Z</time>
</trkpt>
<trkpt lat="53.124942770" lon="46.936794296">
  <ele>259.681000</ele>
  <time>2010-07-31T03:37:13Z</time>
</trkpt>
<trkpt lat="53.124958025" lon="46.937149018">
  <ele>259.712006</ele>
  <time>2010-07-31T03:37:14Z</time>
</trkpt>
<trkpt lat="53.124969508" lon="46.937496196">
  <ele>259.606995</ele>
  <time>2010-07-31T03:37:15Z</time>
</trkpt>
<trkpt lat="53.124980908" lon="46.937843291">
  <ele>259.212006</ele>
  <time>2010-07-31T03:37:16Z</time>
</trkpt>
<trkpt lat="53.125000019" lon="46.938194241">
  <ele>258.528992</ele>
  <time>2010-07-31T03:37:17Z</time>
</trkpt>
<trkpt lat="53.125019046" lon="46.938556675">
  <ele>258.428009</ele>
  <time>2010-07-31T03:37:18Z</time>
</trkpt>
<trkpt lat="53.125038156" lon="46.938915253">
  <ele>258.265991</ele>
  <time>2010-07-31T03:37:19Z</time>
</trkpt>
<trkpt lat="53.125053411" lon="46.939281458">
  <ele>258.295013</ele>
  <time>2010-07-31T03:37:20Z</time>
</trkpt>
<trkpt lat="53.125064811" lon="46.939651519">
  <ele>257.891998</ele>
  <time>2010-07-31T03:37:21Z</time>
</trkpt>
<trkpt lat="53.125080150" lon="46.940032979">
  <ele>257.514008</ele>
  <time>2010-07-31T03:37:22Z</time>
</trkpt>
<trkpt lat="53.125091549" lon="46.940425839">
  <ele>257.324005</ele>
  <time>2010-07-31T03:37:23Z</time>
</trkpt>
<trkpt lat="53.125106804" lon="46.940830266">
  <ele>256.967987</ele>
  <time>2010-07-31T03:37:24Z</time>
</trkpt>
<trkpt lat="53.125122059" lon="46.941242237">
  <ele>256.700012</ele>
  <time>2010-07-31T03:37:25Z</time>
</trkpt>
<trkpt lat="53.125137314" lon="46.941657979">
  <ele>256.806000</ele>
  <time>2010-07-31T03:37:26Z</time>
</trkpt>
<trkpt lat="53.125152569" lon="46.942070033">
  <ele>256.268005</ele>
  <time>2010-07-31T03:37:27Z</time>
</trkpt>
<trkpt lat="53.125167824" lon="46.942478148">
  <ele>255.710999</ele>
  <time>2010-07-31T03:37:28Z</time>
</trkpt>
<trkpt lat="53.125179308" lon="46.942893974">
  <ele>255.623993</ele>
  <time>2010-07-31T03:37:29Z</time>
</trkpt>
<trkpt lat="53.125186935" lon="46.943313573">
  <ele>255.330994</ele>
  <time>2010-07-31T03:37:30Z</time>
</trkpt>
<trkpt lat="53.125194563" lon="46.943729399">
  <ele>254.951004</ele>
  <time>2010-07-31T03:37:31Z</time>
</trkpt>
<trkpt lat="53.125202190" lon="46.944145225">
  <ele>254.453995</ele>
  <time>2010-07-31T03:37:32Z</time>
</trkpt>
<trkpt lat="53.125213590" lon="46.944557196">
  <ele>253.981003</ele>
  <time>2010-07-31T03:37:33Z</time>
</trkpt>
<trkpt lat="53.125228845" lon="46.944973022">
  <ele>253.690002</ele>
  <time>2010-07-31T03:37:34Z</time>
</trkpt>
<trkpt lat="53.125244100" lon="46.945388764">
  <ele>253.561996</ele>
  <time>2010-07-31T03:37:35Z</time>
</trkpt>
<trkpt lat="53.125259439" lon="46.945808446">
  <ele>253.417007</ele>
  <time>2010-07-31T03:37:36Z</time>
</trkpt>
<trkpt lat="53.125274694" lon="46.946224188">
  <ele>253.076004</ele>
  <time>2010-07-31T03:37:37Z</time>
</trkpt>
<trkpt lat="53.125289949" lon="46.946636159">
  <ele>253.031006</ele>
  <time>2010-07-31T03:37:38Z</time>
</trkpt>
<trkpt lat="53.125305204" lon="46.947040586">
  <ele>252.908005</ele>
  <time>2010-07-31T03:37:39Z</time>
</trkpt>
<trkpt lat="53.125328086" lon="46.947444929">
  <ele>252.645004</ele>
  <time>2010-07-31T03:37:40Z</time>
</trkpt>
<trkpt lat="53.125347113" lon="46.947841644">
  <ele>251.921997</ele>
  <time>2010-07-31T03:37:41Z</time>
</trkpt>
<trkpt lat="53.125366224" lon="46.948238360">
  <ele>251.431000</ele>
  <time>2010-07-31T03:37:42Z</time>
</trkpt>
<trkpt lat="53.125385251" lon="46.948635075">
  <ele>251.520996</ele>
  <time>2010-07-31T03:37:43Z</time>
</trkpt>
<trkpt lat="53.125400506" lon="46.949020391">
  <ele>251.408997</ele>
  <time>2010-07-31T03:37:44Z</time>
</trkpt>
<trkpt lat="53.125411989" lon="46.949401852">
  <ele>251.419998</ele>
  <time>2010-07-31T03:37:45Z</time>
</trkpt>
<trkpt lat="53.125423472" lon="46.949783312">
  <ele>251.261002</ele>
  <time>2010-07-31T03:37:46Z</time>
</trkpt>
<trkpt lat="53.125431100" lon="46.950161001">
  <ele>251.306000</ele>
  <time>2010-07-31T03:37:47Z</time>
</trkpt>
<trkpt lat="53.125434872" lon="46.950530978">
  <ele>250.923996</ele>
  <time>2010-07-31T03:37:48Z</time>
</trkpt>
<trkpt lat="53.125446355" lon="46.950901039">
  <ele>250.772995</ele>
  <time>2010-07-31T03:37:49Z</time>
</trkpt>
<trkpt lat="53.125453983" lon="46.951267244">
  <ele>250.548004</ele>
  <time>2010-07-31T03:37:50Z</time>
</trkpt>
<trkpt lat="53.125469238" lon="46.951633450">
  <ele>250.632004</ele>
  <time>2010-07-31T03:37:51Z</time>
</trkpt>
<trkpt lat="53.125484493" lon="46.951995883">
  <ele>251.115005</ele>
  <time>2010-07-31T03:37:52Z</time>
</trkpt>
<trkpt lat="53.125495892" lon="46.952350605">
  <ele>250.712997</ele>
  <time>2010-07-31T03:37:53Z</time>
</trkpt>
<trkpt lat="53.125511147" lon="46.952701556">
  <ele>250.921005</ele>
  <time>2010-07-31T03:37:54Z</time>
</trkpt>
<trkpt lat="53.125522630" lon="46.953052506">
  <ele>250.820999</ele>
  <time>2010-07-31T03:37:55Z</time>
</trkpt>
<trkpt lat="53.125534030" lon="46.953403456">
  <ele>250.388000</ele>
  <time>2010-07-31T03:37:56Z</time>
</trkpt>
<trkpt lat="53.125553140" lon="46.953758262">
  <ele>250.259003</ele>
  <time>2010-07-31T03:37:57Z</time>
</trkpt>
<trkpt lat="53.125568395" lon="46.954116840">
  <ele>249.867996</ele>
  <time>2010-07-31T03:37:58Z</time>
</trkpt>
<trkpt lat="53.125579795" lon="46.954467790">
  <ele>249.365997</ele>
  <time>2010-07-31T03:37:59Z</time>
</trkpt>
<trkpt lat="53.125595134" lon="46.954814885">
  <ele>249.089996</ele>
  <time>2010-07-31T03:38:00Z</time>
</trkpt>
<trkpt lat="53.125606533" lon="46.955146808">
  <ele>249.022995</ele>
  <time>2010-07-31T03:38:01Z</time>
</trkpt>
<trkpt lat="53.125618016" lon="46.955467248">
  <ele>248.977005</ele>
  <time>2010-07-31T03:38:02Z</time>
</trkpt>
<trkpt lat="53.125629416" lon="46.955780061">
  <ele>249.225998</ele>
  <time>2010-07-31T03:38:03Z</time>
</trkpt>
<trkpt lat="53.125637043" lon="46.956081390">
  <ele>249.212997</ele>
  <time>2010-07-31T03:38:04Z</time>
</trkpt>
<trkpt lat="53.125648526" lon="46.956375092">
  <ele>249.018997</ele>
  <time>2010-07-31T03:38:05Z</time>
</trkpt>
<trkpt lat="53.125659926" lon="46.956668878">
  <ele>248.998993</ele>
  <time>2010-07-31T03:38:06Z</time>
</trkpt>
<trkpt lat="53.125667553" lon="46.956958808">
  <ele>248.787003</ele>
  <time>2010-07-31T03:38:07Z</time>
</trkpt>
<trkpt lat="53.125675181" lon="46.957244882">
  <ele>248.809006</ele>
  <time>2010-07-31T03:38:08Z</time>
</trkpt>
<trkpt lat="53.125686664" lon="46.957519557">
  <ele>248.513000</ele>
  <time>2010-07-31T03:38:09Z</time>
</trkpt>
<trkpt lat="53.125698064" lon="46.957790377">
  <ele>248.382996</ele>
  <time>2010-07-31T03:38:10Z</time>
</trkpt>
<trkpt lat="53.125709547" lon="46.958065052">
  <ele>248.287994</ele>
  <time>2010-07-31T03:38:11Z</time>
</trkpt>
<trkpt lat="53.125720946" lon="46.958343498">
  <ele>248.313004</ele>
  <time>2010-07-31T03:38:12Z</time>
</trkpt>
<trkpt lat="53.125732429" lon="46.958625801">
  <ele>248.645996</ele>
  <time>2010-07-31T03:38:13Z</time>
</trkpt>
<trkpt lat="53.125747684" lon="46.958911875">
  <ele>249.098999</ele>
  <time>2010-07-31T03:38:14Z</time>
</trkpt>
<trkpt lat="53.125762939" lon="46.959209433">
  <ele>249.253006</ele>
  <time>2010-07-31T03:38:15Z</time>
</trkpt>
<trkpt lat="53.125782050" lon="46.959518474">
  <ele>249.382004</ele>
  <time>2010-07-31T03:38:16Z</time>
</trkpt>
<trkpt lat="53.125797305" lon="46.959838830">
  <ele>248.975006</ele>
  <time>2010-07-31T03:38:17Z</time>
</trkpt>
<trkpt lat="53.125812560" lon="46.960170753">
  <ele>248.981995</ele>
  <time>2010-07-31T03:38:18Z</time>
</trkpt>
<trkpt lat="53.125827815" lon="46.960514076">
  <ele>248.845993</ele>
  <time>2010-07-31T03:38:19Z</time>
</trkpt>
<trkpt lat="53.125839215" lon="46.960868798">
  <ele>249.182007</ele>
  <time>2010-07-31T03:38:20Z</time>
</trkpt>
<trkpt lat="53.125854470" lon="46.961227376">
  <ele>249.132004</ele>
  <time>2010-07-31T03:38:21Z</time>
</trkpt>
<trkpt lat="53.125869725" lon="46.961593665">
  <ele>249.128998</ele>
  <time>2010-07-31T03:38:22Z</time>
</trkpt>
<trkpt lat="53.125881208" lon="46.961967498">
  <ele>249.162003</ele>
  <time>2010-07-31T03:38:23Z</time>
</trkpt>
<trkpt lat="53.125892607" lon="46.962345103">
  <ele>248.931000</ele>
  <time>2010-07-31T03:38:24Z</time>
</trkpt>
<trkpt lat="53.125904091" lon="46.962726563">
  <ele>248.854004</ele>
  <time>2010-07-31T03:38:25Z</time>
</trkpt>
<trkpt lat="53.125911718" lon="46.963115651">
  <ele>249.580994</ele>
  <time>2010-07-31T03:38:26Z</time>
</trkpt>
<trkpt lat="53.125915490" lon="46.963508595">
  <ele>249.910004</ele>
  <time>2010-07-31T03:38:27Z</time>
</trkpt>
<trkpt lat="53.125923118" lon="46.963901538">
  <ele>250.449997</ele>
  <time>2010-07-31T03:38:28Z</time>
</trkpt>
<trkpt lat="53.125934601" lon="46.964286771">
  <ele>251.011002</ele>
  <time>2010-07-31T03:38:29Z</time>
</trkpt>
<trkpt lat="53.125949856" lon="46.964664459">
  <ele>251.649994</ele>
  <time>2010-07-31T03:38:30Z</time>
</trkpt>
<trkpt lat="53.125965111" lon="46.965034520">
  <ele>252.104996</ele>
  <time>2010-07-31T03:38:31Z</time>
</trkpt>
<trkpt lat="53.125976594" lon="46.965400726">
  <ele>252.612000</ele>
  <time>2010-07-31T03:38:32Z</time>
</trkpt>
<trkpt lat="53.125991849" lon="46.965763075">
  <ele>252.268005</ele>
  <time>2010-07-31T03:38:33Z</time>
</trkpt>
<trkpt lat="53.126003249" lon="46.966117881">
  <ele>251.869995</ele>
  <time>2010-07-31T03:38:34Z</time>
</trkpt>
<trkpt lat="53.126018504" lon="46.966461204">
  <ele>252.085999</ele>
  <time>2010-07-31T03:38:35Z</time>
</trkpt>
<trkpt lat="53.126033759" lon="46.966800671">
  <ele>252.156006</ele>
  <time>2010-07-31T03:38:36Z</time>
</trkpt>
<trkpt lat="53.126045242" lon="46.967132594">
  <ele>252.167999</ele>
  <time>2010-07-31T03:38:37Z</time>
</trkpt>
<trkpt lat="53.126052869" lon="46.967456806">
  <ele>252.059998</ele>
  <time>2010-07-31T03:38:38Z</time>
</trkpt>
<trkpt lat="53.126064269" lon="46.967777247">
  <ele>252.223007</ele>
  <time>2010-07-31T03:38:39Z</time>
</trkpt>
<trkpt lat="53.126071896" lon="46.968093831">
  <ele>252.132004</ele>
  <time>2010-07-31T03:38:40Z</time>
</trkpt>
<trkpt lat="53.126083380" lon="46.968410499">
  <ele>252.160004</ele>
  <time>2010-07-31T03:38:41Z</time>
</trkpt>
<trkpt lat="53.126098635" lon="46.968723312">
  <ele>252.115005</ele>
  <time>2010-07-31T03:38:42Z</time>
</trkpt>
<trkpt lat="53.126110118" lon="46.969032269">
  <ele>252.119003</ele>
  <time>2010-07-31T03:38:43Z</time>
</trkpt>
<trkpt lat="53.126121517" lon="46.969337454">
  <ele>252.304993</ele>
  <time>2010-07-31T03:38:44Z</time>
</trkpt>
<trkpt lat="53.126133000" lon="46.969635012">
  <ele>252.210999</ele>
  <time>2010-07-31T03:38:45Z</time>
</trkpt>
<trkpt lat="53.126144400" lon="46.969928714">
  <ele>252.337997</ele>
  <time>2010-07-31T03:38:46Z</time>
</trkpt>
<trkpt lat="53.126159655" lon="46.970230127">
  <ele>252.906006</ele>
  <time>2010-07-31T03:38:47Z</time>
</trkpt>
<trkpt lat="53.126171138" lon="46.970539084">
  <ele>252.856995</ele>
  <time>2010-07-31T03:38:48Z</time>
</trkpt>
<trkpt lat="53.126186393" lon="46.970851896">
  <ele>253.266998</ele>
  <time>2010-07-31T03:38:49Z</time>
</trkpt>
<trkpt lat="53.126197793" lon="46.971168481">
  <ele>253.634995</ele>
  <time>2010-07-31T03:38:50Z</time>
</trkpt>
<trkpt lat="53.126205420" lon="46.971481293">
  <ele>254.097000</ele>
  <time>2010-07-31T03:38:51Z</time>
</trkpt>
<trkpt lat="53.126213048" lon="46.971794106">
  <ele>254.373993</ele>
  <time>2010-07-31T03:38:52Z</time>
</trkpt>
<trkpt lat="53.126220675" lon="46.972106919">
  <ele>254.440994</ele>
  <time>2010-07-31T03:38:53Z</time>
</trkpt>
<trkpt lat="53.126232158" lon="46.972412104">
  <ele>254.587997</ele>
  <time>2010-07-31T03:38:54Z</time>
</trkpt>
<trkpt lat="53.126239786" lon="46.972717289">
  <ele>254.656006</ele>
  <time>2010-07-31T03:38:55Z</time>
</trkpt>
<trkpt lat="53.126251185" lon="46.973014846">
  <ele>254.570999</ele>
  <time>2010-07-31T03:38:56Z</time>
</trkpt>
<trkpt lat="53.126266440" lon="46.973323803">
  <ele>254.766006</ele>
  <time>2010-07-31T03:38:57Z</time>
</trkpt>
<trkpt lat="53.126281779" lon="46.973632844">
  <ele>255.397995</ele>
  <time>2010-07-31T03:38:58Z</time>
</trkpt>
<trkpt lat="53.126300806" lon="46.973941801">
  <ele>255.639008</ele>
  <time>2010-07-31T03:38:59Z</time>
</trkpt>
<trkpt lat="53.126316061" lon="46.974250758">
  <ele>255.397003</ele>
  <time>2010-07-31T03:39:00Z</time>
</trkpt>
<trkpt lat="53.126327544" lon="46.974559799">
  <ele>255.462997</ele>
  <time>2010-07-31T03:39:01Z</time>
</trkpt>
<trkpt lat="53.126338944" lon="46.974864984">
  <ele>255.511993</ele>
  <time>2010-07-31T03:39:02Z</time>
</trkpt>
<trkpt lat="53.126350427" lon="46.975170169">
  <ele>255.483994</ele>
  <time>2010-07-31T03:39:03Z</time>
</trkpt>
<trkpt lat="53.126361826" lon="46.975471498">
  <ele>255.664993</ele>
  <time>2010-07-31T03:39:04Z</time>
</trkpt>
<trkpt lat="53.126369454" lon="46.975769056">
  <ele>256.165985</ele>
  <time>2010-07-31T03:39:05Z</time>
</trkpt>
<trkpt lat="53.126380937" lon="46.976066614">
  <ele>256.264008</ele>
  <time>2010-07-31T03:39:06Z</time>
</trkpt>
<trkpt lat="53.126396192" lon="46.976360315">
  <ele>256.549988</ele>
  <time>2010-07-31T03:39:07Z</time>
</trkpt>
<trkpt lat="53.126407592" lon="46.976657873">
  <ele>256.666992</ele>
  <time>2010-07-31T03:39:08Z</time>
</trkpt>
<trkpt lat="53.126415219" lon="46.976951575">
  <ele>256.839996</ele>
  <time>2010-07-31T03:39:09Z</time>
</trkpt>
<trkpt lat="53.126426702" lon="46.977241505">
  <ele>256.966003</ele>
  <time>2010-07-31T03:39:10Z</time>
</trkpt>
<trkpt lat="53.126434330" lon="46.977527579">
  <ele>256.848999</ele>
  <time>2010-07-31T03:39:11Z</time>
</trkpt>
<trkpt lat="53.126445729" lon="46.977813737">
  <ele>257.169006</ele>
  <time>2010-07-31T03:39:12Z</time>
</trkpt>
<trkpt lat="53.126453441" lon="46.978099812">
  <ele>256.855988</ele>
  <time>2010-07-31T03:39:13Z</time>
</trkpt>
<trkpt lat="53.126461068" lon="46.978385886">
  <ele>256.712006</ele>
  <time>2010-07-31T03:39:14Z</time>
</trkpt>
<trkpt lat="53.126472468" lon="46.978675816">
  <ele>256.536011</ele>
  <time>2010-07-31T03:39:15Z</time>
</trkpt>
<trkpt lat="53.126487723" lon="46.978973374">
  <ele>256.319000</ele>
  <time>2010-07-31T03:39:16Z</time>
</trkpt>
<trkpt lat="53.126499206" lon="46.979278559">
  <ele>256.144012</ele>
  <time>2010-07-31T03:39:17Z</time>
</trkpt>
<trkpt lat="53.126510605" lon="46.979595143">
  <ele>256.247009</ele>
  <time>2010-07-31T03:39:18Z</time>
</trkpt>
<trkpt lat="53.126522088" lon="46.979915584">
  <ele>255.884003</ele>
  <time>2010-07-31T03:39:19Z</time>
</trkpt>
<trkpt lat="53.126533488" lon="46.980243651">
  <ele>255.505997</ele>
  <time>2010-07-31T03:39:20Z</time>
</trkpt>
<trkpt lat="53.126544971" lon="46.980567947">
  <ele>255.498993</ele>
  <time>2010-07-31T03:39:21Z</time>
</trkpt>
<trkpt lat="53.126556370" lon="46.980896015">
  <ele>255.509995</ele>
  <time>2010-07-31T03:39:22Z</time>
</trkpt>
<trkpt lat="53.126567854" lon="46.981227854">
  <ele>256.259003</ele>
  <time>2010-07-31T03:39:23Z</time>
</trkpt>
<trkpt lat="53.126583109" lon="46.981559778">
  <ele>256.507996</ele>
  <time>2010-07-31T03:39:24Z</time>
</trkpt>
<trkpt lat="53.126594508" lon="46.981891617">
  <ele>256.759003</ele>
  <time>2010-07-31T03:39:25Z</time>
</trkpt>
<trkpt lat="53.126605991" lon="46.982223541">
  <ele>256.759003</ele>
  <time>2010-07-31T03:39:26Z</time>
</trkpt>
<trkpt lat="53.126621246" lon="46.982563008">
  <ele>256.980011</ele>
  <time>2010-07-31T03:39:27Z</time>
</trkpt>
<trkpt lat="53.126636501" lon="46.982910186">
  <ele>257.501007</ele>
  <time>2010-07-31T03:39:28Z</time>
</trkpt>
<trkpt lat="53.126655612" lon="46.983272536">
  <ele>257.553009</ele>
  <time>2010-07-31T03:39:29Z</time>
</trkpt>
<trkpt lat="53.126674639" lon="46.983642597">
  <ele>257.540985</ele>
  <time>2010-07-31T03:39:30Z</time>
</trkpt>
<trkpt lat="53.126693750" lon="46.984027829">
  <ele>257.571014</ele>
  <time>2010-07-31T03:39:31Z</time>
</trkpt>
<trkpt lat="53.126709005" lon="46.984420773">
  <ele>257.739014</ele>
  <time>2010-07-31T03:39:32Z</time>
</trkpt>
<trkpt lat="53.126720404" lon="46.984817488">
  <ele>257.605988</ele>
  <time>2010-07-31T03:39:33Z</time>
</trkpt>
<trkpt lat="53.126731887" lon="46.985218059">
  <ele>257.697998</ele>
  <time>2010-07-31T03:39:34Z</time>
</trkpt>
<trkpt lat="53.126743287" lon="46.985622402">
  <ele>257.846985</ele>
  <time>2010-07-31T03:39:35Z</time>
</trkpt>
<trkpt lat="53.126754770" lon="46.986030601">
  <ele>258.127991</ele>
  <time>2010-07-31T03:39:36Z</time>
</trkpt>
<trkpt lat="53.126770025" lon="46.986434944">
  <ele>258.156006</ele>
  <time>2010-07-31T03:39:37Z</time>
</trkpt>
<trkpt lat="53.126789052" lon="46.986839287">
  <ele>258.213013</ele>
  <time>2010-07-31T03:39:38Z</time>
</trkpt>
<trkpt lat="53.126812018" lon="46.987243630">
  <ele>257.968994</ele>
  <time>2010-07-31T03:39:39Z</time>
</trkpt>
<trkpt lat="53.126834901" lon="46.987647973">
  <ele>257.708008</ele>
  <time>2010-07-31T03:39:40Z</time>
</trkpt>
<trkpt lat="53.126865411" lon="46.988048544">
  <ele>257.697998</ele>
  <time>2010-07-31T03:39:41Z</time>
</trkpt>
<trkpt lat="53.126892066" lon="46.988449115">
  <ele>257.694000</ele>
  <time>2010-07-31T03:39:42Z</time>
</trkpt>
<trkpt lat="53.126926431" lon="46.988841975">
  <ele>257.398987</ele>
  <time>2010-07-31T03:39:43Z</time>
</trkpt>
<trkpt lat="53.126960713" lon="46.989231147">
  <ele>257.313995</ele>
  <time>2010-07-31T03:39:44Z</time>
</trkpt>
<trkpt lat="53.126995079" lon="46.989612607">
  <ele>257.329987</ele>
  <time>2010-07-31T03:39:45Z</time>
</trkpt>
<trkpt lat="53.127029445" lon="46.989990212">
  <ele>257.148987</ele>
  <time>2010-07-31T03:39:46Z</time>
</trkpt>
<trkpt lat="53.127063727" lon="46.990367901">
  <ele>257.066010</ele>
  <time>2010-07-31T03:39:47Z</time>
</trkpt>
<trkpt lat="53.127105720" lon="46.990741733">
  <ele>257.110992</ele>
  <time>2010-07-31T03:39:48Z</time>
</trkpt>
<trkpt lat="53.127147714" lon="46.991111794">
  <ele>257.437012</ele>
  <time>2010-07-31T03:39:49Z</time>
</trkpt>
<trkpt lat="53.127193479" lon="46.991481772">
  <ele>257.864990</ele>
  <time>2010-07-31T03:39:50Z</time>
</trkpt>
<trkpt lat="53.127239244" lon="46.991847977">
  <ele>258.023010</ele>
  <time>2010-07-31T03:39:51Z</time>
</trkpt>
<trkpt lat="53.127285009" lon="46.992214182">
  <ele>258.475006</ele>
  <time>2010-07-31T03:39:52Z</time>
</trkpt>
<trkpt lat="53.127334630" lon="46.992580388">
  <ele>258.397003</ele>
  <time>2010-07-31T03:39:53Z</time>
</trkpt>
<trkpt lat="53.127384167" lon="46.992942821">
  <ele>258.381989</ele>
  <time>2010-07-31T03:39:54Z</time>
</trkpt>
<trkpt lat="53.127441416" lon="46.993301399">
  <ele>258.408997</ele>
  <time>2010-07-31T03:39:55Z</time>
</trkpt>
<trkpt lat="53.127498664" lon="46.993659977">
  <ele>258.431000</ele>
  <time>2010-07-31T03:39:56Z</time>
</trkpt>
<trkpt lat="53.127563456" lon="46.994018555">
  <ele>258.674011</ele>
  <time>2010-07-31T03:39:57Z</time>
</trkpt>
<trkpt lat="53.127628332" lon="46.994373361">
  <ele>258.733002</ele>
  <time>2010-07-31T03:39:58Z</time>
</trkpt>
<trkpt lat="53.127693208" lon="46.994728083">
  <ele>258.716003</ele>
  <time>2010-07-31T03:39:59Z</time>
</trkpt>
<trkpt lat="53.127761856" lon="46.995086661">
  <ele>258.947998</ele>
  <time>2010-07-31T03:40:00Z</time>
</trkpt>
<trkpt lat="53.127834359" lon="46.995445238">
  <ele>258.873993</ele>
  <time>2010-07-31T03:40:01Z</time>
</trkpt>
<trkpt lat="53.127906779" lon="46.995811444">
  <ele>259.114014</ele>
  <time>2010-07-31T03:40:02Z</time>
</trkpt>
<trkpt lat="53.127983054" lon="46.996177649">
  <ele>259.221985</ele>
  <time>2010-07-31T03:40:03Z</time>
</trkpt>
<trkpt lat="53.128063185" lon="46.996547710">
  <ele>259.402008</ele>
  <time>2010-07-31T03:40:04Z</time>
</trkpt>
<trkpt lat="53.128143316" lon="46.996917687">
  <ele>259.299011</ele>
  <time>2010-07-31T03:40:05Z</time>
</trkpt>
<trkpt lat="53.128227219" lon="46.997287748">
  <ele>259.326996</ele>
  <time>2010-07-31T03:40:06Z</time>
</trkpt>
<trkpt lat="53.128311122" lon="46.997657809">
  <ele>259.091003</ele>
  <time>2010-07-31T03:40:07Z</time>
</trkpt>
<trkpt lat="53.128395109" lon="46.998031642">
  <ele>258.667999</ele>
  <time>2010-07-31T03:40:08Z</time>
</trkpt>
<trkpt lat="53.128482783" lon="46.998413103">
  <ele>258.544006</ele>
  <time>2010-07-31T03:40:09Z</time>
</trkpt>
<trkpt lat="53.128566770" lon="46.998798335">
  <ele>259.069000</ele>
  <time>2010-07-31T03:40:10Z</time>
</trkpt>
<trkpt lat="53.128650673" lon="46.999183651">
  <ele>258.966003</ele>
  <time>2010-07-31T03:40:11Z</time>
</trkpt>
<trkpt lat="53.128738431" lon="46.999568967">
  <ele>258.941010</ele>
  <time>2010-07-31T03:40:12Z</time>
</trkpt>
<trkpt lat="53.128826106" lon="46.999954199">
  <ele>258.989014</ele>
  <time>2010-07-31T03:40:13Z</time>
</trkpt>
<trkpt lat="53.128910093" lon="47.000343287">
  <ele>258.917999</ele>
  <time>2010-07-31T03:40:14Z</time>
</trkpt>
<trkpt lat="53.128993995" lon="47.000728603">
  <ele>258.313995</ele>
  <time>2010-07-31T03:40:15Z</time>
</trkpt>
<trkpt lat="53.129081754" lon="47.001121547">
  <ele>258.036987</ele>
  <time>2010-07-31T03:40:16Z</time>
</trkpt>
<trkpt lat="53.129165657" lon="47.001514407">
  <ele>258.220001</ele>
  <time>2010-07-31T03:40:17Z</time>
</trkpt>
<trkpt lat="53.129249560" lon="47.001911122">
  <ele>257.763000</ele>
  <time>2010-07-31T03:40:18Z</time>
</trkpt>
<trkpt lat="53.129337318" lon="47.002304066">
  <ele>257.657990</ele>
  <time>2010-07-31T03:40:19Z</time>
</trkpt>
<trkpt lat="53.129421221" lon="47.002700781">
  <ele>257.252991</ele>
  <time>2010-07-31T03:40:20Z</time>
</trkpt>
<trkpt lat="53.129508980" lon="47.003097497">
  <ele>257.152008</ele>
  <time>2010-07-31T03:40:21Z</time>
</trkpt>
<trkpt lat="53.129596738" lon="47.003498068">
  <ele>257.110992</ele>
  <time>2010-07-31T03:40:22Z</time>
</trkpt>
<trkpt lat="53.129684413" lon="47.003894784">
  <ele>256.859985</ele>
  <time>2010-07-31T03:40:23Z</time>
</trkpt>
<trkpt lat="53.129772171" lon="47.004291499">
  <ele>256.635010</ele>
  <time>2010-07-31T03:40:24Z</time>
</trkpt>
<trkpt lat="53.129856074" lon="47.004692070">
  <ele>256.320007</ele>
  <time>2010-07-31T03:40:25Z</time>
</trkpt>
<trkpt lat="53.129943833" lon="47.005092641">
  <ele>256.056000</ele>
  <time>2010-07-31T03:40:26Z</time>
</trkpt>
<trkpt lat="53.130031591" lon="47.005489357">
  <ele>256.052002</ele>
  <time>2010-07-31T03:40:27Z</time>
</trkpt>
<trkpt lat="53.130115494" lon="47.005886072">
  <ele>255.695999</ele>
  <time>2010-07-31T03:40:28Z</time>
</trkpt>
<trkpt lat="53.130203253" lon="47.006286643">
  <ele>255.610001</ele>
  <time>2010-07-31T03:40:29Z</time>
</trkpt>
<trkpt lat="53.130287156" lon="47.006683359">
  <ele>255.475998</ele>
  <time>2010-07-31T03:40:30Z</time>
</trkpt>
<trkpt lat="53.130374914" lon="47.007076303">
  <ele>255.278000</ele>
  <time>2010-07-31T03:40:31Z</time>
</trkpt>
<trkpt lat="53.130462673" lon="47.007473018">
  <ele>255.473007</ele>
  <time>2010-07-31T03:40:32Z</time>
</trkpt>
<trkpt lat="53.130546575" lon="47.007869733">
  <ele>255.270004</ele>
  <time>2010-07-31T03:40:33Z</time>
</trkpt>
<trkpt lat="53.130638106" lon="47.008266449">
  <ele>255.307007</ele>
  <time>2010-07-31T03:40:34Z</time>
</trkpt>
<trkpt lat="53.130725864" lon="47.008663164">
  <ele>255.225006</ele>
  <time>2010-07-31T03:40:35Z</time>
</trkpt>
<trkpt lat="53.130813623" lon="47.009059880">
  <ele>255.084000</ele>
  <time>2010-07-31T03:40:36Z</time>
</trkpt>
<trkpt lat="53.130905153" lon="47.009456595">
  <ele>254.796997</ele>
  <time>2010-07-31T03:40:37Z</time>
</trkpt>
<trkpt lat="53.130992912" lon="47.009849539">
  <ele>254.639008</ele>
  <time>2010-07-31T03:40:38Z</time>
</trkpt>
<trkpt lat="53.131076815" lon="47.010250110">
  <ele>254.701004</ele>
  <time>2010-07-31T03:40:39Z</time>
</trkpt>
<trkpt lat="53.131168345" lon="47.010646826">
  <ele>254.865005</ele>
  <time>2010-07-31T03:40:40Z</time>
</trkpt>
<trkpt lat="53.131252248" lon="47.011043541">
  <ele>254.757004</ele>
  <time>2010-07-31T03:40:41Z</time>
</trkpt>
<trkpt lat="53.131343862" lon="47.011440257">
  <ele>254.673004</ele>
  <time>2010-07-31T03:40:42Z</time>
</trkpt>
<trkpt lat="53.131431621" lon="47.011833200">
  <ele>254.132996</ele>
  <time>2010-07-31T03:40:43Z</time>
</trkpt>
<trkpt lat="53.131519295" lon="47.012222288">
  <ele>254.149994</ele>
  <time>2010-07-31T03:40:44Z</time>
</trkpt>
<trkpt lat="53.131603282" lon="47.012611376">
  <ele>253.664001</ele>
  <time>2010-07-31T03:40:45Z</time>
</trkpt>
<trkpt lat="53.131694812" lon="47.012996692">
  <ele>253.171997</ele>
  <time>2010-07-31T03:40:46Z</time>
</trkpt>
<trkpt lat="53.131782571" lon="47.013385780">
  <ele>253.498001</ele>
  <time>2010-07-31T03:40:47Z</time>
</trkpt>
<trkpt lat="53.131866474" lon="47.013771096">
  <ele>253.100998</ele>
  <time>2010-07-31T03:40:48Z</time>
</trkpt>
<trkpt lat="53.131954232" lon="47.014144929">
  <ele>252.764999</ele>
  <time>2010-07-31T03:40:49Z</time>
</trkpt>
<trkpt lat="53.132038135" lon="47.014514906">
  <ele>252.626999</ele>
  <time>2010-07-31T03:40:50Z</time>
</trkpt>
<trkpt lat="53.132118266" lon="47.014884967">
  <ele>252.395996</ele>
  <time>2010-07-31T03:40:51Z</time>
</trkpt>
<trkpt lat="53.132198313" lon="47.015254945">
  <ele>252.628006</ele>
  <time>2010-07-31T03:40:52Z</time>
</trkpt>
<trkpt lat="53.132282216" lon="47.015621150">
  <ele>252.210007</ele>
  <time>2010-07-31T03:40:53Z</time>
</trkpt>
<trkpt lat="53.132362347" lon="47.015987355">
  <ele>251.360001</ele>
  <time>2010-07-31T03:40:54Z</time>
</trkpt>
<trkpt lat="53.132442478" lon="47.016349789">
  <ele>251.371002</ele>
  <time>2010-07-31T03:40:55Z</time>
</trkpt>
<trkpt lat="53.132522609" lon="47.016719850">
  <ele>251.324997</ele>
  <time>2010-07-31T03:40:56Z</time>
</trkpt>
<trkpt lat="53.132602656" lon="47.017086055">
  <ele>250.914993</ele>
  <time>2010-07-31T03:40:57Z</time>
</trkpt>
<trkpt lat="53.132682787" lon="47.017448405">
  <ele>250.850006</ele>
  <time>2010-07-31T03:40:58Z</time>
</trkpt>
<trkpt lat="53.132766690" lon="47.017818466">
  <ele>250.970001</ele>
  <time>2010-07-31T03:40:59Z</time>
</trkpt>
<trkpt lat="53.132846821" lon="47.018180816">
  <ele>250.955994</ele>
  <time>2010-07-31T03:41:00Z</time>
</trkpt>
<trkpt lat="53.132926952" lon="47.018547021">
  <ele>250.464005</ele>
  <time>2010-07-31T03:41:01Z</time>
</trkpt>
<trkpt lat="53.133003227" lon="47.018917082">
  <ele>251.082993</ele>
  <time>2010-07-31T03:41:02Z</time>
</trkpt>
<trkpt lat="53.133083358" lon="47.019290915">
  <ele>251.031998</ele>
  <time>2010-07-31T03:41:03Z</time>
</trkpt>
<trkpt lat="53.133167261" lon="47.019664748">
  <ele>250.776993</ele>
  <time>2010-07-31T03:41:04Z</time>
</trkpt>
<trkpt lat="53.133247392" lon="47.020034809">
  <ele>250.337006</ele>
  <time>2010-07-31T03:41:05Z</time>
</trkpt>
<trkpt lat="53.133331295" lon="47.020412413">
  <ele>249.910995</ele>
  <time>2010-07-31T03:41:06Z</time>
</trkpt>
<trkpt lat="53.133415198" lon="47.020790102">
  <ele>249.610992</ele>
  <time>2010-07-31T03:41:07Z</time>
</trkpt>
<trkpt lat="53.133495329" lon="47.021167791">
  <ele>249.255997</ele>
  <time>2010-07-31T03:41:08Z</time>
</trkpt>
<trkpt lat="53.133579232" lon="47.021545395">
  <ele>249.020004</ele>
  <time>2010-07-31T03:41:09Z</time>
</trkpt>
<trkpt lat="53.133663218" lon="47.021915456">
  <ele>248.451004</ele>
  <time>2010-07-31T03:41:10Z</time>
</trkpt>
<trkpt lat="53.133743266" lon="47.022289289">
  <ele>248.052002</ele>
  <time>2010-07-31T03:41:11Z</time>
</trkpt>
<trkpt lat="53.133827168" lon="47.022666894">
  <ele>247.712997</ele>
  <time>2010-07-31T03:41:12Z</time>
</trkpt>
<trkpt lat="53.133907299" lon="47.023048438">
  <ele>247.507996</ele>
  <time>2010-07-31T03:41:13Z</time>
</trkpt>
<trkpt lat="53.133991202" lon="47.023429899">
  <ele>247.128006</ele>
  <time>2010-07-31T03:41:14Z</time>
</trkpt>
<trkpt lat="53.134075189" lon="47.023815131">
  <ele>247.126007</ele>
  <time>2010-07-31T03:41:15Z</time>
</trkpt>
<trkpt lat="53.134155236" lon="47.024188964">
  <ele>246.875000</ele>
  <time>2010-07-31T03:41:16Z</time>
</trkpt>
<trkpt lat="53.134239223" lon="47.024566652">
  <ele>246.733002</ele>
  <time>2010-07-31T03:41:17Z</time>
</trkpt>
<trkpt lat="53.134323126" lon="47.024948113">
  <ele>246.729996</ele>
  <time>2010-07-31T03:41:18Z</time>
</trkpt>
<trkpt lat="53.134407029" lon="47.025329573">
  <ele>247.151001</ele>
  <time>2010-07-31T03:41:19Z</time>
</trkpt>
<trkpt lat="53.134494787" lon="47.025714889">
  <ele>247.134003</ele>
  <time>2010-07-31T03:41:20Z</time>
</trkpt>
<trkpt lat="53.134578690" lon="47.026096350">
  <ele>247.147995</ele>
  <time>2010-07-31T03:41:21Z</time>
</trkpt>
<trkpt lat="53.134662593" lon="47.026477810">
  <ele>247.061005</ele>
  <time>2010-07-31T03:41:22Z</time>
</trkpt>
<trkpt lat="53.134746579" lon="47.026863126">
  <ele>246.858994</ele>
  <time>2010-07-31T03:41:23Z</time>
</trkpt>
<trkpt lat="53.134834254" lon="47.027244586">
  <ele>246.798996</ele>
  <time>2010-07-31T03:41:24Z</time>
</trkpt>
<trkpt lat="53.134922013" lon="47.027629819">
  <ele>247.112000</ele>
  <time>2010-07-31T03:41:25Z</time>
</trkpt>
<trkpt lat="53.135005916" lon="47.028011363">
  <ele>247.085999</ele>
  <time>2010-07-31T03:41:26Z</time>
</trkpt>
<trkpt lat="53.135089902" lon="47.028392823">
  <ele>247.324005</ele>
  <time>2010-07-31T03:41:27Z</time>
</trkpt>
<trkpt lat="53.135169949" lon="47.028762801">
  <ele>246.707993</ele>
  <time>2010-07-31T03:41:28Z</time>
</trkpt>
<trkpt lat="53.135250080" lon="47.029129006">
  <ele>246.272003</ele>
  <time>2010-07-31T03:41:29Z</time>
</trkpt>
<trkpt lat="53.135330211" lon="47.029491439">
  <ele>245.580002</ele>
  <time>2010-07-31T03:41:30Z</time>
</trkpt>
<trkpt lat="53.135406487" lon="47.029850017">
  <ele>244.626007</ele>
  <time>2010-07-31T03:41:31Z</time>
</trkpt>
<trkpt lat="53.135482762" lon="47.030204739">
  <ele>244.207001</ele>
  <time>2010-07-31T03:41:32Z</time>
</trkpt>
<trkpt lat="53.135559121" lon="47.030563317">
  <ele>244.082993</ele>
  <time>2010-07-31T03:41:33Z</time>
</trkpt>
<trkpt lat="53.135635396" lon="47.030914268">
  <ele>243.455994</ele>
  <time>2010-07-31T03:41:34Z</time>
</trkpt>
<trkpt lat="53.135711672" lon="47.031261446">
  <ele>243.362000</ele>
  <time>2010-07-31T03:41:35Z</time>
</trkpt>
<trkpt lat="53.135784175" lon="47.031604769">
  <ele>243.147995</ele>
  <time>2010-07-31T03:41:36Z</time>
</trkpt>
<trkpt lat="53.135856595" lon="47.031940464">
  <ele>242.429993</ele>
  <time>2010-07-31T03:41:37Z</time>
</trkpt>
<trkpt lat="53.135925326" lon="47.032279931">
  <ele>242.175003</ele>
  <time>2010-07-31T03:41:38Z</time>
</trkpt>
<trkpt lat="53.135990119" lon="47.032600371">
  <ele>241.537003</ele>
  <time>2010-07-31T03:41:39Z</time>
</trkpt>
<trkpt lat="53.136058766" lon="47.032909412">
  <ele>241.031006</ele>
  <time>2010-07-31T03:41:40Z</time>
</trkpt>
<trkpt lat="53.136119870" lon="47.033206969">
  <ele>240.567001</ele>
  <time>2010-07-31T03:41:41Z</time>
</trkpt>
<trkpt lat="53.136180891" lon="47.033489188">
  <ele>240.360001</ele>
  <time>2010-07-31T03:41:42Z</time>
</trkpt>
<trkpt lat="53.136238139" lon="47.033756236">
  <ele>240.054993</ele>
  <time>2010-07-31T03:41:43Z</time>
</trkpt>
<trkpt lat="53.136291532" lon="47.034015656">
  <ele>240.352997</ele>
  <time>2010-07-31T03:41:44Z</time>
</trkpt>
<trkpt lat="53.136341069" lon="47.034267448">
  <ele>240.171997</ele>
  <time>2010-07-31T03:41:45Z</time>
</trkpt>
<trkpt lat="53.136394462" lon="47.034511529">
  <ele>240.082993</ele>
  <time>2010-07-31T03:41:46Z</time>
</trkpt>
<trkpt lat="53.136447938" lon="47.034755694">
  <ele>239.085999</ele>
  <time>2010-07-31T03:41:47Z</time>
</trkpt>
<trkpt lat="53.136505103" lon="47.035007486">
  <ele>238.875000</ele>
  <time>2010-07-31T03:41:48Z</time>
</trkpt>
<trkpt lat="53.136562351" lon="47.035259278">
  <ele>238.544998</ele>
  <time>2010-07-31T03:41:49Z</time>
</trkpt>
<trkpt lat="53.136615744" lon="47.035510987">
  <ele>238.843002</ele>
  <time>2010-07-31T03:41:50Z</time>
</trkpt>
<trkpt lat="53.136669137" lon="47.035755152">
  <ele>238.651001</ele>
  <time>2010-07-31T03:41:51Z</time>
</trkpt>
<trkpt lat="53.136722529" lon="47.036003089">
  <ele>238.807999</ele>
  <time>2010-07-31T03:41:52Z</time>
</trkpt>
<trkpt lat="53.136776006" lon="47.036243398">
  <ele>239.091003</ele>
  <time>2010-07-31T03:41:53Z</time>
</trkpt>
<trkpt lat="53.136829399" lon="47.036479935">
  <ele>238.927002</ele>
  <time>2010-07-31T03:41:54Z</time>
</trkpt>
<trkpt lat="53.136878936" lon="47.036716472">
  <ele>238.852997</ele>
  <time>2010-07-31T03:41:55Z</time>
</trkpt>
<trkpt lat="53.136932412" lon="47.036956782">
  <ele>238.287003</ele>
  <time>2010-07-31T03:41:56Z</time>
</trkpt>
<trkpt lat="53.136989577" lon="47.037204718">
  <ele>238.233002</ele>
  <time>2010-07-31T03:41:57Z</time>
</trkpt>
<trkpt lat="53.137046825" lon="47.037460366">
  <ele>238.397003</ele>
  <time>2010-07-31T03:41:58Z</time>
</trkpt>
<trkpt lat="53.137107845" lon="47.037727330">
  <ele>238.182999</ele>
  <time>2010-07-31T03:41:59Z</time>
</trkpt>
<trkpt lat="53.137165094" lon="47.037998233">
  <ele>238.009003</ele>
  <time>2010-07-31T03:42:00Z</time>
</trkpt>
<trkpt lat="53.137222258" lon="47.038265197">
  <ele>237.813004</ele>
  <time>2010-07-31T03:42:01Z</time>
</trkpt>
<trkpt lat="53.137275735" lon="47.038532244">
  <ele>238.009995</ele>
  <time>2010-07-31T03:42:02Z</time>
</trkpt>
<trkpt lat="53.137332899" lon="47.038795436">
  <ele>238.404007</ele>
  <time>2010-07-31T03:42:03Z</time>
</trkpt>
<trkpt lat="53.137386292" lon="47.039047228">
  <ele>237.949997</ele>
  <time>2010-07-31T03:42:04Z</time>
</trkpt>
<trkpt lat="53.137435913" lon="47.039299021">
  <ele>237.787003</ele>
  <time>2010-07-31T03:42:05Z</time>
</trkpt>
<trkpt lat="53.137485534" lon="47.039546957">
  <ele>237.557007</ele>
  <time>2010-07-31T03:42:06Z</time>
</trkpt>
<trkpt lat="53.137538927" lon="47.039791122">
  <ele>237.302994</ele>
  <time>2010-07-31T03:42:07Z</time>
</trkpt>
<trkpt lat="53.137588464" lon="47.040039059">
  <ele>237.421005</ele>
  <time>2010-07-31T03:42:08Z</time>
</trkpt>
<trkpt lat="53.137641940" lon="47.040283224">
  <ele>237.460999</ele>
  <time>2010-07-31T03:42:09Z</time>
</trkpt>
<trkpt lat="53.137699105" lon="47.040527305">
  <ele>237.725006</ele>
  <time>2010-07-31T03:42:10Z</time>
</trkpt>
<trkpt lat="53.137752498" lon="47.040775325">
  <ele>237.824997</ele>
  <time>2010-07-31T03:42:11Z</time>
</trkpt>
<trkpt lat="53.137805974" lon="47.041023262">
  <ele>237.354004</ele>
  <time>2010-07-31T03:42:12Z</time>
</trkpt>
<trkpt lat="53.137863139" lon="47.041275054">
  <ele>236.806000</ele>
  <time>2010-07-31T03:42:13Z</time>
</trkpt>
<trkpt lat="53.137916531" lon="47.041538246">
  <ele>236.748993</ele>
  <time>2010-07-31T03:42:14Z</time>
</trkpt>
<trkpt lat="53.137973780" lon="47.041801438">
  <ele>236.438004</ele>
  <time>2010-07-31T03:42:15Z</time>
</trkpt>
<trkpt lat="53.138031028" lon="47.042060858">
  <ele>236.162994</ele>
  <time>2010-07-31T03:42:16Z</time>
</trkpt>
<trkpt lat="53.138088193" lon="47.042316422">
  <ele>236.061996</ele>
  <time>2010-07-31T03:42:17Z</time>
</trkpt>
<trkpt lat="53.138141669" lon="47.042571986">
  <ele>235.889008</ele>
  <time>2010-07-31T03:42:18Z</time>
</trkpt>
<trkpt lat="53.138198834" lon="47.042820007">
  <ele>235.753006</ele>
  <time>2010-07-31T03:42:19Z</time>
</trkpt>
<trkpt lat="53.138256082" lon="47.043067943">
  <ele>235.440002</ele>
  <time>2010-07-31T03:42:20Z</time>
</trkpt>
<trkpt lat="53.138309475" lon="47.043319736">
  <ele>234.936005</ele>
  <time>2010-07-31T03:42:21Z</time>
</trkpt>
<trkpt lat="53.138366723" lon="47.043575300">
  <ele>234.587006</ele>
  <time>2010-07-31T03:42:22Z</time>
</trkpt>
<trkpt lat="53.138420116" lon="47.043830864">
  <ele>234.210999</ele>
  <time>2010-07-31T03:42:23Z</time>
</trkpt>
<trkpt lat="53.138477365" lon="47.044075029">
  <ele>233.953995</ele>
  <time>2010-07-31T03:42:24Z</time>
</trkpt>
<trkpt lat="53.138530757" lon="47.044319194">
  <ele>233.505997</ele>
  <time>2010-07-31T03:42:25Z</time>
</trkpt>
<trkpt lat="53.138587922" lon="47.044563275">
  <ele>233.460999</ele>
  <time>2010-07-31T03:42:26Z</time>
</trkpt>
<trkpt lat="53.138645170" lon="47.044807440">
  <ele>233.406998</ele>
  <time>2010-07-31T03:42:27Z</time>
</trkpt>
<trkpt lat="53.138694791" lon="47.045043977">
  <ele>233.330994</ele>
  <time>2010-07-31T03:42:28Z</time>
</trkpt>
<trkpt lat="53.138748184" lon="47.045284286">
  <ele>233.317001</ele>
  <time>2010-07-31T03:42:29Z</time>
</trkpt>
<trkpt lat="53.138801577" lon="47.045516968">
  <ele>232.925003</ele>
  <time>2010-07-31T03:42:30Z</time>
</trkpt>
<trkpt lat="53.138851197" lon="47.045749649">
  <ele>232.639999</ele>
  <time>2010-07-31T03:42:31Z</time>
</trkpt>
<trkpt lat="53.138900734" lon="47.045978559">
  <ele>232.695999</ele>
  <time>2010-07-31T03:42:32Z</time>
</trkpt>
<trkpt lat="53.138950355" lon="47.046207469">
  <ele>232.856003</ele>
  <time>2010-07-31T03:42:33Z</time>
</trkpt>
<trkpt lat="53.138999976" lon="47.046436295">
  <ele>232.981003</ele>
  <time>2010-07-31T03:42:34Z</time>
</trkpt>
<trkpt lat="53.139053369" lon="47.046661349">
  <ele>233.246002</ele>
  <time>2010-07-31T03:42:35Z</time>
</trkpt>
<trkpt lat="53.139102906" lon="47.046886403">
  <ele>233.296997</ele>
  <time>2010-07-31T03:42:36Z</time>
</trkpt>
<trkpt lat="53.139148671" lon="47.047111541">
  <ele>232.858002</ele>
  <time>2010-07-31T03:42:37Z</time>
</trkpt>
<trkpt lat="53.139198292" lon="47.047344223">
  <ele>232.451996</ele>
  <time>2010-07-31T03:42:38Z</time>
</trkpt>
<trkpt lat="53.139247913" lon="47.047576904">
  <ele>232.156998</ele>
  <time>2010-07-31T03:42:39Z</time>
</trkpt>
<trkpt lat="53.139301306" lon="47.047809586">
  <ele>231.843002</ele>
  <time>2010-07-31T03:42:40Z</time>
</trkpt>
<trkpt lat="53.139354698" lon="47.048046123">
  <ele>231.757004</ele>
  <time>2010-07-31T03:42:41Z</time>
</trkpt>
<trkpt lat="53.139404319" lon="47.048286432">
  <ele>231.431000</ele>
  <time>2010-07-31T03:42:42Z</time>
</trkpt>
<trkpt lat="53.139453856" lon="47.048538225">
  <ele>231.416000</ele>
  <time>2010-07-31T03:42:43Z</time>
</trkpt>
<trkpt lat="53.139503477" lon="47.048790017">
  <ele>231.373001</ele>
  <time>2010-07-31T03:42:44Z</time>
</trkpt>
<trkpt lat="53.139556870" lon="47.049037954">
  <ele>231.214005</ele>
  <time>2010-07-31T03:42:45Z</time>
</trkpt>
<trkpt lat="53.139606491" lon="47.049289662">
  <ele>230.675995</ele>
  <time>2010-07-31T03:42:46Z</time>
</trkpt>
<trkpt lat="53.139656028" lon="47.049541455">
  <ele>230.542999</ele>
  <time>2010-07-31T03:42:47Z</time>
</trkpt>
<trkpt lat="53.139701877" lon="47.049800875">
  <ele>230.177994</ele>
  <time>2010-07-31T03:42:48Z</time>
</trkpt>
<trkpt lat="53.139751414" lon="47.050060295">
  <ele>229.858994</ele>
  <time>2010-07-31T03:42:49Z</time>
</trkpt>
<trkpt lat="53.139793407" lon="47.050323486">
  <ele>229.796997</ele>
  <time>2010-07-31T03:42:50Z</time>
</trkpt>
<trkpt lat="53.139835317" lon="47.050586678">
  <ele>229.307999</ele>
  <time>2010-07-31T03:42:51Z</time>
</trkpt>
<trkpt lat="53.139869682" lon="47.050849954">
  <ele>229.248001</ele>
  <time>2010-07-31T03:42:52Z</time>
</trkpt>
<trkpt lat="53.139900193" lon="47.051116917">
  <ele>229.212006</ele>
  <time>2010-07-31T03:42:53Z</time>
</trkpt>
<trkpt lat="53.139923075" lon="47.051391592">
  <ele>229.274002</ele>
  <time>2010-07-31T03:42:54Z</time>
</trkpt>
<trkpt lat="53.139945958" lon="47.051658640">
  <ele>228.929993</ele>
  <time>2010-07-31T03:42:55Z</time>
</trkpt>
<trkpt lat="53.139965069" lon="47.051933315">
  <ele>228.669006</ele>
  <time>2010-07-31T03:42:56Z</time>
</trkpt>
<trkpt lat="53.139976468" lon="47.052204134">
  <ele>228.380997</ele>
  <time>2010-07-31T03:42:57Z</time>
</trkpt>
<trkpt lat="53.139987951" lon="47.052471181">
  <ele>228.231995</ele>
  <time>2010-07-31T03:42:58Z</time>
</trkpt>
<trkpt lat="53.139987951" lon="47.052738229">
  <ele>227.783005</ele>
  <time>2010-07-31T03:42:59Z</time>
</trkpt>
<trkpt lat="53.139987951" lon="47.053005192">
  <ele>227.772995</ele>
  <time>2010-07-31T03:43:00Z</time>
</trkpt>
<trkpt lat="53.139980324" lon="47.053268468">
  <ele>227.714005</ele>
  <time>2010-07-31T03:43:01Z</time>
</trkpt>
<trkpt lat="53.139972696" lon="47.053531660">
  <ele>227.776993</ele>
  <time>2010-07-31T03:43:02Z</time>
</trkpt>
<trkpt lat="53.139965069" lon="47.053798707">
  <ele>227.362000</ele>
  <time>2010-07-31T03:43:03Z</time>
</trkpt>
<trkpt lat="53.139949813" lon="47.054073298">
  <ele>227.313004</ele>
  <time>2010-07-31T03:43:04Z</time>
</trkpt>
<trkpt lat="53.139938330" lon="47.054340346">
  <ele>226.824005</ele>
  <time>2010-07-31T03:43:05Z</time>
</trkpt>
<trkpt lat="53.139923075" lon="47.054611165">
  <ele>226.654999</ele>
  <time>2010-07-31T03:43:06Z</time>
</trkpt>
<trkpt lat="53.139911676" lon="47.054878213">
  <ele>226.046005</ele>
  <time>2010-07-31T03:43:07Z</time>
</trkpt>
<trkpt lat="53.139896421" lon="47.055145260">
  <ele>225.656006</ele>
  <time>2010-07-31T03:43:08Z</time>
</trkpt>
<trkpt lat="53.139877310" lon="47.055416079">
  <ele>225.072998</ele>
  <time>2010-07-31T03:43:09Z</time>
</trkpt>
<trkpt lat="53.139862055" lon="47.055683127">
  <ele>224.662994</ele>
  <time>2010-07-31T03:43:10Z</time>
</trkpt>
<trkpt lat="53.139846800" lon="47.055957802">
  <ele>224.432999</ele>
  <time>2010-07-31T03:43:11Z</time>
</trkpt>
<trkpt lat="53.139831545" lon="47.056228621">
  <ele>223.809006</ele>
  <time>2010-07-31T03:43:12Z</time>
</trkpt>
<trkpt lat="53.139804807" lon="47.056499440">
  <ele>223.386993</ele>
  <time>2010-07-31T03:43:13Z</time>
</trkpt>
<trkpt lat="53.139778152" lon="47.056770343">
  <ele>222.729004</ele>
  <time>2010-07-31T03:43:14Z</time>
</trkpt>
<trkpt lat="53.139747642" lon="47.057045018">
  <ele>222.755997</ele>
  <time>2010-07-31T03:43:15Z</time>
</trkpt>
<trkpt lat="53.139709504" lon="47.057319609">
  <ele>222.072998</ele>
  <time>2010-07-31T03:43:16Z</time>
</trkpt>
<trkpt lat="53.139667511" lon="47.057590513">
  <ele>221.324005</ele>
  <time>2010-07-31T03:43:17Z</time>
</trkpt>
<trkpt lat="53.139621746" lon="47.057865104">
  <ele>220.399994</ele>
  <time>2010-07-31T03:43:18Z</time>
</trkpt>
<trkpt lat="53.139572125" lon="47.058136007">
  <ele>219.485992</ele>
  <time>2010-07-31T03:43:19Z</time>
</trkpt>
<trkpt lat="53.139514960" lon="47.058403054">
  <ele>218.701004</ele>
  <time>2010-07-31T03:43:20Z</time>
</trkpt>
<trkpt lat="53.139457712" lon="47.058670018">
  <ele>218.210999</ele>
  <time>2010-07-31T03:43:21Z</time>
</trkpt>
<trkpt lat="53.139392836" lon="47.058937065">
  <ele>217.421005</ele>
  <time>2010-07-31T03:43:22Z</time>
</trkpt>
<trkpt lat="53.139328044" lon="47.059204113">
  <ele>216.649002</ele>
  <time>2010-07-31T03:43:23Z</time>
</trkpt>
<trkpt lat="53.139263168" lon="47.059467304">
  <ele>215.740997</ele>
  <time>2010-07-31T03:43:24Z</time>
</trkpt>
<trkpt lat="53.139190665" lon="47.059730496">
  <ele>215.110001</ele>
  <time>2010-07-31T03:43:25Z</time>
</trkpt>
<trkpt lat="53.139122017" lon="47.059997544">
  <ele>214.466995</ele>
  <time>2010-07-31T03:43:26Z</time>
</trkpt>
<trkpt lat="53.139049513" lon="47.060260735">
  <ele>214.067001</ele>
  <time>2010-07-31T03:43:27Z</time>
</trkpt>
<trkpt lat="53.138973238" lon="47.060520155">
  <ele>213.153000</ele>
  <time>2010-07-31T03:43:28Z</time>
</trkpt>
<trkpt lat="53.138893107" lon="47.060779575">
  <ele>212.656006</ele>
  <time>2010-07-31T03:43:29Z</time>
</trkpt>
<trkpt lat="53.138809204" lon="47.061035139">
  <ele>211.964005</ele>
  <time>2010-07-31T03:43:30Z</time>
</trkpt>
<trkpt lat="53.138721446" lon="47.061290704">
  <ele>211.173996</ele>
  <time>2010-07-31T03:43:31Z</time>
</trkpt>
<trkpt lat="53.138626060" lon="47.061538724">
  <ele>210.244995</ele>
  <time>2010-07-31T03:43:32Z</time>
</trkpt>
<trkpt lat="53.138526902" lon="47.061790433">
  <ele>209.496002</ele>
  <time>2010-07-31T03:43:33Z</time>
</trkpt>
<trkpt lat="53.138427744" lon="47.062038453">
  <ele>208.509995</ele>
  <time>2010-07-31T03:43:34Z</time>
</trkpt>
<trkpt lat="53.138328586" lon="47.062286390">
  <ele>207.712997</ele>
  <time>2010-07-31T03:43:35Z</time>
</trkpt>
<trkpt lat="53.138221717" lon="47.062526699">
  <ele>206.630997</ele>
  <time>2010-07-31T03:43:36Z</time>
</trkpt>
<trkpt lat="53.138114931" lon="47.062767008">
  <ele>205.475006</ele>
  <time>2010-07-31T03:43:37Z</time>
</trkpt>
<trkpt lat="53.138004290" lon="47.063003546">
  <ele>204.444000</ele>
  <time>2010-07-31T03:43:38Z</time>
</trkpt>
<trkpt lat="53.137886021" lon="47.063228600">
  <ele>203.207001</ele>
  <time>2010-07-31T03:43:39Z</time>
</trkpt>
<trkpt lat="53.137763981" lon="47.063453654">
  <ele>202.867004</ele>
  <time>2010-07-31T03:43:40Z</time>
</trkpt>
<trkpt lat="53.137641940" lon="47.063674936">
  <ele>201.675003</ele>
  <time>2010-07-31T03:43:41Z</time>
</trkpt>
<trkpt lat="53.137512188" lon="47.063892363">
  <ele>200.479996</ele>
  <time>2010-07-31T03:43:42Z</time>
</trkpt>
<trkpt lat="53.137386292" lon="47.064106017">
  <ele>199.764999</ele>
  <time>2010-07-31T03:43:43Z</time>
</trkpt>
<trkpt lat="53.137264252" lon="47.064304333">
  <ele>198.520996</ele>
  <time>2010-07-31T03:43:44Z</time>
</trkpt>
<trkpt lat="53.137142211" lon="47.064495105">
  <ele>197.742004</ele>
  <time>2010-07-31T03:43:45Z</time>
</trkpt>
<trkpt lat="53.137027714" lon="47.064678166">
  <ele>196.875000</ele>
  <time>2010-07-31T03:43:46Z</time>
</trkpt>
<trkpt lat="53.136917073" lon="47.064853683">
  <ele>196.093002</ele>
  <time>2010-07-31T03:43:47Z</time>
</trkpt>
<trkpt lat="53.136806516" lon="47.065029116">
  <ele>195.854004</ele>
  <time>2010-07-31T03:43:48Z</time>
</trkpt>
<trkpt lat="53.136692019" lon="47.065197006">
  <ele>195.149994</ele>
  <time>2010-07-31T03:43:49Z</time>
</trkpt>
<trkpt lat="53.136581462" lon="47.065372439">
  <ele>194.425003</ele>
  <time>2010-07-31T03:43:50Z</time>
</trkpt>
<trkpt lat="53.136466965" lon="47.065544100">
  <ele>193.940002</ele>
  <time>2010-07-31T03:43:51Z</time>
</trkpt>
<trkpt lat="53.136352552" lon="47.065723389">
  <ele>193.166000</ele>
  <time>2010-07-31T03:43:52Z</time>
</trkpt>
<trkpt lat="53.136234283" lon="47.065902678">
  <ele>192.408997</ele>
  <time>2010-07-31T03:43:53Z</time>
</trkpt>
<trkpt lat="53.136116015" lon="47.066085823">
  <ele>191.873001</ele>
  <time>2010-07-31T03:43:54Z</time>
</trkpt>
<trkpt lat="53.135997746" lon="47.066268884">
  <ele>191.072998</ele>
  <time>2010-07-31T03:43:55Z</time>
</trkpt>
<trkpt lat="53.135879477" lon="47.066452028">
  <ele>190.500000</ele>
  <time>2010-07-31T03:43:56Z</time>
</trkpt>
<trkpt lat="53.135761293" lon="47.066635173">
  <ele>189.899002</ele>
  <time>2010-07-31T03:43:57Z</time>
</trkpt>
<trkpt lat="53.135639168" lon="47.066818234">
  <ele>189.278000</ele>
  <time>2010-07-31T03:43:58Z</time>
</trkpt>
<trkpt lat="53.135517128" lon="47.067001378">
  <ele>188.417007</ele>
  <time>2010-07-31T03:43:59Z</time>
</trkpt>
<trkpt lat="53.135395087" lon="47.067184439">
  <ele>187.632996</ele>
  <time>2010-07-31T03:44:00Z</time>
</trkpt>
<trkpt lat="53.135272963" lon="47.067371355">
  <ele>187.261993</ele>
  <time>2010-07-31T03:44:01Z</time>
</trkpt>
<trkpt lat="53.135154694" lon="47.067554500">
  <ele>186.699005</ele>
  <time>2010-07-31T03:44:02Z</time>
</trkpt>
<trkpt lat="53.135036509" lon="47.067741416">
  <ele>185.742996</ele>
  <time>2010-07-31T03:44:03Z</time>
</trkpt>
<trkpt lat="53.134914385" lon="47.067928333">
  <ele>185.059998</ele>
  <time>2010-07-31T03:44:04Z</time>
</trkpt>
<trkpt lat="53.134796117" lon="47.068115249">
  <ele>184.203995</ele>
  <time>2010-07-31T03:44:05Z</time>
</trkpt>
<trkpt lat="53.134677848" lon="47.068298310">
  <ele>183.544006</ele>
  <time>2010-07-31T03:44:06Z</time>
</trkpt>
<trkpt lat="53.134559663" lon="47.068481455">
  <ele>183.235001</ele>
  <time>2010-07-31T03:44:07Z</time>
</trkpt>
<trkpt lat="53.134433767" lon="47.068668371">
  <ele>182.578003</ele>
  <time>2010-07-31T03:44:08Z</time>
</trkpt>
<trkpt lat="53.134311642" lon="47.068851432">
  <ele>181.966995</ele>
  <time>2010-07-31T03:44:09Z</time>
</trkpt>
<trkpt lat="53.134189602" lon="47.069038432">
  <ele>181.533005</ele>
  <time>2010-07-31T03:44:10Z</time>
</trkpt>
<trkpt lat="53.134071333" lon="47.069217721">
  <ele>180.835007</ele>
  <time>2010-07-31T03:44:11Z</time>
</trkpt>
<trkpt lat="53.133953065" lon="47.069397010">
  <ele>180.080002</ele>
  <time>2010-07-31T03:44:12Z</time>
</trkpt>
<trkpt lat="53.133834880" lon="47.069576299">
  <ele>179.391006</ele>
  <time>2010-07-31T03:44:13Z</time>
</trkpt>
<trkpt lat="53.133716611" lon="47.069755588">
  <ele>178.669998</ele>
  <time>2010-07-31T03:44:14Z</time>
</trkpt>
<trkpt lat="53.133598343" lon="47.069934877">
  <ele>178.098007</ele>
  <time>2010-07-31T03:44:15Z</time>
</trkpt>
<trkpt lat="53.133483846" lon="47.070117937">
  <ele>177.604996</ele>
  <time>2010-07-31T03:44:16Z</time>
</trkpt>
<trkpt lat="53.133365661" lon="47.070293454">
  <ele>177.311996</ele>
  <time>2010-07-31T03:44:17Z</time>
</trkpt>
<trkpt lat="53.133251164" lon="47.070472743">
  <ele>176.938995</ele>
  <time>2010-07-31T03:44:18Z</time>
</trkpt>
<trkpt lat="53.133132895" lon="47.070648177">
  <ele>176.417999</ele>
  <time>2010-07-31T03:44:19Z</time>
</trkpt>
<trkpt lat="53.133014711" lon="47.070827466">
  <ele>175.893005</ele>
  <time>2010-07-31T03:44:20Z</time>
</trkpt>
<trkpt lat="53.132896442" lon="47.071006754">
  <ele>175.255997</ele>
  <time>2010-07-31T03:44:21Z</time>
</trkpt>
<trkpt lat="53.132778173" lon="47.071189899">
  <ele>174.559998</ele>
  <time>2010-07-31T03:44:22Z</time>
</trkpt>
<trkpt lat="53.132656133" lon="47.071376815">
  <ele>174.022003</ele>
  <time>2010-07-31T03:44:23Z</time>
</trkpt>
<trkpt lat="53.132534008" lon="47.071567504">
  <ele>173.330002</ele>
  <time>2010-07-31T03:44:24Z</time>
</trkpt>
<trkpt lat="53.132411968" lon="47.071765903">
  <ele>172.701004</ele>
  <time>2010-07-31T03:44:25Z</time>
</trkpt>
<trkpt lat="53.132286072" lon="47.071964303">
  <ele>171.764999</ele>
  <time>2010-07-31T03:44:26Z</time>
</trkpt>
<trkpt lat="53.132160176" lon="47.072162619">
  <ele>171.194000</ele>
  <time>2010-07-31T03:44:27Z</time>
</trkpt>
<trkpt lat="53.132034279" lon="47.072357163">
  <ele>170.707993</ele>
  <time>2010-07-31T03:44:28Z</time>
</trkpt>
<trkpt lat="53.131904611" lon="47.072559334">
  <ele>170.059998</ele>
  <time>2010-07-31T03:44:29Z</time>
</trkpt>
<trkpt lat="53.131771088" lon="47.072761506">
  <ele>169.498001</ele>
  <time>2010-07-31T03:44:30Z</time>
</trkpt>
<trkpt lat="53.131641420" lon="47.072959905">
  <ele>168.839005</ele>
  <time>2010-07-31T03:44:31Z</time>
</trkpt>
<trkpt lat="53.131507896" lon="47.073165933">
  <ele>168.016998</ele>
  <time>2010-07-31T03:44:32Z</time>
</trkpt>
<trkpt lat="53.131378144" lon="47.073368104">
  <ele>166.904007</ele>
  <time>2010-07-31T03:44:33Z</time>
</trkpt>
<trkpt lat="53.131248476" lon="47.073570276">
  <ele>166.220001</ele>
  <time>2010-07-31T03:44:34Z</time>
</trkpt>
<trkpt lat="53.131114952" lon="47.073772447">
  <ele>165.567001</ele>
  <time>2010-07-31T03:44:35Z</time>
</trkpt>
<trkpt lat="53.130985284" lon="47.073974619">
  <ele>164.453995</ele>
  <time>2010-07-31T03:44:36Z</time>
</trkpt>
<trkpt lat="53.130851761" lon="47.074172935">
  <ele>163.524994</ele>
  <time>2010-07-31T03:44:37Z</time>
</trkpt>
<trkpt lat="53.130729636" lon="47.074363707">
  <ele>162.533997</ele>
  <time>2010-07-31T03:44:38Z</time>
</trkpt>
<trkpt lat="53.130615223" lon="47.074542996">
  <ele>161.817001</ele>
  <time>2010-07-31T03:44:39Z</time>
</trkpt>
<trkpt lat="53.130508438" lon="47.074707029">
  <ele>161.201004</ele>
  <time>2010-07-31T03:44:40Z</time>
</trkpt>
<trkpt lat="53.130409280" lon="47.074863436">
  <ele>160.567001</ele>
  <time>2010-07-31T03:44:41Z</time>
</trkpt>
<trkpt lat="53.130310038" lon="47.075012214">
  <ele>159.768005</ele>
  <time>2010-07-31T03:44:42Z</time>
</trkpt>
<trkpt lat="53.130207025" lon="47.075168621">
  <ele>159.192993</ele>
  <time>2010-07-31T03:44:43Z</time>
</trkpt>
<trkpt lat="53.130104095" lon="47.075325027">
  <ele>158.320007</ele>
  <time>2010-07-31T03:44:44Z</time>
</trkpt>
<trkpt lat="53.130001081" lon="47.075485205">
  <ele>157.304993</ele>
  <time>2010-07-31T03:44:45Z</time>
</trkpt>
<trkpt lat="53.129898068" lon="47.075645467">
  <ele>156.544006</ele>
  <time>2010-07-31T03:44:46Z</time>
</trkpt>
<trkpt lat="53.129791282" lon="47.075809501">
  <ele>155.753006</ele>
  <time>2010-07-31T03:44:47Z</time>
</trkpt>
<trkpt lat="53.129684413" lon="47.075977307">
  <ele>155.207001</ele>
  <time>2010-07-31T03:44:48Z</time>
</trkpt>
<trkpt lat="53.129570000" lon="47.076148968">
  <ele>154.595001</ele>
  <time>2010-07-31T03:44:49Z</time>
</trkpt>
<trkpt lat="53.129455587" lon="47.076320630">
  <ele>153.850998</ele>
  <time>2010-07-31T03:44:50Z</time>
</trkpt>
<trkpt lat="53.129344946" lon="47.076488519">
  <ele>153.412994</ele>
  <time>2010-07-31T03:44:51Z</time>
</trkpt>
<trkpt lat="53.129230533" lon="47.076660180">
  <ele>153.139999</ele>
  <time>2010-07-31T03:44:52Z</time>
</trkpt>
<trkpt lat="53.129116036" lon="47.076835614">
  <ele>152.966003</ele>
  <time>2010-07-31T03:44:53Z</time>
</trkpt>
<trkpt lat="53.129001623" lon="47.077011131">
  <ele>152.423996</ele>
  <time>2010-07-31T03:44:54Z</time>
</trkpt>
<trkpt lat="53.128879583" lon="47.077198047">
  <ele>152.128998</ele>
  <time>2010-07-31T03:44:55Z</time>
</trkpt>
<trkpt lat="53.128761314" lon="47.077384964">
  <ele>151.718002</ele>
  <time>2010-07-31T03:44:56Z</time>
</trkpt>
<trkpt lat="53.128639190" lon="47.077579508">
  <ele>151.354996</ele>
  <time>2010-07-31T03:44:57Z</time>
</trkpt>
<trkpt lat="53.128517149" lon="47.077770196">
  <ele>151.057999</ele>
  <time>2010-07-31T03:44:58Z</time>
</trkpt>
<trkpt lat="53.128391253" lon="47.077964824">
  <ele>151.106995</ele>
  <time>2010-07-31T03:44:59Z</time>
</trkpt>
<trkpt lat="53.128265357" lon="47.078159368">
  <ele>151.007004</ele>
  <time>2010-07-31T03:45:00Z</time>
</trkpt>
<trkpt lat="53.128143316" lon="47.078346284">
  <ele>150.949997</ele>
  <time>2010-07-31T03:45:01Z</time>
</trkpt>
<trkpt lat="53.128025047" lon="47.078529345">
  <ele>150.852997</ele>
  <time>2010-07-31T03:45:02Z</time>
</trkpt>
<trkpt lat="53.127903007" lon="47.078708634">
  <ele>150.856003</ele>
  <time>2010-07-31T03:45:03Z</time>
</trkpt>
<trkpt lat="53.127780883" lon="47.078891778">
  <ele>150.996002</ele>
  <time>2010-07-31T03:45:04Z</time>
</trkpt>
<trkpt lat="53.127658842" lon="47.079071067">
  <ele>150.912994</ele>
  <time>2010-07-31T03:45:05Z</time>
</trkpt>
<trkpt lat="53.127540573" lon="47.079257984">
  <ele>151.360001</ele>
  <time>2010-07-31T03:45:06Z</time>
</trkpt>
<trkpt lat="53.127422305" lon="47.079433417">
  <ele>151.602997</ele>
  <time>2010-07-31T03:45:07Z</time>
</trkpt>
<trkpt lat="53.127304036" lon="47.079612706">
  <ele>151.496994</ele>
  <time>2010-07-31T03:45:08Z</time>
</trkpt>
<trkpt lat="53.127193479" lon="47.079788223">
  <ele>151.960007</ele>
  <time>2010-07-31T03:45:09Z</time>
</trkpt>
<trkpt lat="53.127078982" lon="47.079959884">
  <ele>152.431000</ele>
  <time>2010-07-31T03:45:10Z</time>
</trkpt>
<trkpt lat="53.126968425" lon="47.080127690">
  <ele>152.651001</ele>
  <time>2010-07-31T03:45:11Z</time>
</trkpt>
<trkpt lat="53.126861556" lon="47.080291724">
  <ele>153.108994</ele>
  <time>2010-07-31T03:45:12Z</time>
</trkpt>
<trkpt lat="53.126758542" lon="47.080451986">
  <ele>153.565002</ele>
  <time>2010-07-31T03:45:13Z</time>
</trkpt>
<trkpt lat="53.126659384" lon="47.080616020">
  <ele>154.031006</ele>
  <time>2010-07-31T03:45:14Z</time>
</trkpt>
<trkpt lat="53.126552599" lon="47.080776198">
  <ele>153.985001</ele>
  <time>2010-07-31T03:45:15Z</time>
</trkpt>
<trkpt lat="53.126445729" lon="47.080940232">
  <ele>154.095001</ele>
  <time>2010-07-31T03:45:16Z</time>
</trkpt>
<trkpt lat="53.126342800" lon="47.081111893">
  <ele>154.615005</ele>
  <time>2010-07-31T03:45:17Z</time>
</trkpt>
<trkpt lat="53.126235930" lon="47.081283554">
  <ele>155.242996</ele>
  <time>2010-07-31T03:45:18Z</time>
</trkpt>
<trkpt lat="53.126133000" lon="47.081462843">
  <ele>155.796005</ele>
  <time>2010-07-31T03:45:19Z</time>
</trkpt>
<trkpt lat="53.126026131" lon="47.081642132">
  <ele>156.112000</ele>
  <time>2010-07-31T03:45:20Z</time>
</trkpt>
<trkpt lat="53.125923118" lon="47.081829049">
  <ele>156.513000</ele>
  <time>2010-07-31T03:45:21Z</time>
</trkpt>
<trkpt lat="53.125820188" lon="47.082015965">
  <ele>157.054993</ele>
  <time>2010-07-31T03:45:22Z</time>
</trkpt>
<trkpt lat="53.125717174" lon="47.082206737">
  <ele>157.548996</ele>
  <time>2010-07-31T03:45:23Z</time>
</trkpt>
<trkpt lat="53.125610389" lon="47.082401281">
  <ele>157.860001</ele>
  <time>2010-07-31T03:45:24Z</time>
</trkpt>
<trkpt lat="53.125503520" lon="47.082595825">
  <ele>158.177994</ele>
  <time>2010-07-31T03:45:25Z</time>
</trkpt>
<trkpt lat="53.125400506" lon="47.082786597">
  <ele>158.634003</ele>
  <time>2010-07-31T03:45:26Z</time>
</trkpt>
<trkpt lat="53.125301348" lon="47.082977286">
  <ele>159.229996</ele>
  <time>2010-07-31T03:45:27Z</time>
</trkpt>
<trkpt lat="53.125198334" lon="47.083164202">
  <ele>159.759995</ele>
  <time>2010-07-31T03:45:28Z</time>
</trkpt>
<trkpt lat="53.125103032" lon="47.083358746">
  <ele>160.524002</ele>
  <time>2010-07-31T03:45:29Z</time>
</trkpt>
<trkpt lat="53.125003790" lon="47.083553290">
  <ele>160.875000</ele>
  <time>2010-07-31T03:45:30Z</time>
</trkpt>
<trkpt lat="53.124908488" lon="47.083751690">
  <ele>161.546005</ele>
  <time>2010-07-31T03:45:31Z</time>
</trkpt>
<trkpt lat="53.124813102" lon="47.083950005">
  <ele>162.222000</ele>
  <time>2010-07-31T03:45:32Z</time>
</trkpt>
<trkpt lat="53.124710089" lon="47.084148405">
  <ele>162.759995</ele>
  <time>2010-07-31T03:45:33Z</time>
</trkpt>
<trkpt lat="53.124614703" lon="47.084346805">
  <ele>163.294006</ele>
  <time>2010-07-31T03:45:34Z</time>
</trkpt>
<trkpt lat="53.124515545" lon="47.084545121">
  <ele>163.632996</ele>
  <time>2010-07-31T03:45:35Z</time>
</trkpt>
<trkpt lat="53.124420159" lon="47.084747292">
  <ele>164.039001</ele>
  <time>2010-07-31T03:45:36Z</time>
</trkpt>
<trkpt lat="53.124324773" lon="47.084945692">
  <ele>164.003998</ele>
  <time>2010-07-31T03:45:37Z</time>
</trkpt>
<trkpt lat="53.124225615" lon="47.085151635">
  <ele>164.210007</ele>
  <time>2010-07-31T03:45:38Z</time>
</trkpt>
<trkpt lat="53.124126457" lon="47.085357662">
  <ele>164.667007</ele>
  <time>2010-07-31T03:45:39Z</time>
</trkpt>
<trkpt lat="53.124027215" lon="47.085567461">
  <ele>164.817001</ele>
  <time>2010-07-31T03:45:40Z</time>
</trkpt>
<trkpt lat="53.123924285" lon="47.085784888">
  <ele>165.207993</ele>
  <time>2010-07-31T03:45:41Z</time>
</trkpt>
<trkpt lat="53.123821272" lon="47.086006170">
  <ele>165.229996</ele>
  <time>2010-07-31T03:45:42Z</time>
</trkpt>
<trkpt lat="53.123718258" lon="47.086227452">
  <ele>165.615005</ele>
  <time>2010-07-31T03:45:43Z</time>
</trkpt>
<trkpt lat="53.123619100" lon="47.086444879">
  <ele>165.856995</ele>
  <time>2010-07-31T03:45:44Z</time>
</trkpt>
<trkpt lat="53.123523714" lon="47.086658450">
  <ele>166.102005</ele>
  <time>2010-07-31T03:45:45Z</time>
</trkpt>
<trkpt lat="53.123432184" lon="47.086872105">
  <ele>166.085999</ele>
  <time>2010-07-31T03:45:46Z</time>
</trkpt>
<trkpt lat="53.123344425" lon="47.087093387">
  <ele>166.087997</ele>
  <time>2010-07-31T03:45:47Z</time>
</trkpt>
<trkpt lat="53.123252895" lon="47.087314585">
  <ele>166.261002</ele>
  <time>2010-07-31T03:45:48Z</time>
</trkpt>
<trkpt lat="53.123161281" lon="47.087543495">
  <ele>166.393005</ele>
  <time>2010-07-31T03:45:49Z</time>
</trkpt>
<trkpt lat="53.123069750" lon="47.087768549">
  <ele>166.473007</ele>
  <time>2010-07-31T03:45:50Z</time>
</trkpt>
<trkpt lat="53.122974364" lon="47.087989831">
  <ele>166.360992</ele>
  <time>2010-07-31T03:45:51Z</time>
</trkpt>
<trkpt lat="53.122879062" lon="47.088222513">
  <ele>166.014999</ele>
  <time>2010-07-31T03:45:52Z</time>
</trkpt>
<trkpt lat="53.122783676" lon="47.088455195">
  <ele>165.919998</ele>
  <time>2010-07-31T03:45:53Z</time>
</trkpt>
<trkpt lat="53.122688290" lon="47.088695504">
  <ele>165.514999</ele>
  <time>2010-07-31T03:45:54Z</time>
</trkpt>
<trkpt lat="53.122596759" lon="47.088935813">
  <ele>165.416000</ele>
  <time>2010-07-31T03:45:55Z</time>
</trkpt>
<trkpt lat="53.122505229" lon="47.089179978">
  <ele>165.227005</ele>
  <time>2010-07-31T03:45:56Z</time>
</trkpt>
<trkpt lat="53.122413615" lon="47.089431770">
  <ele>165.154007</ele>
  <time>2010-07-31T03:45:57Z</time>
</trkpt>
<trkpt lat="53.122322084" lon="47.089691190">
  <ele>164.787003</ele>
  <time>2010-07-31T03:45:58Z</time>
</trkpt>
<trkpt lat="53.122230554" lon="47.089958154">
  <ele>164.369995</ele>
  <time>2010-07-31T03:45:59Z</time>
</trkpt>
<trkpt lat="53.122135168" lon="47.090225201">
  <ele>163.848007</ele>
  <time>2010-07-31T03:46:00Z</time>
</trkpt>
<trkpt lat="53.122039782" lon="47.090499876">
  <ele>163.636002</ele>
  <time>2010-07-31T03:46:01Z</time>
</trkpt>
<trkpt lat="53.121944396" lon="47.090774551">
  <ele>163.634995</ele>
  <time>2010-07-31T03:46:02Z</time>
</trkpt>
<trkpt lat="53.121852865" lon="47.091045370">
  <ele>163.175995</ele>
  <time>2010-07-31T03:46:03Z</time>
</trkpt>
<trkpt lat="53.121757479" lon="47.091320045">
  <ele>162.774994</ele>
  <time>2010-07-31T03:46:04Z</time>
</trkpt>
<trkpt lat="53.121662177" lon="47.091598492">
  <ele>162.335007</ele>
  <time>2010-07-31T03:46:05Z</time>
</trkpt>
<trkpt lat="53.121566791" lon="47.091869395">
  <ele>161.544006</ele>
  <time>2010-07-31T03:46:06Z</time>
</trkpt>
<trkpt lat="53.121467549" lon="47.092147842">
  <ele>161.162994</ele>
  <time>2010-07-31T03:46:07Z</time>
</trkpt>
<trkpt lat="53.121372247" lon="47.092426289">
  <ele>160.830002</ele>
  <time>2010-07-31T03:46:08Z</time>
</trkpt>
<trkpt lat="53.121276861" lon="47.092704736">
  <ele>160.315994</ele>
  <time>2010-07-31T03:46:09Z</time>
</trkpt>
<trkpt lat="53.121177703" lon="47.092990894">
  <ele>160.000000</ele>
  <time>2010-07-31T03:46:10Z</time>
</trkpt>
<trkpt lat="53.121078461" lon="47.093280824">
  <ele>159.641006</ele>
  <time>2010-07-31T03:46:11Z</time>
</trkpt>
<trkpt lat="53.120979303" lon="47.093578298">
  <ele>159.444000</ele>
  <time>2010-07-31T03:46:12Z</time>
</trkpt>
<trkpt lat="53.120876290" lon="47.093875855">
  <ele>158.820007</ele>
  <time>2010-07-31T03:46:13Z</time>
</trkpt>
<trkpt lat="53.120773276" lon="47.094177268">
  <ele>158.666000</ele>
  <time>2010-07-31T03:46:14Z</time>
</trkpt>
<trkpt lat="53.120670347" lon="47.094474826">
  <ele>158.451004</ele>
  <time>2010-07-31T03:46:15Z</time>
</trkpt>
<trkpt lat="53.120571105" lon="47.094776155">
  <ele>158.057007</ele>
  <time>2010-07-31T03:46:16Z</time>
</trkpt>
<trkpt lat="53.120471947" lon="47.095077485">
  <ele>157.533005</ele>
  <time>2010-07-31T03:46:17Z</time>
</trkpt>
<trkpt lat="53.120365161" lon="47.095378898">
  <ele>157.281998</ele>
  <time>2010-07-31T03:46:18Z</time>
</trkpt>
<trkpt lat="53.120258292" lon="47.095691711">
  <ele>156.623001</ele>
  <time>2010-07-31T03:46:19Z</time>
</trkpt>
<trkpt lat="53.120151507" lon="47.096019778">
  <ele>156.468994</ele>
  <time>2010-07-31T03:46:20Z</time>
</trkpt>
<trkpt lat="53.120044721" lon="47.096355474">
  <ele>156.832001</ele>
  <time>2010-07-31T03:46:21Z</time>
</trkpt>
<trkpt lat="53.119934080" lon="47.096683541">
  <ele>156.792007</ele>
  <time>2010-07-31T03:46:22Z</time>
</trkpt>
<trkpt lat="53.119823439" lon="47.096984871">
  <ele>157.257004</ele>
  <time>2010-07-31T03:46:23Z</time>
</trkpt>
<trkpt lat="53.119720425" lon="47.097267173">
  <ele>157.584000</ele>
  <time>2010-07-31T03:46:24Z</time>
</trkpt>
<trkpt lat="53.119621268" lon="47.097553248">
  <ele>158.548996</ele>
  <time>2010-07-31T03:46:25Z</time>
</trkpt>
<trkpt lat="53.119525881" lon="47.097831694">
  <ele>158.996002</ele>
  <time>2010-07-31T03:46:26Z</time>
</trkpt>
<trkpt lat="53.119426724" lon="47.098113997">
  <ele>159.695999</ele>
  <time>2010-07-31T03:46:27Z</time>
</trkpt>
<trkpt lat="53.119331338" lon="47.098396299">
  <ele>160.477997</ele>
  <time>2010-07-31T03:46:28Z</time>
</trkpt>
<trkpt lat="53.119235951" lon="47.098674746">
  <ele>161.483002</ele>
  <time>2010-07-31T03:46:29Z</time>
</trkpt>
<trkpt lat="53.119140649" lon="47.098957049">
  <ele>162.371002</ele>
  <time>2010-07-31T03:46:30Z</time>
</trkpt>
<trkpt lat="53.119041407" lon="47.099243123">
  <ele>162.983994</ele>
  <time>2010-07-31T03:46:31Z</time>
</trkpt>
<trkpt lat="53.118946105" lon="47.099529281">
  <ele>163.759995</ele>
  <time>2010-07-31T03:46:32Z</time>
</trkpt>
<trkpt lat="53.118846864" lon="47.099819211">
  <ele>164.369003</ele>
  <time>2010-07-31T03:46:33Z</time>
</trkpt>
<trkpt lat="53.118751561" lon="47.100105286">
  <ele>165.175995</ele>
  <time>2010-07-31T03:46:34Z</time>
</trkpt>
<trkpt lat="53.118648548" lon="47.100398988">
  <ele>165.962006</ele>
  <time>2010-07-31T03:46:35Z</time>
</trkpt>
<trkpt lat="53.118549306" lon="47.100685146">
  <ele>166.554993</ele>
  <time>2010-07-31T03:46:36Z</time>
</trkpt>
<trkpt lat="53.118450148" lon="47.100978848">
  <ele>167.214005</ele>
  <time>2010-07-31T03:46:37Z</time>
</trkpt>
<trkpt lat="53.118347134" lon="47.101272549">
  <ele>167.666000</ele>
  <time>2010-07-31T03:46:38Z</time>
</trkpt>
<trkpt lat="53.118247977" lon="47.101573963">
  <ele>168.408005</ele>
  <time>2010-07-31T03:46:39Z</time>
</trkpt>
<trkpt lat="53.118152590" lon="47.101871520">
  <ele>168.692993</ele>
  <time>2010-07-31T03:46:40Z</time>
</trkpt>
<trkpt lat="53.118053433" lon="47.102169078">
  <ele>169.207993</ele>
  <time>2010-07-31T03:46:41Z</time>
</trkpt>
<trkpt lat="53.117958046" lon="47.102470407">
  <ele>169.636002</ele>
  <time>2010-07-31T03:46:42Z</time>
</trkpt>
<trkpt lat="53.117858889" lon="47.102775592">
  <ele>170.050995</ele>
  <time>2010-07-31T03:46:43Z</time>
</trkpt>
<trkpt lat="53.117767358" lon="47.103088405">
  <ele>170.264999</ele>
  <time>2010-07-31T03:46:44Z</time>
</trkpt>
<trkpt lat="53.117675744" lon="47.103408845">
  <ele>170.216003</ele>
  <time>2010-07-31T03:46:45Z</time>
</trkpt>
<trkpt lat="53.117591841" lon="47.103740685">
  <ele>169.768997</ele>
  <time>2010-07-31T03:46:46Z</time>
</trkpt>
<trkpt lat="53.117504083" lon="47.104080236">
  <ele>169.658005</ele>
  <time>2010-07-31T03:46:47Z</time>
</trkpt>
<trkpt lat="53.117424035" lon="47.104427330">
  <ele>169.339996</ele>
  <time>2010-07-31T03:46:48Z</time>
</trkpt>
<trkpt lat="53.117347676" lon="47.104778280">
  <ele>169.259003</ele>
  <time>2010-07-31T03:46:49Z</time>
</trkpt>
<trkpt lat="53.117271401" lon="47.105129231">
  <ele>169.279999</ele>
  <time>2010-07-31T03:46:50Z</time>
</trkpt>
<trkpt lat="53.117198981" lon="47.105480181">
  <ele>169.326004</ele>
  <time>2010-07-31T03:46:51Z</time>
</trkpt>
<trkpt lat="53.117130250" lon="47.105838759">
  <ele>169.024994</ele>
  <time>2010-07-31T03:46:52Z</time>
</trkpt>
<trkpt lat="53.117065458" lon="47.106204964">
  <ele>168.951004</ele>
  <time>2010-07-31T03:46:53Z</time>
</trkpt>
<trkpt lat="53.117004354" lon="47.106575025">
  <ele>168.789001</ele>
  <time>2010-07-31T03:46:54Z</time>
</trkpt>
<trkpt lat="53.116947189" lon="47.106948858">
  <ele>168.718994</ele>
  <time>2010-07-31T03:46:55Z</time>
</trkpt>
<trkpt lat="53.116893796" lon="47.107330319">
  <ele>168.410004</ele>
  <time>2010-07-31T03:46:56Z</time>
</trkpt>
<trkpt lat="53.116836548" lon="47.107711779">
  <ele>168.222000</ele>
  <time>2010-07-31T03:46:57Z</time>
</trkpt>
<trkpt lat="53.116786927" lon="47.108097095">
  <ele>167.824997</ele>
  <time>2010-07-31T03:46:58Z</time>
</trkpt>
<trkpt lat="53.116745017" lon="47.108489955">
  <ele>167.434998</ele>
  <time>2010-07-31T03:46:59Z</time>
</trkpt>
<trkpt lat="53.116703024" lon="47.108886754">
  <ele>167.048004</ele>
  <time>2010-07-31T03:47:00Z</time>
</trkpt>
<trkpt lat="53.116668742" lon="47.109287241">
  <ele>166.735001</ele>
  <time>2010-07-31T03:47:01Z</time>
</trkpt>
<trkpt lat="53.116642004" lon="47.109703068">
  <ele>166.531998</ele>
  <time>2010-07-31T03:47:02Z</time>
</trkpt>
<trkpt lat="53.116619121" lon="47.110115038">
  <ele>165.845993</ele>
  <time>2010-07-31T03:47:03Z</time>
</trkpt>
<trkpt lat="53.116600011" lon="47.110519381">
  <ele>165.104004</ele>
  <time>2010-07-31T03:47:04Z</time>
</trkpt>
<trkpt lat="53.116588611" lon="47.110923808">
  <ele>164.647995</ele>
  <time>2010-07-31T03:47:05Z</time>
</trkpt>
<trkpt lat="53.116577128" lon="47.111324295">
  <ele>164.281998</ele>
  <time>2010-07-31T03:47:06Z</time>
</trkpt>
<trkpt lat="53.116565729" lon="47.111721011">
  <ele>163.776001</ele>
  <time>2010-07-31T03:47:07Z</time>
</trkpt>
<trkpt lat="53.116554245" lon="47.112125438">
  <ele>163.526993</ele>
  <time>2010-07-31T03:47:08Z</time>
</trkpt>
<trkpt lat="53.116542846" lon="47.112533553">
  <ele>162.953003</ele>
  <time>2010-07-31T03:47:09Z</time>
</trkpt>
<trkpt lat="53.116535218" lon="47.112957006">
  <ele>162.317993</ele>
  <time>2010-07-31T03:47:10Z</time>
</trkpt>
<trkpt lat="53.116538990" lon="47.113399487">
  <ele>161.526001</ele>
  <time>2010-07-31T03:47:11Z</time>
</trkpt>
<trkpt lat="53.116542846" lon="47.113849679">
  <ele>161.014999</ele>
  <time>2010-07-31T03:47:12Z</time>
</trkpt>
<trkpt lat="53.116538990" lon="47.114307415">
  <ele>160.095993</ele>
  <time>2010-07-31T03:47:13Z</time>
</trkpt>
<trkpt lat="53.116535218" lon="47.114769006">
  <ele>159.294998</ele>
  <time>2010-07-31T03:47:14Z</time>
</trkpt>
<trkpt lat="53.116523735" lon="47.115226742">
  <ele>158.177002</ele>
  <time>2010-07-31T03:47:15Z</time>
</trkpt>
<trkpt lat="53.116516108" lon="47.115684478">
  <ele>157.718002</ele>
  <time>2010-07-31T03:47:16Z</time>
</trkpt>
<trkpt lat="53.116500853" lon="47.116149925">
  <ele>156.931000</ele>
  <time>2010-07-31T03:47:17Z</time>
</trkpt>
<trkpt lat="53.116485598" lon="47.116615288">
  <ele>156.153000</ele>
  <time>2010-07-31T03:47:18Z</time>
</trkpt>
<trkpt lat="53.116470343" lon="47.117088279">
  <ele>155.386002</ele>
  <time>2010-07-31T03:47:19Z</time>
</trkpt>
<trkpt lat="53.116451232" lon="47.117557498">
  <ele>154.563995</ele>
  <time>2010-07-31T03:47:20Z</time>
</trkpt>
<trkpt lat="53.116435977" lon="47.118026717">
  <ele>153.923004</ele>
  <time>2010-07-31T03:47:21Z</time>
</trkpt>
<trkpt lat="53.116420722" lon="47.118495936">
  <ele>153.358994</ele>
  <time>2010-07-31T03:47:22Z</time>
</trkpt>
<trkpt lat="53.116409322" lon="47.118965155">
  <ele>153.514999</ele>
  <time>2010-07-31T03:47:23Z</time>
</trkpt>
<trkpt lat="53.116397839" lon="47.119426746">
  <ele>153.421005</ele>
  <time>2010-07-31T03:47:24Z</time>
</trkpt>
<trkpt lat="53.116386440" lon="47.119888337">
  <ele>153.705002</ele>
  <time>2010-07-31T03:47:25Z</time>
</trkpt>
<trkpt lat="53.116371185" lon="47.120342217">
  <ele>153.938995</ele>
  <time>2010-07-31T03:47:26Z</time>
</trkpt>
<trkpt lat="53.116363557" lon="47.120796181">
  <ele>154.423996</ele>
  <time>2010-07-31T03:47:27Z</time>
</trkpt>
<trkpt lat="53.116355930" lon="47.121246373">
  <ele>155.098999</ele>
  <time>2010-07-31T03:47:28Z</time>
</trkpt>
<trkpt lat="53.116348302" lon="47.121688854">
  <ele>156.046005</ele>
  <time>2010-07-31T03:47:29Z</time>
</trkpt>
<trkpt lat="53.116340674" lon="47.122116080">
  <ele>156.617004</ele>
  <time>2010-07-31T03:47:30Z</time>
</trkpt>
<trkpt lat="53.116333047" lon="47.122539533">
  <ele>157.539993</ele>
  <time>2010-07-31T03:47:31Z</time>
</trkpt>
<trkpt lat="53.116325419" lon="47.122951504">
  <ele>158.389999</ele>
  <time>2010-07-31T03:47:32Z</time>
</trkpt>
<trkpt lat="53.116317708" lon="47.123352075">
  <ele>159.365005</ele>
  <time>2010-07-31T03:47:33Z</time>
</trkpt>
<trkpt lat="53.116310081" lon="47.123741163">
  <ele>160.070007</ele>
  <time>2010-07-31T03:47:34Z</time>
</trkpt>
<trkpt lat="53.116298681" lon="47.124122623">
  <ele>161.091995</ele>
  <time>2010-07-31T03:47:35Z</time>
</trkpt>
<trkpt lat="53.116287198" lon="47.124492684">
  <ele>161.955994</ele>
  <time>2010-07-31T03:47:36Z</time>
</trkpt>
<trkpt lat="53.116283426" lon="47.124858890">
  <ele>162.731995</ele>
  <time>2010-07-31T03:47:37Z</time>
</trkpt>
<trkpt lat="53.116275799" lon="47.125225095">
  <ele>163.410995</ele>
  <time>2010-07-31T03:47:38Z</time>
</trkpt>
<trkpt lat="53.116268171" lon="47.125587445">
  <ele>164.414001</ele>
  <time>2010-07-31T03:47:39Z</time>
</trkpt>
<trkpt lat="53.116260543" lon="47.125949878">
  <ele>165.300995</ele>
  <time>2010-07-31T03:47:40Z</time>
</trkpt>
<trkpt lat="53.116252916" lon="47.126308456">
  <ele>165.888000</ele>
  <time>2010-07-31T03:47:41Z</time>
</trkpt>
<trkpt lat="53.116241433" lon="47.126670806">
  <ele>166.505997</ele>
  <time>2010-07-31T03:47:42Z</time>
</trkpt>
<trkpt lat="53.116237661" lon="47.127033239">
  <ele>167.380005</ele>
  <time>2010-07-31T03:47:43Z</time>
</trkpt>
<trkpt lat="53.116230033" lon="47.127399445">
  <ele>168.050003</ele>
  <time>2010-07-31T03:47:44Z</time>
</trkpt>
<trkpt lat="53.116222406" lon="47.127765650">
  <ele>168.884003</ele>
  <time>2010-07-31T03:47:45Z</time>
</trkpt>
<trkpt lat="53.116214778" lon="47.128131855">
  <ele>169.662994</ele>
  <time>2010-07-31T03:47:46Z</time>
</trkpt>
<trkpt lat="53.116207151" lon="47.128501916">
  <ele>170.130997</ele>
  <time>2010-07-31T03:47:47Z</time>
</trkpt>
<trkpt lat="53.116203295" lon="47.128871894">
  <ele>170.699997</ele>
  <time>2010-07-31T03:47:48Z</time>
</trkpt>
<trkpt lat="53.116199523" lon="47.129245726">
  <ele>171.014008</ele>
  <time>2010-07-31T03:47:49Z</time>
</trkpt>
<trkpt lat="53.116191896" lon="47.129623415">
  <ele>171.289001</ele>
  <time>2010-07-31T03:47:50Z</time>
</trkpt>
<trkpt lat="53.116184268" lon="47.130004875">
  <ele>171.766006</ele>
  <time>2010-07-31T03:47:51Z</time>
</trkpt>
<trkpt lat="53.116176641" lon="47.130390191">
  <ele>172.072998</ele>
  <time>2010-07-31T03:47:52Z</time>
</trkpt>
<trkpt lat="53.116169013" lon="47.130775424">
  <ele>172.427994</ele>
  <time>2010-07-31T03:47:53Z</time>
</trkpt>
<trkpt lat="53.116161386" lon="47.131168367">
  <ele>172.811005</ele>
  <time>2010-07-31T03:47:54Z</time>
</trkpt>
<trkpt lat="53.116149902" lon="47.131565083">
  <ele>173.384003</ele>
  <time>2010-07-31T03:47:55Z</time>
</trkpt>
<trkpt lat="53.116142275" lon="47.131961798">
  <ele>173.658997</ele>
  <time>2010-07-31T03:47:56Z</time>
</trkpt>
<trkpt lat="53.116130792" lon="47.132369997">
  <ele>173.959000</ele>
  <time>2010-07-31T03:47:57Z</time>
</trkpt>
<trkpt lat="53.116123164" lon="47.132778196">
  <ele>173.893005</ele>
  <time>2010-07-31T03:47:58Z</time>
</trkpt>
<trkpt lat="53.116115537" lon="47.133186311">
  <ele>174.033005</ele>
  <time>2010-07-31T03:47:59Z</time>
</trkpt>
<trkpt lat="53.116107909" lon="47.133594509">
  <ele>173.820007</ele>
  <time>2010-07-31T03:48:00Z</time>
</trkpt>
<trkpt lat="53.116096510" lon="47.134006480">
  <ele>173.852005</ele>
  <time>2010-07-31T03:48:01Z</time>
</trkpt>
<trkpt lat="53.116088882" lon="47.134426078">
  <ele>173.751999</ele>
  <time>2010-07-31T03:48:02Z</time>
</trkpt>
<trkpt lat="53.116081255" lon="47.134845760">
  <ele>173.641998</ele>
  <time>2010-07-31T03:48:03Z</time>
</trkpt>
<trkpt lat="53.116073627" lon="47.135261502">
  <ele>173.602997</ele>
  <time>2010-07-31T03:48:04Z</time>
</trkpt>
<trkpt lat="53.116065999" lon="47.135681184">
  <ele>173.487000</ele>
  <time>2010-07-31T03:48:05Z</time>
</trkpt>
<trkpt lat="53.116058372" lon="47.136093155">
  <ele>173.328003</ele>
  <time>2010-07-31T03:48:06Z</time>
</trkpt>
<trkpt lat="53.116046889" lon="47.136501353">
  <ele>172.878006</ele>
  <time>2010-07-31T03:48:07Z</time>
</trkpt>
<trkpt lat="53.116039261" lon="47.136913324">
  <ele>172.529999</ele>
  <time>2010-07-31T03:48:08Z</time>
</trkpt>
<trkpt lat="53.116031634" lon="47.137325294">
  <ele>172.378998</ele>
  <time>2010-07-31T03:48:09Z</time>
</trkpt>
<trkpt lat="53.116020234" lon="47.137737265">
  <ele>171.828995</ele>
  <time>2010-07-31T03:48:10Z</time>
</trkpt>
<trkpt lat="53.116012607" lon="47.138145464">
  <ele>171.188995</ele>
  <time>2010-07-31T03:48:11Z</time>
</trkpt>
<trkpt lat="53.116004979" lon="47.138553578">
  <ele>170.449997</ele>
  <time>2010-07-31T03:48:12Z</time>
</trkpt>
<trkpt lat="53.115993496" lon="47.138965633">
  <ele>170.078003</ele>
  <time>2010-07-31T03:48:13Z</time>
</trkpt>
<trkpt lat="53.115985868" lon="47.139377603">
  <ele>169.656006</ele>
  <time>2010-07-31T03:48:14Z</time>
</trkpt>
<trkpt lat="53.115974385" lon="47.139789574">
  <ele>169.166000</ele>
  <time>2010-07-31T03:48:15Z</time>
</trkpt>
<trkpt lat="53.115966758" lon="47.140205400">
  <ele>168.608002</ele>
  <time>2010-07-31T03:48:16Z</time>
</trkpt>
<trkpt lat="53.115959130" lon="47.140621226">
  <ele>168.082993</ele>
  <time>2010-07-31T03:48:17Z</time>
</trkpt>
<trkpt lat="53.115951503" lon="47.141033197">
  <ele>167.542007</ele>
  <time>2010-07-31T03:48:18Z</time>
</trkpt>
<trkpt lat="53.115943875" lon="47.141445167">
  <ele>167.225006</ele>
  <time>2010-07-31T03:48:19Z</time>
</trkpt>
<trkpt lat="53.115936248" lon="47.141849510">
  <ele>166.794998</ele>
  <time>2010-07-31T03:48:20Z</time>
</trkpt>
<trkpt lat="53.115924848" lon="47.142253853">
  <ele>166.479004</ele>
  <time>2010-07-31T03:48:21Z</time>
</trkpt>
<trkpt lat="53.115917221" lon="47.142654425">
  <ele>166.190002</ele>
  <time>2010-07-31T03:48:22Z</time>
</trkpt>
<trkpt lat="53.115909593" lon="47.143054996">
  <ele>166.240997</ele>
  <time>2010-07-31T03:48:23Z</time>
</trkpt>
<trkpt lat="53.115898110" lon="47.143444084">
  <ele>166.233002</ele>
  <time>2010-07-31T03:48:24Z</time>
</trkpt>
<trkpt lat="53.115890482" lon="47.143833172">
  <ele>166.156006</ele>
  <time>2010-07-31T03:48:25Z</time>
</trkpt>
<trkpt lat="53.115882855" lon="47.144214632">
  <ele>165.975998</ele>
  <time>2010-07-31T03:48:26Z</time>
</trkpt>
<trkpt lat="53.115875227" lon="47.144599948">
  <ele>165.815994</ele>
  <time>2010-07-31T03:48:27Z</time>
</trkpt>
<trkpt lat="53.115863828" lon="47.144981408">
  <ele>165.856003</ele>
  <time>2010-07-31T03:48:28Z</time>
</trkpt>
<trkpt lat="53.115852345" lon="47.145355241">
  <ele>165.824005</ele>
  <time>2010-07-31T03:48:29Z</time>
</trkpt>
<trkpt lat="53.115844717" lon="47.145721447">
  <ele>165.882004</ele>
  <time>2010-07-31T03:48:30Z</time>
</trkpt>
<trkpt lat="53.115833318" lon="47.146083796">
  <ele>165.880005</ele>
  <time>2010-07-31T03:48:31Z</time>
</trkpt>
<trkpt lat="53.115829462" lon="47.146442374">
  <ele>165.837997</ele>
  <time>2010-07-31T03:48:32Z</time>
</trkpt>
<trkpt lat="53.115821835" lon="47.146793325">
  <ele>165.692001</ele>
  <time>2010-07-31T03:48:33Z</time>
</trkpt>
<trkpt lat="53.115814207" lon="47.147136647">
  <ele>165.468002</ele>
  <time>2010-07-31T03:48:34Z</time>
</trkpt>
<trkpt lat="53.115806580" lon="47.147464715">
  <ele>165.393997</ele>
  <time>2010-07-31T03:48:35Z</time>
</trkpt>
<trkpt lat="53.115798952" lon="47.147769900">
  <ele>165.184998</ele>
  <time>2010-07-31T03:48:36Z</time>
</trkpt>
<trkpt lat="53.115795096" lon="47.148044575">
  <ele>165.410995</ele>
  <time>2010-07-31T03:48:37Z</time>
</trkpt>
<trkpt lat="53.115787469" lon="47.148300139">
  <ele>165.322006</ele>
  <time>2010-07-31T03:48:38Z</time>
</trkpt>
<trkpt lat="53.115783697" lon="47.148540532">
  <ele>165.410995</ele>
  <time>2010-07-31T03:48:39Z</time>
</trkpt>
<trkpt lat="53.115779841" lon="47.148780841">
  <ele>165.326004</ele>
  <time>2010-07-31T03:48:40Z</time>
</trkpt>
<trkpt lat="53.115772214" lon="47.149017295">
  <ele>165.084000</ele>
  <time>2010-07-31T03:48:41Z</time>
</trkpt>
<trkpt lat="53.115768442" lon="47.149257688">
  <ele>164.899994</ele>
  <time>2010-07-31T03:48:42Z</time>
</trkpt>
<trkpt lat="53.115764586" lon="47.149505625">
  <ele>164.884003</ele>
  <time>2010-07-31T03:48:43Z</time>
</trkpt>
<trkpt lat="53.115756959" lon="47.149753561">
  <ele>164.692001</ele>
  <time>2010-07-31T03:48:44Z</time>
</trkpt>
<trkpt lat="53.115753187" lon="47.149997726">
  <ele>164.968002</ele>
  <time>2010-07-31T03:48:45Z</time>
</trkpt>
<trkpt lat="53.115749331" lon="47.150238035">
  <ele>164.904999</ele>
  <time>2010-07-31T03:48:46Z</time>
</trkpt>
<trkpt lat="53.115741704" lon="47.150474573">
  <ele>164.858994</ele>
  <time>2010-07-31T03:48:47Z</time>
</trkpt>
<trkpt lat="53.115737932" lon="47.150707254">
  <ele>164.492004</ele>
  <time>2010-07-31T03:48:48Z</time>
</trkpt>
<trkpt lat="53.115726449" lon="47.150936164">
  <ele>164.177002</ele>
  <time>2010-07-31T03:48:49Z</time>
</trkpt>
<trkpt lat="53.115722677" lon="47.151164990">
  <ele>164.130005</ele>
  <time>2010-07-31T03:48:50Z</time>
</trkpt>
<trkpt lat="53.115715049" lon="47.151397672">
  <ele>164.190994</ele>
  <time>2010-07-31T03:48:51Z</time>
</trkpt>
<trkpt lat="53.115711194" lon="47.151630437">
  <ele>164.033997</ele>
  <time>2010-07-31T03:48:52Z</time>
</trkpt>
<trkpt lat="53.115707422" lon="47.151866890">
  <ele>164.072006</ele>
  <time>2010-07-31T03:48:53Z</time>
</trkpt>
<trkpt lat="53.115703566" lon="47.152095800">
  <ele>163.856003</ele>
  <time>2010-07-31T03:48:54Z</time>
</trkpt>
<trkpt lat="53.115695938" lon="47.152320854">
  <ele>163.666000</ele>
  <time>2010-07-31T03:48:55Z</time>
</trkpt>
<trkpt lat="53.115692167" lon="47.152549764">
  <ele>163.639999</ele>
  <time>2010-07-31T03:48:56Z</time>
</trkpt>
<trkpt lat="53.115688311" lon="47.152774818">
  <ele>163.600006</ele>
  <time>2010-07-31T03:48:57Z</time>
</trkpt>
<trkpt lat="53.115680683" lon="47.152996100">
  <ele>163.660995</ele>
  <time>2010-07-31T03:48:58Z</time>
</trkpt>
<trkpt lat="53.115676912" lon="47.153213527">
  <ele>163.841003</ele>
  <time>2010-07-31T03:48:59Z</time>
</trkpt>
<trkpt lat="53.115676912" lon="47.153434725">
  <ele>163.688004</ele>
  <time>2010-07-31T03:49:00Z</time>
</trkpt>
<trkpt lat="53.115673056" lon="47.153656008">
  <ele>163.479004</ele>
  <time>2010-07-31T03:49:01Z</time>
</trkpt>
<trkpt lat="53.115669284" lon="47.153888689">
  <ele>163.535004</ele>
  <time>2010-07-31T03:49:02Z</time>
</trkpt>
<trkpt lat="53.115661656" lon="47.154121371">
  <ele>163.334000</ele>
  <time>2010-07-31T03:49:03Z</time>
</trkpt>
<trkpt lat="53.115657801" lon="47.154350281">
  <ele>163.511002</ele>
  <time>2010-07-31T03:49:04Z</time>
</trkpt>
<trkpt lat="53.115650173" lon="47.154579191">
  <ele>163.457993</ele>
  <time>2010-07-31T03:49:05Z</time>
</trkpt>
<trkpt lat="53.115646401" lon="47.154800389">
  <ele>163.505005</ele>
  <time>2010-07-31T03:49:06Z</time>
</trkpt>
<trkpt lat="53.115638774" lon="47.155021671">
  <ele>163.531006</ele>
  <time>2010-07-31T03:49:07Z</time>
</trkpt>
<trkpt lat="53.115631063" lon="47.155239098">
  <ele>163.389008</ele>
  <time>2010-07-31T03:49:08Z</time>
</trkpt>
<trkpt lat="53.115623435" lon="47.155456524">
  <ele>163.268005</ele>
  <time>2010-07-31T03:49:09Z</time>
</trkpt>
<trkpt lat="53.115619663" lon="47.155670179">
  <ele>163.179001</ele>
  <time>2010-07-31T03:49:10Z</time>
</trkpt>
<trkpt lat="53.115615807" lon="47.155895233">
  <ele>163.218994</ele>
  <time>2010-07-31T03:49:11Z</time>
</trkpt>
<trkpt lat="53.115612036" lon="47.156124143">
  <ele>163.393005</ele>
  <time>2010-07-31T03:49:12Z</time>
</trkpt>
<trkpt lat="53.115608180" lon="47.156356825">
  <ele>163.242996</ele>
  <time>2010-07-31T03:49:13Z</time>
</trkpt>
<trkpt lat="53.115608180" lon="47.156589506">
  <ele>163.126999</ele>
  <time>2010-07-31T03:49:14Z</time>
</trkpt>
<trkpt lat="53.115600552" lon="47.156829815">
  <ele>163.261993</ele>
  <time>2010-07-31T03:49:15Z</time>
</trkpt>
<trkpt lat="53.115596781" lon="47.157070125">
  <ele>163.242996</ele>
  <time>2010-07-31T03:49:16Z</time>
</trkpt>
<trkpt lat="53.115589153" lon="47.157306662">
  <ele>163.186005</ele>
  <time>2010-07-31T03:49:17Z</time>
</trkpt>
<trkpt lat="53.115581525" lon="47.157543199">
  <ele>163.244995</ele>
  <time>2010-07-31T03:49:18Z</time>
</trkpt>
<trkpt lat="53.115577670" lon="47.157775881">
  <ele>163.350006</ele>
  <time>2010-07-31T03:49:19Z</time>
</trkpt>
<trkpt lat="53.115570042" lon="47.158004791">
  <ele>163.447006</ele>
  <time>2010-07-31T03:49:20Z</time>
</trkpt>
<trkpt lat="53.115562415" lon="47.158229845">
  <ele>163.326004</ele>
  <time>2010-07-31T03:49:21Z</time>
</trkpt>
<trkpt lat="53.115554787" lon="47.158454899">
  <ele>163.313004</ele>
  <time>2010-07-31T03:49:22Z</time>
</trkpt>
<trkpt lat="53.115547160" lon="47.158679953">
  <ele>163.210007</ele>
  <time>2010-07-31T03:49:23Z</time>
</trkpt>
<trkpt lat="53.115543388" lon="47.158901235">
  <ele>163.154007</ele>
  <time>2010-07-31T03:49:24Z</time>
</trkpt>
<trkpt lat="53.115543388" lon="47.159118662">
  <ele>162.927994</ele>
  <time>2010-07-31T03:49:25Z</time>
</trkpt>
<trkpt lat="53.115535760" lon="47.159343716">
  <ele>162.845993</ele>
  <time>2010-07-31T03:49:26Z</time>
</trkpt>
<trkpt lat="53.115528133" lon="47.159568770">
  <ele>162.781998</ele>
  <time>2010-07-31T03:49:27Z</time>
</trkpt>
<trkpt lat="53.115524277" lon="47.159805307">
  <ele>162.931000</ele>
  <time>2010-07-31T03:49:28Z</time>
</trkpt>
<trkpt lat="53.115520505" lon="47.160037989">
  <ele>163.057999</ele>
  <time>2010-07-31T03:49:29Z</time>
</trkpt>
<trkpt lat="53.115512878" lon="47.160266899">
  <ele>162.837997</ele>
  <time>2010-07-31T03:49:30Z</time>
</trkpt>
<trkpt lat="53.115505250" lon="47.160495725">
  <ele>162.634995</ele>
  <time>2010-07-31T03:49:31Z</time>
</trkpt>
<trkpt lat="53.115505250" lon="47.160724634">
  <ele>162.503998</ele>
  <time>2010-07-31T03:49:32Z</time>
</trkpt>
<trkpt lat="53.115501394" lon="47.160953544">
  <ele>162.569000</ele>
  <time>2010-07-31T03:49:33Z</time>
</trkpt>
<trkpt lat="53.115497623" lon="47.161178598">
  <ele>162.612000</ele>
  <time>2010-07-31T03:49:34Z</time>
</trkpt>
<trkpt lat="53.115489995" lon="47.161403652">
  <ele>162.319000</ele>
  <time>2010-07-31T03:49:35Z</time>
</trkpt>
<trkpt lat="53.115478512" lon="47.161624935">
  <ele>162.197006</ele>
  <time>2010-07-31T03:49:36Z</time>
</trkpt>
<trkpt lat="53.115474740" lon="47.161842361">
  <ele>161.957993</ele>
  <time>2010-07-31T03:49:37Z</time>
</trkpt>
<trkpt lat="53.115470884" lon="47.162063560">
  <ele>161.856995</ele>
  <time>2010-07-31T03:49:38Z</time>
</trkpt>
<trkpt lat="53.115467113" lon="47.162284842">
  <ele>161.904999</ele>
  <time>2010-07-31T03:49:39Z</time>
</trkpt>
<trkpt lat="53.115463257" lon="47.162502268">
  <ele>161.699005</ele>
  <time>2010-07-31T03:49:40Z</time>
</trkpt>
<trkpt lat="53.115455629" lon="47.162723551">
  <ele>161.294998</ele>
  <time>2010-07-31T03:49:41Z</time>
</trkpt>
<trkpt lat="53.115451774" lon="47.162952460">
  <ele>160.996994</ele>
  <time>2010-07-31T03:49:42Z</time>
</trkpt>
<trkpt lat="53.115444146" lon="47.163185142">
  <ele>160.832993</ele>
  <time>2010-07-31T03:49:43Z</time>
</trkpt>
<trkpt lat="53.115440374" lon="47.163425451">
  <ele>160.820007</ele>
  <time>2010-07-31T03:49:44Z</time>
</trkpt>
<trkpt lat="53.115436519" lon="47.163673388">
  <ele>160.768005</ele>
  <time>2010-07-31T03:49:45Z</time>
</trkpt>
<trkpt lat="53.115432747" lon="47.163925180">
  <ele>160.628998</ele>
  <time>2010-07-31T03:49:46Z</time>
</trkpt>
<trkpt lat="53.115428891" lon="47.164192228">
  <ele>160.498993</ele>
  <time>2010-07-31T03:49:47Z</time>
</trkpt>
<trkpt lat="53.115428891" lon="47.164470674">
  <ele>160.113998</ele>
  <time>2010-07-31T03:49:48Z</time>
</trkpt>
<trkpt lat="53.115436519" lon="47.164768232">
  <ele>159.910004</ele>
  <time>2010-07-31T03:49:49Z</time>
</trkpt>
<trkpt lat="53.115440374" lon="47.165077189">
  <ele>159.412003</ele>
  <time>2010-07-31T03:49:50Z</time>
</trkpt>
<trkpt lat="53.115444146" lon="47.165401485">
  <ele>158.897003</ele>
  <time>2010-07-31T03:49:51Z</time>
</trkpt>
<trkpt lat="53.115448002" lon="47.165721925">
  <ele>158.580002</ele>
  <time>2010-07-31T03:49:52Z</time>
</trkpt>
<trkpt lat="53.115448002" lon="47.166042365">
  <ele>158.341995</ele>
  <time>2010-07-31T03:49:53Z</time>
</trkpt>
<trkpt lat="53.115444146" lon="47.166347466">
  <ele>158.123993</ele>
  <time>2010-07-31T03:49:54Z</time>
</trkpt>
<trkpt lat="53.115440374" lon="47.166625997">
  <ele>157.751999</ele>
  <time>2010-07-31T03:49:55Z</time>
</trkpt>
<trkpt lat="53.115448002" lon="47.166866306">
  <ele>157.143005</ele>
  <time>2010-07-31T03:49:56Z</time>
</trkpt>
<trkpt lat="53.115459401" lon="47.167079961">
  <ele>156.792999</ele>
  <time>2010-07-31T03:49:57Z</time>
</trkpt>
<trkpt lat="53.115478512" lon="47.167297387">
  <ele>156.386993</ele>
  <time>2010-07-31T03:49:58Z</time>
</trkpt>
<trkpt lat="53.115501394" lon="47.167530069">
  <ele>156.065002</ele>
  <time>2010-07-31T03:49:59Z</time>
</trkpt>
<trkpt lat="53.115516650" lon="47.167789489">
  <ele>155.468002</ele>
  <time>2010-07-31T03:50:00Z</time>
</trkpt>
<trkpt lat="53.115531905" lon="47.168071708">
  <ele>155.082001</ele>
  <time>2010-07-31T03:50:01Z</time>
</trkpt>
<trkpt lat="53.115547160" lon="47.168380748">
  <ele>154.322006</ele>
  <time>2010-07-31T03:50:02Z</time>
</trkpt>
<trkpt lat="53.115570042" lon="47.168712588">
  <ele>153.641998</ele>
  <time>2010-07-31T03:50:03Z</time>
</trkpt>
<trkpt lat="53.115589153" lon="47.169059766">
  <ele>153.123993</ele>
  <time>2010-07-31T03:50:04Z</time>
</trkpt>
<trkpt lat="53.115604408" lon="47.169414489">
  <ele>152.477997</ele>
  <time>2010-07-31T03:50:05Z</time>
</trkpt>
<trkpt lat="53.115623435" lon="47.169769295">
  <ele>151.561005</ele>
  <time>2010-07-31T03:50:06Z</time>
</trkpt>
<trkpt lat="53.115650173" lon="47.170131644">
  <ele>150.966995</ele>
  <time>2010-07-31T03:50:07Z</time>
</trkpt>
<trkpt lat="53.115684539" lon="47.170497933">
  <ele>149.858002</ele>
  <time>2010-07-31T03:50:08Z</time>
</trkpt>
<trkpt lat="53.115730304" lon="47.170871766">
  <ele>149.145996</ele>
  <time>2010-07-31T03:50:09Z</time>
</trkpt>
<trkpt lat="53.115783697" lon="47.171245599">
  <ele>148.279007</ele>
  <time>2010-07-31T03:50:10Z</time>
</trkpt>
<trkpt lat="53.115840945" lon="47.171623204">
  <ele>147.440002</ele>
  <time>2010-07-31T03:50:11Z</time>
</trkpt>
<trkpt lat="53.115901966" lon="47.172004664">
  <ele>146.723007</ele>
  <time>2010-07-31T03:50:12Z</time>
</trkpt>
<trkpt lat="53.115970613" lon="47.172393836">
  <ele>146.442993</ele>
  <time>2010-07-31T03:50:13Z</time>
</trkpt>
<trkpt lat="53.116039261" lon="47.172790552">
  <ele>145.673996</ele>
  <time>2010-07-31T03:50:14Z</time>
</trkpt>
<trkpt lat="53.116107909" lon="47.173198666">
  <ele>145.287994</ele>
  <time>2010-07-31T03:50:15Z</time>
</trkpt>
<trkpt lat="53.116176641" lon="47.173610721">
  <ele>145.427002</ele>
  <time>2010-07-31T03:50:16Z</time>
</trkpt>
<trkpt lat="53.116241433" lon="47.174026463">
  <ele>146.134995</ele>
  <time>2010-07-31T03:50:17Z</time>
</trkpt>
<trkpt lat="53.116310081" lon="47.174449917">
  <ele>146.649994</ele>
  <time>2010-07-31T03:50:18Z</time>
</trkpt>
<trkpt lat="53.116374956" lon="47.174869515">
  <ele>147.548004</ele>
  <time>2010-07-31T03:50:19Z</time>
</trkpt>
<trkpt lat="53.116439832" lon="47.175289113">
  <ele>148.567993</ele>
  <time>2010-07-31T03:50:20Z</time>
</trkpt>
<trkpt lat="53.116508480" lon="47.175708795">
  <ele>150.177002</ele>
  <time>2010-07-31T03:50:21Z</time>
</trkpt>
<trkpt lat="53.116577128" lon="47.176120766">
  <ele>151.363007</ele>
  <time>2010-07-31T03:50:22Z</time>
</trkpt>
<trkpt lat="53.116645776" lon="47.176536592">
  <ele>152.800995</ele>
  <time>2010-07-31T03:50:23Z</time>
</trkpt>
<trkpt lat="53.116714507" lon="47.176948562">
  <ele>154.158997</ele>
  <time>2010-07-31T03:50:24Z</time>
</trkpt>
<trkpt lat="53.116779299" lon="47.177360533">
  <ele>155.373001</ele>
  <time>2010-07-31T03:50:25Z</time>
</trkpt>
<trkpt lat="53.116848031" lon="47.177764876">
  <ele>156.660004</ele>
  <time>2010-07-31T03:50:26Z</time>
</trkpt>
<trkpt lat="53.116916679" lon="47.178169219">
  <ele>157.966995</ele>
  <time>2010-07-31T03:50:27Z</time>
</trkpt>
<trkpt lat="53.116985327" lon="47.178569790">
  <ele>159.404999</ele>
  <time>2010-07-31T03:50:28Z</time>
</trkpt>
<trkpt lat="53.117053974" lon="47.178966505">
  <ele>160.598007</ele>
  <time>2010-07-31T03:50:29Z</time>
</trkpt>
<trkpt lat="53.117122622" lon="47.179363221">
  <ele>161.697006</ele>
  <time>2010-07-31T03:50:30Z</time>
</trkpt>
<trkpt lat="53.117191354" lon="47.179752309">
  <ele>162.675995</ele>
  <time>2010-07-31T03:50:31Z</time>
</trkpt>
<trkpt lat="53.117260002" lon="47.180137625">
  <ele>163.806000</ele>
  <time>2010-07-31T03:50:32Z</time>
</trkpt>
<trkpt lat="53.117324794" lon="47.180522941">
  <ele>164.776001</ele>
  <time>2010-07-31T03:50:33Z</time>
</trkpt>
<trkpt lat="53.117393525" lon="47.180908173">
  <ele>165.550003</ele>
  <time>2010-07-31T03:50:34Z</time>
</trkpt>
<trkpt lat="53.117458317" lon="47.181297261">
  <ele>166.195007</ele>
  <time>2010-07-31T03:50:35Z</time>
</trkpt>
<trkpt lat="53.117527049" lon="47.181686433">
  <ele>167.136993</ele>
  <time>2010-07-31T03:50:36Z</time>
</trkpt>
<trkpt lat="53.117591841" lon="47.182071665">
  <ele>168.011993</ele>
  <time>2010-07-31T03:50:37Z</time>
</trkpt>
<trkpt lat="53.117660489" lon="47.182456981">
  <ele>168.729996</ele>
  <time>2010-07-31T03:50:38Z</time>
</trkpt>
<trkpt lat="53.117729221" lon="47.182838442">
  <ele>169.371994</ele>
  <time>2010-07-31T03:50:39Z</time>
</trkpt>
<trkpt lat="53.117794013" lon="47.183223758">
  <ele>169.830994</ele>
  <time>2010-07-31T03:50:40Z</time>
</trkpt>
<trkpt lat="53.117858889" lon="47.183605218">
  <ele>170.169998</ele>
  <time>2010-07-31T03:50:41Z</time>
</trkpt>
<trkpt lat="53.117931392" lon="47.183982823">
  <ele>170.779007</ele>
  <time>2010-07-31T03:50:42Z</time>
</trkpt>
<trkpt lat="53.117996184" lon="47.184356656">
  <ele>171.307007</ele>
  <time>2010-07-31T03:50:43Z</time>
</trkpt>
<trkpt lat="53.118061060" lon="47.184734344">
  <ele>171.884003</ele>
  <time>2010-07-31T03:50:44Z</time>
</trkpt>
<trkpt lat="53.118122080" lon="47.185104406">
  <ele>172.067001</ele>
  <time>2010-07-31T03:50:45Z</time>
</trkpt>
<trkpt lat="53.118186956" lon="47.185470611">
  <ele>172.324005</ele>
  <time>2010-07-31T03:50:46Z</time>
</trkpt>
<trkpt lat="53.118247977" lon="47.185840588">
  <ele>172.432007</ele>
  <time>2010-07-31T03:50:47Z</time>
</trkpt>
<trkpt lat="53.118308997" lon="47.186210649">
  <ele>173.037003</ele>
  <time>2010-07-31T03:50:48Z</time>
</trkpt>
<trkpt lat="53.118362390" lon="47.186576854">
  <ele>173.199997</ele>
  <time>2010-07-31T03:50:49Z</time>
</trkpt>
<trkpt lat="53.118412010" lon="47.186946832">
  <ele>173.386002</ele>
  <time>2010-07-31T03:50:50Z</time>
</trkpt>
<trkpt lat="53.118461631" lon="47.187309265">
  <ele>173.438004</ele>
  <time>2010-07-31T03:50:51Z</time>
</trkpt>
<trkpt lat="53.118507396" lon="47.187664071">
  <ele>173.393005</ele>
  <time>2010-07-31T03:50:52Z</time>
</trkpt>
<trkpt lat="53.118553162" lon="47.188011166">
  <ele>173.134995</ele>
  <time>2010-07-31T03:50:53Z</time>
</trkpt>
<trkpt lat="53.118595155" lon="47.188354488">
  <ele>173.130997</ele>
  <time>2010-07-31T03:50:54Z</time>
</trkpt>
<trkpt lat="53.118637064" lon="47.188694039">
  <ele>173.057007</ele>
  <time>2010-07-31T03:50:55Z</time>
</trkpt>
<trkpt lat="53.118675202" lon="47.189029735">
  <ele>172.822998</ele>
  <time>2010-07-31T03:50:56Z</time>
</trkpt>
<trkpt lat="53.118709568" lon="47.189361574">
  <ele>172.757996</ele>
  <time>2010-07-31T03:50:57Z</time>
</trkpt>
<trkpt lat="53.118740078" lon="47.189689642">
  <ele>172.748993</ele>
  <time>2010-07-31T03:50:58Z</time>
</trkpt>
<trkpt lat="53.118770588" lon="47.190017710">
  <ele>172.772003</ele>
  <time>2010-07-31T03:50:59Z</time>
</trkpt>
<trkpt lat="53.118797326" lon="47.190338150">
  <ele>172.309998</ele>
  <time>2010-07-31T03:51:00Z</time>
</trkpt>
<trkpt lat="53.118820209" lon="47.190654734">
  <ele>171.746002</ele>
  <time>2010-07-31T03:51:01Z</time>
</trkpt>
<trkpt lat="53.118843092" lon="47.190971402">
  <ele>171.276001</ele>
  <time>2010-07-31T03:51:02Z</time>
</trkpt>
<trkpt lat="53.118862119" lon="47.191284215">
  <ele>170.972000</ele>
  <time>2010-07-31T03:51:03Z</time>
</trkpt>
<trkpt lat="53.118877374" lon="47.191596944">
  <ele>170.666000</ele>
  <time>2010-07-31T03:51:04Z</time>
</trkpt>
<trkpt lat="53.118892629" lon="47.191905985">
  <ele>170.231995</ele>
  <time>2010-07-31T03:51:05Z</time>
</trkpt>
<trkpt lat="53.118904112" lon="47.192214942">
  <ele>169.686005</ele>
  <time>2010-07-31T03:51:06Z</time>
</trkpt>
<trkpt lat="53.118915595" lon="47.192516355">
  <ele>169.462006</ele>
  <time>2010-07-31T03:51:07Z</time>
</trkpt>
<trkpt lat="53.118926995" lon="47.192817684">
  <ele>169.102005</ele>
  <time>2010-07-31T03:51:08Z</time>
</trkpt>
<trkpt lat="53.118938478" lon="47.193115242">
  <ele>168.914001</ele>
  <time>2010-07-31T03:51:09Z</time>
</trkpt>
<trkpt lat="53.118946105" lon="47.193408944">
  <ele>168.442001</ele>
  <time>2010-07-31T03:51:10Z</time>
</trkpt>
<trkpt lat="53.118953733" lon="47.193706501">
  <ele>168.434006</ele>
  <time>2010-07-31T03:51:11Z</time>
</trkpt>
<trkpt lat="53.118965132" lon="47.194004059">
  <ele>168.139999</ele>
  <time>2010-07-31T03:51:12Z</time>
</trkpt>
<trkpt lat="53.118968988" lon="47.194297761">
  <ele>167.919998</ele>
  <time>2010-07-31T03:51:13Z</time>
</trkpt>
<trkpt lat="53.118980387" lon="47.194587691">
  <ele>167.679993</ele>
  <time>2010-07-31T03:51:14Z</time>
</trkpt>
<trkpt lat="53.118988015" lon="47.194869993">
  <ele>167.636002</ele>
  <time>2010-07-31T03:51:15Z</time>
</trkpt>
<trkpt lat="53.118995642" lon="47.195148440">
  <ele>167.380997</ele>
  <time>2010-07-31T03:51:16Z</time>
</trkpt>
<trkpt lat="53.119003270" lon="47.195426971">
  <ele>167.513000</ele>
  <time>2010-07-31T03:51:17Z</time>
</trkpt>
<trkpt lat="53.119014753" lon="47.195697790">
  <ele>167.569000</ele>
  <time>2010-07-31T03:51:18Z</time>
</trkpt>
<trkpt lat="53.119022381" lon="47.195960982">
  <ele>167.561005</ele>
  <time>2010-07-31T03:51:19Z</time>
</trkpt>
<trkpt lat="53.119030008" lon="47.196224174">
  <ele>167.136002</ele>
  <time>2010-07-31T03:51:20Z</time>
</trkpt>
<trkpt lat="53.119037636" lon="47.196487449">
  <ele>166.880005</ele>
  <time>2010-07-31T03:51:21Z</time>
</trkpt>
<trkpt lat="53.119041407" lon="47.196746785">
  <ele>166.764008</ele>
  <time>2010-07-31T03:51:22Z</time>
</trkpt>
<trkpt lat="53.119052891" lon="47.197002433">
  <ele>166.559006</ele>
  <time>2010-07-31T03:51:23Z</time>
</trkpt>
<trkpt lat="53.119060518" lon="47.197261769">
  <ele>166.453995</ele>
  <time>2010-07-31T03:51:24Z</time>
</trkpt>
<trkpt lat="53.119068146" lon="47.197513562">
  <ele>166.233994</ele>
  <time>2010-07-31T03:51:25Z</time>
</trkpt>
<trkpt lat="53.119079629" lon="47.197765354">
  <ele>166.136002</ele>
  <time>2010-07-31T03:51:26Z</time>
</trkpt>
<trkpt lat="53.119087256" lon="47.198017146">
  <ele>165.783997</ele>
  <time>2010-07-31T03:51:27Z</time>
</trkpt>
<trkpt lat="53.119094884" lon="47.198265083">
  <ele>165.466003</ele>
  <time>2010-07-31T03:51:28Z</time>
</trkpt>
<trkpt lat="53.119106283" lon="47.198516876">
  <ele>165.100998</ele>
  <time>2010-07-31T03:51:29Z</time>
</trkpt>
<trkpt lat="53.119113911" lon="47.198764812">
  <ele>164.751999</ele>
  <time>2010-07-31T03:51:30Z</time>
</trkpt>
<trkpt lat="53.119121538" lon="47.199001350">
  <ele>164.311005</ele>
  <time>2010-07-31T03:51:31Z</time>
</trkpt>
<trkpt lat="53.119136794" lon="47.199230175">
  <ele>164.126999</ele>
  <time>2010-07-31T03:51:32Z</time>
</trkpt>
<trkpt lat="53.119144421" lon="47.199447602">
  <ele>164.005005</ele>
  <time>2010-07-31T03:51:33Z</time>
</trkpt>
<trkpt lat="53.119152049" lon="47.199661257">
  <ele>163.839005</ele>
  <time>2010-07-31T03:51:34Z</time>
</trkpt>
<trkpt lat="53.119159676" lon="47.199867284">
  <ele>163.770996</ele>
  <time>2010-07-31T03:51:35Z</time>
</trkpt>
<trkpt lat="53.119163532" lon="47.200080855">
  <ele>163.897003</ele>
  <time>2010-07-31T03:51:36Z</time>
</trkpt>
<trkpt lat="53.119167304" lon="47.200298281">
  <ele>164.061996</ele>
  <time>2010-07-31T03:51:37Z</time>
</trkpt>
<trkpt lat="53.119171159" lon="47.200519564">
  <ele>164.108994</ele>
  <time>2010-07-31T03:51:38Z</time>
</trkpt>
<trkpt lat="53.119178787" lon="47.200733218">
  <ele>164.121994</ele>
  <time>2010-07-31T03:51:39Z</time>
</trkpt>
<trkpt lat="53.119182559" lon="47.200943017">
  <ele>164.281998</ele>
  <time>2010-07-31T03:51:40Z</time>
</trkpt>
<trkpt lat="53.119190186" lon="47.201148961">
  <ele>164.414993</ele>
  <time>2010-07-31T03:51:41Z</time>
</trkpt>
<trkpt lat="53.119197814" lon="47.201351132">
  <ele>164.501007</ele>
  <time>2010-07-31T03:51:42Z</time>
</trkpt>
<trkpt lat="53.119201669" lon="47.201549532">
  <ele>164.699997</ele>
  <time>2010-07-31T03:51:43Z</time>
</trkpt>
<trkpt lat="53.119209297" lon="47.201744076">
  <ele>164.904999</ele>
  <time>2010-07-31T03:51:44Z</time>
</trkpt>
<trkpt lat="53.119216925" lon="47.201934848">
  <ele>165.175995</ele>
  <time>2010-07-31T03:51:45Z</time>
</trkpt>
<trkpt lat="53.119224552" lon="47.202125536">
  <ele>165.477997</ele>
  <time>2010-07-31T03:51:46Z</time>
</trkpt>
<trkpt lat="53.119232180" lon="47.202316308">
  <ele>165.807999</ele>
  <time>2010-07-31T03:51:47Z</time>
</trkpt>
<trkpt lat="53.119235951" lon="47.202503225">
  <ele>166.220001</ele>
  <time>2010-07-31T03:51:48Z</time>
</trkpt>
<trkpt lat="53.119239807" lon="47.202682514">
  <ele>166.513000</ele>
  <time>2010-07-31T03:51:49Z</time>
</trkpt>
<trkpt lat="53.119247435" lon="47.202861803">
  <ele>166.710999</ele>
  <time>2010-07-31T03:51:50Z</time>
</trkpt>
<trkpt lat="53.119255062" lon="47.203029608">
  <ele>167.059006</ele>
  <time>2010-07-31T03:51:51Z</time>
</trkpt>
<trkpt lat="53.119262690" lon="47.203193642">
  <ele>167.046997</ele>
  <time>2010-07-31T03:51:52Z</time>
</trkpt>
<trkpt lat="53.119270317" lon="47.203365304">
  <ele>167.177994</ele>
  <time>2010-07-31T03:51:53Z</time>
</trkpt>
<trkpt lat="53.119277945" lon="47.203544592">
  <ele>167.276993</ele>
  <time>2010-07-31T03:51:54Z</time>
</trkpt>
<trkpt lat="53.119281800" lon="47.203731509">
  <ele>167.574997</ele>
  <time>2010-07-31T03:51:55Z</time>
</trkpt>
<trkpt lat="53.119289428" lon="47.203918425">
  <ele>167.770004</ele>
  <time>2010-07-31T03:51:56Z</time>
</trkpt>
<trkpt lat="53.119297056" lon="47.204105342">
  <ele>168.113998</ele>
  <time>2010-07-31T03:51:57Z</time>
</trkpt>
<trkpt lat="53.119300827" lon="47.204288486">
  <ele>168.462006</ele>
  <time>2010-07-31T03:51:58Z</time>
</trkpt>
<trkpt lat="53.119308455" lon="47.204467775">
  <ele>168.938004</ele>
  <time>2010-07-31T03:51:59Z</time>
</trkpt>
<trkpt lat="53.119316082" lon="47.204643209">
  <ele>169.039993</ele>
  <time>2010-07-31T03:52:00Z</time>
</trkpt>
<trkpt lat="53.119319938" lon="47.204814870">
  <ele>169.098007</ele>
  <time>2010-07-31T03:52:01Z</time>
</trkpt>
<trkpt lat="53.119327566" lon="47.204994243">
  <ele>169.158997</ele>
  <time>2010-07-31T03:52:02Z</time>
</trkpt>
<trkpt lat="53.119335193" lon="47.205173532">
  <ele>169.238007</ele>
  <time>2010-07-31T03:52:03Z</time>
</trkpt>
<trkpt lat="53.119338965" lon="47.205345193">
  <ele>169.175995</ele>
  <time>2010-07-31T03:52:04Z</time>
</trkpt>
<trkpt lat="53.119346593" lon="47.205512999">
  <ele>169.367996</ele>
  <time>2010-07-31T03:52:05Z</time>
</trkpt>
<trkpt lat="53.119350448" lon="47.205680888">
  <ele>169.580994</ele>
  <time>2010-07-31T03:52:06Z</time>
</trkpt>
<trkpt lat="53.119354220" lon="47.205844838">
  <ele>169.740997</ele>
  <time>2010-07-31T03:52:07Z</time>
</trkpt>
<trkpt lat="53.119358076" lon="47.206008872">
  <ele>169.858994</ele>
  <time>2010-07-31T03:52:08Z</time>
</trkpt>
<trkpt lat="53.119361848" lon="47.206169134">
  <ele>170.242004</ele>
  <time>2010-07-31T03:52:09Z</time>
</trkpt>
<trkpt lat="53.119365703" lon="47.206336940">
  <ele>170.470993</ele>
  <time>2010-07-31T03:52:10Z</time>
</trkpt>
<trkpt lat="53.119373331" lon="47.206512457">
  <ele>170.615997</ele>
  <time>2010-07-31T03:52:11Z</time>
</trkpt>
<trkpt lat="53.119384730" lon="47.206695518">
  <ele>170.710999</ele>
  <time>2010-07-31T03:52:12Z</time>
</trkpt>
<trkpt lat="53.119388586" lon="47.206890145">
  <ele>171.035004</ele>
  <time>2010-07-31T03:52:13Z</time>
</trkpt>
<trkpt lat="53.119399985" lon="47.207084689">
  <ele>171.266998</ele>
  <time>2010-07-31T03:52:14Z</time>
</trkpt>
<trkpt lat="53.119403841" lon="47.207283005">
  <ele>171.634995</ele>
  <time>2010-07-31T03:52:15Z</time>
</trkpt>
<trkpt lat="53.119411469" lon="47.207481405">
  <ele>171.845001</ele>
  <time>2010-07-31T03:52:16Z</time>
</trkpt>
<trkpt lat="53.119419096" lon="47.207679721">
  <ele>172.143997</ele>
  <time>2010-07-31T03:52:17Z</time>
</trkpt>
<trkpt lat="53.119426724" lon="47.207878120">
  <ele>172.490005</ele>
  <time>2010-07-31T03:52:18Z</time>
</trkpt>
<trkpt lat="53.119434351" lon="47.208072664">
  <ele>172.822006</ele>
  <time>2010-07-31T03:52:19Z</time>
</trkpt>
<trkpt lat="53.119438207" lon="47.208267208">
  <ele>172.917999</ele>
  <time>2010-07-31T03:52:20Z</time>
</trkpt>
<trkpt lat="53.119445834" lon="47.208465608">
  <ele>172.901001</ele>
  <time>2010-07-31T03:52:21Z</time>
</trkpt>
<trkpt lat="53.119453462" lon="47.208667779">
  <ele>172.975006</ele>
  <time>2010-07-31T03:52:22Z</time>
</trkpt>
<trkpt lat="53.119457234" lon="47.208873723">
  <ele>173.147995</ele>
  <time>2010-07-31T03:52:23Z</time>
</trkpt>
<trkpt lat="53.119464861" lon="47.209091149">
  <ele>173.119995</ele>
  <time>2010-07-31T03:52:24Z</time>
</trkpt>
<trkpt lat="53.119476344" lon="47.209308660">
  <ele>173.320007</ele>
  <time>2010-07-31T03:52:25Z</time>
</trkpt>
<trkpt lat="53.119483972" lon="47.209529858">
  <ele>173.468994</ele>
  <time>2010-07-31T03:52:26Z</time>
</trkpt>
<trkpt lat="53.119491600" lon="47.209747285">
  <ele>173.634003</ele>
  <time>2010-07-31T03:52:27Z</time>
</trkpt>
<trkpt lat="53.119499227" lon="47.209964711">
  <ele>173.641006</ele>
  <time>2010-07-31T03:52:28Z</time>
</trkpt>
<trkpt lat="53.119506855" lon="47.210189849">
  <ele>173.526001</ele>
  <time>2010-07-31T03:52:29Z</time>
</trkpt>
<trkpt lat="53.119510626" lon="47.210414903">
  <ele>173.380005</ele>
  <time>2010-07-31T03:52:30Z</time>
</trkpt>
<trkpt lat="53.119518254" lon="47.210639957">
  <ele>173.460007</ele>
  <time>2010-07-31T03:52:31Z</time>
</trkpt>
<trkpt lat="53.119525881" lon="47.210868867">
  <ele>173.524994</ele>
  <time>2010-07-31T03:52:32Z</time>
</trkpt>
<trkpt lat="53.119533509" lon="47.211093921">
  <ele>173.597000</ele>
  <time>2010-07-31T03:52:33Z</time>
</trkpt>
<trkpt lat="53.119537365" lon="47.211318975">
  <ele>173.623993</ele>
  <time>2010-07-31T03:52:34Z</time>
</trkpt>
<trkpt lat="53.119544992" lon="47.211540258">
  <ele>173.505005</ele>
  <time>2010-07-31T03:52:35Z</time>
</trkpt>
<trkpt lat="53.119548764" lon="47.211761456">
  <ele>173.393005</ele>
  <time>2010-07-31T03:52:36Z</time>
</trkpt>
<trkpt lat="53.119556392" lon="47.211975111">
  <ele>173.248001</ele>
  <time>2010-07-31T03:52:37Z</time>
</trkpt>
<trkpt lat="53.119564019" lon="47.212192537">
  <ele>173.292007</ele>
  <time>2010-07-31T03:52:38Z</time>
</trkpt>
<trkpt lat="53.119571647" lon="47.212406192">
  <ele>173.250000</ele>
  <time>2010-07-31T03:52:39Z</time>
</trkpt>
<trkpt lat="53.119579274" lon="47.212615991">
  <ele>173.223999</ele>
  <time>2010-07-31T03:52:40Z</time>
</trkpt>
<trkpt lat="53.119583130" lon="47.212825790">
  <ele>172.848007</ele>
  <time>2010-07-31T03:52:41Z</time>
</trkpt>
<trkpt lat="53.119590757" lon="47.213031733">
  <ele>172.712006</ele>
  <time>2010-07-31T03:52:42Z</time>
</trkpt>
<trkpt lat="53.119598385" lon="47.213233989">
  <ele>172.720001</ele>
  <time>2010-07-31T03:52:43Z</time>
</trkpt>
<trkpt lat="53.119606012" lon="47.213439932">
  <ele>172.893005</ele>
  <time>2010-07-31T03:52:44Z</time>
</trkpt>
<trkpt lat="53.119613640" lon="47.213642104">
  <ele>173.121002</ele>
  <time>2010-07-31T03:52:45Z</time>
</trkpt>
<trkpt lat="53.119621268" lon="47.213844275">
  <ele>173.218994</ele>
  <time>2010-07-31T03:52:46Z</time>
</trkpt>
<trkpt lat="53.119628895" lon="47.214046447">
  <ele>172.981003</ele>
  <time>2010-07-31T03:52:47Z</time>
</trkpt>
<trkpt lat="53.119636523" lon="47.214248618">
  <ele>172.964996</ele>
  <time>2010-07-31T03:52:48Z</time>
</trkpt>
<trkpt lat="53.119640378" lon="47.214450873">
  <ele>173.070007</ele>
  <time>2010-07-31T03:52:49Z</time>
</trkpt>
<trkpt lat="53.119651778" lon="47.214660672">
  <ele>173.087997</ele>
  <time>2010-07-31T03:52:50Z</time>
</trkpt>
<trkpt lat="53.119663261" lon="47.214874243">
  <ele>173.134003</ele>
  <time>2010-07-31T03:52:51Z</time>
</trkpt>
<trkpt lat="53.119678516" lon="47.215091670">
  <ele>173.175003</ele>
  <time>2010-07-31T03:52:52Z</time>
</trkpt>
<trkpt lat="53.119689915" lon="47.215312952">
  <ele>173.238998</ele>
  <time>2010-07-31T03:52:53Z</time>
</trkpt>
<trkpt lat="53.119709026" lon="47.215541862">
  <ele>173.169998</ele>
  <time>2010-07-31T03:52:54Z</time>
</trkpt>
<trkpt lat="53.119728053" lon="47.215782171">
  <ele>173.082001</ele>
  <time>2010-07-31T03:52:55Z</time>
</trkpt>
<trkpt lat="53.119747164" lon="47.216030108">
  <ele>173.046997</ele>
  <time>2010-07-31T03:52:56Z</time>
</trkpt>
<trkpt lat="53.119770046" lon="47.216274273">
  <ele>172.996002</ele>
  <time>2010-07-31T03:52:57Z</time>
</trkpt>
<trkpt lat="53.119789157" lon="47.216522209">
  <ele>172.746994</ele>
  <time>2010-07-31T03:52:58Z</time>
</trkpt>
<trkpt lat="53.119812040" lon="47.216770146">
  <ele>172.623993</ele>
  <time>2010-07-31T03:52:59Z</time>
</trkpt>
<trkpt lat="53.119834922" lon="47.217021938">
  <ele>172.587006</ele>
  <time>2010-07-31T03:53:00Z</time>
</trkpt>
<trkpt lat="53.119861577" lon="47.217281358">
  <ele>172.686005</ele>
  <time>2010-07-31T03:53:01Z</time>
</trkpt>
<trkpt lat="53.119892087" lon="47.217540778">
  <ele>172.647995</ele>
  <time>2010-07-31T03:53:02Z</time>
</trkpt>
<trkpt lat="53.119918825" lon="47.217796342">
  <ele>172.761002</ele>
  <time>2010-07-31T03:53:03Z</time>
</trkpt>
<trkpt lat="53.119953191" lon="47.218048135">
  <ele>172.557999</ele>
  <time>2010-07-31T03:53:04Z</time>
</trkpt>
<trkpt lat="53.119987473" lon="47.218303699">
  <ele>172.496002</ele>
  <time>2010-07-31T03:53:05Z</time>
</trkpt>
<trkpt lat="53.120025611" lon="47.218566891">
  <ele>172.494995</ele>
  <time>2010-07-31T03:53:06Z</time>
</trkpt>
<trkpt lat="53.120063748" lon="47.218822455">
  <ele>172.542007</ele>
  <time>2010-07-31T03:53:07Z</time>
</trkpt>
<trkpt lat="53.120105742" lon="47.219078103">
  <ele>172.623001</ele>
  <time>2010-07-31T03:53:08Z</time>
</trkpt>
<trkpt lat="53.120147735" lon="47.219333667">
  <ele>172.789993</ele>
  <time>2010-07-31T03:53:09Z</time>
</trkpt>
<trkpt lat="53.120189644" lon="47.219589232">
  <ele>172.945999</ele>
  <time>2010-07-31T03:53:10Z</time>
</trkpt>
<trkpt lat="53.120235410" lon="47.219844796">
  <ele>172.841995</ele>
  <time>2010-07-31T03:53:11Z</time>
</trkpt>
<trkpt lat="53.120285030" lon="47.220096588">
  <ele>172.725006</ele>
  <time>2010-07-31T03:53:12Z</time>
</trkpt>
<trkpt lat="53.120330796" lon="47.220344525">
  <ele>172.431000</ele>
  <time>2010-07-31T03:53:13Z</time>
</trkpt>
<trkpt lat="53.120380417" lon="47.220584834">
  <ele>172.263000</ele>
  <time>2010-07-31T03:53:14Z</time>
</trkpt>
<trkpt lat="53.120433809" lon="47.220828999">
  <ele>172.274994</ele>
  <time>2010-07-31T03:53:15Z</time>
</trkpt>
<trkpt lat="53.120491058" lon="47.221073164">
  <ele>172.082001</ele>
  <time>2010-07-31T03:53:16Z</time>
</trkpt>
<trkpt lat="53.120548222" lon="47.221317329">
  <ele>171.977997</ele>
  <time>2010-07-31T03:53:17Z</time>
</trkpt>
<trkpt lat="53.120605471" lon="47.221557638">
  <ele>171.858994</ele>
  <time>2010-07-31T03:53:18Z</time>
</trkpt>
<trkpt lat="53.120662719" lon="47.221790319">
  <ele>172.037994</ele>
  <time>2010-07-31T03:53:19Z</time>
</trkpt>
<trkpt lat="53.120723739" lon="47.222023001">
  <ele>171.880997</ele>
  <time>2010-07-31T03:53:20Z</time>
</trkpt>
<trkpt lat="53.120784760" lon="47.222251911">
  <ele>171.959000</ele>
  <time>2010-07-31T03:53:21Z</time>
</trkpt>
<trkpt lat="53.120845780" lon="47.222473109">
  <ele>171.994995</ele>
  <time>2010-07-31T03:53:22Z</time>
</trkpt>
<trkpt lat="53.120906800" lon="47.222694391">
  <ele>171.865005</ele>
  <time>2010-07-31T03:53:23Z</time>
</trkpt>
<trkpt lat="53.120971676" lon="47.222908046">
  <ele>171.695007</ele>
  <time>2010-07-31T03:53:24Z</time>
</trkpt>
<trkpt lat="53.121032696" lon="47.223121617">
  <ele>172.050995</ele>
  <time>2010-07-31T03:53:25Z</time>
</trkpt>
<trkpt lat="53.121097572" lon="47.223327644">
  <ele>172.300995</ele>
  <time>2010-07-31T03:53:26Z</time>
</trkpt>
<trkpt lat="53.121158592" lon="47.223529816">
  <ele>172.123001</ele>
  <time>2010-07-31T03:53:27Z</time>
</trkpt>
<trkpt lat="53.121219613" lon="47.223728215">
  <ele>172.048996</ele>
  <time>2010-07-31T03:53:28Z</time>
</trkpt>
<trkpt lat="53.121284489" lon="47.223926531">
  <ele>172.016998</ele>
  <time>2010-07-31T03:53:29Z</time>
</trkpt>
<trkpt lat="53.121345509" lon="47.224117303">
  <ele>172.070999</ele>
  <time>2010-07-31T03:53:30Z</time>
</trkpt>
<trkpt lat="53.121406529" lon="47.224311847">
  <ele>172.151993</ele>
  <time>2010-07-31T03:53:31Z</time>
</trkpt>
<trkpt lat="53.121467549" lon="47.224502536">
  <ele>172.166000</ele>
  <time>2010-07-31T03:53:32Z</time>
</trkpt>
<trkpt lat="53.121524798" lon="47.224697080">
  <ele>172.136993</ele>
  <time>2010-07-31T03:53:33Z</time>
</trkpt>
<trkpt lat="53.121585818" lon="47.224887852">
  <ele>172.119003</ele>
  <time>2010-07-31T03:53:34Z</time>
</trkpt>
<trkpt lat="53.121646922" lon="47.225074768">
  <ele>172.210999</ele>
  <time>2010-07-31T03:53:35Z</time>
</trkpt>
<trkpt lat="53.121704087" lon="47.225261685">
  <ele>172.289001</ele>
  <time>2010-07-31T03:53:36Z</time>
</trkpt>
<trkpt lat="53.121761335" lon="47.225444829">
  <ele>172.207993</ele>
  <time>2010-07-31T03:53:37Z</time>
</trkpt>
<trkpt lat="53.121818583" lon="47.225627890">
  <ele>172.276001</ele>
  <time>2010-07-31T03:53:38Z</time>
</trkpt>
<trkpt lat="53.121879604" lon="47.225807179">
  <ele>172.240005</ele>
  <time>2010-07-31T03:53:39Z</time>
</trkpt>
<trkpt lat="53.121936768" lon="47.225986468">
  <ele>172.078003</ele>
  <time>2010-07-31T03:53:40Z</time>
</trkpt>
<trkpt lat="53.121997872" lon="47.226165757">
  <ele>171.798004</ele>
  <time>2010-07-31T03:53:41Z</time>
</trkpt>
<trkpt lat="53.122058893" lon="47.226352673">
  <ele>171.587997</ele>
  <time>2010-07-31T03:53:42Z</time>
</trkpt>
<trkpt lat="53.122119913" lon="47.226547217">
  <ele>171.356003</ele>
  <time>2010-07-31T03:53:43Z</time>
</trkpt>
<trkpt lat="53.122184789" lon="47.226741761">
  <ele>171.076004</ele>
  <time>2010-07-31T03:53:44Z</time>
</trkpt>
<trkpt lat="53.122245809" lon="47.226936305">
  <ele>170.891998</ele>
  <time>2010-07-31T03:53:45Z</time>
</trkpt>
<trkpt lat="53.122310601" lon="47.227134705">
  <ele>170.789993</ele>
  <time>2010-07-31T03:53:46Z</time>
</trkpt>
<trkpt lat="53.122375477" lon="47.227336876">
  <ele>170.554001</ele>
  <time>2010-07-31T03:53:47Z</time>
</trkpt>
<trkpt lat="53.122440353" lon="47.227542903">
  <ele>170.257996</ele>
  <time>2010-07-31T03:53:48Z</time>
</trkpt>
<trkpt lat="53.122509001" lon="47.227752702">
  <ele>170.139008</ele>
  <time>2010-07-31T03:53:49Z</time>
</trkpt>
<trkpt lat="53.122577649" lon="47.227970129">
  <ele>169.845993</ele>
  <time>2010-07-31T03:53:50Z</time>
</trkpt>
<trkpt lat="53.122646296" lon="47.228199039">
  <ele>169.651993</ele>
  <time>2010-07-31T03:53:51Z</time>
</trkpt>
<trkpt lat="53.122718800" lon="47.228427865">
  <ele>169.436996</ele>
  <time>2010-07-31T03:53:52Z</time>
</trkpt>
<trkpt lat="53.122795075" lon="47.228660546">
  <ele>169.238007</ele>
  <time>2010-07-31T03:53:53Z</time>
</trkpt>
<trkpt lat="53.122867579" lon="47.228889456">
  <ele>169.315994</ele>
  <time>2010-07-31T03:53:54Z</time>
</trkpt>
<trkpt lat="53.122940082" lon="47.229118366">
  <ele>169.166000</ele>
  <time>2010-07-31T03:53:55Z</time>
</trkpt>
<trkpt lat="53.123020213" lon="47.229354819">
  <ele>168.895996</ele>
  <time>2010-07-31T03:53:56Z</time>
</trkpt>
<trkpt lat="53.123096488" lon="47.229598984">
  <ele>168.899002</ele>
  <time>2010-07-31T03:53:57Z</time>
</trkpt>
<trkpt lat="53.123172764" lon="47.229850776">
  <ele>168.942001</ele>
  <time>2010-07-31T03:53:58Z</time>
</trkpt>
<trkpt lat="53.123256667" lon="47.230110196">
  <ele>169.011993</ele>
  <time>2010-07-31T03:53:59Z</time>
</trkpt>
<trkpt lat="53.123348197" lon="47.230384788">
  <ele>168.964005</ele>
  <time>2010-07-31T03:54:00Z</time>
</trkpt>
<trkpt lat="53.123443583" lon="47.230663318">
  <ele>168.977997</ele>
  <time>2010-07-31T03:54:01Z</time>
</trkpt>
<trkpt lat="53.123546597" lon="47.230953248">
  <ele>168.964996</ele>
  <time>2010-07-31T03:54:02Z</time>
</trkpt>
<trkpt lat="53.123645755" lon="47.231254578">
  <ele>168.744995</ele>
  <time>2010-07-31T03:54:03Z</time>
</trkpt>
<trkpt lat="53.123744996" lon="47.231563535">
  <ele>168.852005</ele>
  <time>2010-07-31T03:54:04Z</time>
</trkpt>
<trkpt lat="53.123840299" lon="47.231883975">
  <ele>168.589996</ele>
  <time>2010-07-31T03:54:05Z</time>
</trkpt>
<trkpt lat="53.123943312" lon="47.232208271">
  <ele>168.408005</ele>
  <time>2010-07-31T03:54:06Z</time>
</trkpt>
<trkpt lat="53.124042470" lon="47.232540110">
  <ele>168.371994</ele>
  <time>2010-07-31T03:54:07Z</time>
</trkpt>
<trkpt lat="53.124145484" lon="47.232875805">
  <ele>168.207993</ele>
  <time>2010-07-31T03:54:08Z</time>
</trkpt>
<trkpt lat="53.124252353" lon="47.233215356">
  <ele>167.947006</ele>
  <time>2010-07-31T03:54:09Z</time>
</trkpt>
<trkpt lat="53.124355283" lon="47.233554823">
  <ele>167.996994</ele>
  <time>2010-07-31T03:54:10Z</time>
</trkpt>
<trkpt lat="53.124458296" lon="47.233886747">
  <ele>167.774002</ele>
  <time>2010-07-31T03:54:11Z</time>
</trkpt>
<trkpt lat="53.124549827" lon="47.234203331">
  <ele>167.667999</ele>
  <time>2010-07-31T03:54:12Z</time>
</trkpt>
<trkpt lat="53.124626186" lon="47.234478006">
  <ele>167.940994</ele>
  <time>2010-07-31T03:54:13Z</time>
</trkpt>
<trkpt lat="53.124694834" lon="47.234710688">
  <ele>167.781998</ele>
  <time>2010-07-31T03:54:14Z</time>
</trkpt>
<trkpt lat="53.124763481" lon="47.234928114">
  <ele>167.929993</ele>
  <time>2010-07-31T03:54:15Z</time>
</trkpt>
<trkpt lat="53.124832129" lon="47.235145541">
  <ele>167.695007</ele>
  <time>2010-07-31T03:54:16Z</time>
</trkpt>
<trkpt lat="53.124908488" lon="47.235370595">
  <ele>167.429993</ele>
  <time>2010-07-31T03:54:17Z</time>
</trkpt>
<trkpt lat="53.124992391" lon="47.235607132">
  <ele>167.151993</ele>
  <time>2010-07-31T03:54:18Z</time>
</trkpt>
<trkpt lat="53.125076294" lon="47.235866552">
  <ele>166.835007</ele>
  <time>2010-07-31T03:54:19Z</time>
</trkpt>
<trkpt lat="53.125160197" lon="47.236144999">
  <ele>167.095001</ele>
  <time>2010-07-31T03:54:20Z</time>
</trkpt>
<trkpt lat="53.125247955" lon="47.236442557">
  <ele>167.087006</ele>
  <time>2010-07-31T03:54:21Z</time>
</trkpt>
<trkpt lat="53.125331858" lon="47.236747742">
  <ele>167.039993</ele>
  <time>2010-07-31T03:54:22Z</time>
</trkpt>
<trkpt lat="53.125423472" lon="47.237060554">
  <ele>166.862000</ele>
  <time>2010-07-31T03:54:23Z</time>
</trkpt>
<trkpt lat="53.125522630" lon="47.237384766">
  <ele>166.576996</ele>
  <time>2010-07-31T03:54:24Z</time>
</trkpt>
<trkpt lat="53.125629416" lon="47.237720462">
  <ele>166.207001</ele>
  <time>2010-07-31T03:54:25Z</time>
</trkpt>
<trkpt lat="53.125740057" lon="47.238067640">
  <ele>165.376999</ele>
  <time>2010-07-31T03:54:26Z</time>
</trkpt>
<trkpt lat="53.125854470" lon="47.238418590">
  <ele>164.535004</ele>
  <time>2010-07-31T03:54:27Z</time>
</trkpt>
<trkpt lat="53.125961339" lon="47.238773312">
  <ele>163.619003</ele>
  <time>2010-07-31T03:54:28Z</time>
</trkpt>
<trkpt lat="53.126071896" lon="47.239131890">
  <ele>163.044998</ele>
  <time>2010-07-31T03:54:29Z</time>
</trkpt>
<trkpt lat="53.126182538" lon="47.239490468">
  <ele>162.442001</ele>
  <time>2010-07-31T03:54:30Z</time>
</trkpt>
<trkpt lat="53.126293179" lon="47.239845274">
  <ele>161.893997</ele>
  <time>2010-07-31T03:54:31Z</time>
</trkpt>
<trkpt lat="53.126403820" lon="47.240196224">
  <ele>161.386993</ele>
  <time>2010-07-31T03:54:32Z</time>
</trkpt>
<trkpt lat="53.126510605" lon="47.240547175">
  <ele>160.882996</ele>
  <time>2010-07-31T03:54:33Z</time>
</trkpt>
<trkpt lat="53.126621246" lon="47.240894353">
  <ele>160.339996</ele>
  <time>2010-07-31T03:54:34Z</time>
</trkpt>
<trkpt lat="53.126728032" lon="47.241237676">
  <ele>159.636002</ele>
  <time>2010-07-31T03:54:35Z</time>
</trkpt>
<trkpt lat="53.126834901" lon="47.241584770">
  <ele>159.087006</ele>
  <time>2010-07-31T03:54:36Z</time>
</trkpt>
<trkpt lat="53.126941686" lon="47.241931949">
  <ele>158.589996</ele>
  <time>2010-07-31T03:54:37Z</time>
</trkpt>
<trkpt lat="53.127056099" lon="47.242279043">
  <ele>157.893997</ele>
  <time>2010-07-31T03:54:38Z</time>
</trkpt>
<trkpt lat="53.127166741" lon="47.242629994">
  <ele>157.369995</ele>
  <time>2010-07-31T03:54:39Z</time>
</trkpt>
<trkpt lat="53.127273526" lon="47.242977172">
  <ele>156.817993</ele>
  <time>2010-07-31T03:54:40Z</time>
</trkpt>
<trkpt lat="53.127376540" lon="47.243320495">
  <ele>156.276001</ele>
  <time>2010-07-31T03:54:41Z</time>
</trkpt>
<trkpt lat="53.127483409" lon="47.243659962">
  <ele>155.742004</ele>
  <time>2010-07-31T03:54:42Z</time>
</trkpt>
<trkpt lat="53.127586339" lon="47.244003285">
  <ele>155.292007</ele>
  <time>2010-07-31T03:54:43Z</time>
</trkpt>
<trkpt lat="53.127693208" lon="47.244342836">
  <ele>154.798996</ele>
  <time>2010-07-31T03:54:44Z</time>
</trkpt>
<trkpt lat="53.127796138" lon="47.244678531">
  <ele>154.164001</ele>
  <time>2010-07-31T03:54:45Z</time>
</trkpt>
<trkpt lat="53.127899151" lon="47.245014226">
  <ele>153.298996</ele>
  <time>2010-07-31T03:54:46Z</time>
</trkpt>
<trkpt lat="53.128002165" lon="47.245349921">
  <ele>152.492004</ele>
  <time>2010-07-31T03:54:47Z</time>
</trkpt>
<trkpt lat="53.128105178" lon="47.245681761">
  <ele>151.636993</ele>
  <time>2010-07-31T03:54:48Z</time>
</trkpt>
<trkpt lat="53.128211964" lon="47.246021312">
  <ele>150.800995</ele>
  <time>2010-07-31T03:54:49Z</time>
</trkpt>
<trkpt lat="53.128318749" lon="47.246364634">
  <ele>150.123993</ele>
  <time>2010-07-31T03:54:50Z</time>
</trkpt>
<trkpt lat="53.128425619" lon="47.246711729">
  <ele>149.341003</ele>
  <time>2010-07-31T03:54:51Z</time>
</trkpt>
<trkpt lat="53.128532404" lon="47.247058908">
  <ele>148.636002</ele>
  <time>2010-07-31T03:54:52Z</time>
</trkpt>
<trkpt lat="53.128639190" lon="47.247409858">
  <ele>148.115997</ele>
  <time>2010-07-31T03:54:53Z</time>
</trkpt>
<trkpt lat="53.128749831" lon="47.247768436">
  <ele>147.671005</ele>
  <time>2010-07-31T03:54:54Z</time>
</trkpt>
<trkpt lat="53.128860472" lon="47.248130785">
  <ele>147.061005</ele>
  <time>2010-07-31T03:54:55Z</time>
</trkpt>
<trkpt lat="53.128974885" lon="47.248493219">
  <ele>146.248993</ele>
  <time>2010-07-31T03:54:56Z</time>
</trkpt>
<trkpt lat="53.129085526" lon="47.248851797">
  <ele>145.574005</ele>
  <time>2010-07-31T03:54:57Z</time>
</trkpt>
<trkpt lat="53.129200023" lon="47.249210374">
  <ele>144.945007</ele>
  <time>2010-07-31T03:54:58Z</time>
</trkpt>
<trkpt lat="53.129310580" lon="47.249572724">
  <ele>144.386002</ele>
  <time>2010-07-31T03:54:59Z</time>
</trkpt>
<trkpt lat="53.129417449" lon="47.249931302">
  <ele>143.774994</ele>
  <time>2010-07-31T03:55:00Z</time>
</trkpt>
<trkpt lat="53.129520379" lon="47.250289880">
  <ele>143.126007</ele>
  <time>2010-07-31T03:55:01Z</time>
</trkpt>
<trkpt lat="53.129631020" lon="47.250640830">
  <ele>142.347000</ele>
  <time>2010-07-31T03:55:02Z</time>
</trkpt>
<trkpt lat="53.129741661" lon="47.250995636">
  <ele>141.729004</ele>
  <time>2010-07-31T03:55:03Z</time>
</trkpt>
<trkpt lat="53.129856074" lon="47.251354214">
  <ele>141.225998</ele>
  <time>2010-07-31T03:55:04Z</time>
</trkpt>
<trkpt lat="53.129966715" lon="47.251709020">
  <ele>140.904007</ele>
  <time>2010-07-31T03:55:05Z</time>
</trkpt>
<trkpt lat="53.130077356" lon="47.252059970">
  <ele>140.576004</ele>
  <time>2010-07-31T03:55:06Z</time>
</trkpt>
<trkpt lat="53.130187998" lon="47.252418548">
  <ele>140.360001</ele>
  <time>2010-07-31T03:55:07Z</time>
</trkpt>
<trkpt lat="53.130302411" lon="47.252773270">
  <ele>140.220993</ele>
  <time>2010-07-31T03:55:08Z</time>
</trkpt>
<trkpt lat="53.130413052" lon="47.253131848">
  <ele>140.539993</ele>
  <time>2010-07-31T03:55:09Z</time>
</trkpt>
<trkpt lat="53.130519837" lon="47.253479026">
  <ele>140.826004</ele>
  <time>2010-07-31T03:55:10Z</time>
</trkpt>
<trkpt lat="53.130626706" lon="47.253826121">
  <ele>140.828995</ele>
  <time>2010-07-31T03:55:11Z</time>
</trkpt>
<trkpt lat="53.130733492" lon="47.254161816">
  <ele>141.035995</ele>
  <time>2010-07-31T03:55:12Z</time>
</trkpt>
<trkpt lat="53.130832650" lon="47.254501367">
  <ele>141.983994</ele>
  <time>2010-07-31T03:55:13Z</time>
</trkpt>
<trkpt lat="53.130931892" lon="47.254837062">
  <ele>142.539001</ele>
  <time>2010-07-31T03:55:14Z</time>
</trkpt>
<trkpt lat="53.131027194" lon="47.255176529">
  <ele>143.087997</ele>
  <time>2010-07-31T03:55:15Z</time>
</trkpt>
<trkpt lat="53.131118808" lon="47.255508453">
  <ele>143.852997</ele>
  <time>2010-07-31T03:55:16Z</time>
</trkpt>
<trkpt lat="53.131202711" lon="47.255836520">
  <ele>144.792999</ele>
  <time>2010-07-31T03:55:17Z</time>
</trkpt>
<trkpt lat="53.131278986" lon="47.256156961">
  <ele>145.406998</ele>
  <time>2010-07-31T03:55:18Z</time>
</trkpt>
<trkpt lat="53.131351490" lon="47.256473545">
  <ele>146.145004</ele>
  <time>2010-07-31T03:55:19Z</time>
</trkpt>
<trkpt lat="53.131416282" lon="47.256790129">
  <ele>146.927002</ele>
  <time>2010-07-31T03:55:20Z</time>
</trkpt>
<trkpt lat="53.131477386" lon="47.257099170">
  <ele>147.647003</ele>
  <time>2010-07-31T03:55:21Z</time>
</trkpt>
<trkpt lat="53.131538406" lon="47.257404355">
  <ele>148.192001</ele>
  <time>2010-07-31T03:55:22Z</time>
</trkpt>
<trkpt lat="53.131599426" lon="47.257709540">
  <ele>148.843002</ele>
  <time>2010-07-31T03:55:23Z</time>
</trkpt>
<trkpt lat="53.131656675" lon="47.258007014">
  <ele>149.488007</ele>
  <time>2010-07-31T03:55:24Z</time>
</trkpt>
<trkpt lat="53.131717695" lon="47.258293172">
  <ele>149.766006</ele>
  <time>2010-07-31T03:55:25Z</time>
</trkpt>
<trkpt lat="53.131774943" lon="47.258583102">
  <ele>150.367996</ele>
  <time>2010-07-31T03:55:26Z</time>
</trkpt>
<trkpt lat="53.131832108" lon="47.258876804">
  <ele>150.630005</ele>
  <time>2010-07-31T03:55:27Z</time>
</trkpt>
<trkpt lat="53.131889356" lon="47.259166734">
  <ele>150.878998</ele>
  <time>2010-07-31T03:55:28Z</time>
</trkpt>
<trkpt lat="53.131942749" lon="47.259464292">
  <ele>151.203995</ele>
  <time>2010-07-31T03:55:29Z</time>
</trkpt>
<trkpt lat="53.131992370" lon="47.259750366">
  <ele>151.335007</ele>
  <time>2010-07-31T03:55:30Z</time>
</trkpt>
<trkpt lat="53.132038135" lon="47.260036441">
  <ele>151.475998</ele>
  <time>2010-07-31T03:55:31Z</time>
</trkpt>
<trkpt lat="53.132080045" lon="47.260322599">
  <ele>151.425995</ele>
  <time>2010-07-31T03:55:32Z</time>
</trkpt>
<trkpt lat="53.132118266" lon="47.260616301">
  <ele>151.059006</ele>
  <time>2010-07-31T03:55:33Z</time>
</trkpt>
<trkpt lat="53.132156404" lon="47.260921486">
  <ele>150.835007</ele>
  <time>2010-07-31T03:55:34Z</time>
</trkpt>
<trkpt lat="53.132190686" lon="47.261222815">
  <ele>150.602997</ele>
  <time>2010-07-31T03:55:35Z</time>
</trkpt>
<trkpt lat="53.132225052" lon="47.261524228">
  <ele>150.274002</ele>
  <time>2010-07-31T03:55:36Z</time>
</trkpt>
<trkpt lat="53.132255562" lon="47.261825558">
  <ele>150.091003</ele>
  <time>2010-07-31T03:55:37Z</time>
</trkpt>
<trkpt lat="53.132286072" lon="47.262126887">
  <ele>149.957993</ele>
  <time>2010-07-31T03:55:38Z</time>
</trkpt>
<trkpt lat="53.132316582" lon="47.262435928">
  <ele>149.634003</ele>
  <time>2010-07-31T03:55:39Z</time>
</trkpt>
<trkpt lat="53.132343320" lon="47.262748741">
  <ele>149.524002</ele>
  <time>2010-07-31T03:55:40Z</time>
</trkpt>
<trkpt lat="53.132369975" lon="47.263061553">
  <ele>149.220001</ele>
  <time>2010-07-31T03:55:41Z</time>
</trkpt>
<trkpt lat="53.132392857" lon="47.263374366">
  <ele>148.916000</ele>
  <time>2010-07-31T03:55:42Z</time>
</trkpt>
<trkpt lat="53.132419595" lon="47.263690950">
  <ele>148.462006</ele>
  <time>2010-07-31T03:55:43Z</time>
</trkpt>
<trkpt lat="53.132442478" lon="47.264019018">
  <ele>148.014999</ele>
  <time>2010-07-31T03:55:44Z</time>
</trkpt>
<trkpt lat="53.132465361" lon="47.264343230">
  <ele>147.520996</ele>
  <time>2010-07-31T03:55:45Z</time>
</trkpt>
<trkpt lat="53.132488243" lon="47.264671298">
  <ele>146.826996</ele>
  <time>2010-07-31T03:55:46Z</time>
</trkpt>
<trkpt lat="53.132507354" lon="47.264999365">
  <ele>146.287003</ele>
  <time>2010-07-31T03:55:47Z</time>
</trkpt>
<trkpt lat="53.132526381" lon="47.265331289">
  <ele>145.776001</ele>
  <time>2010-07-31T03:55:48Z</time>
</trkpt>
<trkpt lat="53.132549264" lon="47.265670756">
  <ele>145.712006</ele>
  <time>2010-07-31T03:55:49Z</time>
</trkpt>
<trkpt lat="53.132572146" lon="47.266014079">
  <ele>145.541000</ele>
  <time>2010-07-31T03:55:50Z</time>
</trkpt>
<trkpt lat="53.132591257" lon="47.266357401">
  <ele>145.347000</ele>
  <time>2010-07-31T03:55:51Z</time>
</trkpt>
<trkpt lat="53.132614139" lon="47.266708352">
  <ele>145.255997</ele>
  <time>2010-07-31T03:55:52Z</time>
</trkpt>
<trkpt lat="53.132633250" lon="47.267063158">
  <ele>145.673996</ele>
  <time>2010-07-31T03:55:53Z</time>
</trkpt>
<trkpt lat="53.132656133" lon="47.267421735">
  <ele>145.947006</ele>
  <time>2010-07-31T03:55:54Z</time>
</trkpt>
<trkpt lat="53.132675160" lon="47.267780313">
  <ele>146.304001</ele>
  <time>2010-07-31T03:55:55Z</time>
</trkpt>
<trkpt lat="53.132698042" lon="47.268138891">
  <ele>146.514008</ele>
  <time>2010-07-31T03:55:56Z</time>
</trkpt>
<trkpt lat="53.132717153" lon="47.268501241">
  <ele>146.869995</ele>
  <time>2010-07-31T03:55:57Z</time>
</trkpt>
<trkpt lat="53.132740036" lon="47.268863674">
  <ele>147.268005</ele>
  <time>2010-07-31T03:55:58Z</time>
</trkpt>
<trkpt lat="53.132759063" lon="47.269229880">
  <ele>147.669998</ele>
  <time>2010-07-31T03:55:59Z</time>
</trkpt>
<trkpt lat="53.132778173" lon="47.269596085">
  <ele>148.410995</ele>
  <time>2010-07-31T03:56:00Z</time>
</trkpt>
<trkpt lat="53.132797200" lon="47.269954663">
  <ele>148.973999</ele>
  <time>2010-07-31T03:56:01Z</time>
</trkpt>
<trkpt lat="53.132816311" lon="47.270309469">
  <ele>149.557007</ele>
  <time>2010-07-31T03:56:02Z</time>
</trkpt>
<trkpt lat="53.132831566" lon="47.270668047">
  <ele>150.117004</ele>
  <time>2010-07-31T03:56:03Z</time>
</trkpt>
<trkpt lat="53.132854449" lon="47.271018997">
  <ele>150.613998</ele>
  <time>2010-07-31T03:56:04Z</time>
</trkpt>
<trkpt lat="53.132877331" lon="47.271373719">
  <ele>151.061996</ele>
  <time>2010-07-31T03:56:05Z</time>
</trkpt>
<trkpt lat="53.132900214" lon="47.271732297">
  <ele>151.378998</ele>
  <time>2010-07-31T03:56:06Z</time>
</trkpt>
<trkpt lat="53.132923096" lon="47.272090875">
  <ele>151.569000</ele>
  <time>2010-07-31T03:56:07Z</time>
</trkpt>
<trkpt lat="53.132942207" lon="47.272441825">
  <ele>151.787994</ele>
  <time>2010-07-31T03:56:08Z</time>
</trkpt>
<trkpt lat="53.132961234" lon="47.272789003">
  <ele>151.912003</ele>
  <time>2010-07-31T03:56:09Z</time>
</trkpt>
<trkpt lat="53.132980345" lon="47.273128470">
  <ele>152.028000</ele>
  <time>2010-07-31T03:56:10Z</time>
</trkpt>
<trkpt lat="53.132999456" lon="47.273460394">
  <ele>152.199997</ele>
  <time>2010-07-31T03:56:11Z</time>
</trkpt>
<trkpt lat="53.133018482" lon="47.273784606">
  <ele>152.184998</ele>
  <time>2010-07-31T03:56:12Z</time>
</trkpt>
<trkpt lat="53.133033738" lon="47.274108902">
  <ele>151.899994</ele>
  <time>2010-07-31T03:56:13Z</time>
</trkpt>
<trkpt lat="53.133048993" lon="47.274440741">
  <ele>151.688995</ele>
  <time>2010-07-31T03:56:14Z</time>
</trkpt>
<trkpt lat="53.133064248" lon="47.274768809">
  <ele>151.531998</ele>
  <time>2010-07-31T03:56:15Z</time>
</trkpt>
<trkpt lat="53.133079503" lon="47.275096877">
  <ele>151.184006</ele>
  <time>2010-07-31T03:56:16Z</time>
</trkpt>
<trkpt lat="53.133094758" lon="47.275432572">
  <ele>150.945999</ele>
  <time>2010-07-31T03:56:17Z</time>
</trkpt>
<trkpt lat="53.133110013" lon="47.275768267">
  <ele>150.867996</ele>
  <time>2010-07-31T03:56:18Z</time>
</trkpt>
<trkpt lat="53.133125268" lon="47.276111590">
  <ele>150.710999</ele>
  <time>2010-07-31T03:56:19Z</time>
</trkpt>
<trkpt lat="53.133140523" lon="47.276458768">
  <ele>150.492004</ele>
  <time>2010-07-31T03:56:20Z</time>
</trkpt>
<trkpt lat="53.133159634" lon="47.276813490">
  <ele>150.302002</ele>
  <time>2010-07-31T03:56:21Z</time>
</trkpt>
<trkpt lat="53.133178744" lon="47.277175924">
  <ele>149.800995</ele>
  <time>2010-07-31T03:56:22Z</time>
</trkpt>
<trkpt lat="53.133197771" lon="47.277545901">
  <ele>149.425003</ele>
  <time>2010-07-31T03:56:23Z</time>
</trkpt>
<trkpt lat="53.133216882" lon="47.277919734">
  <ele>149.108994</ele>
  <time>2010-07-31T03:56:24Z</time>
</trkpt>
<trkpt lat="53.133232137" lon="47.278301278">
  <ele>148.908997</ele>
  <time>2010-07-31T03:56:25Z</time>
</trkpt>
<trkpt lat="53.133247392" lon="47.278686510">
  <ele>148.639008</ele>
  <time>2010-07-31T03:56:26Z</time>
</trkpt>
<trkpt lat="53.133262647" lon="47.279075598">
  <ele>148.468994</ele>
  <time>2010-07-31T03:56:27Z</time>
</trkpt>
<trkpt lat="53.133281674" lon="47.279460914">
  <ele>148.309006</ele>
  <time>2010-07-31T03:56:28Z</time>
</trkpt>
<trkpt lat="53.133296929" lon="47.279842375">
  <ele>148.386002</ele>
  <time>2010-07-31T03:56:29Z</time>
</trkpt>
<trkpt lat="53.133312184" lon="47.280216208">
  <ele>148.141006</ele>
  <time>2010-07-31T03:56:30Z</time>
</trkpt>
<trkpt lat="53.133327523" lon="47.280582413">
  <ele>147.994995</ele>
  <time>2010-07-31T03:56:31Z</time>
</trkpt>
<trkpt lat="53.133346550" lon="47.280948618">
  <ele>147.867004</ele>
  <time>2010-07-31T03:56:32Z</time>
</trkpt>
<trkpt lat="53.133361805" lon="47.281318679">
  <ele>147.608002</ele>
  <time>2010-07-31T03:56:33Z</time>
</trkpt>
<trkpt lat="53.133377060" lon="47.281692512">
  <ele>147.197998</ele>
  <time>2010-07-31T03:56:34Z</time>
</trkpt>
<trkpt lat="53.133388544" lon="47.282066345">
  <ele>146.634995</ele>
  <time>2010-07-31T03:56:35Z</time>
</trkpt>
<trkpt lat="53.133403799" lon="47.282428779">
  <ele>146.220001</ele>
  <time>2010-07-31T03:56:36Z</time>
</trkpt>
<trkpt lat="53.133419054" lon="47.282791128">
  <ele>145.731995</ele>
  <time>2010-07-31T03:56:37Z</time>
</trkpt>
<trkpt lat="53.133438081" lon="47.283149706">
  <ele>144.811996</ele>
  <time>2010-07-31T03:56:38Z</time>
</trkpt>
<trkpt lat="53.133453336" lon="47.283508284">
  <ele>143.981003</ele>
  <time>2010-07-31T03:56:39Z</time>
</trkpt>
<trkpt lat="53.133468591" lon="47.283863090">
  <ele>143.309006</ele>
  <time>2010-07-31T03:56:40Z</time>
</trkpt>
<trkpt lat="53.133483846" lon="47.284214040">
  <ele>142.718002</ele>
  <time>2010-07-31T03:56:41Z</time>
</trkpt>
<trkpt lat="53.133495329" lon="47.284568762">
  <ele>142.209000</ele>
  <time>2010-07-31T03:56:42Z</time>
</trkpt>
<trkpt lat="53.133510584" lon="47.284927340">
  <ele>141.565002</ele>
  <time>2010-07-31T03:56:43Z</time>
</trkpt>
<trkpt lat="53.133525839" lon="47.285289774">
  <ele>141.378998</ele>
  <time>2010-07-31T03:56:44Z</time>
</trkpt>
<trkpt lat="53.133544950" lon="47.285655979">
  <ele>141.145004</ele>
  <time>2010-07-31T03:56:45Z</time>
</trkpt>
<trkpt lat="53.133560205" lon="47.286033668">
  <ele>141.134003</ele>
  <time>2010-07-31T03:56:46Z</time>
</trkpt>
<trkpt lat="53.133575460" lon="47.286411272">
  <ele>141.182007</ele>
  <time>2010-07-31T03:56:47Z</time>
</trkpt>
<trkpt lat="53.133594487" lon="47.286781333">
  <ele>141.322998</ele>
  <time>2010-07-31T03:56:48Z</time>
</trkpt>
<trkpt lat="53.133609742" lon="47.287143683">
  <ele>141.388000</ele>
  <time>2010-07-31T03:56:49Z</time>
</trkpt>
<trkpt lat="53.133621225" lon="47.287509888">
  <ele>141.580002</ele>
  <time>2010-07-31T03:56:50Z</time>
</trkpt>
<trkpt lat="53.133636480" lon="47.287868466">
  <ele>141.654999</ele>
  <time>2010-07-31T03:56:51Z</time>
</trkpt>
<trkpt lat="53.133651735" lon="47.288219417">
  <ele>141.639999</ele>
  <time>2010-07-31T03:56:52Z</time>
</trkpt>
<trkpt lat="53.133666990" lon="47.288566595">
  <ele>141.826996</ele>
  <time>2010-07-31T03:56:53Z</time>
</trkpt>
<trkpt lat="53.133678474" lon="47.288906062">
  <ele>142.018997</ele>
  <time>2010-07-31T03:56:54Z</time>
</trkpt>
<trkpt lat="53.133693729" lon="47.289237985">
  <ele>141.919998</ele>
  <time>2010-07-31T03:56:55Z</time>
</trkpt>
<trkpt lat="53.133712756" lon="47.289569825">
  <ele>141.981995</ele>
  <time>2010-07-31T03:56:56Z</time>
</trkpt>
<trkpt lat="53.133728011" lon="47.289897893">
  <ele>141.979996</ele>
  <time>2010-07-31T03:56:57Z</time>
</trkpt>
<trkpt lat="53.133743266" lon="47.290229816">
  <ele>142.026001</ele>
  <time>2010-07-31T03:56:58Z</time>
</trkpt>
<trkpt lat="53.133758521" lon="47.290557884">
  <ele>142.076004</ele>
  <time>2010-07-31T03:56:59Z</time>
</trkpt>
<trkpt lat="53.133770004" lon="47.290882096">
  <ele>142.179993</ele>
  <time>2010-07-31T03:57:00Z</time>
</trkpt>
<trkpt lat="53.133785259" lon="47.291206392">
  <ele>142.335007</ele>
  <time>2010-07-31T03:57:01Z</time>
</trkpt>
<trkpt lat="53.133804286" lon="47.291534459">
  <ele>142.487000</ele>
  <time>2010-07-31T03:57:02Z</time>
</trkpt>
<trkpt lat="53.133819541" lon="47.291862527">
  <ele>142.438995</ele>
  <time>2010-07-31T03:57:03Z</time>
</trkpt>
<trkpt lat="53.133831024" lon="47.292194366">
  <ele>142.572006</ele>
  <time>2010-07-31T03:57:04Z</time>
</trkpt>
<trkpt lat="53.133842507" lon="47.292530062">
  <ele>142.904999</ele>
  <time>2010-07-31T03:57:05Z</time>
</trkpt>
<trkpt lat="53.133853907" lon="47.292873384">
  <ele>143.255997</ele>
  <time>2010-07-31T03:57:06Z</time>
</trkpt>
<trkpt lat="53.133861534" lon="47.293216707">
  <ele>143.628998</ele>
  <time>2010-07-31T03:57:07Z</time>
</trkpt>
<trkpt lat="53.133861534" lon="47.293560030">
  <ele>144.024994</ele>
  <time>2010-07-31T03:57:08Z</time>
</trkpt>
<trkpt lat="53.133861534" lon="47.293903353">
  <ele>144.292999</ele>
  <time>2010-07-31T03:57:09Z</time>
</trkpt>
<trkpt lat="53.133853907" lon="47.294246675">
  <ele>144.669006</ele>
  <time>2010-07-31T03:57:10Z</time>
</trkpt>
<trkpt lat="53.133842507" lon="47.294601481">
  <ele>145.070999</ele>
  <time>2010-07-31T03:57:11Z</time>
</trkpt>
<trkpt lat="53.133823397" lon="47.294960059">
  <ele>145.084000</ele>
  <time>2010-07-31T03:57:12Z</time>
</trkpt>
<trkpt lat="53.133796658" lon="47.295314781">
  <ele>145.132996</ele>
  <time>2010-07-31T03:57:13Z</time>
</trkpt>
<trkpt lat="53.133770004" lon="47.295665732">
  <ele>146.085007</ele>
  <time>2010-07-31T03:57:14Z</time>
</trkpt>
<trkpt lat="53.133743266" lon="47.296012910">
  <ele>147.014999</ele>
  <time>2010-07-31T03:57:15Z</time>
</trkpt>
<trkpt lat="53.133720383" lon="47.296360005">
  <ele>148.084000</ele>
  <time>2010-07-31T03:57:16Z</time>
</trkpt>
<trkpt lat="53.133693729" lon="47.296703327">
  <ele>149.278000</ele>
  <time>2010-07-31T03:57:17Z</time>
</trkpt>
<trkpt lat="53.133666990" lon="47.297054278">
  <ele>150.334000</ele>
  <time>2010-07-31T03:57:18Z</time>
</trkpt>
<trkpt lat="53.133640252" lon="47.297405228">
  <ele>151.235001</ele>
  <time>2010-07-31T03:57:19Z</time>
</trkpt>
<trkpt lat="53.133613598" lon="47.297760034">
  <ele>152.139999</ele>
  <time>2010-07-31T03:57:20Z</time>
</trkpt>
<trkpt lat="53.133586859" lon="47.298110984">
  <ele>152.772003</ele>
  <time>2010-07-31T03:57:21Z</time>
</trkpt>
<trkpt lat="53.133560205" lon="47.298454307">
  <ele>153.412003</ele>
  <time>2010-07-31T03:57:22Z</time>
</trkpt>
<trkpt lat="53.133533467" lon="47.298790002">
  <ele>153.996994</ele>
  <time>2010-07-31T03:57:23Z</time>
</trkpt>
<trkpt lat="53.133510584" lon="47.299114214">
  <ele>154.647995</ele>
  <time>2010-07-31T03:57:24Z</time>
</trkpt>
<trkpt lat="53.133483846" lon="47.299438510">
  <ele>155.216995</ele>
  <time>2010-07-31T03:57:25Z</time>
</trkpt>
<trkpt lat="53.133457191" lon="47.299762722">
  <ele>155.778000</ele>
  <time>2010-07-31T03:57:26Z</time>
</trkpt>
<trkpt lat="53.133430453" lon="47.300083162">
  <ele>156.367996</ele>
  <time>2010-07-31T03:57:27Z</time>
</trkpt>
<trkpt lat="53.133403799" lon="47.300399747">
  <ele>156.817001</ele>
  <time>2010-07-31T03:57:28Z</time>
</trkpt>
<trkpt lat="53.133380916" lon="47.300716415">
  <ele>157.289993</ele>
  <time>2010-07-31T03:57:29Z</time>
</trkpt>
<trkpt lat="53.133354178" lon="47.301036855">
  <ele>157.563004</ele>
  <time>2010-07-31T03:57:30Z</time>
</trkpt>
<trkpt lat="53.133327523" lon="47.301353440">
  <ele>157.669998</ele>
  <time>2010-07-31T03:57:31Z</time>
</trkpt>
<trkpt lat="53.133300785" lon="47.301666252">
  <ele>157.705002</ele>
  <time>2010-07-31T03:57:32Z</time>
</trkpt>
<trkpt lat="53.133274047" lon="47.301982921">
  <ele>157.554993</ele>
  <time>2010-07-31T03:57:33Z</time>
</trkpt>
<trkpt lat="53.133251164" lon="47.302303277">
  <ele>157.705002</ele>
  <time>2010-07-31T03:57:34Z</time>
</trkpt>
<trkpt lat="53.133228282" lon="47.302619945">
  <ele>157.673004</ele>
  <time>2010-07-31T03:57:35Z</time>
</trkpt>
<trkpt lat="53.133205399" lon="47.302936530">
  <ele>157.626999</ele>
  <time>2010-07-31T03:57:36Z</time>
</trkpt>
<trkpt lat="53.133182516" lon="47.303260826">
  <ele>157.628998</ele>
  <time>2010-07-31T03:57:37Z</time>
</trkpt>
<trkpt lat="53.133159634" lon="47.303585038">
  <ele>157.664993</ele>
  <time>2010-07-31T03:57:38Z</time>
</trkpt>
<trkpt lat="53.133132895" lon="47.303905478">
  <ele>157.466003</ele>
  <time>2010-07-31T03:57:39Z</time>
</trkpt>
<trkpt lat="53.133102385" lon="47.304233545">
  <ele>157.268005</ele>
  <time>2010-07-31T03:57:40Z</time>
</trkpt>
<trkpt lat="53.133071875" lon="47.304573096">
  <ele>156.895004</ele>
  <time>2010-07-31T03:57:41Z</time>
</trkpt>
<trkpt lat="53.133041365" lon="47.304916419">
  <ele>156.727005</ele>
  <time>2010-07-31T03:57:42Z</time>
</trkpt>
<trkpt lat="53.133010855" lon="47.305271141">
  <ele>156.440994</ele>
  <time>2010-07-31T03:57:43Z</time>
</trkpt>
<trkpt lat="53.132980345" lon="47.305618320">
  <ele>156.363998</ele>
  <time>2010-07-31T03:57:44Z</time>
</trkpt>
<trkpt lat="53.132949835" lon="47.305965414">
  <ele>156.358002</ele>
  <time>2010-07-31T03:57:45Z</time>
</trkpt>
<trkpt lat="53.132915469" lon="47.306312593">
  <ele>156.166000</ele>
  <time>2010-07-31T03:57:46Z</time>
</trkpt>
<trkpt lat="53.132884959" lon="47.306655915">
  <ele>156.001007</ele>
  <time>2010-07-31T03:57:47Z</time>
</trkpt>
<trkpt lat="53.132854449" lon="47.307003010">
  <ele>155.942993</ele>
  <time>2010-07-31T03:57:48Z</time>
</trkpt>
<trkpt lat="53.132823939" lon="47.307361588">
  <ele>155.725998</ele>
  <time>2010-07-31T03:57:49Z</time>
</trkpt>
<trkpt lat="53.132793428" lon="47.307724021">
  <ele>155.733002</ele>
  <time>2010-07-31T03:57:50Z</time>
</trkpt>
<trkpt lat="53.132759063" lon="47.308086371">
  <ele>155.641998</ele>
  <time>2010-07-31T03:57:51Z</time>
</trkpt>
<trkpt lat="53.132724781" lon="47.308452576">
  <ele>155.367004</ele>
  <time>2010-07-31T03:57:52Z</time>
</trkpt>
<trkpt lat="53.132694270" lon="47.308818782">
  <ele>155.072006</ele>
  <time>2010-07-31T03:57:53Z</time>
</trkpt>
<trkpt lat="53.132659905" lon="47.309181215">
  <ele>154.834000</ele>
  <time>2010-07-31T03:57:54Z</time>
</trkpt>
<trkpt lat="53.132629395" lon="47.309539793">
  <ele>154.598999</ele>
  <time>2010-07-31T03:57:55Z</time>
</trkpt>
<trkpt lat="53.132595029" lon="47.309898371">
  <ele>154.300995</ele>
  <time>2010-07-31T03:57:56Z</time>
</trkpt>
<trkpt lat="53.132564519" lon="47.310256949">
  <ele>154.052994</ele>
  <time>2010-07-31T03:57:57Z</time>
</trkpt>
<trkpt lat="53.132530237" lon="47.310611755">
  <ele>154.001999</ele>
  <time>2010-07-31T03:57:58Z</time>
</trkpt>
<trkpt lat="53.132495871" lon="47.310970332">
  <ele>153.807007</ele>
  <time>2010-07-31T03:57:59Z</time>
</trkpt>
<trkpt lat="53.132461589" lon="47.311325055">
  <ele>153.634995</ele>
  <time>2010-07-31T03:58:00Z</time>
</trkpt>
<trkpt lat="53.132423367" lon="47.311679861">
  <ele>153.386002</ele>
  <time>2010-07-31T03:58:01Z</time>
</trkpt>
<trkpt lat="53.132392857" lon="47.312038438">
  <ele>153.240997</ele>
  <time>2010-07-31T03:58:02Z</time>
</trkpt>
<trkpt lat="53.132362347" lon="47.312385533">
  <ele>152.835999</ele>
  <time>2010-07-31T03:58:03Z</time>
</trkpt>
<trkpt lat="53.132335693" lon="47.312736483">
  <ele>152.449997</ele>
  <time>2010-07-31T03:58:04Z</time>
</trkpt>
<trkpt lat="53.132305183" lon="47.313083662">
  <ele>152.033997</ele>
  <time>2010-07-31T03:58:05Z</time>
</trkpt>
<trkpt lat="53.132278444" lon="47.313434612">
  <ele>151.804001</ele>
  <time>2010-07-31T03:58:06Z</time>
</trkpt>
<trkpt lat="53.132255562" lon="47.313789334">
  <ele>151.505997</ele>
  <time>2010-07-31T03:58:07Z</time>
</trkpt>
<trkpt lat="53.132236451" lon="47.314151768">
  <ele>151.242004</ele>
  <time>2010-07-31T03:58:08Z</time>
</trkpt>
<trkpt lat="53.132221196" lon="47.314521829">
  <ele>151.018997</ele>
  <time>2010-07-31T03:58:09Z</time>
</trkpt>
<trkpt lat="53.132202169" lon="47.314895662">
  <ele>150.779999</ele>
  <time>2010-07-31T03:58:10Z</time>
</trkpt>
<trkpt lat="53.132194541" lon="47.315284749">
  <ele>150.666000</ele>
  <time>2010-07-31T03:58:11Z</time>
</trkpt>
<trkpt lat="53.132190686" lon="47.315677609">
  <ele>150.529007</ele>
  <time>2010-07-31T03:58:12Z</time>
</trkpt>
<trkpt lat="53.132194541" lon="47.316082036">
  <ele>150.412994</ele>
  <time>2010-07-31T03:58:13Z</time>
</trkpt>
<trkpt lat="53.132198313" lon="47.316494007">
  <ele>150.061005</ele>
  <time>2010-07-31T03:58:14Z</time>
</trkpt>
<trkpt lat="53.132209796" lon="47.316917460">
  <ele>149.542007</ele>
  <time>2010-07-31T03:58:15Z</time>
</trkpt>
<trkpt lat="53.132217424" lon="47.317352314">
  <ele>148.649994</ele>
  <time>2010-07-31T03:58:16Z</time>
</trkpt>
<trkpt lat="53.132228823" lon="47.317794794">
  <ele>148.065994</ele>
  <time>2010-07-31T03:58:17Z</time>
</trkpt>
<trkpt lat="53.132240307" lon="47.318248758">
  <ele>147.395996</ele>
  <time>2010-07-31T03:58:18Z</time>
</trkpt>
<trkpt lat="53.132255562" lon="47.318710350">
  <ele>146.893005</ele>
  <time>2010-07-31T03:58:19Z</time>
</trkpt>
<trkpt lat="53.132274589" lon="47.319179568">
  <ele>146.557999</ele>
  <time>2010-07-31T03:58:20Z</time>
</trkpt>
<trkpt lat="53.132297555" lon="47.319648704">
  <ele>146.419006</ele>
  <time>2010-07-31T03:58:21Z</time>
</trkpt>
<trkpt lat="53.132320438" lon="47.320121778">
  <ele>145.987000</ele>
  <time>2010-07-31T03:58:22Z</time>
</trkpt>
<trkpt lat="53.132347092" lon="47.320594769">
  <ele>146.042007</ele>
  <time>2010-07-31T03:58:23Z</time>
</trkpt>
<trkpt lat="53.132381458" lon="47.321063988">
  <ele>146.149994</ele>
  <time>2010-07-31T03:58:24Z</time>
</trkpt>
<trkpt lat="53.132423367" lon="47.321529351">
  <ele>146.203003</ele>
  <time>2010-07-31T03:58:25Z</time>
</trkpt>
<trkpt lat="53.132469216" lon="47.321979543">
  <ele>146.192993</ele>
  <time>2010-07-31T03:58:26Z</time>
</trkpt>
<trkpt lat="53.132518753" lon="47.322429651">
  <ele>146.113998</ele>
  <time>2010-07-31T03:58:27Z</time>
</trkpt>
<trkpt lat="53.132572146" lon="47.322879760">
  <ele>146.296997</ele>
  <time>2010-07-31T03:58:28Z</time>
</trkpt>
<trkpt lat="53.132621767" lon="47.323329952">
  <ele>146.276001</ele>
  <time>2010-07-31T03:58:29Z</time>
</trkpt>
<trkpt lat="53.132675160" lon="47.323776204">
  <ele>146.223999</ele>
  <time>2010-07-31T03:58:30Z</time>
</trkpt>
<trkpt lat="53.132720925" lon="47.324218769">
  <ele>146.089005</ele>
  <time>2010-07-31T03:58:31Z</time>
</trkpt>
<trkpt lat="53.132766690" lon="47.324657477">
  <ele>145.826004</ele>
  <time>2010-07-31T03:58:32Z</time>
</trkpt>
<trkpt lat="53.132816311" lon="47.325092331">
  <ele>145.677994</ele>
  <time>2010-07-31T03:58:33Z</time>
</trkpt>
<trkpt lat="53.132858304" lon="47.325531039">
  <ele>145.110992</ele>
  <time>2010-07-31T03:58:34Z</time>
</trkpt>
<trkpt lat="53.132907841" lon="47.325969664">
  <ele>144.763000</ele>
  <time>2010-07-31T03:58:35Z</time>
</trkpt>
<trkpt lat="53.132953607" lon="47.326408373">
  <ele>144.524002</ele>
  <time>2010-07-31T03:58:36Z</time>
</trkpt>
<trkpt lat="53.132999456" lon="47.326843226">
  <ele>144.442001</ele>
  <time>2010-07-31T03:58:37Z</time>
</trkpt>
<trkpt lat="53.133048993" lon="47.327278163">
  <ele>144.490005</ele>
  <time>2010-07-31T03:58:38Z</time>
</trkpt>
<trkpt lat="53.133094758" lon="47.327716788">
  <ele>144.498001</ele>
  <time>2010-07-31T03:58:39Z</time>
</trkpt>
<trkpt lat="53.133136751" lon="47.328147870">
  <ele>144.399994</ele>
  <time>2010-07-31T03:58:40Z</time>
</trkpt>
<trkpt lat="53.133186372" lon="47.328578951">
  <ele>144.281998</ele>
  <time>2010-07-31T03:58:41Z</time>
</trkpt>
<trkpt lat="53.133232137" lon="47.329006176">
  <ele>144.130005</ele>
  <time>2010-07-31T03:58:42Z</time>
</trkpt>
<trkpt lat="53.133281674" lon="47.329437258">
  <ele>144.294006</ele>
  <time>2010-07-31T03:58:43Z</time>
</trkpt>
<trkpt lat="53.133327523" lon="47.329868339">
  <ele>144.212006</ele>
  <time>2010-07-31T03:58:44Z</time>
</trkpt>
<trkpt lat="53.133373288" lon="47.330299336">
  <ele>144.153000</ele>
  <time>2010-07-31T03:58:45Z</time>
</trkpt>
<trkpt lat="53.133419054" lon="47.330730418">
  <ele>144.100006</ele>
  <time>2010-07-31T03:58:46Z</time>
</trkpt>
<trkpt lat="53.133464819" lon="47.331161499">
  <ele>144.044998</ele>
  <time>2010-07-31T03:58:47Z</time>
</trkpt>
<trkpt lat="53.133510584" lon="47.331592580">
  <ele>144.044006</ele>
  <time>2010-07-31T03:58:48Z</time>
</trkpt>
<trkpt lat="53.133560205" lon="47.332023662">
  <ele>144.001007</ele>
  <time>2010-07-31T03:58:49Z</time>
</trkpt>
<trkpt lat="53.133602114" lon="47.332450887">
  <ele>143.903000</ele>
  <time>2010-07-31T03:58:50Z</time>
</trkpt>
<trkpt lat="53.133647880" lon="47.332878113">
  <ele>143.753998</ele>
  <time>2010-07-31T03:58:51Z</time>
</trkpt>
<trkpt lat="53.133689873" lon="47.333301567">
  <ele>143.638000</ele>
  <time>2010-07-31T03:58:52Z</time>
</trkpt>
<trkpt lat="53.133739494" lon="47.333728792">
  <ele>143.587997</ele>
  <time>2010-07-31T03:58:53Z</time>
</trkpt>
<trkpt lat="53.133785259" lon="47.334152246">
  <ele>143.472000</ele>
  <time>2010-07-31T03:58:54Z</time>
</trkpt>
<trkpt lat="53.133831024" lon="47.334579471">
  <ele>143.580994</ele>
  <time>2010-07-31T03:58:55Z</time>
</trkpt>
<trkpt lat="53.133876789" lon="47.335002925">
  <ele>143.897003</ele>
  <time>2010-07-31T03:58:56Z</time>
</trkpt>
<trkpt lat="53.133926410" lon="47.335430151">
  <ele>143.789993</ele>
  <time>2010-07-31T03:58:57Z</time>
</trkpt>
<trkpt lat="53.133972175" lon="47.335853605">
  <ele>143.977005</ele>
  <time>2010-07-31T03:58:58Z</time>
</trkpt>
<trkpt lat="53.134017941" lon="47.336280830">
  <ele>143.875000</ele>
  <time>2010-07-31T03:58:59Z</time>
</trkpt>
<trkpt lat="53.134063706" lon="47.336711911">
  <ele>143.988007</ele>
  <time>2010-07-31T03:59:00Z</time>
</trkpt>
<trkpt lat="53.134109471" lon="47.337142909">
  <ele>143.959000</ele>
  <time>2010-07-31T03:59:01Z</time>
</trkpt>
<trkpt lat="53.134155236" lon="47.337577846">
  <ele>144.100998</ele>
  <time>2010-07-31T03:59:02Z</time>
</trkpt>
<trkpt lat="53.134204857" lon="47.338008843">
  <ele>144.335007</ele>
  <time>2010-07-31T03:59:03Z</time>
</trkpt>
<trkpt lat="53.134250622" lon="47.338447552">
  <ele>144.610992</ele>
  <time>2010-07-31T03:59:04Z</time>
</trkpt>
<trkpt lat="53.134296387" lon="47.338886261">
  <ele>144.761002</ele>
  <time>2010-07-31T03:59:05Z</time>
</trkpt>
<trkpt lat="53.134342153" lon="47.339321114">
  <ele>144.755005</ele>
  <time>2010-07-31T03:59:06Z</time>
</trkpt>
<trkpt lat="53.134391773" lon="47.339756051">
  <ele>144.701996</ele>
  <time>2010-07-31T03:59:07Z</time>
</trkpt>
<trkpt lat="53.134437539" lon="47.340190904">
  <ele>144.817001</ele>
  <time>2010-07-31T03:59:08Z</time>
</trkpt>
<trkpt lat="53.134483304" lon="47.340621985">
  <ele>144.744003</ele>
  <time>2010-07-31T03:59:09Z</time>
</trkpt>
<trkpt lat="53.134529153" lon="47.341056839">
  <ele>144.783005</ele>
  <time>2010-07-31T03:59:10Z</time>
</trkpt>
<trkpt lat="53.134574918" lon="47.341487920">
  <ele>144.526993</ele>
  <time>2010-07-31T03:59:11Z</time>
</trkpt>
<trkpt lat="53.134624455" lon="47.341922773">
  <ele>144.565002</ele>
  <time>2010-07-31T03:59:12Z</time>
</trkpt>
<trkpt lat="53.134670220" lon="47.342357626">
  <ele>144.716995</ele>
  <time>2010-07-31T03:59:13Z</time>
</trkpt>
<trkpt lat="53.134719841" lon="47.342788707">
  <ele>144.968994</ele>
  <time>2010-07-31T03:59:14Z</time>
</trkpt>
<trkpt lat="53.134765606" lon="47.343219789">
  <ele>144.574005</ele>
  <time>2010-07-31T03:59:15Z</time>
</trkpt>
<trkpt lat="53.134811372" lon="47.343647014">
  <ele>144.501999</ele>
  <time>2010-07-31T03:59:16Z</time>
</trkpt>
<trkpt lat="53.134853365" lon="47.344070468">
  <ele>144.354004</ele>
  <time>2010-07-31T03:59:17Z</time>
</trkpt>
<trkpt lat="53.134899130" lon="47.344493838">
  <ele>144.343002</ele>
  <time>2010-07-31T03:59:18Z</time>
</trkpt>
<trkpt lat="53.134944895" lon="47.344917292">
  <ele>144.315002</ele>
  <time>2010-07-31T03:59:19Z</time>
</trkpt>
<trkpt lat="53.134990660" lon="47.345336890">
  <ele>144.074997</ele>
  <time>2010-07-31T03:59:20Z</time>
</trkpt>
<trkpt lat="53.135032654" lon="47.345756572">
  <ele>143.919998</ele>
  <time>2010-07-31T03:59:21Z</time>
</trkpt>
<trkpt lat="53.135078419" lon="47.346179942">
  <ele>143.863007</ele>
  <time>2010-07-31T03:59:22Z</time>
</trkpt>
<trkpt lat="53.135124184" lon="47.346599540">
  <ele>143.800995</ele>
  <time>2010-07-31T03:59:23Z</time>
</trkpt>
<trkpt lat="53.135173805" lon="47.347022993">
  <ele>143.621002</ele>
  <time>2010-07-31T03:59:24Z</time>
</trkpt>
<trkpt lat="53.135219570" lon="47.347446447">
  <ele>143.617004</ele>
  <time>2010-07-31T03:59:25Z</time>
</trkpt>
<trkpt lat="53.135265335" lon="47.347873673">
  <ele>143.598999</ele>
  <time>2010-07-31T03:59:26Z</time>
</trkpt>
<trkpt lat="53.135311101" lon="47.348304754">
  <ele>143.313995</ele>
  <time>2010-07-31T03:59:27Z</time>
</trkpt>
<trkpt lat="53.135356866" lon="47.348728208">
  <ele>143.194000</ele>
  <time>2010-07-31T03:59:28Z</time>
</trkpt>
<trkpt lat="53.135402715" lon="47.349147806">
  <ele>142.837006</ele>
  <time>2010-07-31T03:59:29Z</time>
</trkpt>
<trkpt lat="53.135448480" lon="47.349563632">
  <ele>142.535995</ele>
  <time>2010-07-31T03:59:30Z</time>
</trkpt>
<trkpt lat="53.135490390" lon="47.349975603">
  <ele>142.251999</ele>
  <time>2010-07-31T03:59:31Z</time>
</trkpt>
<trkpt lat="53.135532383" lon="47.350387573">
  <ele>142.057007</ele>
  <time>2010-07-31T03:59:32Z</time>
</trkpt>
<trkpt lat="53.135578148" lon="47.350795772">
  <ele>141.781006</ele>
  <time>2010-07-31T03:59:33Z</time>
</trkpt>
<trkpt lat="53.135620141" lon="47.351200115">
  <ele>141.542007</ele>
  <time>2010-07-31T03:59:34Z</time>
</trkpt>
<trkpt lat="53.135658279" lon="47.351604458">
  <ele>141.139008</ele>
  <time>2010-07-31T03:59:35Z</time>
</trkpt>
<trkpt lat="53.135700189" lon="47.352008801">
  <ele>141.035995</ele>
  <time>2010-07-31T03:59:36Z</time>
</trkpt>
<trkpt lat="53.135746038" lon="47.352413144">
  <ele>140.796997</ele>
  <time>2010-07-31T03:59:37Z</time>
</trkpt>
<trkpt lat="53.135784175" lon="47.352821343">
  <ele>140.707993</ele>
  <time>2010-07-31T03:59:38Z</time>
</trkpt>
<trkpt lat="53.135826085" lon="47.353225686">
  <ele>140.679001</ele>
  <time>2010-07-31T03:59:39Z</time>
</trkpt>
<trkpt lat="53.135868078" lon="47.353630029">
  <ele>140.289993</ele>
  <time>2010-07-31T03:59:40Z</time>
</trkpt>
<trkpt lat="53.135910071" lon="47.354026828">
  <ele>140.016006</ele>
  <time>2010-07-31T03:59:41Z</time>
</trkpt>
<trkpt lat="53.135948209" lon="47.354427315">
  <ele>139.843994</ele>
  <time>2010-07-31T03:59:42Z</time>
</trkpt>
<trkpt lat="53.135990119" lon="47.354827886">
  <ele>139.725998</ele>
  <time>2010-07-31T03:59:43Z</time>
</trkpt>
<trkpt lat="53.136035884" lon="47.355232229">
  <ele>139.451004</ele>
  <time>2010-07-31T03:59:44Z</time>
</trkpt>
<trkpt lat="53.136077877" lon="47.355640428">
  <ele>139.139999</ele>
  <time>2010-07-31T03:59:45Z</time>
</trkpt>
<trkpt lat="53.136116015" lon="47.356048543">
  <ele>138.889008</ele>
  <time>2010-07-31T03:59:46Z</time>
</trkpt>
<trkpt lat="53.136158008" lon="47.356456742">
  <ele>138.391006</ele>
  <time>2010-07-31T03:59:47Z</time>
</trkpt>
<trkpt lat="53.136199918" lon="47.356868712">
  <ele>138.162994</ele>
  <time>2010-07-31T03:59:48Z</time>
</trkpt>
<trkpt lat="53.136238139" lon="47.357280767">
  <ele>137.824997</ele>
  <time>2010-07-31T03:59:49Z</time>
</trkpt>
<trkpt lat="53.136276277" lon="47.357688881">
  <ele>137.343002</ele>
  <time>2010-07-31T03:59:50Z</time>
</trkpt>
<trkpt lat="53.136314414" lon="47.358104708">
  <ele>137.029999</ele>
  <time>2010-07-31T03:59:51Z</time>
</trkpt>
<trkpt lat="53.136356324" lon="47.358516678">
  <ele>136.785995</ele>
  <time>2010-07-31T03:59:52Z</time>
</trkpt>
<trkpt lat="53.136394462" lon="47.358924877">
  <ele>136.395004</ele>
  <time>2010-07-31T03:59:53Z</time>
</trkpt>
<trkpt lat="53.136432683" lon="47.359329220">
  <ele>136.326004</ele>
  <time>2010-07-31T03:59:54Z</time>
</trkpt>
<trkpt lat="53.136466965" lon="47.359733563">
  <ele>136.287994</ele>
  <time>2010-07-31T03:59:55Z</time>
</trkpt>
<trkpt lat="53.136505103" lon="47.360134134">
  <ele>136.154999</ele>
  <time>2010-07-31T03:59:56Z</time>
</trkpt>
<trkpt lat="53.136543240" lon="47.360527078">
  <ele>136.089005</ele>
  <time>2010-07-31T03:59:57Z</time>
</trkpt>
<trkpt lat="53.136581462" lon="47.360927565">
  <ele>136.307999</ele>
  <time>2010-07-31T03:59:58Z</time>
</trkpt>
<trkpt lat="53.136623371" lon="47.361324281">
  <ele>136.339005</ele>
  <time>2010-07-31T03:59:59Z</time>
</trkpt>
<trkpt lat="53.136665365" lon="47.361724852">
  <ele>136.438995</ele>
  <time>2010-07-31T04:00:00Z</time>
</trkpt>
<trkpt lat="53.136711130" lon="47.362129195">
  <ele>136.636993</ele>
  <time>2010-07-31T04:00:01Z</time>
</trkpt>
<trkpt lat="53.136749268" lon="47.362533538">
  <ele>136.960007</ele>
  <time>2010-07-31T04:00:02Z</time>
</trkpt>
<trkpt lat="53.136791261" lon="47.362937964">
  <ele>136.990997</ele>
  <time>2010-07-31T04:00:03Z</time>
</trkpt>
<trkpt lat="53.136833170" lon="47.363349935">
  <ele>136.996002</ele>
  <time>2010-07-31T04:00:04Z</time>
</trkpt>
<trkpt lat="53.136875164" lon="47.363765677">
  <ele>137.044006</ele>
  <time>2010-07-31T04:00:05Z</time>
</trkpt>
<trkpt lat="53.136913301" lon="47.364177732">
  <ele>136.904007</ele>
  <time>2010-07-31T04:00:06Z</time>
</trkpt>
<trkpt lat="53.136955295" lon="47.364589702">
  <ele>136.994003</ele>
  <time>2010-07-31T04:00:07Z</time>
</trkpt>
<trkpt lat="53.136997204" lon="47.365001673">
  <ele>137.033997</ele>
  <time>2010-07-31T04:00:08Z</time>
</trkpt>
<trkpt lat="53.137039198" lon="47.365421271">
  <ele>136.929993</ele>
  <time>2010-07-31T04:00:09Z</time>
</trkpt>
<trkpt lat="53.137081107" lon="47.365833241">
  <ele>136.882996</ele>
  <time>2010-07-31T04:00:10Z</time>
</trkpt>
<trkpt lat="53.137123100" lon="47.366252923">
  <ele>136.679001</ele>
  <time>2010-07-31T04:00:11Z</time>
</trkpt>
<trkpt lat="53.137161238" lon="47.366668666">
  <ele>136.548004</ele>
  <time>2010-07-31T04:00:12Z</time>
</trkpt>
<trkpt lat="53.137203231" lon="47.367088348">
  <ele>136.690994</ele>
  <time>2010-07-31T04:00:13Z</time>
</trkpt>
<trkpt lat="53.137245141" lon="47.367507946">
  <ele>136.623001</ele>
  <time>2010-07-31T04:00:14Z</time>
</trkpt>
<trkpt lat="53.137290990" lon="47.367927544">
  <ele>136.470993</ele>
  <time>2010-07-31T04:00:15Z</time>
</trkpt>
<trkpt lat="53.137332899" lon="47.368343370">
  <ele>136.559998</ele>
  <time>2010-07-31T04:00:16Z</time>
</trkpt>
<trkpt lat="53.137374893" lon="47.368755341">
  <ele>136.449997</ele>
  <time>2010-07-31T04:00:17Z</time>
</trkpt>
<trkpt lat="53.137416802" lon="47.369167311">
  <ele>136.149994</ele>
  <time>2010-07-31T04:00:18Z</time>
</trkpt>
<trkpt lat="53.137458796" lon="47.369571654">
  <ele>135.960999</ele>
  <time>2010-07-31T04:00:19Z</time>
</trkpt>
<trkpt lat="53.137500789" lon="47.369976081">
  <ele>135.938004</ele>
  <time>2010-07-31T04:00:20Z</time>
</trkpt>
<trkpt lat="53.137538927" lon="47.370376568">
  <ele>135.688995</ele>
  <time>2010-07-31T04:00:21Z</time>
</trkpt>
<trkpt lat="53.137569437" lon="47.370777139">
  <ele>135.348999</ele>
  <time>2010-07-31T04:00:22Z</time>
</trkpt>
<trkpt lat="53.137588464" lon="47.371177711">
  <ele>134.957993</ele>
  <time>2010-07-31T04:00:23Z</time>
</trkpt>
<trkpt lat="53.137596091" lon="47.371578198">
  <ele>134.475006</ele>
  <time>2010-07-31T04:00:24Z</time>
</trkpt>
<trkpt lat="53.137596091" lon="47.371974913">
  <ele>133.738007</ele>
  <time>2010-07-31T04:00:25Z</time>
</trkpt>
<trkpt lat="53.137588464" lon="47.372367857">
  <ele>133.128998</ele>
  <time>2010-07-31T04:00:26Z</time>
</trkpt>
<trkpt lat="53.137577064" lon="47.372753173">
  <ele>132.350998</ele>
  <time>2010-07-31T04:00:27Z</time>
</trkpt>
<trkpt lat="53.137561809" lon="47.373138405">
  <ele>131.542007</ele>
  <time>2010-07-31T04:00:28Z</time>
</trkpt>
<trkpt lat="53.137535071" lon="47.373519866">
  <ele>130.552994</ele>
  <time>2010-07-31T04:00:29Z</time>
</trkpt>
<trkpt lat="53.137504561" lon="47.373897554">
  <ele>129.589996</ele>
  <time>2010-07-31T04:00:30Z</time>
</trkpt>
<trkpt lat="53.137466423" lon="47.374271387">
  <ele>128.292999</ele>
  <time>2010-07-31T04:00:31Z</time>
</trkpt>
<trkpt lat="53.137424430" lon="47.374641448">
  <ele>127.138000</ele>
  <time>2010-07-31T04:00:32Z</time>
</trkpt>
<trkpt lat="53.137374893" lon="47.375011425">
  <ele>126.042999</ele>
  <time>2010-07-31T04:00:33Z</time>
</trkpt>
<trkpt lat="53.137313873" lon="47.375370003">
  <ele>125.087997</ele>
  <time>2010-07-31T04:00:34Z</time>
</trkpt>
<trkpt lat="53.137248997" lon="47.375724809">
  <ele>123.646004</ele>
  <time>2010-07-31T04:00:35Z</time>
</trkpt>
<trkpt lat="53.137176493" lon="47.376075760">
  <ele>122.476997</ele>
  <time>2010-07-31T04:00:36Z</time>
</trkpt>
<trkpt lat="53.137100218" lon="47.376426710">
  <ele>121.435997</ele>
  <time>2010-07-31T04:00:37Z</time>
</trkpt>
<trkpt lat="53.137016315" lon="47.376785288">
  <ele>120.542000</ele>
  <time>2010-07-31T04:00:38Z</time>
</trkpt>
<trkpt lat="53.136924785" lon="47.377140010">
  <ele>119.628998</ele>
  <time>2010-07-31T04:00:39Z</time>
</trkpt>
<trkpt lat="53.136829399" lon="47.377506215">
  <ele>118.761002</ele>
  <time>2010-07-31T04:00:40Z</time>
</trkpt>
<trkpt lat="53.136726385" lon="47.377876276">
  <ele>118.069000</ele>
  <time>2010-07-31T04:00:41Z</time>
</trkpt>
<trkpt lat="53.136615744" lon="47.378246337">
  <ele>117.468002</ele>
  <time>2010-07-31T04:00:42Z</time>
</trkpt>
<trkpt lat="53.136505103" lon="47.378620170">
  <ele>117.471001</ele>
  <time>2010-07-31T04:00:43Z</time>
</trkpt>
<trkpt lat="53.136390690" lon="47.378994003">
  <ele>117.212997</ele>
  <time>2010-07-31T04:00:44Z</time>
</trkpt>
<trkpt lat="53.136272421" lon="47.379367836">
  <ele>117.096001</ele>
  <time>2010-07-31T04:00:45Z</time>
</trkpt>
<trkpt lat="53.136150381" lon="47.379741669">
  <ele>116.709000</ele>
  <time>2010-07-31T04:00:46Z</time>
</trkpt>
<trkpt lat="53.136032112" lon="47.380119357">
  <ele>116.974998</ele>
  <time>2010-07-31T04:00:47Z</time>
</trkpt>
<trkpt lat="53.135917699" lon="47.380500818">
  <ele>117.008003</ele>
  <time>2010-07-31T04:00:48Z</time>
</trkpt>
<trkpt lat="53.135799430" lon="47.380882278">
  <ele>117.144997</ele>
  <time>2010-07-31T04:00:49Z</time>
</trkpt>
<trkpt lat="53.135681162" lon="47.381263738">
  <ele>117.097000</ele>
  <time>2010-07-31T04:00:50Z</time>
</trkpt>
<trkpt lat="53.135566749" lon="47.381649055">
  <ele>117.335999</ele>
  <time>2010-07-31T04:00:51Z</time>
</trkpt>
<trkpt lat="53.135452252" lon="47.382034287">
  <ele>117.558998</ele>
  <time>2010-07-31T04:00:52Z</time>
</trkpt>
<trkpt lat="53.135333983" lon="47.382419603">
  <ele>117.830002</ele>
  <time>2010-07-31T04:00:53Z</time>
</trkpt>
<trkpt lat="53.135215798" lon="47.382804835">
  <ele>118.471001</ele>
  <time>2010-07-31T04:00:54Z</time>
</trkpt>
<trkpt lat="53.135101302" lon="47.383190151">
  <ele>119.024002</ele>
  <time>2010-07-31T04:00:55Z</time>
</trkpt>
<trkpt lat="53.134983033" lon="47.383575467">
  <ele>119.750000</ele>
  <time>2010-07-31T04:00:56Z</time>
</trkpt>
<trkpt lat="53.134864848" lon="47.383960700">
  <ele>120.613998</ele>
  <time>2010-07-31T04:00:57Z</time>
</trkpt>
<trkpt lat="53.134750351" lon="47.384342160">
  <ele>121.456001</ele>
  <time>2010-07-31T04:00:58Z</time>
</trkpt>
<trkpt lat="53.134639710" lon="47.384723704">
  <ele>122.447998</ele>
  <time>2010-07-31T04:00:59Z</time>
</trkpt>
<trkpt lat="53.134529153" lon="47.385105165">
  <ele>123.732002</ele>
  <time>2010-07-31T04:01:00Z</time>
</trkpt>
<trkpt lat="53.134418512" lon="47.385482769">
  <ele>124.990997</ele>
  <time>2010-07-31T04:01:01Z</time>
</trkpt>
<trkpt lat="53.134315498" lon="47.385848975">
  <ele>126.015999</ele>
  <time>2010-07-31T04:01:02Z</time>
</trkpt>
<trkpt lat="53.134216340" lon="47.386203781">
  <ele>126.717003</ele>
  <time>2010-07-31T04:01:03Z</time>
</trkpt>
<trkpt lat="53.134120954" lon="47.386562359">
  <ele>127.471001</ele>
  <time>2010-07-31T04:01:04Z</time>
</trkpt>
<trkpt lat="53.134025568" lon="47.386920936">
  <ele>128.158005</ele>
  <time>2010-07-31T04:01:05Z</time>
</trkpt>
<trkpt lat="53.133937810" lon="47.387271887">
  <ele>128.764008</ele>
  <time>2010-07-31T04:01:06Z</time>
</trkpt>
<trkpt lat="53.133857762" lon="47.387615209">
  <ele>129.578003</ele>
  <time>2010-07-31T04:01:07Z</time>
</trkpt>
<trkpt lat="53.133781403" lon="47.387958532">
  <ele>130.283005</ele>
  <time>2010-07-31T04:01:08Z</time>
</trkpt>
<trkpt lat="53.133705128" lon="47.388301855">
  <ele>130.763000</ele>
  <time>2010-07-31T04:01:09Z</time>
</trkpt>
<trkpt lat="53.133628853" lon="47.388652805">
  <ele>131.354004</ele>
  <time>2010-07-31T04:01:10Z</time>
</trkpt>
<trkpt lat="53.133563977" lon="47.389011383">
  <ele>131.865005</ele>
  <time>2010-07-31T04:01:11Z</time>
</trkpt>
<trkpt lat="53.133495329" lon="47.389366189">
  <ele>132.477997</ele>
  <time>2010-07-31T04:01:12Z</time>
</trkpt>
<trkpt lat="53.133422825" lon="47.389720911">
  <ele>132.925003</ele>
  <time>2010-07-31T04:01:13Z</time>
</trkpt>
<trkpt lat="53.133346550" lon="47.390079489">
  <ele>133.371002</ele>
  <time>2010-07-31T04:01:14Z</time>
</trkpt>
<trkpt lat="53.133274047" lon="47.390441922">
  <ele>133.886993</ele>
  <time>2010-07-31T04:01:15Z</time>
</trkpt>
<trkpt lat="53.133201627" lon="47.390811900">
  <ele>134.498993</ele>
  <time>2010-07-31T04:01:16Z</time>
</trkpt>
<trkpt lat="53.133132895" lon="47.391189588">
  <ele>134.839996</ele>
  <time>2010-07-31T04:01:17Z</time>
</trkpt>
<trkpt lat="53.133068103" lon="47.391567193">
  <ele>135.311005</ele>
  <time>2010-07-31T04:01:18Z</time>
</trkpt>
<trkpt lat="53.133003227" lon="47.391948737">
  <ele>135.656006</ele>
  <time>2010-07-31T04:01:19Z</time>
</trkpt>
<trkpt lat="53.132938351" lon="47.392337825">
  <ele>135.962997</ele>
  <time>2010-07-31T04:01:20Z</time>
</trkpt>
<trkpt lat="53.132873559" lon="47.392726913">
  <ele>136.181000</ele>
  <time>2010-07-31T04:01:21Z</time>
</trkpt>
<trkpt lat="53.132801056" lon="47.393116001">
  <ele>136.210007</ele>
  <time>2010-07-31T04:01:22Z</time>
</trkpt>
<trkpt lat="53.132732408" lon="47.393512717">
  <ele>136.097000</ele>
  <time>2010-07-31T04:01:23Z</time>
</trkpt>
<trkpt lat="53.132663760" lon="47.393909432">
  <ele>136.186996</ele>
  <time>2010-07-31T04:01:24Z</time>
</trkpt>
<trkpt lat="53.132595029" lon="47.394313775">
  <ele>136.511002</ele>
  <time>2010-07-31T04:01:25Z</time>
</trkpt>
<trkpt lat="53.132530237" lon="47.394718202">
  <ele>136.970001</ele>
  <time>2010-07-31T04:01:26Z</time>
</trkpt>
<trkpt lat="53.132461589" lon="47.395118689">
  <ele>137.033997</ele>
  <time>2010-07-31T04:01:27Z</time>
</trkpt>
<trkpt lat="53.132396713" lon="47.395515405">
  <ele>137.123001</ele>
  <time>2010-07-31T04:01:28Z</time>
</trkpt>
<trkpt lat="53.132331837" lon="47.395919831">
  <ele>137.091003</ele>
  <time>2010-07-31T04:01:29Z</time>
</trkpt>
<trkpt lat="53.132263189" lon="47.396320319">
  <ele>136.953995</ele>
  <time>2010-07-31T04:01:30Z</time>
</trkpt>
<trkpt lat="53.132194541" lon="47.396720890">
  <ele>136.886002</ele>
  <time>2010-07-31T04:01:31Z</time>
</trkpt>
<trkpt lat="53.132125894" lon="47.397113834">
  <ele>136.841003</ele>
  <time>2010-07-31T04:01:32Z</time>
</trkpt>
<trkpt lat="53.132053390" lon="47.397506693">
  <ele>136.509003</ele>
  <time>2010-07-31T04:01:33Z</time>
</trkpt>
<trkpt lat="53.131988514" lon="47.397903409">
  <ele>136.632996</ele>
  <time>2010-07-31T04:01:34Z</time>
</trkpt>
<trkpt lat="53.131919866" lon="47.398300208">
  <ele>136.725006</ele>
  <time>2010-07-31T04:01:35Z</time>
</trkpt>
<trkpt lat="53.131854990" lon="47.398700695">
  <ele>136.863998</ele>
  <time>2010-07-31T04:01:36Z</time>
</trkpt>
<trkpt lat="53.131790198" lon="47.399097411">
  <ele>136.876007</ele>
  <time>2010-07-31T04:01:37Z</time>
</trkpt>
<trkpt lat="53.131721467" lon="47.399494210">
  <ele>136.983994</ele>
  <time>2010-07-31T04:01:38Z</time>
</trkpt>
<trkpt lat="53.131656675" lon="47.399887070">
  <ele>137.175003</ele>
  <time>2010-07-31T04:01:39Z</time>
</trkpt>
<trkpt lat="53.131591799" lon="47.400280014">
  <ele>137.104996</ele>
  <time>2010-07-31T04:01:40Z</time>
</trkpt>
<trkpt lat="53.131526923" lon="47.400665246">
  <ele>136.973007</ele>
  <time>2010-07-31T04:01:41Z</time>
</trkpt>
<trkpt lat="53.131458275" lon="47.401046790">
  <ele>136.983994</ele>
  <time>2010-07-31T04:01:42Z</time>
</trkpt>
<trkpt lat="53.131389627" lon="47.401428251">
  <ele>136.903000</ele>
  <time>2010-07-31T04:01:43Z</time>
</trkpt>
<trkpt lat="53.131324751" lon="47.401809711">
  <ele>136.901993</ele>
  <time>2010-07-31T04:01:44Z</time>
</trkpt>
<trkpt lat="53.131256104" lon="47.402191171">
  <ele>136.692001</ele>
  <time>2010-07-31T04:01:45Z</time>
</trkpt>
<trkpt lat="53.131191228" lon="47.402572632">
  <ele>136.524002</ele>
  <time>2010-07-31T04:01:46Z</time>
</trkpt>
<trkpt lat="53.131122580" lon="47.402950320">
  <ele>136.412003</ele>
  <time>2010-07-31T04:01:47Z</time>
</trkpt>
<trkpt lat="53.131053932" lon="47.403327925">
  <ele>136.093002</ele>
  <time>2010-07-31T04:01:48Z</time>
</trkpt>
<trkpt lat="53.130985284" lon="47.403701758">
  <ele>135.656998</ele>
  <time>2010-07-31T04:01:49Z</time>
</trkpt>
<trkpt lat="53.130920408" lon="47.404083218">
  <ele>135.294998</ele>
  <time>2010-07-31T04:01:50Z</time>
</trkpt>
<trkpt lat="53.130855532" lon="47.404457051">
  <ele>134.634003</ele>
  <time>2010-07-31T04:01:51Z</time>
</trkpt>
<trkpt lat="53.130794512" lon="47.404838596">
  <ele>134.143997</ele>
  <time>2010-07-31T04:01:52Z</time>
</trkpt>
<trkpt lat="53.130733492" lon="47.405216200">
  <ele>133.835007</ele>
  <time>2010-07-31T04:01:53Z</time>
</trkpt>
<trkpt lat="53.130672472" lon="47.405601516">
  <ele>133.261993</ele>
  <time>2010-07-31T04:01:54Z</time>
</trkpt>
<trkpt lat="53.130607596" lon="47.405986749">
  <ele>132.477005</ele>
  <time>2010-07-31T04:01:55Z</time>
</trkpt>
<trkpt lat="53.130542720" lon="47.406372065">
  <ele>131.623993</ele>
  <time>2010-07-31T04:01:56Z</time>
</trkpt>
<trkpt lat="53.130474072" lon="47.406757381">
  <ele>130.746002</ele>
  <time>2010-07-31T04:01:57Z</time>
</trkpt>
<trkpt lat="53.130409280" lon="47.407142613">
  <ele>129.774002</ele>
  <time>2010-07-31T04:01:58Z</time>
</trkpt>
<trkpt lat="53.130344404" lon="47.407535557">
  <ele>128.750000</ele>
  <time>2010-07-31T04:01:59Z</time>
</trkpt>
<trkpt lat="53.130279528" lon="47.407928500">
  <ele>127.884003</ele>
  <time>2010-07-31T04:02:00Z</time>
</trkpt>
<trkpt lat="53.130214652" lon="47.408317588">
  <ele>127.116997</ele>
  <time>2010-07-31T04:02:01Z</time>
</trkpt>
<trkpt lat="53.130149860" lon="47.408710448">
  <ele>126.541000</ele>
  <time>2010-07-31T04:02:02Z</time>
</trkpt>
<trkpt lat="53.130081212" lon="47.409103392">
  <ele>125.806000</ele>
  <time>2010-07-31T04:02:03Z</time>
</trkpt>
<trkpt lat="53.130012481" lon="47.409496335">
  <ele>125.308998</ele>
  <time>2010-07-31T04:02:04Z</time>
</trkpt>
<trkpt lat="53.129947688" lon="47.409885423">
  <ele>125.146004</ele>
  <time>2010-07-31T04:02:05Z</time>
</trkpt>
<trkpt lat="53.129875185" lon="47.410270656">
  <ele>124.844002</ele>
  <time>2010-07-31T04:02:06Z</time>
</trkpt>
<trkpt lat="53.129806537" lon="47.410655972">
  <ele>124.707001</ele>
  <time>2010-07-31T04:02:07Z</time>
</trkpt>
<trkpt lat="53.129737889" lon="47.411037432">
  <ele>124.926003</ele>
  <time>2010-07-31T04:02:08Z</time>
</trkpt>
<trkpt lat="53.129669158" lon="47.411415121">
  <ele>125.264000</ele>
  <time>2010-07-31T04:02:09Z</time>
</trkpt>
<trkpt lat="53.129608138" lon="47.411796581">
  <ele>125.598999</ele>
  <time>2010-07-31T04:02:10Z</time>
</trkpt>
<trkpt lat="53.129543345" lon="47.412174186">
  <ele>125.971001</ele>
  <time>2010-07-31T04:02:11Z</time>
</trkpt>
<trkpt lat="53.129486097" lon="47.412548102">
  <ele>126.495003</ele>
  <time>2010-07-31T04:02:12Z</time>
</trkpt>
<trkpt lat="53.129428849" lon="47.412925707">
  <ele>126.888000</ele>
  <time>2010-07-31T04:02:13Z</time>
</trkpt>
<trkpt lat="53.129379312" lon="47.413303396">
  <ele>127.258003</ele>
  <time>2010-07-31T04:02:14Z</time>
</trkpt>
<trkpt lat="53.129325835" lon="47.413677229">
  <ele>127.660004</ele>
  <time>2010-07-31T04:02:15Z</time>
</trkpt>
<trkpt lat="53.129280070" lon="47.414054833">
  <ele>127.760002</ele>
  <time>2010-07-31T04:02:16Z</time>
</trkpt>
<trkpt lat="53.129238160" lon="47.414432522">
  <ele>128.048004</ele>
  <time>2010-07-31T04:02:17Z</time>
</trkpt>
<trkpt lat="53.129192311" lon="47.414813982">
  <ele>128.285995</ele>
  <time>2010-07-31T04:02:18Z</time>
</trkpt>
<trkpt lat="53.129150402" lon="47.415191671">
  <ele>128.253998</ele>
  <time>2010-07-31T04:02:19Z</time>
</trkpt>
<trkpt lat="53.129112264" lon="47.415573131">
  <ele>128.311996</ele>
  <time>2010-07-31T04:02:20Z</time>
</trkpt>
<trkpt lat="53.129077898" lon="47.415954592">
  <ele>128.470001</ele>
  <time>2010-07-31T04:02:21Z</time>
</trkpt>
<trkpt lat="53.129047388" lon="47.416336052">
  <ele>128.222000</ele>
  <time>2010-07-31T04:02:22Z</time>
</trkpt>
<trkpt lat="53.129024506" lon="47.416728996">
  <ele>128.141006</ele>
  <time>2010-07-31T04:02:23Z</time>
</trkpt>
<trkpt lat="53.129005395" lon="47.417129483">
  <ele>127.915001</ele>
  <time>2010-07-31T04:02:24Z</time>
</trkpt>
<trkpt lat="53.128986368" lon="47.417530054">
  <ele>127.749001</ele>
  <time>2010-07-31T04:02:25Z</time>
</trkpt>
<trkpt lat="53.128967257" lon="47.417938253">
  <ele>127.428001</ele>
  <time>2010-07-31T04:02:26Z</time>
</trkpt>
<trkpt lat="53.128952002" lon="47.418350223">
  <ele>127.188004</ele>
  <time>2010-07-31T04:02:27Z</time>
</trkpt>
<trkpt lat="53.128936747" lon="47.418762194">
  <ele>126.874001</ele>
  <time>2010-07-31T04:02:28Z</time>
</trkpt>
<trkpt lat="53.128929120" lon="47.419178020">
  <ele>126.605003</ele>
  <time>2010-07-31T04:02:29Z</time>
</trkpt>
<trkpt lat="53.128921492" lon="47.419589991">
  <ele>126.500999</ele>
  <time>2010-07-31T04:02:30Z</time>
</trkpt>
<trkpt lat="53.128913864" lon="47.419998189">
  <ele>126.296997</ele>
  <time>2010-07-31T04:02:31Z</time>
</trkpt>
<trkpt lat="53.128902465" lon="47.420410160">
  <ele>126.042999</ele>
  <time>2010-07-31T04:02:32Z</time>
</trkpt>
<trkpt lat="53.128890982" lon="47.420833614">
  <ele>125.944000</ele>
  <time>2010-07-31T04:02:33Z</time>
</trkpt>
<trkpt lat="53.128879583" lon="47.421256984">
  <ele>125.849998</ele>
  <time>2010-07-31T04:02:34Z</time>
</trkpt>
<trkpt lat="53.128868099" lon="47.421684293">
  <ele>125.543999</ele>
  <time>2010-07-31T04:02:35Z</time>
</trkpt>
<trkpt lat="53.128856700" lon="47.422111519">
  <ele>125.470001</ele>
  <time>2010-07-31T04:02:36Z</time>
</trkpt>
<trkpt lat="53.128845217" lon="47.422546372">
  <ele>125.471001</ele>
  <time>2010-07-31T04:02:37Z</time>
</trkpt>
<trkpt lat="53.128833733" lon="47.422981225">
  <ele>125.264000</ele>
  <time>2010-07-31T04:02:38Z</time>
</trkpt>
<trkpt lat="53.128822334" lon="47.423419934">
  <ele>124.897003</ele>
  <time>2010-07-31T04:02:39Z</time>
</trkpt>
<trkpt lat="53.128810851" lon="47.423854787">
  <ele>124.749001</ele>
  <time>2010-07-31T04:02:40Z</time>
</trkpt>
<trkpt lat="53.128799452" lon="47.424293496">
  <ele>124.565002</ele>
  <time>2010-07-31T04:02:41Z</time>
</trkpt>
<trkpt lat="53.128791824" lon="47.424728433">
  <ele>124.024002</ele>
  <time>2010-07-31T04:02:42Z</time>
</trkpt>
<trkpt lat="53.128780341" lon="47.425167058">
  <ele>123.814003</ele>
  <time>2010-07-31T04:02:43Z</time>
</trkpt>
<trkpt lat="53.128768941" lon="47.425601995">
  <ele>124.060997</ele>
  <time>2010-07-31T04:02:44Z</time>
</trkpt>
<trkpt lat="53.128757458" lon="47.426036848">
  <ele>124.394997</ele>
  <time>2010-07-31T04:02:45Z</time>
</trkpt>
<trkpt lat="53.128742203" lon="47.426471701">
  <ele>125.051003</ele>
  <time>2010-07-31T04:02:46Z</time>
</trkpt>
<trkpt lat="53.128730804" lon="47.426906554">
  <ele>125.666000</ele>
  <time>2010-07-31T04:02:47Z</time>
</trkpt>
<trkpt lat="53.128719321" lon="47.427345263">
  <ele>126.758003</ele>
  <time>2010-07-31T04:02:48Z</time>
</trkpt>
<trkpt lat="53.128711693" lon="47.427780116">
  <ele>128.080002</ele>
  <time>2010-07-31T04:02:49Z</time>
</trkpt>
<trkpt lat="53.128700294" lon="47.428215053">
  <ele>129.285004</ele>
  <time>2010-07-31T04:02:50Z</time>
</trkpt>
<trkpt lat="53.128688810" lon="47.428649906">
  <ele>130.580002</ele>
  <time>2010-07-31T04:02:51Z</time>
</trkpt>
<trkpt lat="53.128677327" lon="47.429080987">
  <ele>131.701004</ele>
  <time>2010-07-31T04:02:52Z</time>
</trkpt>
<trkpt lat="53.128665928" lon="47.429508213">
  <ele>132.658997</ele>
  <time>2010-07-31T04:02:53Z</time>
</trkpt>
<trkpt lat="53.128654445" lon="47.429935439">
  <ele>133.695007</ele>
  <time>2010-07-31T04:02:54Z</time>
</trkpt>
<trkpt lat="53.128643045" lon="47.430355037">
  <ele>134.526993</ele>
  <time>2010-07-31T04:02:55Z</time>
</trkpt>
<trkpt lat="53.128631562" lon="47.430782346">
  <ele>135.369995</ele>
  <time>2010-07-31T04:02:56Z</time>
</trkpt>
<trkpt lat="53.128620163" lon="47.431213344">
  <ele>135.972000</ele>
  <time>2010-07-31T04:02:57Z</time>
</trkpt>
<trkpt lat="53.128608679" lon="47.431636797">
  <ele>136.468002</ele>
  <time>2010-07-31T04:02:58Z</time>
</trkpt>
<trkpt lat="53.128597280" lon="47.432056395">
  <ele>136.830002</ele>
  <time>2010-07-31T04:02:59Z</time>
</trkpt>
<trkpt lat="53.128589652" lon="47.432472222">
  <ele>137.188004</ele>
  <time>2010-07-31T04:03:00Z</time>
</trkpt>
<trkpt lat="53.128578169" lon="47.432891820">
  <ele>137.473999</ele>
  <time>2010-07-31T04:03:01Z</time>
</trkpt>
<trkpt lat="53.128570542" lon="47.433303874">
  <ele>137.649002</ele>
  <time>2010-07-31T04:03:02Z</time>
</trkpt>
<trkpt lat="53.128559142" lon="47.433719616">
  <ele>137.651993</ele>
  <time>2010-07-31T04:03:03Z</time>
</trkpt>
<trkpt lat="53.128551515" lon="47.434131587">
  <ele>137.684998</ele>
  <time>2010-07-31T04:03:04Z</time>
</trkpt>
<trkpt lat="53.128540032" lon="47.434547413">
  <ele>137.813004</ele>
  <time>2010-07-31T04:03:05Z</time>
</trkpt>
<trkpt lat="53.128532404" lon="47.434955612">
  <ele>138.039001</ele>
  <time>2010-07-31T04:03:06Z</time>
</trkpt>
<trkpt lat="53.128521005" lon="47.435359955">
  <ele>138.332993</ele>
  <time>2010-07-31T04:03:07Z</time>
</trkpt>
<trkpt lat="53.128509521" lon="47.435768154">
  <ele>138.475998</ele>
  <time>2010-07-31T04:03:08Z</time>
</trkpt>
<trkpt lat="53.128501894" lon="47.436168641">
  <ele>138.641006</ele>
  <time>2010-07-31T04:03:09Z</time>
</trkpt>
<trkpt lat="53.128490411" lon="47.436576840">
  <ele>138.792999</ele>
  <time>2010-07-31T04:03:10Z</time>
</trkpt>
<trkpt lat="53.128482783" lon="47.436985038">
  <ele>138.934006</ele>
  <time>2010-07-31T04:03:11Z</time>
</trkpt>
<trkpt lat="53.128475156" lon="47.437393153">
  <ele>138.957001</ele>
  <time>2010-07-31T04:03:12Z</time>
</trkpt>
<trkpt lat="53.128463756" lon="47.437801352">
  <ele>139.205002</ele>
  <time>2010-07-31T04:03:13Z</time>
</trkpt>
<trkpt lat="53.128456129" lon="47.438213322">
  <ele>139.376999</ele>
  <time>2010-07-31T04:03:14Z</time>
</trkpt>
<trkpt lat="53.128444646" lon="47.438621521">
  <ele>139.505997</ele>
  <time>2010-07-31T04:03:15Z</time>
</trkpt>
<trkpt lat="53.128437018" lon="47.439037347">
  <ele>139.750000</ele>
  <time>2010-07-31T04:03:16Z</time>
</trkpt>
<trkpt lat="53.128425619" lon="47.439445462">
  <ele>140.031006</ele>
  <time>2010-07-31T04:03:17Z</time>
</trkpt>
<trkpt lat="53.128417991" lon="47.439857516">
  <ele>140.097000</ele>
  <time>2010-07-31T04:03:18Z</time>
</trkpt>
<trkpt lat="53.128406508" lon="47.440269487">
  <ele>140.160004</ele>
  <time>2010-07-31T04:03:19Z</time>
</trkpt>
<trkpt lat="53.128398880" lon="47.440681458">
  <ele>140.324005</ele>
  <time>2010-07-31T04:03:20Z</time>
</trkpt>
<trkpt lat="53.128391253" lon="47.441093428">
  <ele>140.459000</ele>
  <time>2010-07-31T04:03:21Z</time>
</trkpt>
<trkpt lat="53.128379853" lon="47.441501627">
  <ele>140.673004</ele>
  <time>2010-07-31T04:03:22Z</time>
</trkpt>
<trkpt lat="53.128372226" lon="47.441913597">
  <ele>141.056000</ele>
  <time>2010-07-31T04:03:23Z</time>
</trkpt>
<trkpt lat="53.128368370" lon="47.442321796">
  <ele>141.257004</ele>
  <time>2010-07-31T04:03:24Z</time>
</trkpt>
<trkpt lat="53.128372226" lon="47.442733767">
  <ele>141.559006</ele>
  <time>2010-07-31T04:03:25Z</time>
</trkpt>
<trkpt lat="53.128383625" lon="47.443145737">
  <ele>141.733002</ele>
  <time>2010-07-31T04:03:26Z</time>
</trkpt>
<trkpt lat="53.128398880" lon="47.443553936">
  <ele>141.727997</ele>
  <time>2010-07-31T04:03:27Z</time>
</trkpt>
<trkpt lat="53.128421763" lon="47.443958279">
  <ele>141.876999</ele>
  <time>2010-07-31T04:03:28Z</time>
</trkpt>
<trkpt lat="53.128444646" lon="47.444358850">
  <ele>142.026993</ele>
  <time>2010-07-31T04:03:29Z</time>
</trkpt>
<trkpt lat="53.128479011" lon="47.444751710">
  <ele>142.130005</ele>
  <time>2010-07-31T04:03:30Z</time>
</trkpt>
<trkpt lat="53.128524777" lon="47.445137026">
  <ele>141.975998</ele>
  <time>2010-07-31T04:03:31Z</time>
</trkpt>
<trkpt lat="53.128574397" lon="47.445514714">
  <ele>141.945007</ele>
  <time>2010-07-31T04:03:32Z</time>
</trkpt>
<trkpt lat="53.128631562" lon="47.445880920">
  <ele>141.929993</ele>
  <time>2010-07-31T04:03:33Z</time>
</trkpt>
<trkpt lat="53.128692666" lon="47.446247125">
  <ele>142.158997</ele>
  <time>2010-07-31T04:03:34Z</time>
</trkpt>
<trkpt lat="53.128749831" lon="47.446613330">
  <ele>141.854004</ele>
  <time>2010-07-31T04:03:35Z</time>
</trkpt>
<trkpt lat="53.128814707" lon="47.446983308">
  <ele>141.438995</ele>
  <time>2010-07-31T04:03:36Z</time>
</trkpt>
<trkpt lat="53.128875727" lon="47.447353369">
  <ele>141.029999</ele>
  <time>2010-07-31T04:03:37Z</time>
</trkpt>
<trkpt lat="53.128940603" lon="47.447723430">
  <ele>140.617004</ele>
  <time>2010-07-31T04:03:38Z</time>
</trkpt>
<trkpt lat="53.129005395" lon="47.448097263">
  <ele>140.399994</ele>
  <time>2010-07-31T04:03:39Z</time>
</trkpt>
<trkpt lat="53.129074126" lon="47.448467240">
  <ele>140.264999</ele>
  <time>2010-07-31T04:03:40Z</time>
</trkpt>
<trkpt lat="53.129146546" lon="47.448841073">
  <ele>140.024002</ele>
  <time>2010-07-31T04:03:41Z</time>
</trkpt>
<trkpt lat="53.129215278" lon="47.449214906">
  <ele>139.669006</ele>
  <time>2010-07-31T04:03:42Z</time>
</trkpt>
<trkpt lat="53.129283926" lon="47.449588738">
  <ele>139.457993</ele>
  <time>2010-07-31T04:03:43Z</time>
</trkpt>
<trkpt lat="53.129356345" lon="47.449966427">
  <ele>139.350998</ele>
  <time>2010-07-31T04:03:44Z</time>
</trkpt>
<trkpt lat="53.129428849" lon="47.450340260">
  <ele>139.072006</ele>
  <time>2010-07-31T04:03:45Z</time>
</trkpt>
<trkpt lat="53.129501352" lon="47.450706465">
  <ele>138.613998</ele>
  <time>2010-07-31T04:03:46Z</time>
</trkpt>
<trkpt lat="53.129577627" lon="47.451076526">
  <ele>138.210007</ele>
  <time>2010-07-31T04:03:47Z</time>
</trkpt>
<trkpt lat="53.129650131" lon="47.451446503">
  <ele>137.992996</ele>
  <time>2010-07-31T04:03:48Z</time>
</trkpt>
<trkpt lat="53.129730262" lon="47.451816564">
  <ele>137.785995</ele>
  <time>2010-07-31T04:03:49Z</time>
</trkpt>
<trkpt lat="53.129817937" lon="47.452186625">
  <ele>137.505005</ele>
  <time>2010-07-31T04:03:50Z</time>
</trkpt>
<trkpt lat="53.129905695" lon="47.452545203">
  <ele>137.360992</ele>
  <time>2010-07-31T04:03:51Z</time>
</trkpt>
<trkpt lat="53.129993454" lon="47.452903781">
  <ele>137.108002</ele>
  <time>2010-07-31T04:03:52Z</time>
</trkpt>
<trkpt lat="53.130084984" lon="47.453262359">
  <ele>136.854996</ele>
  <time>2010-07-31T04:03:53Z</time>
</trkpt>
<trkpt lat="53.130176514" lon="47.453624709">
  <ele>136.667007</ele>
  <time>2010-07-31T04:03:54Z</time>
</trkpt>
<trkpt lat="53.130268129" lon="47.453983286">
  <ele>136.309006</ele>
  <time>2010-07-31T04:03:55Z</time>
</trkpt>
<trkpt lat="53.130359659" lon="47.454338092">
  <ele>135.945007</ele>
  <time>2010-07-31T04:03:56Z</time>
</trkpt>
<trkpt lat="53.130455045" lon="47.454689043">
  <ele>135.557007</ele>
  <time>2010-07-31T04:03:57Z</time>
</trkpt>
<trkpt lat="53.130546575" lon="47.455036137">
  <ele>135.365997</ele>
  <time>2010-07-31T04:03:58Z</time>
</trkpt>
<trkpt lat="53.130649589" lon="47.455383316">
  <ele>135.210999</ele>
  <time>2010-07-31T04:03:59Z</time>
</trkpt>
<trkpt lat="53.130752603" lon="47.455726638">
  <ele>135.024994</ele>
  <time>2010-07-31T04:04:00Z</time>
</trkpt>
<trkpt lat="53.130859388" lon="47.456066106">
  <ele>134.755997</ele>
  <time>2010-07-31T04:04:01Z</time>
</trkpt>
<trkpt lat="53.130970029" lon="47.456405656">
  <ele>134.565002</ele>
  <time>2010-07-31T04:04:02Z</time>
</trkpt>
<trkpt lat="53.131084442" lon="47.456745123">
  <ele>134.371002</ele>
  <time>2010-07-31T04:04:03Z</time>
</trkpt>
<trkpt lat="53.131202711" lon="47.457088446">
  <ele>134.246994</ele>
  <time>2010-07-31T04:04:04Z</time>
</trkpt>
<trkpt lat="53.131320979" lon="47.457427997">
  <ele>134.074005</ele>
  <time>2010-07-31T04:04:05Z</time>
</trkpt>
<trkpt lat="53.131439248" lon="47.457767464">
  <ele>133.740997</ele>
  <time>2010-07-31T04:04:06Z</time>
</trkpt>
<trkpt lat="53.131565060" lon="47.458110787">
  <ele>133.423004</ele>
  <time>2010-07-31T04:04:07Z</time>
</trkpt>
<trkpt lat="53.131687185" lon="47.458450338">
  <ele>133.242004</ele>
  <time>2010-07-31T04:04:08Z</time>
</trkpt>
<trkpt lat="53.131816853" lon="47.458789805">
  <ele>132.921005</ele>
  <time>2010-07-31T04:04:09Z</time>
</trkpt>
<trkpt lat="53.131950377" lon="47.459136983">
  <ele>132.632996</ele>
  <time>2010-07-31T04:04:10Z</time>
</trkpt>
<trkpt lat="53.132087672" lon="47.459480306">
  <ele>132.276001</ele>
  <time>2010-07-31T04:04:11Z</time>
</trkpt>
<trkpt lat="53.132225052" lon="47.459823629">
  <ele>132.016998</ele>
  <time>2010-07-31T04:04:12Z</time>
</trkpt>
<trkpt lat="53.132366203" lon="47.460170723">
  <ele>131.554001</ele>
  <time>2010-07-31T04:04:13Z</time>
</trkpt>
<trkpt lat="53.132511126" lon="47.460517902">
  <ele>131.153000</ele>
  <time>2010-07-31T04:04:14Z</time>
</trkpt>
<trkpt lat="53.132659905" lon="47.460857369">
  <ele>130.481995</ele>
  <time>2010-07-31T04:04:15Z</time>
</trkpt>
<trkpt lat="53.132808683" lon="47.461204547">
  <ele>130.251999</ele>
  <time>2010-07-31T04:04:16Z</time>
</trkpt>
<trkpt lat="53.132957462" lon="47.461547870">
  <ele>130.095001</ele>
  <time>2010-07-31T04:04:17Z</time>
</trkpt>
<trkpt lat="53.133106241" lon="47.461894965">
  <ele>129.862000</ele>
  <time>2010-07-31T04:04:18Z</time>
</trkpt>
<trkpt lat="53.133255020" lon="47.462238288">
  <ele>129.751999</ele>
  <time>2010-07-31T04:04:19Z</time>
</trkpt>
<trkpt lat="53.133403799" lon="47.462577838">
  <ele>129.699005</ele>
  <time>2010-07-31T04:04:20Z</time>
</trkpt>
<trkpt lat="53.133552577" lon="47.462921161">
  <ele>129.408005</ele>
  <time>2010-07-31T04:04:21Z</time>
</trkpt>
<trkpt lat="53.133697500" lon="47.463264484">
  <ele>129.093002</ele>
  <time>2010-07-31T04:04:22Z</time>
</trkpt>
<trkpt lat="53.133846279" lon="47.463611579">
  <ele>128.770004</ele>
  <time>2010-07-31T04:04:23Z</time>
</trkpt>
<trkpt lat="53.133995058" lon="47.463958757">
  <ele>128.231003</ele>
  <time>2010-07-31T04:04:24Z</time>
</trkpt>
<trkpt lat="53.134139981" lon="47.464302080">
  <ele>127.643997</ele>
  <time>2010-07-31T04:04:25Z</time>
</trkpt>
<trkpt lat="53.134288760" lon="47.464645403">
  <ele>126.946999</ele>
  <time>2010-07-31T04:04:26Z</time>
</trkpt>
<trkpt lat="53.134433767" lon="47.464984870">
  <ele>126.278000</ele>
  <time>2010-07-31T04:04:27Z</time>
</trkpt>
<trkpt lat="53.134574918" lon="47.465320565">
  <ele>125.636002</ele>
  <time>2010-07-31T04:04:28Z</time>
</trkpt>
<trkpt lat="53.134719841" lon="47.465648632">
  <ele>124.912003</ele>
  <time>2010-07-31T04:04:29Z</time>
</trkpt>
<trkpt lat="53.134860992" lon="47.465976700">
  <ele>124.271004</ele>
  <time>2010-07-31T04:04:30Z</time>
</trkpt>
<trkpt lat="53.135002144" lon="47.466308624">
  <ele>123.676003</ele>
  <time>2010-07-31T04:04:31Z</time>
</trkpt>
<trkpt lat="53.135143295" lon="47.466636691">
  <ele>123.350998</ele>
  <time>2010-07-31T04:04:32Z</time>
</trkpt>
<trkpt lat="53.135284446" lon="47.466968531">
  <ele>123.110001</ele>
  <time>2010-07-31T04:04:33Z</time>
</trkpt>
<trkpt lat="53.135425597" lon="47.467300454">
  <ele>122.983002</ele>
  <time>2010-07-31T04:04:34Z</time>
</trkpt>
<trkpt lat="53.135566749" lon="47.467628438">
  <ele>122.691002</ele>
  <time>2010-07-31T04:04:35Z</time>
</trkpt>
<trkpt lat="53.135704044" lon="47.467952734">
  <ele>122.359001</ele>
  <time>2010-07-31T04:04:36Z</time>
</trkpt>
<trkpt lat="53.135845196" lon="47.468276946">
  <ele>122.205002</ele>
  <time>2010-07-31T04:04:37Z</time>
</trkpt>
<trkpt lat="53.135982491" lon="47.468601242">
  <ele>122.252998</ele>
  <time>2010-07-31T04:04:38Z</time>
</trkpt>
<trkpt lat="53.136116015" lon="47.468921682">
  <ele>121.925003</ele>
  <time>2010-07-31T04:04:39Z</time>
</trkpt>
<trkpt lat="53.136249539" lon="47.469238266">
  <ele>121.598000</ele>
  <time>2010-07-31T04:04:40Z</time>
</trkpt>
<trkpt lat="53.136386834" lon="47.469558707">
  <ele>120.988998</ele>
  <time>2010-07-31T04:04:41Z</time>
</trkpt>
<trkpt lat="53.136520358" lon="47.469875375">
  <ele>120.421997</ele>
  <time>2010-07-31T04:04:42Z</time>
</trkpt>
<trkpt lat="53.136657737" lon="47.470195731">
  <ele>119.885002</ele>
  <time>2010-07-31T04:04:43Z</time>
</trkpt>
<trkpt lat="53.136795033" lon="47.470516171">
  <ele>119.375000</ele>
  <time>2010-07-31T04:04:44Z</time>
</trkpt>
<trkpt lat="53.136936184" lon="47.470836611">
  <ele>118.905998</ele>
  <time>2010-07-31T04:04:45Z</time>
</trkpt>
<trkpt lat="53.137073480" lon="47.471157052">
  <ele>118.431999</ele>
  <time>2010-07-31T04:04:46Z</time>
</trkpt>
<trkpt lat="53.137210859" lon="47.471477492">
  <ele>117.745003</ele>
  <time>2010-07-31T04:04:47Z</time>
</trkpt>
<trkpt lat="53.137348155" lon="47.471805559">
  <ele>117.130997</ele>
  <time>2010-07-31T04:04:48Z</time>
</trkpt>
<trkpt lat="53.137493161" lon="47.472137483">
  <ele>116.561996</ele>
  <time>2010-07-31T04:04:49Z</time>
</trkpt>
<trkpt lat="53.137634313" lon="47.472473178">
  <ele>116.097000</ele>
  <time>2010-07-31T04:04:50Z</time>
</trkpt>
<trkpt lat="53.137779236" lon="47.472812645">
  <ele>115.477997</ele>
  <time>2010-07-31T04:04:51Z</time>
</trkpt>
<trkpt lat="53.137928015" lon="47.473155968">
  <ele>114.768997</ele>
  <time>2010-07-31T04:04:52Z</time>
</trkpt>
<trkpt lat="53.138072938" lon="47.473499291">
  <ele>114.339996</ele>
  <time>2010-07-31T04:04:53Z</time>
</trkpt>
<trkpt lat="53.138221717" lon="47.473842613">
  <ele>113.997002</ele>
  <time>2010-07-31T04:04:54Z</time>
</trkpt>
<trkpt lat="53.138366723" lon="47.474185936">
  <ele>113.754997</ele>
  <time>2010-07-31T04:04:55Z</time>
</trkpt>
<trkpt lat="53.138511647" lon="47.474529259">
  <ele>113.551003</ele>
  <time>2010-07-31T04:04:56Z</time>
</trkpt>
<trkpt lat="53.138656653" lon="47.474876437">
  <ele>113.584000</ele>
  <time>2010-07-31T04:04:57Z</time>
</trkpt>
<trkpt lat="53.138805348" lon="47.475219760">
  <ele>113.641998</ele>
  <time>2010-07-31T04:04:58Z</time>
</trkpt>
<trkpt lat="53.138950355" lon="47.475563083">
  <ele>113.616997</ele>
  <time>2010-07-31T04:04:59Z</time>
</trkpt>
<trkpt lat="53.139099134" lon="47.475906406">
  <ele>113.653000</ele>
  <time>2010-07-31T04:05:00Z</time>
</trkpt>
<trkpt lat="53.139244057" lon="47.476245873">
  <ele>113.656998</ele>
  <time>2010-07-31T04:05:01Z</time>
</trkpt>
<trkpt lat="53.139385208" lon="47.476577796">
  <ele>113.435997</ele>
  <time>2010-07-31T04:05:02Z</time>
</trkpt>
<trkpt lat="53.139530215" lon="47.476913491">
  <ele>113.195000</ele>
  <time>2010-07-31T04:05:03Z</time>
</trkpt>
<trkpt lat="53.139671367" lon="47.477245331">
  <ele>113.000000</ele>
  <time>2010-07-31T04:05:04Z</time>
</trkpt>
<trkpt lat="53.139812434" lon="47.477581026">
  <ele>112.482002</ele>
  <time>2010-07-31T04:05:05Z</time>
</trkpt>
<trkpt lat="53.139949813" lon="47.477916721">
  <ele>112.058998</ele>
  <time>2010-07-31T04:05:06Z</time>
</trkpt>
<trkpt lat="53.140094737" lon="47.478248561">
  <ele>111.568001</ele>
  <time>2010-07-31T04:05:07Z</time>
</trkpt>
<trkpt lat="53.140235888" lon="47.478584256">
  <ele>110.969002</ele>
  <time>2010-07-31T04:05:08Z</time>
</trkpt>
<trkpt lat="53.140377039" lon="47.478919951">
  <ele>110.134003</ele>
  <time>2010-07-31T04:05:09Z</time>
</trkpt>
<trkpt lat="53.140521962" lon="47.479255646">
  <ele>109.227997</ele>
  <time>2010-07-31T04:05:10Z</time>
</trkpt>
<trkpt lat="53.140670741" lon="47.479591342">
  <ele>108.194000</ele>
  <time>2010-07-31T04:05:11Z</time>
</trkpt>
<trkpt lat="53.140823375" lon="47.479930893">
  <ele>107.384003</ele>
  <time>2010-07-31T04:05:12Z</time>
</trkpt>
<trkpt lat="53.140975926" lon="47.480270360">
  <ele>106.929001</ele>
  <time>2010-07-31T04:05:13Z</time>
</trkpt>
<trkpt lat="53.141124705" lon="47.480609911">
  <ele>106.598000</ele>
  <time>2010-07-31T04:05:14Z</time>
</trkpt>
<trkpt lat="53.141273484" lon="47.480953233">
  <ele>106.212997</ele>
  <time>2010-07-31T04:05:15Z</time>
</trkpt>
<trkpt lat="53.141422262" lon="47.481300328">
  <ele>106.165001</ele>
  <time>2010-07-31T04:05:16Z</time>
</trkpt>
<trkpt lat="53.141567269" lon="47.481643651">
  <ele>106.528999</ele>
  <time>2010-07-31T04:05:17Z</time>
</trkpt>
<trkpt lat="53.141712192" lon="47.481990829">
  <ele>106.714996</ele>
  <time>2010-07-31T04:05:18Z</time>
</trkpt>
<trkpt lat="53.141853344" lon="47.482334152">
  <ele>107.432999</ele>
  <time>2010-07-31T04:05:19Z</time>
</trkpt>
<trkpt lat="53.141994495" lon="47.482669847">
  <ele>108.167999</ele>
  <time>2010-07-31T04:05:20Z</time>
</trkpt>
<trkpt lat="53.142128019" lon="47.482997915">
  <ele>109.166000</ele>
  <time>2010-07-31T04:05:21Z</time>
</trkpt>
<trkpt lat="53.142257687" lon="47.483322127">
  <ele>109.778000</ele>
  <time>2010-07-31T04:05:22Z</time>
</trkpt>
<trkpt lat="53.142383583" lon="47.483650194">
  <ele>110.407997</ele>
  <time>2010-07-31T04:05:23Z</time>
</trkpt>
<trkpt lat="53.142501852" lon="47.483985890">
  <ele>110.918999</ele>
  <time>2010-07-31T04:05:24Z</time>
</trkpt>
<trkpt lat="53.142616265" lon="47.484329212">
  <ele>111.419998</ele>
  <time>2010-07-31T04:05:25Z</time>
</trkpt>
<trkpt lat="53.142726906" lon="47.484680163">
  <ele>111.910004</ele>
  <time>2010-07-31T04:05:26Z</time>
</trkpt>
<trkpt lat="53.142833691" lon="47.485034969">
  <ele>112.569000</ele>
  <time>2010-07-31T04:05:27Z</time>
</trkpt>
<trkpt lat="53.142932933" lon="47.485393547">
  <ele>112.936996</ele>
  <time>2010-07-31T04:05:28Z</time>
</trkpt>
<trkpt lat="53.143028235" lon="47.485759752">
  <ele>113.512001</ele>
  <time>2010-07-31T04:05:29Z</time>
</trkpt>
<trkpt lat="53.143119849" lon="47.486129729">
  <ele>113.999001</ele>
  <time>2010-07-31T04:05:30Z</time>
</trkpt>
<trkpt lat="53.143203752" lon="47.486503562">
  <ele>114.617996</ele>
  <time>2010-07-31T04:05:31Z</time>
</trkpt>
<trkpt lat="53.143283883" lon="47.486888878">
  <ele>115.068001</ele>
  <time>2010-07-31T04:05:32Z</time>
</trkpt>
<trkpt lat="53.143356303" lon="47.487281822">
  <ele>115.454002</ele>
  <time>2010-07-31T04:05:33Z</time>
</trkpt>
<trkpt lat="53.143413551" lon="47.487678537">
  <ele>115.536003</ele>
  <time>2010-07-31T04:05:34Z</time>
</trkpt>
<trkpt lat="53.143466944" lon="47.488086736">
  <ele>115.975998</ele>
  <time>2010-07-31T04:05:35Z</time>
</trkpt>
<trkpt lat="53.143512709" lon="47.488494851">
  <ele>116.010002</ele>
  <time>2010-07-31T04:05:36Z</time>
</trkpt>
<trkpt lat="53.143550847" lon="47.488906821">
  <ele>115.998001</ele>
  <time>2010-07-31T04:05:37Z</time>
</trkpt>
<trkpt lat="53.143588984" lon="47.489322647">
  <ele>116.026001</ele>
  <time>2010-07-31T04:05:38Z</time>
</trkpt>
<trkpt lat="53.143627206" lon="47.489738474">
  <ele>116.122002</ele>
  <time>2010-07-31T04:05:39Z</time>
</trkpt>
<trkpt lat="53.143665344" lon="47.490154300">
  <ele>115.999001</ele>
  <time>2010-07-31T04:05:40Z</time>
</trkpt>
<trkpt lat="53.143703481" lon="47.490570042">
  <ele>116.134003</ele>
  <time>2010-07-31T04:05:41Z</time>
</trkpt>
<trkpt lat="53.143737763" lon="47.490978241">
  <ele>116.247002</ele>
  <time>2010-07-31T04:05:42Z</time>
</trkpt>
<trkpt lat="53.143772129" lon="47.491382584">
  <ele>116.350998</ele>
  <time>2010-07-31T04:05:43Z</time>
</trkpt>
<trkpt lat="53.143806495" lon="47.491779299">
  <ele>116.563004</ele>
  <time>2010-07-31T04:05:44Z</time>
</trkpt>
<trkpt lat="53.143840777" lon="47.492172243">
  <ele>117.065002</ele>
  <time>2010-07-31T04:05:45Z</time>
</trkpt>
<trkpt lat="53.143871287" lon="47.492561331">
  <ele>117.767998</ele>
  <time>2010-07-31T04:05:46Z</time>
</trkpt>
<trkpt lat="53.143898025" lon="47.492950419">
  <ele>118.612000</ele>
  <time>2010-07-31T04:05:47Z</time>
</trkpt>
<trkpt lat="53.143924680" lon="47.493343363">
  <ele>119.459000</ele>
  <time>2010-07-31T04:05:48Z</time>
</trkpt>
<trkpt lat="53.143947562" lon="47.493732451">
  <ele>120.320000</ele>
  <time>2010-07-31T04:05:49Z</time>
</trkpt>
<trkpt lat="53.143966673" lon="47.494121538">
  <ele>121.123001</ele>
  <time>2010-07-31T04:05:50Z</time>
</trkpt>
<trkpt lat="53.143981928" lon="47.494510626">
  <ele>121.674004</ele>
  <time>2010-07-31T04:05:51Z</time>
</trkpt>
<trkpt lat="53.143997183" lon="47.494903570">
  <ele>121.973999</ele>
  <time>2010-07-31T04:05:52Z</time>
</trkpt>
<trkpt lat="53.144012438" lon="47.495296514">
  <ele>122.343002</ele>
  <time>2010-07-31T04:05:53Z</time>
</trkpt>
<trkpt lat="53.144023921" lon="47.495693229">
  <ele>122.792000</ele>
  <time>2010-07-31T04:05:54Z</time>
</trkpt>
<trkpt lat="53.144035321" lon="47.496089945">
  <ele>123.348000</ele>
  <time>2010-07-31T04:05:55Z</time>
</trkpt>
<trkpt lat="53.144042948" lon="47.496490516">
  <ele>123.667000</ele>
  <time>2010-07-31T04:05:56Z</time>
</trkpt>
<trkpt lat="53.144046804" lon="47.496894859">
  <ele>123.976997</ele>
  <time>2010-07-31T04:05:57Z</time>
</trkpt>
<trkpt lat="53.144050576" lon="47.497295346">
  <ele>124.377998</ele>
  <time>2010-07-31T04:05:58Z</time>
</trkpt>
<trkpt lat="53.144050576" lon="47.497699773">
  <ele>124.669998</ele>
  <time>2010-07-31T04:05:59Z</time>
</trkpt>
<trkpt lat="53.144050576" lon="47.498100260">
  <ele>125.155998</ele>
  <time>2010-07-31T04:06:00Z</time>
</trkpt>
<trkpt lat="53.144046804" lon="47.498508459">
  <ele>125.624001</ele>
  <time>2010-07-31T04:06:01Z</time>
</trkpt>
<trkpt lat="53.144039176" lon="47.498912802">
  <ele>126.212997</ele>
  <time>2010-07-31T04:06:02Z</time>
</trkpt>
<trkpt lat="53.144027693" lon="47.499317145">
  <ele>126.596001</ele>
  <time>2010-07-31T04:06:03Z</time>
</trkpt>
<trkpt lat="53.144016294" lon="47.499717716">
  <ele>126.975998</ele>
  <time>2010-07-31T04:06:04Z</time>
</trkpt>
<trkpt lat="53.144004811" lon="47.500122059">
  <ele>127.438004</ele>
  <time>2010-07-31T04:06:05Z</time>
</trkpt>
<trkpt lat="53.143989556" lon="47.500522630">
  <ele>128.093002</ele>
  <time>2010-07-31T04:06:06Z</time>
</trkpt>
<trkpt lat="53.143974300" lon="47.500923118">
  <ele>128.761002</ele>
  <time>2010-07-31T04:06:07Z</time>
</trkpt>
<trkpt lat="53.143959045" lon="47.501319917">
  <ele>129.656006</ele>
  <time>2010-07-31T04:06:08Z</time>
</trkpt>
<trkpt lat="53.143943790" lon="47.501720404">
  <ele>130.587006</ele>
  <time>2010-07-31T04:06:09Z</time>
</trkpt>
<trkpt lat="53.143928535" lon="47.502117120">
  <ele>131.475006</ele>
  <time>2010-07-31T04:06:10Z</time>
</trkpt>
<trkpt lat="53.143913280" lon="47.502513919">
  <ele>132.386002</ele>
  <time>2010-07-31T04:06:11Z</time>
</trkpt>
<trkpt lat="53.143901797" lon="47.502906779">
  <ele>133.660004</ele>
  <time>2010-07-31T04:06:12Z</time>
</trkpt>
<trkpt lat="53.143890398" lon="47.503295867">
  <ele>135.016998</ele>
  <time>2010-07-31T04:06:13Z</time>
</trkpt>
<trkpt lat="53.143875143" lon="47.503685039">
  <ele>135.837006</ele>
  <time>2010-07-31T04:06:14Z</time>
</trkpt>
<trkpt lat="53.143859887" lon="47.504074126">
  <ele>136.822998</ele>
  <time>2010-07-31T04:06:15Z</time>
</trkpt>
<trkpt lat="53.143844632" lon="47.504463214">
  <ele>137.619995</ele>
  <time>2010-07-31T04:06:16Z</time>
</trkpt>
<trkpt lat="53.143825522" lon="47.504852302">
  <ele>138.490997</ele>
  <time>2010-07-31T04:06:17Z</time>
</trkpt>
<trkpt lat="53.143814122" lon="47.505241390">
  <ele>139.436005</ele>
  <time>2010-07-31T04:06:18Z</time>
</trkpt>
<trkpt lat="53.143798867" lon="47.505630478">
  <ele>140.429993</ele>
  <time>2010-07-31T04:06:19Z</time>
</trkpt>
<trkpt lat="53.143783528" lon="47.506023422">
  <ele>141.220993</ele>
  <time>2010-07-31T04:06:20Z</time>
</trkpt>
<trkpt lat="53.143772129" lon="47.506420137">
  <ele>141.968002</ele>
  <time>2010-07-31T04:06:21Z</time>
</trkpt>
<trkpt lat="53.143756874" lon="47.506816853">
  <ele>142.757004</ele>
  <time>2010-07-31T04:06:22Z</time>
</trkpt>
<trkpt lat="53.143741619" lon="47.507213568">
  <ele>143.630997</ele>
  <time>2010-07-31T04:06:23Z</time>
</trkpt>
<trkpt lat="53.143726364" lon="47.507610284">
  <ele>144.298004</ele>
  <time>2010-07-31T04:06:24Z</time>
</trkpt>
<trkpt lat="53.143714881" lon="47.508007083">
  <ele>145.031006</ele>
  <time>2010-07-31T04:06:25Z</time>
</trkpt>
<trkpt lat="53.143699626" lon="47.508407570">
  <ele>145.626007</ele>
  <time>2010-07-31T04:06:26Z</time>
</trkpt>
<trkpt lat="53.143684370" lon="47.508804286">
  <ele>146.274002</ele>
  <time>2010-07-31T04:06:27Z</time>
</trkpt>
<trkpt lat="53.143672971" lon="47.509197230">
  <ele>146.751007</ele>
  <time>2010-07-31T04:06:28Z</time>
</trkpt>
<trkpt lat="53.143657716" lon="47.509586317">
  <ele>147.352005</ele>
  <time>2010-07-31T04:06:29Z</time>
</trkpt>
<trkpt lat="53.143642461" lon="47.509975405">
  <ele>148.028000</ele>
  <time>2010-07-31T04:06:30Z</time>
</trkpt>
<trkpt lat="53.143627206" lon="47.510360721">
  <ele>148.576996</ele>
  <time>2010-07-31T04:06:31Z</time>
</trkpt>
<trkpt lat="53.143611867" lon="47.510749809">
  <ele>149.210007</ele>
  <time>2010-07-31T04:06:32Z</time>
</trkpt>
<trkpt lat="53.143600468" lon="47.511135126">
  <ele>149.953003</ele>
  <time>2010-07-31T04:06:33Z</time>
</trkpt>
<trkpt lat="53.143588984" lon="47.511520358">
  <ele>150.695007</ele>
  <time>2010-07-31T04:06:34Z</time>
</trkpt>
<trkpt lat="53.143573729" lon="47.511901818">
  <ele>151.332993</ele>
  <time>2010-07-31T04:06:35Z</time>
</trkpt>
<trkpt lat="53.143562330" lon="47.512279507">
  <ele>151.839005</ele>
  <time>2010-07-31T04:06:36Z</time>
</trkpt>
<trkpt lat="53.143547075" lon="47.512653340">
  <ele>152.259003</ele>
  <time>2010-07-31T04:06:37Z</time>
</trkpt>
<trkpt lat="53.143531820" lon="47.513031028">
  <ele>152.860001</ele>
  <time>2010-07-31T04:06:38Z</time>
</trkpt>
<trkpt lat="53.143516565" lon="47.513404861">
  <ele>153.375000</ele>
  <time>2010-07-31T04:06:39Z</time>
</trkpt>
<trkpt lat="53.143501310" lon="47.513774838">
  <ele>153.815002</ele>
  <time>2010-07-31T04:06:40Z</time>
</trkpt>
<trkpt lat="53.143482199" lon="47.514141044">
  <ele>154.186005</ele>
  <time>2010-07-31T04:06:41Z</time>
</trkpt>
<trkpt lat="53.143463172" lon="47.514503477">
  <ele>154.490997</ele>
  <time>2010-07-31T04:06:42Z</time>
</trkpt>
<trkpt lat="53.143447917" lon="47.514869682">
  <ele>154.867004</ele>
  <time>2010-07-31T04:06:43Z</time>
</trkpt>
<trkpt lat="53.143432578" lon="47.515235888">
  <ele>155.298004</ele>
  <time>2010-07-31T04:06:44Z</time>
</trkpt>
<trkpt lat="53.143417323" lon="47.515602093">
  <ele>155.496002</ele>
  <time>2010-07-31T04:06:45Z</time>
</trkpt>
<trkpt lat="53.143405924" lon="47.515968299">
  <ele>155.757004</ele>
  <time>2010-07-31T04:06:46Z</time>
</trkpt>
<trkpt lat="53.143390669" lon="47.516338360">
  <ele>156.231003</ele>
  <time>2010-07-31T04:06:47Z</time>
</trkpt>
<trkpt lat="53.143379185" lon="47.516708337">
  <ele>156.500000</ele>
  <time>2010-07-31T04:06:48Z</time>
</trkpt>
<trkpt lat="53.143363930" lon="47.517078398">
  <ele>156.761993</ele>
  <time>2010-07-31T04:06:49Z</time>
</trkpt>
<trkpt lat="53.143348675" lon="47.517456086">
  <ele>157.130997</ele>
  <time>2010-07-31T04:06:50Z</time>
</trkpt>
<trkpt lat="53.143333420" lon="47.517829919">
  <ele>157.617004</ele>
  <time>2010-07-31T04:06:51Z</time>
</trkpt>
<trkpt lat="53.143318165" lon="47.518203752">
  <ele>157.789993</ele>
  <time>2010-07-31T04:06:52Z</time>
</trkpt>
<trkpt lat="53.143306766" lon="47.518585213">
  <ele>158.024994</ele>
  <time>2010-07-31T04:06:53Z</time>
</trkpt>
<trkpt lat="53.143295282" lon="47.518966673">
  <ele>158.104004</ele>
  <time>2010-07-31T04:06:54Z</time>
</trkpt>
<trkpt lat="53.143287655" lon="47.519351989">
  <ele>158.356995</ele>
  <time>2010-07-31T04:06:55Z</time>
</trkpt>
<trkpt lat="53.143280027" lon="47.519733449">
  <ele>158.701996</ele>
  <time>2010-07-31T04:06:56Z</time>
</trkpt>
<trkpt lat="53.143272400" lon="47.520122537">
  <ele>159.188004</ele>
  <time>2010-07-31T04:06:57Z</time>
</trkpt>
<trkpt lat="53.143260917" lon="47.520511625">
  <ele>159.412994</ele>
  <time>2010-07-31T04:06:58Z</time>
</trkpt>
<trkpt lat="53.143253289" lon="47.520900713">
  <ele>159.580994</ele>
  <time>2010-07-31T04:06:59Z</time>
</trkpt>
<trkpt lat="53.143241890" lon="47.521289801">
  <ele>159.804993</ele>
  <time>2010-07-31T04:07:00Z</time>
</trkpt>
<trkpt lat="53.143238034" lon="47.521678889">
  <ele>159.908997</ele>
  <time>2010-07-31T04:07:01Z</time>
</trkpt>
<trkpt lat="53.143234262" lon="47.522071833">
  <ele>160.160004</ele>
  <time>2010-07-31T04:07:02Z</time>
</trkpt>
<trkpt lat="53.143234262" lon="47.522464776">
  <ele>160.322998</ele>
  <time>2010-07-31T04:07:03Z</time>
</trkpt>
<trkpt lat="53.143238034" lon="47.522857636">
  <ele>160.276993</ele>
  <time>2010-07-31T04:07:04Z</time>
</trkpt>
<trkpt lat="53.143241890" lon="47.523254436">
  <ele>160.457993</ele>
  <time>2010-07-31T04:07:05Z</time>
</trkpt>
<trkpt lat="53.143249517" lon="47.523651151">
  <ele>160.651993</ele>
  <time>2010-07-31T04:07:06Z</time>
</trkpt>
<trkpt lat="53.143260917" lon="47.524051638">
  <ele>160.737000</ele>
  <time>2010-07-31T04:07:07Z</time>
</trkpt>
<trkpt lat="53.143268544" lon="47.524448354">
  <ele>160.585999</ele>
  <time>2010-07-31T04:07:08Z</time>
</trkpt>
<trkpt lat="53.143283883" lon="47.524852781">
  <ele>160.632996</ele>
  <time>2010-07-31T04:07:09Z</time>
</trkpt>
<trkpt lat="53.143299138" lon="47.525257124">
  <ele>160.475006</ele>
  <time>2010-07-31T04:07:10Z</time>
</trkpt>
<trkpt lat="53.143314393" lon="47.525661467">
  <ele>160.397003</ele>
  <time>2010-07-31T04:07:11Z</time>
</trkpt>
<trkpt lat="53.143333420" lon="47.526062038">
  <ele>160.100998</ele>
  <time>2010-07-31T04:07:12Z</time>
</trkpt>
<trkpt lat="53.143352531" lon="47.526458753">
  <ele>159.951004</ele>
  <time>2010-07-31T04:07:13Z</time>
</trkpt>
<trkpt lat="53.143375413" lon="47.526859324">
  <ele>159.960007</ele>
  <time>2010-07-31T04:07:14Z</time>
</trkpt>
<trkpt lat="53.143402068" lon="47.527259812">
  <ele>160.000000</ele>
  <time>2010-07-31T04:07:15Z</time>
</trkpt>
<trkpt lat="53.143428806" lon="47.527660383">
  <ele>159.733002</ele>
  <time>2010-07-31T04:07:16Z</time>
</trkpt>
<trkpt lat="53.143463172" lon="47.528064726">
  <ele>159.395996</ele>
  <time>2010-07-31T04:07:17Z</time>
</trkpt>
<trkpt lat="53.143493682" lon="47.528465297">
  <ele>159.085007</ele>
  <time>2010-07-31T04:07:18Z</time>
</trkpt>
<trkpt lat="53.143531820" lon="47.528862013">
  <ele>158.919998</ele>
  <time>2010-07-31T04:07:19Z</time>
</trkpt>
<trkpt lat="53.143566102" lon="47.529254872">
  <ele>158.539001</ele>
  <time>2010-07-31T04:07:20Z</time>
</trkpt>
<trkpt lat="53.143604239" lon="47.529647816">
  <ele>158.084000</ele>
  <time>2010-07-31T04:07:21Z</time>
</trkpt>
<trkpt lat="53.143642461" lon="47.530036904">
  <ele>157.567001</ele>
  <time>2010-07-31T04:07:22Z</time>
</trkpt>
<trkpt lat="53.143680599" lon="47.530425992">
  <ele>157.261993</ele>
  <time>2010-07-31T04:07:23Z</time>
</trkpt>
<trkpt lat="53.143718736" lon="47.530811308">
  <ele>156.813995</ele>
  <time>2010-07-31T04:07:24Z</time>
</trkpt>
<trkpt lat="53.143756874" lon="47.531196624">
  <ele>156.477005</ele>
  <time>2010-07-31T04:07:25Z</time>
</trkpt>
<trkpt lat="53.143798867" lon="47.531578084">
  <ele>156.220993</ele>
  <time>2010-07-31T04:07:26Z</time>
</trkpt>
<trkpt lat="53.143837005" lon="47.531959545">
  <ele>156.003006</ele>
  <time>2010-07-31T04:07:27Z</time>
</trkpt>
<trkpt lat="53.143875143" lon="47.532337150">
  <ele>155.585999</ele>
  <time>2010-07-31T04:07:28Z</time>
</trkpt>
<trkpt lat="53.143913280" lon="47.532714838">
  <ele>155.235001</ele>
  <time>2010-07-31T04:07:29Z</time>
</trkpt>
<trkpt lat="53.143951418" lon="47.533084899">
  <ele>154.746002</ele>
  <time>2010-07-31T04:07:30Z</time>
</trkpt>
<trkpt lat="53.143985784" lon="47.533454876">
  <ele>154.341995</ele>
  <time>2010-07-31T04:07:31Z</time>
</trkpt>
<trkpt lat="53.144023921" lon="47.533817310">
  <ele>153.804993</ele>
  <time>2010-07-31T04:07:32Z</time>
</trkpt>
<trkpt lat="53.144058203" lon="47.534179660">
  <ele>153.320007</ele>
  <time>2010-07-31T04:07:33Z</time>
</trkpt>
<trkpt lat="53.144096341" lon="47.534538237">
  <ele>152.850998</ele>
  <time>2010-07-31T04:07:34Z</time>
</trkpt>
<trkpt lat="53.144134562" lon="47.534893043">
  <ele>152.289001</ele>
  <time>2010-07-31T04:07:35Z</time>
</trkpt>
<trkpt lat="53.144172700" lon="47.535247765">
  <ele>151.537003</ele>
  <time>2010-07-31T04:07:36Z</time>
</trkpt>
<trkpt lat="53.144210838" lon="47.535606343">
  <ele>150.998001</ele>
  <time>2010-07-31T04:07:37Z</time>
</trkpt>
<trkpt lat="53.144248975" lon="47.535965005">
  <ele>150.367996</ele>
  <time>2010-07-31T04:07:38Z</time>
</trkpt>
<trkpt lat="53.144287113" lon="47.536334982">
  <ele>149.815002</ele>
  <time>2010-07-31T04:07:39Z</time>
</trkpt>
<trkpt lat="53.144325251" lon="47.536708815">
  <ele>149.192993</ele>
  <time>2010-07-31T04:07:40Z</time>
</trkpt>
<trkpt lat="53.144367244" lon="47.537097903">
  <ele>148.373001</ele>
  <time>2010-07-31T04:07:41Z</time>
</trkpt>
<trkpt lat="53.144409154" lon="47.537494618">
  <ele>147.494003</ele>
  <time>2010-07-31T04:07:42Z</time>
</trkpt>
<trkpt lat="53.144454919" lon="47.537895190">
  <ele>146.703003</ele>
  <time>2010-07-31T04:07:43Z</time>
</trkpt>
<trkpt lat="53.144508395" lon="47.538311016">
  <ele>145.800995</ele>
  <time>2010-07-31T04:07:44Z</time>
</trkpt>
<trkpt lat="53.144554161" lon="47.538734470">
  <ele>144.847000</ele>
  <time>2010-07-31T04:07:45Z</time>
</trkpt>
<trkpt lat="53.144603698" lon="47.539165467">
  <ele>143.893005</ele>
  <time>2010-07-31T04:07:46Z</time>
</trkpt>
<trkpt lat="53.144653318" lon="47.539604176">
  <ele>142.987000</ele>
  <time>2010-07-31T04:07:47Z</time>
</trkpt>
<trkpt lat="53.144702939" lon="47.540058140">
  <ele>142.052994</ele>
  <time>2010-07-31T04:07:48Z</time>
</trkpt>
<trkpt lat="53.144744849" lon="47.540512104">
  <ele>141.009003</ele>
  <time>2010-07-31T04:07:49Z</time>
</trkpt>
<trkpt lat="53.144790614" lon="47.540966067">
  <ele>140.003998</ele>
  <time>2010-07-31T04:07:50Z</time>
</trkpt>
<trkpt lat="53.144832607" lon="47.541419948">
  <ele>139.225998</ele>
  <time>2010-07-31T04:07:51Z</time>
</trkpt>
<trkpt lat="53.144870745" lon="47.541870140">
  <ele>138.315994</ele>
  <time>2010-07-31T04:07:52Z</time>
</trkpt>
<trkpt lat="53.144908883" lon="47.542316476">
  <ele>137.181000</ele>
  <time>2010-07-31T04:07:53Z</time>
</trkpt>
<trkpt lat="53.144947020" lon="47.542758957">
  <ele>136.341003</ele>
  <time>2010-07-31T04:07:54Z</time>
</trkpt>
<trkpt lat="53.144989014" lon="47.543197665">
  <ele>135.354004</ele>
  <time>2010-07-31T04:07:55Z</time>
</trkpt>
<trkpt lat="53.145034779" lon="47.543632519">
  <ele>134.244995</ele>
  <time>2010-07-31T04:07:56Z</time>
</trkpt>
<trkpt lat="53.145076772" lon="47.544059744">
  <ele>133.209000</ele>
  <time>2010-07-31T04:07:57Z</time>
</trkpt>
<trkpt lat="53.145118682" lon="47.544490825">
  <ele>132.156006</ele>
  <time>2010-07-31T04:07:58Z</time>
</trkpt>
<trkpt lat="53.145164531" lon="47.544914279">
  <ele>131.026993</ele>
  <time>2010-07-31T04:07:59Z</time>
</trkpt>
<trkpt lat="53.145206440" lon="47.545333877">
  <ele>130.005005</ele>
  <time>2010-07-31T04:08:00Z</time>
</trkpt>
<trkpt lat="53.145252205" lon="47.545753475">
  <ele>128.914001</ele>
  <time>2010-07-31T04:08:01Z</time>
</trkpt>
<trkpt lat="53.145297971" lon="47.546169301">
  <ele>127.703003</ele>
  <time>2010-07-31T04:08:02Z</time>
</trkpt>
<trkpt lat="53.145339964" lon="47.546585044">
  <ele>126.486000</ele>
  <time>2010-07-31T04:08:03Z</time>
</trkpt>
<trkpt lat="53.145381957" lon="47.547000870">
  <ele>125.114998</ele>
  <time>2010-07-31T04:08:04Z</time>
</trkpt>
<trkpt lat="53.145423867" lon="47.547416696">
  <ele>124.113998</ele>
  <time>2010-07-31T04:08:05Z</time>
</trkpt>
<trkpt lat="53.145469632" lon="47.547832523">
  <ele>122.827003</ele>
  <time>2010-07-31T04:08:06Z</time>
</trkpt>
<trkpt lat="53.145515481" lon="47.548248265">
  <ele>121.422997</ele>
  <time>2010-07-31T04:08:07Z</time>
</trkpt>
<trkpt lat="53.145557391" lon="47.548660319">
  <ele>119.862999</ele>
  <time>2010-07-31T04:08:08Z</time>
</trkpt>
<trkpt lat="53.145599384" lon="47.549072290">
  <ele>118.436996</ele>
  <time>2010-07-31T04:08:09Z</time>
</trkpt>
<trkpt lat="53.145641293" lon="47.549480405">
  <ele>117.030998</ele>
  <time>2010-07-31T04:08:10Z</time>
</trkpt>
<trkpt lat="53.145683287" lon="47.549892459">
  <ele>115.477997</ele>
  <time>2010-07-31T04:08:11Z</time>
</trkpt>
<trkpt lat="53.145725280" lon="47.550304430">
  <ele>114.195000</ele>
  <time>2010-07-31T04:08:12Z</time>
</trkpt>
<trkpt lat="53.145771045" lon="47.550716400">
  <ele>113.000000</ele>
  <time>2010-07-31T04:08:13Z</time>
</trkpt>
<trkpt lat="53.145812955" lon="47.551135998">
  <ele>112.013000</ele>
  <time>2010-07-31T04:08:14Z</time>
</trkpt>
<trkpt lat="53.145854948" lon="47.551563224">
  <ele>111.278999</ele>
  <time>2010-07-31T04:08:15Z</time>
</trkpt>
<trkpt lat="53.145896941" lon="47.551994305">
  <ele>110.584999</ele>
  <time>2010-07-31T04:08:16Z</time>
</trkpt>
<trkpt lat="53.145938851" lon="47.552421531">
  <ele>110.200996</ele>
  <time>2010-07-31T04:08:17Z</time>
</trkpt>
<trkpt lat="53.145984616" lon="47.552848840">
  <ele>109.964996</ele>
  <time>2010-07-31T04:08:18Z</time>
</trkpt>
<trkpt lat="53.146030465" lon="47.553276066">
  <ele>109.997002</ele>
  <time>2010-07-31T04:08:19Z</time>
</trkpt>
<trkpt lat="53.146076230" lon="47.553703291">
  <ele>110.456001</ele>
  <time>2010-07-31T04:08:20Z</time>
</trkpt>
<trkpt lat="53.146118140" lon="47.554130517">
  <ele>110.920998</ele>
  <time>2010-07-31T04:08:21Z</time>
</trkpt>
<trkpt lat="53.146163905" lon="47.554561598">
  <ele>111.474998</ele>
  <time>2010-07-31T04:08:22Z</time>
</trkpt>
<trkpt lat="53.146205898" lon="47.554988824">
  <ele>112.174004</ele>
  <time>2010-07-31T04:08:23Z</time>
</trkpt>
<trkpt lat="53.146251664" lon="47.555416133">
  <ele>112.947998</ele>
  <time>2010-07-31T04:08:24Z</time>
</trkpt>
<trkpt lat="53.146293657" lon="47.555835731">
  <ele>113.601997</ele>
  <time>2010-07-31T04:08:25Z</time>
</trkpt>
<trkpt lat="53.146335566" lon="47.556247702">
  <ele>114.253998</ele>
  <time>2010-07-31T04:08:26Z</time>
</trkpt>
<trkpt lat="53.146377560" lon="47.556659672">
  <ele>114.793999</ele>
  <time>2010-07-31T04:08:27Z</time>
</trkpt>
<trkpt lat="53.146419553" lon="47.557067871">
  <ele>115.375000</ele>
  <time>2010-07-31T04:08:28Z</time>
</trkpt>
<trkpt lat="53.146457691" lon="47.557476070">
  <ele>115.667999</ele>
  <time>2010-07-31T04:08:29Z</time>
</trkpt>
<trkpt lat="53.146499600" lon="47.557888040">
  <ele>116.106003</ele>
  <time>2010-07-31T04:08:30Z</time>
</trkpt>
<trkpt lat="53.146541594" lon="47.558300011">
  <ele>116.547997</ele>
  <time>2010-07-31T04:08:31Z</time>
</trkpt>
<trkpt lat="53.146583587" lon="47.558708210">
  <ele>116.934998</ele>
  <time>2010-07-31T04:08:32Z</time>
</trkpt>
<trkpt lat="53.146629352" lon="47.559120180">
  <ele>117.330002</ele>
  <time>2010-07-31T04:08:33Z</time>
</trkpt>
<trkpt lat="53.146671262" lon="47.559532151">
  <ele>117.681000</ele>
  <time>2010-07-31T04:08:34Z</time>
</trkpt>
<trkpt lat="53.146713255" lon="47.559940349">
  <ele>117.944000</ele>
  <time>2010-07-31T04:08:35Z</time>
</trkpt>
<trkpt lat="53.146755248" lon="47.560348548">
  <ele>118.088997</ele>
  <time>2010-07-31T04:08:36Z</time>
</trkpt>
<trkpt lat="53.146793386" lon="47.560760519">
  <ele>118.513000</ele>
  <time>2010-07-31T04:08:37Z</time>
</trkpt>
<trkpt lat="53.146831524" lon="47.561168633">
  <ele>118.557999</ele>
  <time>2010-07-31T04:08:38Z</time>
</trkpt>
<trkpt lat="53.146873433" lon="47.561580688">
  <ele>118.728996</ele>
  <time>2010-07-31T04:08:39Z</time>
</trkpt>
<trkpt lat="53.146915426" lon="47.561988803">
  <ele>118.926003</ele>
  <time>2010-07-31T04:08:40Z</time>
</trkpt>
<trkpt lat="53.146957420" lon="47.562397001">
  <ele>119.212997</ele>
  <time>2010-07-31T04:08:41Z</time>
</trkpt>
<trkpt lat="53.146999329" lon="47.562812828">
  <ele>119.318001</ele>
  <time>2010-07-31T04:08:42Z</time>
</trkpt>
<trkpt lat="53.147045095" lon="47.563224798">
  <ele>119.432999</ele>
  <time>2010-07-31T04:08:43Z</time>
</trkpt>
<trkpt lat="53.147087088" lon="47.563636769">
  <ele>119.589996</ele>
  <time>2010-07-31T04:08:44Z</time>
</trkpt>
<trkpt lat="53.147129081" lon="47.564044967">
  <ele>119.724998</ele>
  <time>2010-07-31T04:08:45Z</time>
</trkpt>
<trkpt lat="53.147170991" lon="47.564453166">
  <ele>119.661003</ele>
  <time>2010-07-31T04:08:46Z</time>
</trkpt>
<trkpt lat="53.147216756" lon="47.564865137">
  <ele>119.749001</ele>
  <time>2010-07-31T04:08:47Z</time>
</trkpt>
<trkpt lat="53.147258749" lon="47.565277107">
  <ele>119.736000</ele>
  <time>2010-07-31T04:08:48Z</time>
</trkpt>
<trkpt lat="53.147300743" lon="47.565696705">
  <ele>119.803001</ele>
  <time>2010-07-31T04:08:49Z</time>
</trkpt>
<trkpt lat="53.147342652" lon="47.566112531">
  <ele>119.894997</ele>
  <time>2010-07-31T04:08:50Z</time>
</trkpt>
<trkpt lat="53.147384645" lon="47.566528358">
  <ele>119.995003</ele>
  <time>2010-07-31T04:08:51Z</time>
</trkpt>
<trkpt lat="53.147426639" lon="47.566940328">
  <ele>120.014999</ele>
  <time>2010-07-31T04:08:52Z</time>
</trkpt>
<trkpt lat="53.147468548" lon="47.567352299">
  <ele>119.921997</ele>
  <time>2010-07-31T04:08:53Z</time>
</trkpt>
<trkpt lat="53.147510542" lon="47.567760497">
  <ele>119.874001</ele>
  <time>2010-07-31T04:08:54Z</time>
</trkpt>
<trkpt lat="53.147552451" lon="47.568168612">
  <ele>119.700996</ele>
  <time>2010-07-31T04:08:55Z</time>
</trkpt>
<trkpt lat="53.147594444" lon="47.568576811">
  <ele>119.543999</ele>
  <time>2010-07-31T04:08:56Z</time>
</trkpt>
<trkpt lat="53.147640210" lon="47.568985010">
  <ele>119.498001</ele>
  <time>2010-07-31T04:08:57Z</time>
</trkpt>
<trkpt lat="53.147682203" lon="47.569393124">
  <ele>119.468002</ele>
  <time>2010-07-31T04:08:58Z</time>
</trkpt>
<trkpt lat="53.147724112" lon="47.569793696">
  <ele>119.130997</ele>
  <time>2010-07-31T04:08:59Z</time>
</trkpt>
<trkpt lat="53.147762334" lon="47.570194267">
  <ele>118.844002</ele>
  <time>2010-07-31T04:09:00Z</time>
</trkpt>
<trkpt lat="53.147804243" lon="47.570598610">
  <ele>118.440002</ele>
  <time>2010-07-31T04:09:01Z</time>
</trkpt>
<trkpt lat="53.147846237" lon="47.571002953">
  <ele>118.280998</ele>
  <time>2010-07-31T04:09:02Z</time>
</trkpt>
<trkpt lat="53.147888146" lon="47.571407296">
  <ele>117.879997</ele>
  <time>2010-07-31T04:09:03Z</time>
</trkpt>
<trkpt lat="53.147930140" lon="47.571811639">
  <ele>117.432999</ele>
  <time>2010-07-31T04:09:04Z</time>
</trkpt>
<trkpt lat="53.147972133" lon="47.572219837">
  <ele>117.000999</ele>
  <time>2010-07-31T04:09:05Z</time>
</trkpt>
<trkpt lat="53.148014043" lon="47.572624180">
  <ele>116.705002</ele>
  <time>2010-07-31T04:09:06Z</time>
</trkpt>
<trkpt lat="53.148056036" lon="47.573028523">
  <ele>116.264000</ele>
  <time>2010-07-31T04:09:07Z</time>
</trkpt>
<trkpt lat="53.148098029" lon="47.573432950">
  <ele>115.825996</ele>
  <time>2010-07-31T04:09:08Z</time>
</trkpt>
<trkpt lat="53.148139939" lon="47.573833438">
  <ele>115.320999</ele>
  <time>2010-07-31T04:09:09Z</time>
</trkpt>
<trkpt lat="53.148181932" lon="47.574237864">
  <ele>115.001999</ele>
  <time>2010-07-31T04:09:10Z</time>
</trkpt>
<trkpt lat="53.148220070" lon="47.574638352">
  <ele>114.695999</ele>
  <time>2010-07-31T04:09:11Z</time>
</trkpt>
<trkpt lat="53.148258207" lon="47.575042695">
  <ele>114.165001</ele>
  <time>2010-07-31T04:09:12Z</time>
</trkpt>
<trkpt lat="53.148300201" lon="47.575447122">
  <ele>113.565002</ele>
  <time>2010-07-31T04:09:13Z</time>
</trkpt>
<trkpt lat="53.148338338" lon="47.575851465">
  <ele>112.866997</ele>
  <time>2010-07-31T04:09:14Z</time>
</trkpt>
<trkpt lat="53.148380248" lon="47.576251952">
  <ele>112.523003</ele>
  <time>2010-07-31T04:09:15Z</time>
</trkpt>
<trkpt lat="53.148422241" lon="47.576652523">
  <ele>112.087997</ele>
  <time>2010-07-31T04:09:16Z</time>
</trkpt>
<trkpt lat="53.148460379" lon="47.577049239">
  <ele>111.598000</ele>
  <time>2010-07-31T04:09:17Z</time>
</trkpt>
<trkpt lat="53.148498517" lon="47.577442182">
  <ele>110.976997</ele>
  <time>2010-07-31T04:09:18Z</time>
</trkpt>
<trkpt lat="53.148540510" lon="47.577838898">
  <ele>110.375000</ele>
  <time>2010-07-31T04:09:19Z</time>
</trkpt>
<trkpt lat="53.148582419" lon="47.578231841">
  <ele>109.829002</ele>
  <time>2010-07-31T04:09:20Z</time>
</trkpt>
<trkpt lat="53.148624413" lon="47.578617074">
  <ele>109.379997</ele>
  <time>2010-07-31T04:09:21Z</time>
</trkpt>
<trkpt lat="53.148662550" lon="47.579002390">
  <ele>108.896004</ele>
  <time>2010-07-31T04:09:22Z</time>
</trkpt>
<trkpt lat="53.148700688" lon="47.579376223">
  <ele>108.555000</ele>
  <time>2010-07-31T04:09:23Z</time>
</trkpt>
<trkpt lat="53.148738826" lon="47.579750055">
  <ele>107.935997</ele>
  <time>2010-07-31T04:09:24Z</time>
</trkpt>
<trkpt lat="53.148773191" lon="47.580120116">
  <ele>107.390999</ele>
  <time>2010-07-31T04:09:25Z</time>
</trkpt>
<trkpt lat="53.148815185" lon="47.580482466">
  <ele>106.843002</ele>
  <time>2010-07-31T04:09:26Z</time>
</trkpt>
<trkpt lat="53.148853322" lon="47.580841044">
  <ele>106.232002</ele>
  <time>2010-07-31T04:09:27Z</time>
</trkpt>
<trkpt lat="53.148891460" lon="47.581195850">
  <ele>105.507004</ele>
  <time>2010-07-31T04:09:28Z</time>
</trkpt>
<trkpt lat="53.148933370" lon="47.581546800">
  <ele>105.055000</ele>
  <time>2010-07-31T04:09:29Z</time>
</trkpt>
<trkpt lat="53.148979219" lon="47.581901522">
  <ele>104.305000</ele>
  <time>2010-07-31T04:09:30Z</time>
</trkpt>
<trkpt lat="53.149024984" lon="47.582248701">
  <ele>103.776001</ele>
  <time>2010-07-31T04:09:31Z</time>
</trkpt>
<trkpt lat="53.149074521" lon="47.582592024">
  <ele>103.385002</ele>
  <time>2010-07-31T04:09:32Z</time>
</trkpt>
<trkpt lat="53.149127997" lon="47.582931491">
  <ele>102.942001</ele>
  <time>2010-07-31T04:09:33Z</time>
</trkpt>
<trkpt lat="53.149177535" lon="47.583267186">
  <ele>102.535004</ele>
  <time>2010-07-31T04:09:34Z</time>
</trkpt>
<trkpt lat="53.149234783" lon="47.583606737">
  <ele>102.195000</ele>
  <time>2010-07-31T04:09:35Z</time>
</trkpt>
<trkpt lat="53.149288176" lon="47.583934804">
  <ele>101.805000</ele>
  <time>2010-07-31T04:09:36Z</time>
</trkpt>
<trkpt lat="53.149345424" lon="47.584259016">
  <ele>101.568001</ele>
  <time>2010-07-31T04:09:37Z</time>
</trkpt>
<trkpt lat="53.149402589" lon="47.584579457">
  <ele>101.126999</ele>
  <time>2010-07-31T04:09:38Z</time>
</trkpt>
<trkpt lat="53.149463693" lon="47.584896125">
  <ele>101.021004</ele>
  <time>2010-07-31T04:09:39Z</time>
</trkpt>
<trkpt lat="53.149524713" lon="47.585208854">
  <ele>100.584000</ele>
  <time>2010-07-31T04:09:40Z</time>
</trkpt>
<trkpt lat="53.149585733" lon="47.585514039">
  <ele>100.137001</ele>
  <time>2010-07-31T04:09:41Z</time>
</trkpt>
<trkpt lat="53.149650609" lon="47.585819224">
  <ele>99.781998</ele>
  <time>2010-07-31T04:09:42Z</time>
</trkpt>
<trkpt lat="53.149711629" lon="47.586120637">
  <ele>99.664001</ele>
  <time>2010-07-31T04:09:43Z</time>
</trkpt>
<trkpt lat="53.149772650" lon="47.586418111">
  <ele>99.454002</ele>
  <time>2010-07-31T04:09:44Z</time>
</trkpt>
<trkpt lat="53.149833670" lon="47.586715668">
  <ele>99.007004</ele>
  <time>2010-07-31T04:09:45Z</time>
</trkpt>
<trkpt lat="53.149894690" lon="47.587005598">
  <ele>98.621002</ele>
  <time>2010-07-31T04:09:46Z</time>
</trkpt>
<trkpt lat="53.149951939" lon="47.587295529">
  <ele>98.032997</ele>
  <time>2010-07-31T04:09:47Z</time>
</trkpt>
<trkpt lat="53.150016814" lon="47.587581603">
  <ele>97.434998</ele>
  <time>2010-07-31T04:09:48Z</time>
</trkpt>
<trkpt lat="53.150081607" lon="47.587871533">
  <ele>97.000000</ele>
  <time>2010-07-31T04:09:49Z</time>
</trkpt>
<trkpt lat="53.150142711" lon="47.588150064">
  <ele>96.205002</ele>
  <time>2010-07-31T04:09:50Z</time>
</trkpt>
<trkpt lat="53.150207503" lon="47.588428510">
  <ele>95.639999</ele>
  <time>2010-07-31T04:09:51Z</time>
</trkpt>
<trkpt lat="53.150268523" lon="47.588703185">
  <ele>95.251999</ele>
  <time>2010-07-31T04:09:52Z</time>
</trkpt>
<trkpt lat="53.150333399" lon="47.588974005">
  <ele>94.598999</ele>
  <time>2010-07-31T04:09:53Z</time>
</trkpt>
<trkpt lat="53.150402047" lon="47.589244824">
  <ele>93.934998</ele>
  <time>2010-07-31T04:09:54Z</time>
</trkpt>
<trkpt lat="53.150470695" lon="47.589511871">
  <ele>93.446999</ele>
  <time>2010-07-31T04:09:55Z</time>
</trkpt>
<trkpt lat="53.150543198" lon="47.589778919">
  <ele>93.112999</ele>
  <time>2010-07-31T04:09:56Z</time>
</trkpt>
<trkpt lat="53.150611846" lon="47.590049738">
  <ele>92.945999</ele>
  <time>2010-07-31T04:09:57Z</time>
</trkpt>
<trkpt lat="53.150676722" lon="47.590320557">
  <ele>92.742996</ele>
  <time>2010-07-31T04:09:58Z</time>
</trkpt>
<trkpt lat="53.150749225" lon="47.590591460">
  <ele>92.568001</ele>
  <time>2010-07-31T04:09:59Z</time>
</trkpt>
<trkpt lat="53.150817873" lon="47.590862280">
  <ele>92.414001</ele>
  <time>2010-07-31T04:10:00Z</time>
</trkpt>
<trkpt lat="53.150886521" lon="47.591136955">
  <ele>92.344002</ele>
  <time>2010-07-31T04:10:01Z</time>
</trkpt>
<trkpt lat="53.150962796" lon="47.591407774">
  <ele>92.339996</ele>
  <time>2010-07-31T04:10:02Z</time>
</trkpt>
<trkpt lat="53.151035300" lon="47.591678593">
  <ele>92.505997</ele>
  <time>2010-07-31T04:10:03Z</time>
</trkpt>
<trkpt lat="53.151111575" lon="47.591953268">
  <ele>92.893997</ele>
  <time>2010-07-31T04:10:04Z</time>
</trkpt>
<trkpt lat="53.151187934" lon="47.592224088">
  <ele>93.305000</ele>
  <time>2010-07-31T04:10:05Z</time>
</trkpt>
<trkpt lat="53.151256582" lon="47.592487363">
  <ele>93.716003</ele>
  <time>2010-07-31T04:10:06Z</time>
</trkpt>
<trkpt lat="53.151329001" lon="47.592754327">
  <ele>94.138000</ele>
  <time>2010-07-31T04:10:07Z</time>
</trkpt>
<trkpt lat="53.151397733" lon="47.593025230">
  <ele>94.728996</ele>
  <time>2010-07-31T04:10:08Z</time>
</trkpt>
<trkpt lat="53.151462525" lon="47.593288422">
  <ele>95.305000</ele>
  <time>2010-07-31T04:10:09Z</time>
</trkpt>
<trkpt lat="53.151531257" lon="47.593547842">
  <ele>95.944000</ele>
  <time>2010-07-31T04:10:10Z</time>
</trkpt>
<trkpt lat="53.151599905" lon="47.593811033">
  <ele>96.378998</ele>
  <time>2010-07-31T04:10:11Z</time>
</trkpt>
<trkpt lat="53.151668552" lon="47.594074225">
  <ele>96.930000</ele>
  <time>2010-07-31T04:10:12Z</time>
</trkpt>
<trkpt lat="53.151733428" lon="47.594329873">
  <ele>97.365997</ele>
  <time>2010-07-31T04:10:13Z</time>
</trkpt>
<trkpt lat="53.151798220" lon="47.594585437">
  <ele>97.726997</ele>
  <time>2010-07-31T04:10:14Z</time>
</trkpt>
<trkpt lat="53.151863096" lon="47.594844857">
  <ele>98.042999</ele>
  <time>2010-07-31T04:10:15Z</time>
</trkpt>
<trkpt lat="53.151927972" lon="47.595104193">
  <ele>98.419998</ele>
  <time>2010-07-31T04:10:16Z</time>
</trkpt>
<trkpt lat="53.151992764" lon="47.595355986">
  <ele>98.760002</ele>
  <time>2010-07-31T04:10:17Z</time>
</trkpt>
<trkpt lat="53.152053868" lon="47.595603922">
  <ele>99.137001</ele>
  <time>2010-07-31T04:10:18Z</time>
</trkpt>
<trkpt lat="53.152114889" lon="47.595848087">
  <ele>99.389999</ele>
  <time>2010-07-31T04:10:19Z</time>
</trkpt>
<trkpt lat="53.152183536" lon="47.596092252">
  <ele>99.778000</ele>
  <time>2010-07-31T04:10:20Z</time>
</trkpt>
<trkpt lat="53.152248412" lon="47.596340189">
  <ele>99.845001</ele>
  <time>2010-07-31T04:10:21Z</time>
</trkpt>
<trkpt lat="53.152309433" lon="47.596580498">
  <ele>99.665001</ele>
  <time>2010-07-31T04:10:22Z</time>
</trkpt>
<trkpt lat="53.152370453" lon="47.596824663">
  <ele>99.878998</ele>
  <time>2010-07-31T04:10:23Z</time>
</trkpt>
<trkpt lat="53.152431473" lon="47.597064972">
  <ele>99.897003</ele>
  <time>2010-07-31T04:10:24Z</time>
</trkpt>
<trkpt lat="53.152496349" lon="47.597312909">
  <ele>99.922997</ele>
  <time>2010-07-31T04:10:25Z</time>
</trkpt>
<trkpt lat="53.152557369" lon="47.597560845">
  <ele>99.707001</ele>
  <time>2010-07-31T04:10:26Z</time>
</trkpt>
<trkpt lat="53.152618390" lon="47.597805010">
  <ele>99.552002</ele>
  <time>2010-07-31T04:10:27Z</time>
</trkpt>
<trkpt lat="53.152679410" lon="47.598049175">
  <ele>99.512001</ele>
  <time>2010-07-31T04:10:28Z</time>
</trkpt>
<trkpt lat="53.152740514" lon="47.598293340">
  <ele>99.238998</ele>
  <time>2010-07-31T04:10:29Z</time>
</trkpt>
<trkpt lat="53.152801534" lon="47.598545048">
  <ele>99.007004</ele>
  <time>2010-07-31T04:10:30Z</time>
</trkpt>
<trkpt lat="53.152866326" lon="47.598808324">
  <ele>98.745003</ele>
  <time>2010-07-31T04:10:31Z</time>
</trkpt>
<trkpt lat="53.152931202" lon="47.599071516">
  <ele>98.507004</ele>
  <time>2010-07-31T04:10:32Z</time>
</trkpt>
<trkpt lat="53.152999850" lon="47.599342335">
  <ele>98.245003</ele>
  <time>2010-07-31T04:10:33Z</time>
</trkpt>
<trkpt lat="53.153068582" lon="47.599613154">
  <ele>98.147003</ele>
  <time>2010-07-31T04:10:34Z</time>
</trkpt>
<trkpt lat="53.153137229" lon="47.599887829">
  <ele>98.009003</ele>
  <time>2010-07-31T04:10:35Z</time>
</trkpt>
<trkpt lat="53.153209649" lon="47.600162504">
  <ele>97.920998</ele>
  <time>2010-07-31T04:10:36Z</time>
</trkpt>
<trkpt lat="53.153278381" lon="47.600433324">
  <ele>97.913002</ele>
  <time>2010-07-31T04:10:37Z</time>
</trkpt>
<trkpt lat="53.153347028" lon="47.600704227">
  <ele>97.858002</ele>
  <time>2010-07-31T04:10:38Z</time>
</trkpt>
<trkpt lat="53.153415676" lon="47.600975046">
  <ele>97.917999</ele>
  <time>2010-07-31T04:10:39Z</time>
</trkpt>
<trkpt lat="53.153484324" lon="47.601234466">
  <ele>98.059998</ele>
  <time>2010-07-31T04:10:40Z</time>
</trkpt>
<trkpt lat="53.153552972" lon="47.601493802">
  <ele>98.022003</ele>
  <time>2010-07-31T04:10:41Z</time>
</trkpt>
<trkpt lat="53.153617848" lon="47.601753222">
  <ele>98.061996</ele>
  <time>2010-07-31T04:10:42Z</time>
</trkpt>
<trkpt lat="53.153678868" lon="47.602005014">
  <ele>98.227997</ele>
  <time>2010-07-31T04:10:43Z</time>
</trkpt>
<trkpt lat="53.153739888" lon="47.602249179">
  <ele>98.273003</ele>
  <time>2010-07-31T04:10:44Z</time>
</trkpt>
<trkpt lat="53.153804764" lon="47.602493260">
  <ele>98.254997</ele>
  <time>2010-07-31T04:10:45Z</time>
</trkpt>
<trkpt lat="53.153865784" lon="47.602748908">
  <ele>98.531998</ele>
  <time>2010-07-31T04:10:46Z</time>
</trkpt>
<trkpt lat="53.153934516" lon="47.603012100">
  <ele>98.691002</ele>
  <time>2010-07-31T04:10:47Z</time>
</trkpt>
<trkpt lat="53.153999308" lon="47.603290547">
  <ele>99.045998</ele>
  <time>2010-07-31T04:10:48Z</time>
</trkpt>
<trkpt lat="53.154064184" lon="47.603576621">
  <ele>99.176003</ele>
  <time>2010-07-31T04:10:49Z</time>
</trkpt>
<trkpt lat="53.154125204" lon="47.603881806">
  <ele>99.323997</ele>
  <time>2010-07-31T04:10:50Z</time>
</trkpt>
<trkpt lat="53.154178597" lon="47.604198474">
  <ele>99.329002</ele>
  <time>2010-07-31T04:10:51Z</time>
</trkpt>
<trkpt lat="53.154231990" lon="47.604526542">
  <ele>99.228996</ele>
  <time>2010-07-31T04:10:52Z</time>
</trkpt>
<trkpt lat="53.154281611" lon="47.604866009">
  <ele>99.320999</ele>
  <time>2010-07-31T04:10:53Z</time>
</trkpt>
<trkpt lat="53.154327376" lon="47.605213188">
  <ele>99.457001</ele>
  <time>2010-07-31T04:10:54Z</time>
</trkpt>
<trkpt lat="53.154365513" lon="47.605571765">
  <ele>99.336998</ele>
  <time>2010-07-31T04:10:55Z</time>
</trkpt>
<trkpt lat="53.154399879" lon="47.605937971">
  <ele>99.253998</ele>
  <time>2010-07-31T04:10:56Z</time>
</trkpt>
<trkpt lat="53.154430389" lon="47.606311804">
  <ele>99.411003</ele>
  <time>2010-07-31T04:10:57Z</time>
</trkpt>
<trkpt lat="53.154453272" lon="47.606700892">
  <ele>99.734001</ele>
  <time>2010-07-31T04:10:58Z</time>
</trkpt>
<trkpt lat="53.154476155" lon="47.607089980">
  <ele>100.210999</ele>
  <time>2010-07-31T04:10:59Z</time>
</trkpt>
<trkpt lat="53.154491410" lon="47.607486695">
  <ele>100.820000</ele>
  <time>2010-07-31T04:11:00Z</time>
</trkpt>
<trkpt lat="53.154495265" lon="47.607883494">
  <ele>101.699997</ele>
  <time>2010-07-31T04:11:01Z</time>
</trkpt>
<trkpt lat="53.154487638" lon="47.608283982">
  <ele>102.655998</ele>
  <time>2010-07-31T04:11:02Z</time>
</trkpt>
<trkpt lat="53.154468527" lon="47.608684553">
  <ele>103.709999</ele>
  <time>2010-07-31T04:11:03Z</time>
</trkpt>
<trkpt lat="53.154449500" lon="47.609085124">
  <ele>104.857002</ele>
  <time>2010-07-31T04:11:04Z</time>
</trkpt>
<trkpt lat="53.154426534" lon="47.609481839">
  <ele>106.075996</ele>
  <time>2010-07-31T04:11:05Z</time>
</trkpt>
<trkpt lat="53.154399879" lon="47.609886182">
  <ele>107.342003</ele>
  <time>2010-07-31T04:11:06Z</time>
</trkpt>
<trkpt lat="53.154373141" lon="47.610290525">
  <ele>108.472000</ele>
  <time>2010-07-31T04:11:07Z</time>
</trkpt>
<trkpt lat="53.154338859" lon="47.610694868">
  <ele>109.327003</ele>
  <time>2010-07-31T04:11:08Z</time>
</trkpt>
<trkpt lat="53.154308349" lon="47.611099211">
  <ele>110.405998</ele>
  <time>2010-07-31T04:11:09Z</time>
</trkpt>
<trkpt lat="53.154277839" lon="47.611507410">
  <ele>111.408997</ele>
  <time>2010-07-31T04:11:10Z</time>
</trkpt>
<trkpt lat="53.154243473" lon="47.611915609">
  <ele>112.476997</ele>
  <time>2010-07-31T04:11:11Z</time>
</trkpt>
<trkpt lat="53.154209107" lon="47.612323724">
  <ele>113.421997</ele>
  <time>2010-07-31T04:11:12Z</time>
</trkpt>
<trkpt lat="53.154174825" lon="47.612731922">
  <ele>114.319000</ele>
  <time>2010-07-31T04:11:13Z</time>
</trkpt>
<trkpt lat="53.154140459" lon="47.613143893">
  <ele>115.234001</ele>
  <time>2010-07-31T04:11:14Z</time>
</trkpt>
<trkpt lat="53.154109949" lon="47.613555947">
  <ele>116.318001</ele>
  <time>2010-07-31T04:11:15Z</time>
</trkpt>
<trkpt lat="53.154075583" lon="47.613967918">
  <ele>117.237000</ele>
  <time>2010-07-31T04:11:16Z</time>
</trkpt>
<trkpt lat="53.154045073" lon="47.614379888">
  <ele>118.363998</ele>
  <time>2010-07-31T04:11:17Z</time>
</trkpt>
<trkpt lat="53.154010791" lon="47.614791859">
  <ele>119.444000</ele>
  <time>2010-07-31T04:11:18Z</time>
</trkpt>
<trkpt lat="53.153976426" lon="47.615203829">
  <ele>120.418999</ele>
  <time>2010-07-31T04:11:19Z</time>
</trkpt>
<trkpt lat="53.153942144" lon="47.615615884">
  <ele>121.494003</ele>
  <time>2010-07-31T04:11:20Z</time>
</trkpt>
<trkpt lat="53.153907778" lon="47.616027854">
  <ele>122.648003</ele>
  <time>2010-07-31T04:11:21Z</time>
</trkpt>
<trkpt lat="53.153869640" lon="47.616439825">
  <ele>124.183998</ele>
  <time>2010-07-31T04:11:22Z</time>
</trkpt>
<trkpt lat="53.153835274" lon="47.616851795">
  <ele>125.018997</ele>
  <time>2010-07-31T04:11:23Z</time>
</trkpt>
<trkpt lat="53.153800992" lon="47.617263766">
  <ele>126.260002</ele>
  <time>2010-07-31T04:11:24Z</time>
</trkpt>
<trkpt lat="53.153766626" lon="47.617679592">
  <ele>127.639000</ele>
  <time>2010-07-31T04:11:25Z</time>
</trkpt>
<trkpt lat="53.153736116" lon="47.618091563">
  <ele>128.826004</ele>
  <time>2010-07-31T04:11:26Z</time>
</trkpt>
<trkpt lat="53.153701751" lon="47.618503533">
  <ele>129.684006</ele>
  <time>2010-07-31T04:11:27Z</time>
</trkpt>
<trkpt lat="53.153671240" lon="47.618919360">
  <ele>130.645996</ele>
  <time>2010-07-31T04:11:28Z</time>
</trkpt>
<trkpt lat="53.153636958" lon="47.619335186">
  <ele>131.457001</ele>
  <time>2010-07-31T04:11:29Z</time>
</trkpt>
<trkpt lat="53.153602593" lon="47.619751012">
  <ele>132.332001</ele>
  <time>2010-07-31T04:11:30Z</time>
</trkpt>
<trkpt lat="53.153572083" lon="47.620166754">
  <ele>132.722000</ele>
  <time>2010-07-31T04:11:31Z</time>
</trkpt>
<trkpt lat="53.153537717" lon="47.620578725">
  <ele>133.300003</ele>
  <time>2010-07-31T04:11:32Z</time>
</trkpt>
<trkpt lat="53.153503435" lon="47.620994551">
  <ele>133.957001</ele>
  <time>2010-07-31T04:11:33Z</time>
</trkpt>
<trkpt lat="53.153472925" lon="47.621410377">
  <ele>134.531006</ele>
  <time>2010-07-31T04:11:34Z</time>
</trkpt>
<trkpt lat="53.153446186" lon="47.621826204">
  <ele>135.108994</ele>
  <time>2010-07-31T04:11:35Z</time>
</trkpt>
<trkpt lat="53.153415676" lon="47.622241946">
  <ele>135.634995</ele>
  <time>2010-07-31T04:11:36Z</time>
</trkpt>
<trkpt lat="53.153385166" lon="47.622650145">
  <ele>136.287994</ele>
  <time>2010-07-31T04:11:37Z</time>
</trkpt>
<trkpt lat="53.153350800" lon="47.623050716">
  <ele>136.906998</ele>
  <time>2010-07-31T04:11:38Z</time>
</trkpt>
<trkpt lat="53.153320290" lon="47.623443576">
  <ele>137.216995</ele>
  <time>2010-07-31T04:11:39Z</time>
</trkpt>
<trkpt lat="53.153286008" lon="47.623840291">
  <ele>137.697998</ele>
  <time>2010-07-31T04:11:40Z</time>
</trkpt>
<trkpt lat="53.153259270" lon="47.624233235">
  <ele>137.744995</ele>
  <time>2010-07-31T04:11:41Z</time>
</trkpt>
<trkpt lat="53.153228760" lon="47.624637578">
  <ele>137.735001</ele>
  <time>2010-07-31T04:11:42Z</time>
</trkpt>
<trkpt lat="53.153198250" lon="47.625038149">
  <ele>137.539993</ele>
  <time>2010-07-31T04:11:43Z</time>
</trkpt>
<trkpt lat="53.153160112" lon="47.625434864">
  <ele>137.598999</ele>
  <time>2010-07-31T04:11:44Z</time>
</trkpt>
<trkpt lat="53.153129602" lon="47.625839207">
  <ele>137.662003</ele>
  <time>2010-07-31T04:11:45Z</time>
</trkpt>
<trkpt lat="53.153095236" lon="47.626247406">
  <ele>137.395004</ele>
  <time>2010-07-31T04:11:46Z</time>
</trkpt>
<trkpt lat="53.153064726" lon="47.626663232">
  <ele>137.093002</ele>
  <time>2010-07-31T04:11:47Z</time>
</trkpt>
<trkpt lat="53.153034216" lon="47.627078975">
  <ele>136.985001</ele>
  <time>2010-07-31T04:11:48Z</time>
</trkpt>
<trkpt lat="53.152999850" lon="47.627494801">
  <ele>137.037994</ele>
  <time>2010-07-31T04:11:49Z</time>
</trkpt>
<trkpt lat="53.152965568" lon="47.627918255">
  <ele>137.201996</ele>
  <time>2010-07-31T04:11:50Z</time>
</trkpt>
<trkpt lat="53.152927430" lon="47.628337853">
  <ele>137.233002</ele>
  <time>2010-07-31T04:11:51Z</time>
</trkpt>
<trkpt lat="53.152896920" lon="47.628765078">
  <ele>137.128998</ele>
  <time>2010-07-31T04:11:52Z</time>
</trkpt>
<trkpt lat="53.152858699" lon="47.629188532">
  <ele>136.994003</ele>
  <time>2010-07-31T04:11:53Z</time>
</trkpt>
<trkpt lat="53.152824417" lon="47.629611986">
  <ele>137.212997</ele>
  <time>2010-07-31T04:11:54Z</time>
</trkpt>
<trkpt lat="53.152790051" lon="47.630031584">
  <ele>137.292999</ele>
  <time>2010-07-31T04:11:55Z</time>
</trkpt>
<trkpt lat="53.152751913" lon="47.630455038">
  <ele>137.593002</ele>
  <time>2010-07-31T04:11:56Z</time>
</trkpt>
<trkpt lat="53.152717631" lon="47.630882263">
  <ele>137.710999</ele>
  <time>2010-07-31T04:11:57Z</time>
</trkpt>
<trkpt lat="53.152683266" lon="47.631305717">
  <ele>138.020004</ele>
  <time>2010-07-31T04:11:58Z</time>
</trkpt>
<trkpt lat="53.152648900" lon="47.631732943">
  <ele>138.427994</ele>
  <time>2010-07-31T04:11:59Z</time>
</trkpt>
<trkpt lat="53.152614618" lon="47.632160168">
  <ele>138.707001</ele>
  <time>2010-07-31T04:12:00Z</time>
</trkpt>
<trkpt lat="53.152576480" lon="47.632583622">
  <ele>138.921005</ele>
  <time>2010-07-31T04:12:01Z</time>
</trkpt>
<trkpt lat="53.152542114" lon="47.633014703">
  <ele>139.210007</ele>
  <time>2010-07-31T04:12:02Z</time>
</trkpt>
<trkpt lat="53.152503977" lon="47.633441929">
  <ele>139.404007</ele>
  <time>2010-07-31T04:12:03Z</time>
</trkpt>
<trkpt lat="53.152469611" lon="47.633869154">
  <ele>139.395996</ele>
  <time>2010-07-31T04:12:04Z</time>
</trkpt>
<trkpt lat="53.152431473" lon="47.634296380">
  <ele>139.451004</ele>
  <time>2010-07-31T04:12:05Z</time>
</trkpt>
<trkpt lat="53.152397191" lon="47.634719834">
  <ele>139.434998</ele>
  <time>2010-07-31T04:12:06Z</time>
</trkpt>
<trkpt lat="53.152362825" lon="47.635147059">
  <ele>139.442001</ele>
  <time>2010-07-31T04:12:07Z</time>
</trkpt>
<trkpt lat="53.152324688" lon="47.635578141">
  <ele>139.326996</ele>
  <time>2010-07-31T04:12:08Z</time>
</trkpt>
<trkpt lat="53.152290322" lon="47.636001594">
  <ele>139.039993</ele>
  <time>2010-07-31T04:12:09Z</time>
</trkpt>
<trkpt lat="53.152256040" lon="47.636425048">
  <ele>139.026993</ele>
  <time>2010-07-31T04:12:10Z</time>
</trkpt>
<trkpt lat="53.152221674" lon="47.636840791">
  <ele>139.018005</ele>
  <time>2010-07-31T04:12:11Z</time>
</trkpt>
<trkpt lat="53.152191164" lon="47.637256617">
  <ele>138.792999</ele>
  <time>2010-07-31T04:12:12Z</time>
</trkpt>
<trkpt lat="53.152156798" lon="47.637668587">
  <ele>138.505005</ele>
  <time>2010-07-31T04:12:13Z</time>
</trkpt>
<trkpt lat="53.152122516" lon="47.638080558">
  <ele>138.166000</ele>
  <time>2010-07-31T04:12:14Z</time>
</trkpt>
<trkpt lat="53.152088150" lon="47.638496384">
  <ele>137.613007</ele>
  <time>2010-07-31T04:12:15Z</time>
</trkpt>
<trkpt lat="53.152053868" lon="47.638908355">
  <ele>137.207001</ele>
  <time>2010-07-31T04:12:16Z</time>
</trkpt>
<trkpt lat="53.152019503" lon="47.639320409">
  <ele>136.718002</ele>
  <time>2010-07-31T04:12:17Z</time>
</trkpt>
<trkpt lat="53.151985137" lon="47.639732379">
  <ele>136.287994</ele>
  <time>2010-07-31T04:12:18Z</time>
</trkpt>
<trkpt lat="53.151950855" lon="47.640140494">
  <ele>135.981003</ele>
  <time>2010-07-31T04:12:19Z</time>
</trkpt>
<trkpt lat="53.151916489" lon="47.640548693">
  <ele>135.733002</ele>
  <time>2010-07-31T04:12:20Z</time>
</trkpt>
<trkpt lat="53.151882207" lon="47.640956892">
  <ele>135.154007</ele>
  <time>2010-07-31T04:12:21Z</time>
</trkpt>
<trkpt lat="53.151847841" lon="47.641361235">
  <ele>134.492004</ele>
  <time>2010-07-31T04:12:22Z</time>
</trkpt>
<trkpt lat="53.151813475" lon="47.641761806">
  <ele>133.822006</ele>
  <time>2010-07-31T04:12:23Z</time>
</trkpt>
<trkpt lat="53.151779193" lon="47.642158521">
  <ele>133.070999</ele>
  <time>2010-07-31T04:12:24Z</time>
</trkpt>
<trkpt lat="53.151744828" lon="47.642559092">
  <ele>132.039993</ele>
  <time>2010-07-31T04:12:25Z</time>
</trkpt>
<trkpt lat="53.151710546" lon="47.642955808">
  <ele>131.087006</ele>
  <time>2010-07-31T04:12:26Z</time>
</trkpt>
<trkpt lat="53.151679952" lon="47.643352523">
  <ele>129.916000</ele>
  <time>2010-07-31T04:12:27Z</time>
</trkpt>
<trkpt lat="53.151645670" lon="47.643745383">
  <ele>128.697998</ele>
  <time>2010-07-31T04:12:28Z</time>
</trkpt>
<trkpt lat="53.151615160" lon="47.644138327">
  <ele>127.603996</ele>
  <time>2010-07-31T04:12:29Z</time>
</trkpt>
<trkpt lat="53.151577022" lon="47.644527415">
  <ele>126.408997</ele>
  <time>2010-07-31T04:12:30Z</time>
</trkpt>
<trkpt lat="53.151546512" lon="47.644916503">
  <ele>125.065002</ele>
  <time>2010-07-31T04:12:31Z</time>
</trkpt>
<trkpt lat="53.151512146" lon="47.645301819">
  <ele>123.858002</ele>
  <time>2010-07-31T04:12:32Z</time>
</trkpt>
<trkpt lat="53.151474008" lon="47.645687135">
  <ele>122.667999</ele>
  <time>2010-07-31T04:12:33Z</time>
</trkpt>
<trkpt lat="53.151435871" lon="47.646068595">
  <ele>121.526001</ele>
  <time>2010-07-31T04:12:34Z</time>
</trkpt>
<trkpt lat="53.151390105" lon="47.646450056">
  <ele>120.412003</ele>
  <time>2010-07-31T04:12:35Z</time>
</trkpt>
<trkpt lat="53.151336629" lon="47.646831516">
  <ele>119.668999</ele>
  <time>2010-07-31T04:12:36Z</time>
</trkpt>
<trkpt lat="53.151271837" lon="47.647212977">
  <ele>118.867996</ele>
  <time>2010-07-31T04:12:37Z</time>
</trkpt>
<trkpt lat="53.151203189" lon="47.647586809">
  <ele>118.208000</ele>
  <time>2010-07-31T04:12:38Z</time>
</trkpt>
<trkpt lat="53.151123058" lon="47.647964498">
  <ele>117.471001</ele>
  <time>2010-07-31T04:12:39Z</time>
</trkpt>
<trkpt lat="53.151031528" lon="47.648338331">
  <ele>117.139000</ele>
  <time>2010-07-31T04:12:40Z</time>
</trkpt>
<trkpt lat="53.150936142" lon="47.648712164">
  <ele>116.856003</ele>
  <time>2010-07-31T04:12:41Z</time>
</trkpt>
<trkpt lat="53.150833128" lon="47.649085997">
  <ele>116.560997</ele>
  <time>2010-07-31T04:12:42Z</time>
</trkpt>
<trkpt lat="53.150722487" lon="47.649456058">
  <ele>116.322998</ele>
  <time>2010-07-31T04:12:43Z</time>
</trkpt>
<trkpt lat="53.150608074" lon="47.649818407">
  <ele>116.157997</ele>
  <time>2010-07-31T04:12:44Z</time>
</trkpt>
<trkpt lat="53.150493661" lon="47.650180841">
  <ele>115.936996</ele>
  <time>2010-07-31T04:12:45Z</time>
</trkpt>
<trkpt lat="53.150383020" lon="47.650539419">
  <ele>115.851997</ele>
  <time>2010-07-31T04:12:46Z</time>
</trkpt>
<trkpt lat="53.150272379" lon="47.650901768">
  <ele>115.477997</ele>
  <time>2010-07-31T04:12:47Z</time>
</trkpt>
<trkpt lat="53.150169365" lon="47.651271829">
  <ele>115.259003</ele>
  <time>2010-07-31T04:12:48Z</time>
</trkpt>
<trkpt lat="53.150077835" lon="47.651649434">
  <ele>115.254997</ele>
  <time>2010-07-31T04:12:49Z</time>
</trkpt>
<trkpt lat="53.149997704" lon="47.652034750">
  <ele>115.393997</ele>
  <time>2010-07-31T04:12:50Z</time>
</trkpt>
<trkpt lat="53.149932828" lon="47.652420066">
  <ele>115.366997</ele>
  <time>2010-07-31T04:12:51Z</time>
</trkpt>
<trkpt lat="53.149887063" lon="47.652820554">
  <ele>115.898003</ele>
  <time>2010-07-31T04:12:52Z</time>
</trkpt>
<trkpt lat="53.149864180" lon="47.653224980">
  <ele>116.289001</ele>
  <time>2010-07-31T04:12:53Z</time>
</trkpt>
<trkpt lat="53.149852781" lon="47.653633095">
  <ele>116.734001</ele>
  <time>2010-07-31T04:12:54Z</time>
</trkpt>
<trkpt lat="53.149856552" lon="47.654041294">
  <ele>117.283997</ele>
  <time>2010-07-31T04:12:55Z</time>
</trkpt>
<trkpt lat="53.149871808" lon="47.654449493">
  <ele>117.632004</ele>
  <time>2010-07-31T04:12:56Z</time>
</trkpt>
<trkpt lat="53.149898546" lon="47.654857608">
  <ele>117.806999</ele>
  <time>2010-07-31T04:12:57Z</time>
</trkpt>
<trkpt lat="53.149932828" lon="47.655262034">
  <ele>117.723999</ele>
  <time>2010-07-31T04:12:58Z</time>
</trkpt>
<trkpt lat="53.149963338" lon="47.655674005">
  <ele>117.570999</ele>
  <time>2010-07-31T04:12:59Z</time>
</trkpt>
<trkpt lat="53.149997704" lon="47.656082120">
  <ele>117.672997</ele>
  <time>2010-07-31T04:13:00Z</time>
</trkpt>
<trkpt lat="53.150028214" lon="47.656494174">
  <ele>117.815002</ele>
  <time>2010-07-31T04:13:01Z</time>
</trkpt>
<trkpt lat="53.150054952" lon="47.656909917">
  <ele>117.459000</ele>
  <time>2010-07-31T04:13:02Z</time>
</trkpt>
<trkpt lat="53.150081607" lon="47.657329598">
  <ele>117.150002</ele>
  <time>2010-07-31T04:13:03Z</time>
</trkpt>
<trkpt lat="53.150115972" lon="47.657745341">
  <ele>116.769997</ele>
  <time>2010-07-31T04:13:04Z</time>
</trkpt>
<trkpt lat="53.150146483" lon="47.658164939">
  <ele>116.336998</ele>
  <time>2010-07-31T04:13:05Z</time>
</trkpt>
<trkpt lat="53.150180848" lon="47.658588393">
  <ele>115.903000</ele>
  <time>2010-07-31T04:13:06Z</time>
</trkpt>
<trkpt lat="53.150215130" lon="47.659007991">
  <ele>115.260002</ele>
  <time>2010-07-31T04:13:07Z</time>
</trkpt>
<trkpt lat="53.150245640" lon="47.659427673">
  <ele>115.098000</ele>
  <time>2010-07-31T04:13:08Z</time>
</trkpt>
<trkpt lat="53.150276151" lon="47.659843415">
  <ele>114.805000</ele>
  <time>2010-07-31T04:13:09Z</time>
</trkpt>
<trkpt lat="53.150306661" lon="47.660259241">
  <ele>114.607002</ele>
  <time>2010-07-31T04:13:10Z</time>
</trkpt>
<trkpt lat="53.150333399" lon="47.660671212">
  <ele>114.489998</ele>
  <time>2010-07-31T04:13:11Z</time>
</trkpt>
<trkpt lat="53.150363909" lon="47.661071783">
  <ele>114.722000</ele>
  <time>2010-07-31T04:13:12Z</time>
</trkpt>
<trkpt lat="53.150394419" lon="47.661468498">
  <ele>115.473000</ele>
  <time>2010-07-31T04:13:13Z</time>
</trkpt>
<trkpt lat="53.150421157" lon="47.661846187">
  <ele>116.317001</ele>
  <time>2010-07-31T04:13:14Z</time>
</trkpt>
<trkpt lat="53.150447812" lon="47.662216164">
  <ele>117.438004</ele>
  <time>2010-07-31T04:13:15Z</time>
</trkpt>
<trkpt lat="53.150470695" lon="47.662567114">
  <ele>118.764000</ele>
  <time>2010-07-31T04:13:16Z</time>
</trkpt>
<trkpt lat="53.150493661" lon="47.662910437">
  <ele>119.674004</ele>
  <time>2010-07-31T04:13:17Z</time>
</trkpt>
<trkpt lat="53.150516544" lon="47.663246132">
  <ele>120.573997</ele>
  <time>2010-07-31T04:13:18Z</time>
</trkpt>
<trkpt lat="53.150543198" lon="47.663570428">
  <ele>121.363998</ele>
  <time>2010-07-31T04:13:19Z</time>
</trkpt>
<trkpt lat="53.150566081" lon="47.663883241">
  <ele>122.272003</ele>
  <time>2010-07-31T04:13:20Z</time>
</trkpt>
<trkpt lat="53.150588963" lon="47.664196054">
  <ele>122.702003</ele>
  <time>2010-07-31T04:13:21Z</time>
</trkpt>
<trkpt lat="53.150608074" lon="47.664497383">
  <ele>123.483002</ele>
  <time>2010-07-31T04:13:22Z</time>
</trkpt>
<trkpt lat="53.150627101" lon="47.664787313">
  <ele>124.042000</ele>
  <time>2010-07-31T04:13:23Z</time>
</trkpt>
<trkpt lat="53.150646212" lon="47.665073387">
  <ele>124.584999</ele>
  <time>2010-07-31T04:13:24Z</time>
</trkpt>
<trkpt lat="53.150665322" lon="47.665351834">
  <ele>125.178001</ele>
  <time>2010-07-31T04:13:25Z</time>
</trkpt>
<trkpt lat="53.150684349" lon="47.665637992">
  <ele>125.921997</ele>
  <time>2010-07-31T04:13:26Z</time>
</trkpt>
<trkpt lat="53.150703460" lon="47.665912667">
  <ele>126.347000</ele>
  <time>2010-07-31T04:13:27Z</time>
</trkpt>
<trkpt lat="53.150722487" lon="47.666191114">
  <ele>126.689003</ele>
  <time>2010-07-31T04:13:28Z</time>
</trkpt>
<trkpt lat="53.150741598" lon="47.666473417">
  <ele>127.043999</ele>
  <time>2010-07-31T04:13:29Z</time>
</trkpt>
<trkpt lat="53.150760625" lon="47.666751863">
  <ele>127.223999</ele>
  <time>2010-07-31T04:13:30Z</time>
</trkpt>
<trkpt lat="53.150779735" lon="47.667022683">
  <ele>127.542999</ele>
  <time>2010-07-31T04:13:31Z</time>
</trkpt>
<trkpt lat="53.150798762" lon="47.667289730">
  <ele>127.768997</ele>
  <time>2010-07-31T04:13:32Z</time>
</trkpt>
<trkpt lat="53.150817873" lon="47.667556778">
  <ele>127.819000</ele>
  <time>2010-07-31T04:13:33Z</time>
</trkpt>
<trkpt lat="53.150833128" lon="47.667819969">
  <ele>127.948997</ele>
  <time>2010-07-31T04:13:34Z</time>
</trkpt>
<trkpt lat="53.150848383" lon="47.668083161">
  <ele>128.100006</ele>
  <time>2010-07-31T04:13:35Z</time>
</trkpt>
<trkpt lat="53.150867494" lon="47.668346437">
  <ele>128.147003</ele>
  <time>2010-07-31T04:13:36Z</time>
</trkpt>
<trkpt lat="53.150886521" lon="47.668602001">
  <ele>128.067993</ele>
  <time>2010-07-31T04:13:37Z</time>
</trkpt>
<trkpt lat="53.150901776" lon="47.668861421">
  <ele>128.033005</ele>
  <time>2010-07-31T04:13:38Z</time>
</trkpt>
<trkpt lat="53.150928514" lon="47.669124613">
  <ele>128.033997</ele>
  <time>2010-07-31T04:13:39Z</time>
</trkpt>
<trkpt lat="53.150947541" lon="47.669391660">
  <ele>128.136002</ele>
  <time>2010-07-31T04:13:40Z</time>
</trkpt>
<trkpt lat="53.150966652" lon="47.669666251">
  <ele>128.018005</ele>
  <time>2010-07-31T04:13:41Z</time>
</trkpt>
<trkpt lat="53.150989534" lon="47.669948554">
  <ele>127.883003</ele>
  <time>2010-07-31T04:13:42Z</time>
</trkpt>
<trkpt lat="53.151004789" lon="47.670227084">
  <ele>127.318001</ele>
  <time>2010-07-31T04:13:43Z</time>
</trkpt>
<trkpt lat="53.151027672" lon="47.670509303">
  <ele>126.853996</ele>
  <time>2010-07-31T04:13:44Z</time>
</trkpt>
<trkpt lat="53.151046783" lon="47.670787834">
  <ele>126.505997</ele>
  <time>2010-07-31T04:13:45Z</time>
</trkpt>
<trkpt lat="53.151065810" lon="47.671066280">
  <ele>126.303001</ele>
  <time>2010-07-31T04:13:46Z</time>
</trkpt>
<trkpt lat="53.151084920" lon="47.671340955">
  <ele>125.917000</ele>
  <time>2010-07-31T04:13:47Z</time>
</trkpt>
<trkpt lat="53.151103947" lon="47.671623258">
  <ele>125.751999</ele>
  <time>2010-07-31T04:13:48Z</time>
</trkpt>
<trkpt lat="53.151123058" lon="47.671909332">
  <ele>125.339996</ele>
  <time>2010-07-31T04:13:49Z</time>
</trkpt>
<trkpt lat="53.151142085" lon="47.672195407">
  <ele>125.026001</ele>
  <time>2010-07-31T04:13:50Z</time>
</trkpt>
<trkpt lat="53.151164968" lon="47.672481565">
  <ele>124.607002</ele>
  <time>2010-07-31T04:13:51Z</time>
</trkpt>
<trkpt lat="53.151187934" lon="47.672767639">
  <ele>124.200996</ele>
  <time>2010-07-31T04:13:52Z</time>
</trkpt>
<trkpt lat="53.151206961" lon="47.673053714">
  <ele>123.735001</ele>
  <time>2010-07-31T04:13:53Z</time>
</trkpt>
<trkpt lat="53.151226072" lon="47.673343644">
  <ele>123.265999</ele>
  <time>2010-07-31T04:13:54Z</time>
</trkpt>
<trkpt lat="53.151245099" lon="47.673633574">
  <ele>122.899002</ele>
  <time>2010-07-31T04:13:55Z</time>
</trkpt>
<trkpt lat="53.151264209" lon="47.673919648">
  <ele>122.170998</ele>
  <time>2010-07-31T04:13:56Z</time>
</trkpt>
<trkpt lat="53.151283236" lon="47.674205806">
  <ele>121.695999</ele>
  <time>2010-07-31T04:13:57Z</time>
</trkpt>
<trkpt lat="53.151306119" lon="47.674491880">
  <ele>120.900002</ele>
  <time>2010-07-31T04:13:58Z</time>
</trkpt>
<trkpt lat="53.151325230" lon="47.674781810">
  <ele>120.234001</ele>
  <time>2010-07-31T04:13:59Z</time>
</trkpt>
<trkpt lat="53.151348112" lon="47.675067885">
  <ele>119.494003</ele>
  <time>2010-07-31T04:14:00Z</time>
</trkpt>
<trkpt lat="53.151363367" lon="47.675354043">
  <ele>118.660004</ele>
  <time>2010-07-31T04:14:01Z</time>
</trkpt>
<trkpt lat="53.151382478" lon="47.675643889">
  <ele>117.802002</ele>
  <time>2010-07-31T04:14:02Z</time>
</trkpt>
<trkpt lat="53.151401505" lon="47.675930047">
  <ele>116.838997</ele>
  <time>2010-07-31T04:14:03Z</time>
</trkpt>
<trkpt lat="53.151420616" lon="47.676219977">
  <ele>116.046997</ele>
  <time>2010-07-31T04:14:04Z</time>
</trkpt>
<trkpt lat="53.151443498" lon="47.676513679">
  <ele>115.138000</ele>
  <time>2010-07-31T04:14:05Z</time>
</trkpt>
<trkpt lat="53.151466381" lon="47.676807381">
  <ele>114.362000</ele>
  <time>2010-07-31T04:14:06Z</time>
</trkpt>
<trkpt lat="53.151481636" lon="47.677104939">
  <ele>113.608002</ele>
  <time>2010-07-31T04:14:07Z</time>
</trkpt>
<trkpt lat="53.151504518" lon="47.677406352">
  <ele>112.742996</ele>
  <time>2010-07-31T04:14:08Z</time>
</trkpt>
<trkpt lat="53.151523629" lon="47.677707681">
  <ele>111.999001</ele>
  <time>2010-07-31T04:14:09Z</time>
</trkpt>
<trkpt lat="53.151542656" lon="47.678009011">
  <ele>111.365997</ele>
  <time>2010-07-31T04:14:10Z</time>
</trkpt>
<trkpt lat="53.151561767" lon="47.678310424">
  <ele>110.823997</ele>
  <time>2010-07-31T04:14:11Z</time>
</trkpt>
<trkpt lat="53.151580794" lon="47.678615609">
  <ele>110.362000</ele>
  <time>2010-07-31T04:14:12Z</time>
</trkpt>
<trkpt lat="53.151599905" lon="47.678920710">
  <ele>110.013000</ele>
  <time>2010-07-31T04:14:13Z</time>
</trkpt>
<trkpt lat="53.151622787" lon="47.679229751">
  <ele>110.101997</ele>
  <time>2010-07-31T04:14:14Z</time>
</trkpt>
<trkpt lat="53.151641814" lon="47.679534936">
  <ele>109.953003</ele>
  <time>2010-07-31T04:14:15Z</time>
</trkpt>
<trkpt lat="53.151668552" lon="47.679840121">
  <ele>109.981003</ele>
  <time>2010-07-31T04:14:16Z</time>
</trkpt>
<trkpt lat="53.151691435" lon="47.680145223">
  <ele>110.043999</ele>
  <time>2010-07-31T04:14:17Z</time>
</trkpt>
<trkpt lat="53.151710546" lon="47.680446636">
  <ele>110.002998</ele>
  <time>2010-07-31T04:14:18Z</time>
</trkpt>
<trkpt lat="53.151733428" lon="47.680751821">
  <ele>110.035004</ele>
  <time>2010-07-31T04:14:19Z</time>
</trkpt>
<trkpt lat="53.151752455" lon="47.681057006">
  <ele>110.032997</ele>
  <time>2010-07-31T04:14:20Z</time>
</trkpt>
<trkpt lat="53.151771566" lon="47.681362191">
  <ele>110.144997</ele>
  <time>2010-07-31T04:14:21Z</time>
</trkpt>
<trkpt lat="53.151794448" lon="47.681671148">
  <ele>110.347000</ele>
  <time>2010-07-31T04:14:22Z</time>
</trkpt>
<trkpt lat="53.151813475" lon="47.681972478">
  <ele>110.772003</ele>
  <time>2010-07-31T04:14:23Z</time>
</trkpt>
<trkpt lat="53.151836358" lon="47.682270035">
  <ele>111.015999</ele>
  <time>2010-07-31T04:14:24Z</time>
</trkpt>
<trkpt lat="53.151855469" lon="47.682567593">
  <ele>111.351997</ele>
  <time>2010-07-31T04:14:25Z</time>
</trkpt>
<trkpt lat="53.151874579" lon="47.682861295">
  <ele>111.597000</ele>
  <time>2010-07-31T04:14:26Z</time>
</trkpt>
<trkpt lat="53.151897462" lon="47.683151225">
  <ele>111.919998</ele>
  <time>2010-07-31T04:14:27Z</time>
</trkpt>
<trkpt lat="53.151916489" lon="47.683437383">
  <ele>112.184998</ele>
  <time>2010-07-31T04:14:28Z</time>
</trkpt>
<trkpt lat="53.151939372" lon="47.683723457">
  <ele>112.055000</ele>
  <time>2010-07-31T04:14:29Z</time>
</trkpt>
<trkpt lat="53.151958482" lon="47.684001904">
  <ele>112.166000</ele>
  <time>2010-07-31T04:14:30Z</time>
</trkpt>
<trkpt lat="53.151977509" lon="47.684280435">
  <ele>112.199997</ele>
  <time>2010-07-31T04:14:31Z</time>
</trkpt>
<trkpt lat="53.151996620" lon="47.684555026">
  <ele>112.198997</ele>
  <time>2010-07-31T04:14:32Z</time>
</trkpt>
<trkpt lat="53.152019503" lon="47.684833556">
  <ele>111.956001</ele>
  <time>2010-07-31T04:14:33Z</time>
</trkpt>
<trkpt lat="53.152038613" lon="47.685115775">
  <ele>111.662003</ele>
  <time>2010-07-31T04:14:34Z</time>
</trkpt>
<trkpt lat="53.152053868" lon="47.685398078">
  <ele>111.508003</ele>
  <time>2010-07-31T04:14:35Z</time>
</trkpt>
<trkpt lat="53.152076751" lon="47.685676608">
  <ele>111.385002</ele>
  <time>2010-07-31T04:14:36Z</time>
</trkpt>
<trkpt lat="53.152092006" lon="47.685966454">
  <ele>111.185997</ele>
  <time>2010-07-31T04:14:37Z</time>
</trkpt>
<trkpt lat="53.152114889" lon="47.686260240">
  <ele>111.146004</ele>
  <time>2010-07-31T04:14:38Z</time>
</trkpt>
<trkpt lat="53.152133916" lon="47.686561570">
  <ele>111.121002</ele>
  <time>2010-07-31T04:14:39Z</time>
</trkpt>
<trkpt lat="53.152156798" lon="47.686878238">
  <ele>110.873001</ele>
  <time>2010-07-31T04:14:40Z</time>
</trkpt>
<trkpt lat="53.152179681" lon="47.687202450">
  <ele>110.533997</ele>
  <time>2010-07-31T04:14:41Z</time>
</trkpt>
<trkpt lat="53.152206419" lon="47.687538145">
  <ele>110.370003</ele>
  <time>2010-07-31T04:14:42Z</time>
</trkpt>
<trkpt lat="53.152229302" lon="47.687877696">
  <ele>110.075996</ele>
  <time>2010-07-31T04:14:43Z</time>
</trkpt>
<trkpt lat="53.152259812" lon="47.688228646">
  <ele>109.978996</ele>
  <time>2010-07-31T04:14:44Z</time>
</trkpt>
<trkpt lat="53.152286550" lon="47.688598623">
  <ele>109.512001</ele>
  <time>2010-07-31T04:14:45Z</time>
</trkpt>
<trkpt lat="53.152317060" lon="47.688972456">
  <ele>109.158997</ele>
  <time>2010-07-31T04:14:46Z</time>
</trkpt>
<trkpt lat="53.152355198" lon="47.689350145">
  <ele>108.495003</ele>
  <time>2010-07-31T04:14:47Z</time>
</trkpt>
<trkpt lat="53.152385708" lon="47.689739233">
  <ele>108.259003</ele>
  <time>2010-07-31T04:14:48Z</time>
</trkpt>
<trkpt lat="53.152408591" lon="47.690139804">
  <ele>107.722000</ele>
  <time>2010-07-31T04:14:49Z</time>
</trkpt>
<trkpt lat="53.152431473" lon="47.690544147">
  <ele>107.239998</ele>
  <time>2010-07-31T04:14:50Z</time>
</trkpt>
<trkpt lat="53.152450584" lon="47.690948490">
  <ele>106.939003</ele>
  <time>2010-07-31T04:14:51Z</time>
</trkpt>
<trkpt lat="53.152473466" lon="47.691356689">
  <ele>106.851997</ele>
  <time>2010-07-31T04:14:52Z</time>
</trkpt>
<trkpt lat="53.152496349" lon="47.691764804">
  <ele>106.489998</ele>
  <time>2010-07-31T04:14:53Z</time>
</trkpt>
<trkpt lat="53.152523004" lon="47.692176858">
  <ele>105.839996</ele>
  <time>2010-07-31T04:14:54Z</time>
</trkpt>
<trkpt lat="53.152549742" lon="47.692584973">
  <ele>105.209000</ele>
  <time>2010-07-31T04:14:55Z</time>
</trkpt>
<trkpt lat="53.152576480" lon="47.692993172">
  <ele>104.740997</ele>
  <time>2010-07-31T04:14:56Z</time>
</trkpt>
<trkpt lat="53.152606990" lon="47.693401370">
  <ele>104.323997</ele>
  <time>2010-07-31T04:14:57Z</time>
</trkpt>
<trkpt lat="53.152633645" lon="47.693805713">
  <ele>104.028999</ele>
  <time>2010-07-31T04:14:58Z</time>
</trkpt>
<trkpt lat="53.152660383" lon="47.694206201">
  <ele>103.377998</ele>
  <time>2010-07-31T04:14:59Z</time>
</trkpt>
<trkpt lat="53.152690893" lon="47.694599144">
  <ele>102.640999</ele>
  <time>2010-07-31T04:15:00Z</time>
</trkpt>
<trkpt lat="53.152717631" lon="47.694988232">
  <ele>101.922997</ele>
  <time>2010-07-31T04:15:01Z</time>
</trkpt>
<trkpt lat="53.152748141" lon="47.695381176">
  <ele>101.046997</ele>
  <time>2010-07-31T04:15:02Z</time>
</trkpt>
<trkpt lat="53.152774796" lon="47.695766408">
  <ele>100.217003</ele>
  <time>2010-07-31T04:15:03Z</time>
</trkpt>
<trkpt lat="53.152797678" lon="47.696151724">
  <ele>99.406998</ele>
  <time>2010-07-31T04:15:04Z</time>
</trkpt>
<trkpt lat="53.152824417" lon="47.696533184">
  <ele>98.557999</ele>
  <time>2010-07-31T04:15:05Z</time>
</trkpt>
<trkpt lat="53.152847299" lon="47.696910873">
  <ele>97.761002</ele>
  <time>2010-07-31T04:15:06Z</time>
</trkpt>
<trkpt lat="53.152873954" lon="47.697284706">
  <ele>96.741997</ele>
  <time>2010-07-31T04:15:07Z</time>
</trkpt>
<trkpt lat="53.152900692" lon="47.697658539">
  <ele>95.930000</ele>
  <time>2010-07-31T04:15:08Z</time>
</trkpt>
<trkpt lat="53.152923575" lon="47.698028600">
  <ele>95.242996</ele>
  <time>2010-07-31T04:15:09Z</time>
</trkpt>
<trkpt lat="53.152950313" lon="47.698394805">
  <ele>94.661003</ele>
  <time>2010-07-31T04:15:10Z</time>
</trkpt>
<trkpt lat="53.152973196" lon="47.698757155">
  <ele>94.377998</ele>
  <time>2010-07-31T04:15:11Z</time>
</trkpt>
<trkpt lat="53.152992222" lon="47.699123360">
  <ele>94.218002</ele>
  <time>2010-07-31T04:15:12Z</time>
</trkpt>
<trkpt lat="53.153018961" lon="47.699489566">
  <ele>94.112999</ele>
  <time>2010-07-31T04:15:13Z</time>
</trkpt>
<trkpt lat="53.153041843" lon="47.699859627">
  <ele>93.987999</ele>
  <time>2010-07-31T04:15:14Z</time>
</trkpt>
<trkpt lat="53.153068582" lon="47.700229604">
  <ele>93.964996</ele>
  <time>2010-07-31T04:15:15Z</time>
</trkpt>
<trkpt lat="53.153091464" lon="47.700599665">
  <ele>94.228996</ele>
  <time>2010-07-31T04:15:16Z</time>
</trkpt>
<trkpt lat="53.153118119" lon="47.700965870">
  <ele>94.151001</ele>
  <time>2010-07-31T04:15:17Z</time>
</trkpt>
<trkpt lat="53.153144857" lon="47.701328304">
  <ele>94.325996</ele>
  <time>2010-07-31T04:15:18Z</time>
</trkpt>
<trkpt lat="53.153171511" lon="47.701694509">
  <ele>94.447998</ele>
  <time>2010-07-31T04:15:19Z</time>
</trkpt>
<trkpt lat="53.153202021" lon="47.702060714">
  <ele>94.609001</ele>
  <time>2010-07-31T04:15:20Z</time>
</trkpt>
<trkpt lat="53.153232615" lon="47.702430692">
  <ele>94.682999</ele>
  <time>2010-07-31T04:15:21Z</time>
</trkpt>
<trkpt lat="53.153259270" lon="47.702800753">
  <ele>94.716003</ele>
  <time>2010-07-31T04:15:22Z</time>
</trkpt>
<trkpt lat="53.153282152" lon="47.703174585">
  <ele>94.954002</ele>
  <time>2010-07-31T04:15:23Z</time>
</trkpt>
<trkpt lat="53.153308891" lon="47.703556046">
  <ele>95.135002</ele>
  <time>2010-07-31T04:15:24Z</time>
</trkpt>
<trkpt lat="53.153339401" lon="47.703937506">
  <ele>95.247002</ele>
  <time>2010-07-31T04:15:25Z</time>
</trkpt>
<trkpt lat="53.153369911" lon="47.704322822">
  <ele>95.348000</ele>
  <time>2010-07-31T04:15:26Z</time>
</trkpt>
<trkpt lat="53.153408049" lon="47.704711910">
  <ele>95.640999</ele>
  <time>2010-07-31T04:15:27Z</time>
</trkpt>
<trkpt lat="53.153438559" lon="47.705100998">
  <ele>96.052002</ele>
  <time>2010-07-31T04:15:28Z</time>
</trkpt>
<trkpt lat="53.153465297" lon="47.705501569">
  <ele>96.719002</ele>
  <time>2010-07-31T04:15:29Z</time>
</trkpt>
<trkpt lat="53.153488180" lon="47.705902141">
  <ele>97.388000</ele>
  <time>2010-07-31T04:15:30Z</time>
</trkpt>
<trkpt lat="53.153503435" lon="47.706302628">
  <ele>97.953003</ele>
  <time>2010-07-31T04:15:31Z</time>
</trkpt>
<trkpt lat="53.153518690" lon="47.706710827">
  <ele>98.334999</ele>
  <time>2010-07-31T04:15:32Z</time>
</trkpt>
<trkpt lat="53.153541572" lon="47.707119025">
  <ele>98.683998</ele>
  <time>2010-07-31T04:15:33Z</time>
</trkpt>
<trkpt lat="53.153568227" lon="47.707527140">
  <ele>98.929001</ele>
  <time>2010-07-31T04:15:34Z</time>
</trkpt>
<trkpt lat="53.153598821" lon="47.707935339">
  <ele>99.267998</ele>
  <time>2010-07-31T04:15:35Z</time>
</trkpt>
<trkpt lat="53.153629331" lon="47.708343538">
  <ele>99.732002</ele>
  <time>2010-07-31T04:15:36Z</time>
</trkpt>
<trkpt lat="53.153659841" lon="47.708740253">
  <ele>100.081001</ele>
  <time>2010-07-31T04:15:37Z</time>
</trkpt>
<trkpt lat="53.153686495" lon="47.709133113">
  <ele>100.505997</ele>
  <time>2010-07-31T04:15:38Z</time>
</trkpt>
<trkpt lat="53.153713234" lon="47.709518429">
  <ele>100.737000</ele>
  <time>2010-07-31T04:15:39Z</time>
</trkpt>
<trkpt lat="53.153736116" lon="47.709892262">
  <ele>101.121002</ele>
  <time>2010-07-31T04:15:40Z</time>
</trkpt>
<trkpt lat="53.153758999" lon="47.710262323">
  <ele>101.495003</ele>
  <time>2010-07-31T04:15:41Z</time>
</trkpt>
<trkpt lat="53.153785737" lon="47.710632300">
  <ele>102.027000</ele>
  <time>2010-07-31T04:15:42Z</time>
</trkpt>
<trkpt lat="53.153808620" lon="47.710998505">
  <ele>102.460999</ele>
  <time>2010-07-31T04:15:43Z</time>
</trkpt>
<trkpt lat="53.153831502" lon="47.711364711">
  <ele>102.955002</ele>
  <time>2010-07-31T04:15:44Z</time>
</trkpt>
<trkpt lat="53.153858157" lon="47.711727144">
  <ele>103.327003</ele>
  <time>2010-07-31T04:15:45Z</time>
</trkpt>
<trkpt lat="53.153881039" lon="47.712089578">
  <ele>103.653999</ele>
  <time>2010-07-31T04:15:46Z</time>
</trkpt>
<trkpt lat="53.153903922" lon="47.712451927">
  <ele>103.907997</ele>
  <time>2010-07-31T04:15:47Z</time>
</trkpt>
<trkpt lat="53.153930660" lon="47.712810505">
  <ele>104.237000</ele>
  <time>2010-07-31T04:15:48Z</time>
</trkpt>
<trkpt lat="53.153953543" lon="47.713165311">
  <ele>104.670998</ele>
  <time>2010-07-31T04:15:49Z</time>
</trkpt>
<trkpt lat="53.153980281" lon="47.713520033">
  <ele>105.026001</ele>
  <time>2010-07-31T04:15:50Z</time>
</trkpt>
<trkpt lat="53.154003164" lon="47.713863356">
  <ele>105.363998</ele>
  <time>2010-07-31T04:15:51Z</time>
</trkpt>
<trkpt lat="53.154029818" lon="47.714202907">
  <ele>105.528999</ele>
  <time>2010-07-31T04:15:52Z</time>
</trkpt>
<trkpt lat="53.154056557" lon="47.714534746">
  <ele>105.810997</ele>
  <time>2010-07-31T04:15:53Z</time>
</trkpt>
<trkpt lat="53.154079439" lon="47.714862814">
  <ele>105.974998</ele>
  <time>2010-07-31T04:15:54Z</time>
</trkpt>
<trkpt lat="53.154102322" lon="47.715187110">
  <ele>106.246002</ele>
  <time>2010-07-31T04:15:55Z</time>
</trkpt>
<trkpt lat="53.154125204" lon="47.715511322">
  <ele>106.430000</ele>
  <time>2010-07-31T04:15:56Z</time>
</trkpt>
<trkpt lat="53.154144315" lon="47.715827907">
  <ele>106.660004</ele>
  <time>2010-07-31T04:15:57Z</time>
</trkpt>
<trkpt lat="53.154163342" lon="47.716140719">
  <ele>106.867996</ele>
  <time>2010-07-31T04:15:58Z</time>
</trkpt>
<trkpt lat="53.154186225" lon="47.716449760">
  <ele>107.008003</ele>
  <time>2010-07-31T04:15:59Z</time>
</trkpt>
<trkpt lat="53.154205335" lon="47.716758717">
  <ele>107.165001</ele>
  <time>2010-07-31T04:16:00Z</time>
</trkpt>
<trkpt lat="53.154224362" lon="47.717067758">
  <ele>107.070000</ele>
  <time>2010-07-31T04:16:01Z</time>
</trkpt>
<trkpt lat="53.154243473" lon="47.717372859">
  <ele>107.134003</ele>
  <time>2010-07-31T04:16:02Z</time>
</trkpt>
<trkpt lat="53.154262584" lon="47.717681900">
  <ele>107.321999</ele>
  <time>2010-07-31T04:16:03Z</time>
</trkpt>
<trkpt lat="53.154281611" lon="47.717983229">
  <ele>107.405998</ele>
  <time>2010-07-31T04:16:04Z</time>
</trkpt>
<trkpt lat="53.154300721" lon="47.718280787">
  <ele>107.403000</ele>
  <time>2010-07-31T04:16:05Z</time>
</trkpt>
<trkpt lat="53.154319748" lon="47.718574489">
  <ele>107.209999</ele>
  <time>2010-07-31T04:16:06Z</time>
</trkpt>
<trkpt lat="53.154338859" lon="47.718868274">
  <ele>107.374001</ele>
  <time>2010-07-31T04:16:07Z</time>
</trkpt>
<trkpt lat="53.154357886" lon="47.719154349">
  <ele>107.333000</ele>
  <time>2010-07-31T04:16:08Z</time>
</trkpt>
<trkpt lat="53.154373141" lon="47.719436651">
  <ele>107.333000</ele>
  <time>2010-07-31T04:16:09Z</time>
</trkpt>
<trkpt lat="53.154396024" lon="47.719715098">
  <ele>107.098999</ele>
  <time>2010-07-31T04:16:10Z</time>
</trkpt>
<trkpt lat="53.154415134" lon="47.719993629">
  <ele>107.030998</ele>
  <time>2010-07-31T04:16:11Z</time>
</trkpt>
<trkpt lat="53.154434245" lon="47.720264448">
  <ele>106.818001</ele>
  <time>2010-07-31T04:16:12Z</time>
</trkpt>
<trkpt lat="53.154453272" lon="47.720535267">
  <ele>106.764999</ele>
  <time>2010-07-31T04:16:13Z</time>
</trkpt>
<trkpt lat="53.154472383" lon="47.720802315">
  <ele>106.692001</ele>
  <time>2010-07-31T04:16:14Z</time>
</trkpt>
<trkpt lat="53.154491410" lon="47.721069362">
  <ele>106.469002</ele>
  <time>2010-07-31T04:16:15Z</time>
</trkpt>
<trkpt lat="53.154510520" lon="47.721328698">
  <ele>106.185997</ele>
  <time>2010-07-31T04:16:16Z</time>
</trkpt>
<trkpt lat="53.154525775" lon="47.721591974">
  <ele>105.991997</ele>
  <time>2010-07-31T04:16:17Z</time>
</trkpt>
<trkpt lat="53.154544802" lon="47.721858937">
  <ele>105.800003</ele>
  <time>2010-07-31T04:16:18Z</time>
</trkpt>
<trkpt lat="53.154560057" lon="47.722122213">
  <ele>105.750000</ele>
  <time>2010-07-31T04:16:19Z</time>
</trkpt>
<trkpt lat="53.154582940" lon="47.722381633">
  <ele>105.739998</ele>
  <time>2010-07-31T04:16:20Z</time>
</trkpt>
<trkpt lat="53.154598195" lon="47.722637197">
  <ele>105.625000</ele>
  <time>2010-07-31T04:16:21Z</time>
</trkpt>
<trkpt lat="53.154617306" lon="47.722896617">
  <ele>105.445000</ele>
  <time>2010-07-31T04:16:22Z</time>
</trkpt>
<trkpt lat="53.154632561" lon="47.723152181">
  <ele>105.516998</ele>
  <time>2010-07-31T04:16:23Z</time>
</trkpt>
<trkpt lat="53.154651672" lon="47.723415373">
  <ele>105.497002</ele>
  <time>2010-07-31T04:16:24Z</time>
</trkpt>
<trkpt lat="53.154666927" lon="47.723678565">
  <ele>105.377998</ele>
  <time>2010-07-31T04:16:25Z</time>
</trkpt>
<trkpt lat="53.154685954" lon="47.723937985">
  <ele>105.144997</ele>
  <time>2010-07-31T04:16:26Z</time>
</trkpt>
<trkpt lat="53.154705064" lon="47.724193549">
  <ele>104.946999</ele>
  <time>2010-07-31T04:16:27Z</time>
</trkpt>
<trkpt lat="53.154720319" lon="47.724449197">
  <ele>104.535004</ele>
  <time>2010-07-31T04:16:28Z</time>
</trkpt>
<trkpt lat="53.154739346" lon="47.724708533">
  <ele>104.370003</ele>
  <time>2010-07-31T04:16:29Z</time>
</trkpt>
<trkpt lat="53.154758457" lon="47.724964181">
  <ele>103.997002</ele>
  <time>2010-07-31T04:16:30Z</time>
</trkpt>
<trkpt lat="53.154781340" lon="47.725223517">
  <ele>103.831001</ele>
  <time>2010-07-31T04:16:31Z</time>
</trkpt>
<trkpt lat="53.154796595" lon="47.725486793">
  <ele>103.531998</ele>
  <time>2010-07-31T04:16:32Z</time>
</trkpt>
<trkpt lat="53.154815705" lon="47.725749984">
  <ele>103.268997</ele>
  <time>2010-07-31T04:16:33Z</time>
</trkpt>
<trkpt lat="53.154834732" lon="47.726017032">
  <ele>102.905998</ele>
  <time>2010-07-31T04:16:34Z</time>
</trkpt>
<trkpt lat="53.154853843" lon="47.726287851">
  <ele>102.599998</ele>
  <time>2010-07-31T04:16:35Z</time>
</trkpt>
<trkpt lat="53.154872870" lon="47.726562526">
  <ele>102.445999</ele>
  <time>2010-07-31T04:16:36Z</time>
</trkpt>
<trkpt lat="53.154891981" lon="47.726833345">
  <ele>101.981003</ele>
  <time>2010-07-31T04:16:37Z</time>
</trkpt>
<trkpt lat="53.154911008" lon="47.727108020">
  <ele>101.567001</ele>
  <time>2010-07-31T04:16:38Z</time>
</trkpt>
<trkpt lat="53.154930118" lon="47.727382695">
  <ele>101.250999</ele>
  <time>2010-07-31T04:16:39Z</time>
</trkpt>
<trkpt lat="53.154949229" lon="47.727657286">
  <ele>101.001999</ele>
  <time>2010-07-31T04:16:40Z</time>
</trkpt>
<trkpt lat="53.154968256" lon="47.727931961">
  <ele>100.782997</ele>
  <time>2010-07-31T04:16:41Z</time>
</trkpt>
<trkpt lat="53.154994994" lon="47.728202781">
  <ele>100.477997</ele>
  <time>2010-07-31T04:16:42Z</time>
</trkpt>
<trkpt lat="53.155014021" lon="47.728477456">
  <ele>100.318001</ele>
  <time>2010-07-31T04:16:43Z</time>
</trkpt>
<trkpt lat="53.155036904" lon="47.728752131">
  <ele>100.022003</ele>
  <time>2010-07-31T04:16:44Z</time>
</trkpt>
<trkpt lat="53.155063642" lon="47.729030577">
  <ele>99.827003</ele>
  <time>2010-07-31T04:16:45Z</time>
</trkpt>
<trkpt lat="53.155090297" lon="47.729309108">
  <ele>99.572998</ele>
  <time>2010-07-31T04:16:46Z</time>
</trkpt>
<trkpt lat="53.155120891" lon="47.729591411">
  <ele>99.348999</ele>
  <time>2010-07-31T04:16:47Z</time>
</trkpt>
<trkpt lat="53.155151401" lon="47.729873629">
  <ele>99.174004</ele>
  <time>2010-07-31T04:16:48Z</time>
</trkpt>
<trkpt lat="53.155181911" lon="47.730159787">
  <ele>99.170998</ele>
  <time>2010-07-31T04:16:49Z</time>
</trkpt>
<trkpt lat="53.155216193" lon="47.730445862">
  <ele>99.417999</ele>
  <time>2010-07-31T04:16:50Z</time>
</trkpt>
<trkpt lat="53.155254330" lon="47.730731936">
  <ele>99.375000</ele>
  <time>2010-07-31T04:16:51Z</time>
</trkpt>
<trkpt lat="53.155288696" lon="47.731021866">
  <ele>99.278999</ele>
  <time>2010-07-31T04:16:52Z</time>
</trkpt>
<trkpt lat="53.155330690" lon="47.731315652">
  <ele>99.252998</ele>
  <time>2010-07-31T04:16:53Z</time>
</trkpt>
<trkpt lat="53.155372599" lon="47.731601726">
  <ele>99.526001</ele>
  <time>2010-07-31T04:16:54Z</time>
</trkpt>
<trkpt lat="53.155418364" lon="47.731887801">
  <ele>99.788002</ele>
  <time>2010-07-31T04:16:55Z</time>
</trkpt>
<trkpt lat="53.155460358" lon="47.732177731">
  <ele>99.750000</ele>
  <time>2010-07-31T04:16:56Z</time>
</trkpt>
<trkpt lat="53.155509979" lon="47.732467661">
  <ele>99.439003</ele>
  <time>2010-07-31T04:16:57Z</time>
</trkpt>
<trkpt lat="53.155563371" lon="47.732753735">
  <ele>99.061996</ele>
  <time>2010-07-31T04:16:58Z</time>
</trkpt>
<trkpt lat="53.155616764" lon="47.733043665">
  <ele>98.834999</ele>
  <time>2010-07-31T04:16:59Z</time>
</trkpt>
<trkpt lat="53.155674012" lon="47.733333595">
  <ele>98.713997</ele>
  <time>2010-07-31T04:17:00Z</time>
</trkpt>
<trkpt lat="53.155731177" lon="47.733623525">
  <ele>98.496002</ele>
  <time>2010-07-31T04:17:01Z</time>
</trkpt>
<trkpt lat="53.155792197" lon="47.733913455">
  <ele>98.247002</ele>
  <time>2010-07-31T04:17:02Z</time>
</trkpt>
<trkpt lat="53.155853301" lon="47.734210929">
  <ele>97.987999</ele>
  <time>2010-07-31T04:17:03Z</time>
</trkpt>
<trkpt lat="53.155918093" lon="47.734508486">
  <ele>97.706001</ele>
  <time>2010-07-31T04:17:04Z</time>
</trkpt>
<trkpt lat="53.155986825" lon="47.734809900">
  <ele>97.613998</ele>
  <time>2010-07-31T04:17:05Z</time>
</trkpt>
<trkpt lat="53.156055473" lon="47.735115085">
  <ele>97.529999</ele>
  <time>2010-07-31T04:17:06Z</time>
</trkpt>
<trkpt lat="53.156127892" lon="47.735412559">
  <ele>97.410004</ele>
  <time>2010-07-31T04:17:07Z</time>
</trkpt>
<trkpt lat="53.156200396" lon="47.735706344">
  <ele>97.212997</ele>
  <time>2010-07-31T04:17:08Z</time>
</trkpt>
<trkpt lat="53.156272899" lon="47.736000046">
  <ele>96.933998</ele>
  <time>2010-07-31T04:17:09Z</time>
</trkpt>
<trkpt lat="53.156341547" lon="47.736289976">
  <ele>96.808998</ele>
  <time>2010-07-31T04:17:10Z</time>
</trkpt>
<trkpt lat="53.156414051" lon="47.736572279">
  <ele>96.955002</ele>
  <time>2010-07-31T04:17:11Z</time>
</trkpt>
<trkpt lat="53.156482698" lon="47.736846954">
  <ele>96.889000</ele>
  <time>2010-07-31T04:17:12Z</time>
</trkpt>
<trkpt lat="53.156551346" lon="47.737121545">
  <ele>97.066002</ele>
  <time>2010-07-31T04:17:13Z</time>
</trkpt>
<trkpt lat="53.156619994" lon="47.737396220">
  <ele>97.524002</ele>
  <time>2010-07-31T04:17:14Z</time>
</trkpt>
<trkpt lat="53.156684870" lon="47.737667123">
  <ele>98.072998</ele>
  <time>2010-07-31T04:17:15Z</time>
</trkpt>
<trkpt lat="53.156753518" lon="47.737941714">
  <ele>98.603996</ele>
  <time>2010-07-31T04:17:16Z</time>
</trkpt>
<trkpt lat="53.156818394" lon="47.738216389">
  <ele>99.300003</ele>
  <time>2010-07-31T04:17:17Z</time>
</trkpt>
<trkpt lat="53.156887041" lon="47.738491064">
  <ele>99.894997</ele>
  <time>2010-07-31T04:17:18Z</time>
</trkpt>
<trkpt lat="53.156955689" lon="47.738761883">
  <ele>100.417999</ele>
  <time>2010-07-31T04:17:19Z</time>
</trkpt>
<trkpt lat="53.157024421" lon="47.739028931">
  <ele>100.820999</ele>
  <time>2010-07-31T04:17:20Z</time>
</trkpt>
<trkpt lat="53.157089213" lon="47.739288351">
  <ele>101.317001</ele>
  <time>2010-07-31T04:17:21Z</time>
</trkpt>
<trkpt lat="53.157154089" lon="47.739540059">
  <ele>101.849998</ele>
  <time>2010-07-31T04:17:22Z</time>
</trkpt>
<trkpt lat="53.157215109" lon="47.739788080">
  <ele>102.375999</ele>
  <time>2010-07-31T04:17:23Z</time>
</trkpt>
<trkpt lat="53.157279985" lon="47.740028389">
  <ele>102.708000</ele>
  <time>2010-07-31T04:17:24Z</time>
</trkpt>
<trkpt lat="53.157337150" lon="47.740261070">
  <ele>103.279999</ele>
  <time>2010-07-31T04:17:25Z</time>
</trkpt>
<trkpt lat="53.157398254" lon="47.740489980">
  <ele>103.906998</ele>
  <time>2010-07-31T04:17:26Z</time>
</trkpt>
<trkpt lat="53.157451646" lon="47.740707407">
  <ele>104.430000</ele>
  <time>2010-07-31T04:17:27Z</time>
</trkpt>
<trkpt lat="53.157505039" lon="47.740924833">
  <ele>104.683998</ele>
  <time>2010-07-31T04:17:28Z</time>
</trkpt>
<trkpt lat="53.157558432" lon="47.741138488">
  <ele>104.990997</ele>
  <time>2010-07-31T04:17:29Z</time>
</trkpt>
<trkpt lat="53.157611825" lon="47.741344431">
  <ele>105.343002</ele>
  <time>2010-07-31T04:17:30Z</time>
</trkpt>
<trkpt lat="53.157661445" lon="47.741546603">
  <ele>105.801003</ele>
  <time>2010-07-31T04:17:31Z</time>
</trkpt>
<trkpt lat="53.157707211" lon="47.741748774">
  <ele>106.097000</ele>
  <time>2010-07-31T04:17:32Z</time>
</trkpt>
<trkpt lat="53.157760603" lon="47.741951030">
  <ele>106.433998</ele>
  <time>2010-07-31T04:17:33Z</time>
</trkpt>
<trkpt lat="53.157810224" lon="47.742149346">
  <ele>106.612999</ele>
  <time>2010-07-31T04:17:34Z</time>
</trkpt>
<trkpt lat="53.157863617" lon="47.742343890">
  <ele>106.874001</ele>
  <time>2010-07-31T04:17:35Z</time>
</trkpt>
<trkpt lat="53.157913238" lon="47.742542289">
  <ele>107.292000</ele>
  <time>2010-07-31T04:17:36Z</time>
</trkpt>
<trkpt lat="53.157966631" lon="47.742736833">
  <ele>107.834999</ele>
  <time>2010-07-31T04:17:37Z</time>
</trkpt>
<trkpt lat="53.158012396" lon="47.742935149">
  <ele>108.278999</ele>
  <time>2010-07-31T04:17:38Z</time>
</trkpt>
<trkpt lat="53.158062017" lon="47.743133549">
  <ele>108.617996</ele>
  <time>2010-07-31T04:17:39Z</time>
</trkpt>
<trkpt lat="53.158111554" lon="47.743324321">
  <ele>108.717003</ele>
  <time>2010-07-31T04:17:40Z</time>
</trkpt>
<trkpt lat="53.158164946" lon="47.743522637">
  <ele>108.810997</ele>
  <time>2010-07-31T04:17:41Z</time>
</trkpt>
<trkpt lat="53.158210795" lon="47.743721036">
  <ele>108.929001</ele>
  <time>2010-07-31T04:17:42Z</time>
</trkpt>
<trkpt lat="53.158260332" lon="47.743919352">
  <ele>109.070000</ele>
  <time>2010-07-31T04:17:43Z</time>
</trkpt>
<trkpt lat="53.158309953" lon="47.744113896">
  <ele>109.082001</ele>
  <time>2010-07-31T04:17:44Z</time>
</trkpt>
<trkpt lat="53.158363346" lon="47.744312296">
  <ele>109.317001</ele>
  <time>2010-07-31T04:17:45Z</time>
</trkpt>
<trkpt lat="53.158412967" lon="47.744518239">
  <ele>109.396004</ele>
  <time>2010-07-31T04:17:46Z</time>
</trkpt>
<trkpt lat="53.158462504" lon="47.744716639">
  <ele>109.531998</ele>
  <time>2010-07-31T04:17:47Z</time>
</trkpt>
<trkpt lat="53.158512125" lon="47.744922666">
  <ele>109.484001</ele>
  <time>2010-07-31T04:17:48Z</time>
</trkpt>
<trkpt lat="53.158565518" lon="47.745128609">
  <ele>109.443001</ele>
  <time>2010-07-31T04:17:49Z</time>
</trkpt>
<trkpt lat="53.158615138" lon="47.745334636">
  <ele>109.503998</ele>
  <time>2010-07-31T04:17:50Z</time>
</trkpt>
<trkpt lat="53.158668531" lon="47.745544435">
  <ele>109.675003</ele>
  <time>2010-07-31T04:17:51Z</time>
</trkpt>
<trkpt lat="53.158721924" lon="47.745754234">
  <ele>109.546997</ele>
  <time>2010-07-31T04:17:52Z</time>
</trkpt>
<trkpt lat="53.158775317" lon="47.745967889">
  <ele>109.494003</ele>
  <time>2010-07-31T04:17:53Z</time>
</trkpt>
<trkpt lat="53.158828709" lon="47.746192943">
  <ele>109.376999</ele>
  <time>2010-07-31T04:17:54Z</time>
</trkpt>
<trkpt lat="53.158885958" lon="47.746414226">
  <ele>109.324997</ele>
  <time>2010-07-31T04:17:55Z</time>
</trkpt>
<trkpt lat="53.158943206" lon="47.746643052">
  <ele>109.360001</ele>
  <time>2010-07-31T04:17:56Z</time>
</trkpt>
<trkpt lat="53.158996599" lon="47.746871961">
  <ele>109.293999</ele>
  <time>2010-07-31T04:17:57Z</time>
</trkpt>
<trkpt lat="53.159049992" lon="47.747104643">
  <ele>109.294998</ele>
  <time>2010-07-31T04:17:58Z</time>
</trkpt>
<trkpt lat="53.159103384" lon="47.747333553">
  <ele>109.070000</ele>
  <time>2010-07-31T04:17:59Z</time>
</trkpt>
<trkpt lat="53.159153005" lon="47.747566234">
  <ele>108.845001</ele>
  <time>2010-07-31T04:18:00Z</time>
</trkpt>
<trkpt lat="53.159202542" lon="47.747795144">
  <ele>108.606003</ele>
  <time>2010-07-31T04:18:01Z</time>
</trkpt>
<trkpt lat="53.159252163" lon="47.748031598">
  <ele>108.577003</ele>
  <time>2010-07-31T04:18:02Z</time>
</trkpt>
<trkpt lat="53.159301784" lon="47.748268135">
  <ele>108.396004</ele>
  <time>2010-07-31T04:18:03Z</time>
</trkpt>
<trkpt lat="53.159347549" lon="47.748508444">
  <ele>108.293999</ele>
  <time>2010-07-31T04:18:04Z</time>
</trkpt>
<trkpt lat="53.159397086" lon="47.748752609">
  <ele>108.038002</ele>
  <time>2010-07-31T04:18:05Z</time>
</trkpt>
<trkpt lat="53.159446707" lon="47.749008173">
  <ele>107.862000</ele>
  <time>2010-07-31T04:18:06Z</time>
</trkpt>
<trkpt lat="53.159500100" lon="47.749267593">
  <ele>107.797997</ele>
  <time>2010-07-31T04:18:07Z</time>
</trkpt>
<trkpt lat="53.159549721" lon="47.749523157">
  <ele>107.694000</ele>
  <time>2010-07-31T04:18:08Z</time>
</trkpt>
<trkpt lat="53.159599341" lon="47.749774950">
  <ele>107.363998</ele>
  <time>2010-07-31T04:18:09Z</time>
</trkpt>
<trkpt lat="53.159645107" lon="47.750026742">
  <ele>107.056000</ele>
  <time>2010-07-31T04:18:10Z</time>
</trkpt>
<trkpt lat="53.159694644" lon="47.750278451">
  <ele>106.745003</ele>
  <time>2010-07-31T04:18:11Z</time>
</trkpt>
<trkpt lat="53.159740409" lon="47.750530243">
  <ele>106.456001</ele>
  <time>2010-07-31T04:18:12Z</time>
</trkpt>
<trkpt lat="53.159786258" lon="47.750782035">
  <ele>105.986000</ele>
  <time>2010-07-31T04:18:13Z</time>
</trkpt>
<trkpt lat="53.159828167" lon="47.751029972">
  <ele>105.712997</ele>
  <time>2010-07-31T04:18:14Z</time>
</trkpt>
<trkpt lat="53.159870161" lon="47.751285536">
  <ele>105.344002</ele>
  <time>2010-07-31T04:18:15Z</time>
</trkpt>
<trkpt lat="53.159904443" lon="47.751541100">
  <ele>104.916000</ele>
  <time>2010-07-31T04:18:16Z</time>
</trkpt>
<trkpt lat="53.159942664" lon="47.751792893">
  <ele>104.361000</ele>
  <time>2010-07-31T04:18:17Z</time>
</trkpt>
<trkpt lat="53.159980802" lon="47.752048457">
  <ele>103.700996</ele>
  <time>2010-07-31T04:18:18Z</time>
</trkpt>
<trkpt lat="53.160018940" lon="47.752300249">
  <ele>103.030998</ele>
  <time>2010-07-31T04:18:19Z</time>
</trkpt>
<trkpt lat="53.160057077" lon="47.752563441">
  <ele>102.308998</ele>
  <time>2010-07-31T04:18:20Z</time>
</trkpt>
<trkpt lat="53.160095215" lon="47.752826717">
  <ele>101.556000</ele>
  <time>2010-07-31T04:18:21Z</time>
</trkpt>
<trkpt lat="53.160137208" lon="47.753093680">
  <ele>100.984001</ele>
  <time>2010-07-31T04:18:22Z</time>
</trkpt>
<trkpt lat="53.160179118" lon="47.753364583">
  <ele>100.093002</ele>
  <time>2010-07-31T04:18:23Z</time>
</trkpt>
<trkpt lat="53.160217255" lon="47.753639258">
  <ele>99.606003</ele>
  <time>2010-07-31T04:18:24Z</time>
</trkpt>
<trkpt lat="53.160255393" lon="47.753913850">
  <ele>99.317001</ele>
  <time>2010-07-31T04:18:25Z</time>
</trkpt>
<trkpt lat="53.160293614" lon="47.754188525">
  <ele>99.536003</ele>
  <time>2010-07-31T04:18:26Z</time>
</trkpt>
<trkpt lat="53.160331752" lon="47.754470827">
  <ele>99.847000</ele>
  <time>2010-07-31T04:18:27Z</time>
</trkpt>
<trkpt lat="53.160366034" lon="47.754753130">
  <ele>100.242996</ele>
  <time>2010-07-31T04:18:28Z</time>
</trkpt>
<trkpt lat="53.160404172" lon="47.755035432">
  <ele>100.730003</ele>
  <time>2010-07-31T04:18:29Z</time>
</trkpt>
<trkpt lat="53.160442393" lon="47.755317651">
  <ele>101.167999</ele>
  <time>2010-07-31T04:18:30Z</time>
</trkpt>
<trkpt lat="53.160476675" lon="47.755592326">
  <ele>101.706001</ele>
  <time>2010-07-31T04:18:31Z</time>
</trkpt>
<trkpt lat="53.160514813" lon="47.755863229">
  <ele>102.249001</ele>
  <time>2010-07-31T04:18:32Z</time>
</trkpt>
<trkpt lat="53.160552951" lon="47.756126421">
  <ele>102.702003</ele>
  <time>2010-07-31T04:18:33Z</time>
</trkpt>
<trkpt lat="53.160587316" lon="47.756385840">
  <ele>103.039001</ele>
  <time>2010-07-31T04:18:34Z</time>
</trkpt>
<trkpt lat="53.160621682" lon="47.756633777">
  <ele>103.327003</ele>
  <time>2010-07-31T04:18:35Z</time>
</trkpt>
<trkpt lat="53.160659820" lon="47.756877858">
  <ele>103.638000</ele>
  <time>2010-07-31T04:18:36Z</time>
</trkpt>
<trkpt lat="53.160694102" lon="47.757114395">
  <ele>103.764000</ele>
  <time>2010-07-31T04:18:37Z</time>
</trkpt>
<trkpt lat="53.160728468" lon="47.757343305">
  <ele>104.101997</ele>
  <time>2010-07-31T04:18:38Z</time>
</trkpt>
<trkpt lat="53.160762750" lon="47.757575987">
  <ele>104.371002</ele>
  <time>2010-07-31T04:18:39Z</time>
</trkpt>
<trkpt lat="53.160793344" lon="47.757808669">
  <ele>104.805000</ele>
  <time>2010-07-31T04:18:40Z</time>
</trkpt>
<trkpt lat="53.160823854" lon="47.758041350">
  <ele>105.207001</ele>
  <time>2010-07-31T04:18:41Z</time>
</trkpt>
<trkpt lat="53.160858136" lon="47.758270260">
  <ele>105.508003</ele>
  <time>2010-07-31T04:18:42Z</time>
</trkpt>
<trkpt lat="53.160888646" lon="47.758502942">
  <ele>105.566002</ele>
  <time>2010-07-31T04:18:43Z</time>
</trkpt>
<trkpt lat="53.160923012" lon="47.758731851">
  <ele>105.577003</ele>
  <time>2010-07-31T04:18:44Z</time>
</trkpt>
<trkpt lat="53.160953522" lon="47.758968389">
  <ele>105.776001</ele>
  <time>2010-07-31T04:18:45Z</time>
</trkpt>
<trkpt lat="53.160987888" lon="47.759208698">
  <ele>105.896004</ele>
  <time>2010-07-31T04:18:46Z</time>
</trkpt>
<trkpt lat="53.161018398" lon="47.759452779">
  <ele>105.943001</ele>
  <time>2010-07-31T04:18:47Z</time>
</trkpt>
<trkpt lat="53.161056535" lon="47.759696944">
  <ele>106.151001</ele>
  <time>2010-07-31T04:18:48Z</time>
</trkpt>
<trkpt lat="53.161087045" lon="47.759933481">
  <ele>106.212997</ele>
  <time>2010-07-31T04:18:49Z</time>
</trkpt>
<trkpt lat="53.161121327" lon="47.760170018">
  <ele>106.183998</ele>
  <time>2010-07-31T04:18:50Z</time>
</trkpt>
<trkpt lat="53.161155693" lon="47.760410327">
  <ele>106.278000</ele>
  <time>2010-07-31T04:18:51Z</time>
</trkpt>
<trkpt lat="53.161190059" lon="47.760662120">
  <ele>106.468002</ele>
  <time>2010-07-31T04:18:52Z</time>
</trkpt>
<trkpt lat="53.161228197" lon="47.760910057">
  <ele>106.568001</ele>
  <time>2010-07-31T04:18:53Z</time>
</trkpt>
<trkpt lat="53.161258707" lon="47.761150366">
  <ele>106.505997</ele>
  <time>2010-07-31T04:18:54Z</time>
</trkpt>
<trkpt lat="53.161292989" lon="47.761390675">
  <ele>106.586998</ele>
  <time>2010-07-31T04:18:55Z</time>
</trkpt>
<trkpt lat="53.161327355" lon="47.761634840">
  <ele>106.587997</ele>
  <time>2010-07-31T04:18:56Z</time>
</trkpt>
<trkpt lat="53.161361720" lon="47.761882776">
  <ele>106.660004</ele>
  <time>2010-07-31T04:18:57Z</time>
</trkpt>
<trkpt lat="53.161396002" lon="47.762138341">
  <ele>106.912003</ele>
  <time>2010-07-31T04:18:58Z</time>
</trkpt>
<trkpt lat="53.161434140" lon="47.762401616">
  <ele>107.084000</ele>
  <time>2010-07-31T04:18:59Z</time>
</trkpt>
<trkpt lat="53.161472362" lon="47.762668580">
  <ele>107.134003</ele>
  <time>2010-07-31T04:19:00Z</time>
</trkpt>
<trkpt lat="53.161510499" lon="47.762939483">
  <ele>107.330002</ele>
  <time>2010-07-31T04:19:01Z</time>
</trkpt>
<trkpt lat="53.161548637" lon="47.763217930">
  <ele>107.549004</ele>
  <time>2010-07-31T04:19:02Z</time>
</trkpt>
<trkpt lat="53.161586775" lon="47.763496377">
  <ele>107.817001</ele>
  <time>2010-07-31T04:19:03Z</time>
</trkpt>
<trkpt lat="53.161628684" lon="47.763778679">
  <ele>108.025002</ele>
  <time>2010-07-31T04:19:04Z</time>
</trkpt>
<trkpt lat="53.161666906" lon="47.764064753">
  <ele>108.127998</ele>
  <time>2010-07-31T04:19:05Z</time>
</trkpt>
<trkpt lat="53.161708815" lon="47.764350912">
  <ele>108.086998</ele>
  <time>2010-07-31T04:19:06Z</time>
</trkpt>
<trkpt lat="53.161750808" lon="47.764648469">
  <ele>107.809998</ele>
  <time>2010-07-31T04:19:07Z</time>
</trkpt>
<trkpt lat="53.161792718" lon="47.764949799">
  <ele>107.747002</ele>
  <time>2010-07-31T04:19:08Z</time>
</trkpt>
<trkpt lat="53.161834711" lon="47.765251128">
  <ele>107.717003</ele>
  <time>2010-07-31T04:19:09Z</time>
</trkpt>
<trkpt lat="53.161876705" lon="47.765556313">
  <ele>107.764999</ele>
  <time>2010-07-31T04:19:10Z</time>
</trkpt>
<trkpt lat="53.161918614" lon="47.765861498">
  <ele>107.541000</ele>
  <time>2010-07-31T04:19:11Z</time>
</trkpt>
<trkpt lat="53.161960607" lon="47.766170539">
  <ele>107.333000</ele>
  <time>2010-07-31T04:19:12Z</time>
</trkpt>
<trkpt lat="53.162002601" lon="47.766475640">
  <ele>107.123001</ele>
  <time>2010-07-31T04:19:13Z</time>
</trkpt>
<trkpt lat="53.162044510" lon="47.766777053">
  <ele>106.959999</ele>
  <time>2010-07-31T04:19:14Z</time>
</trkpt>
<trkpt lat="53.162086504" lon="47.767078383">
  <ele>106.837997</ele>
  <time>2010-07-31T04:19:15Z</time>
</trkpt>
<trkpt lat="53.162128413" lon="47.767368313">
  <ele>106.862000</ele>
  <time>2010-07-31T04:19:16Z</time>
</trkpt>
<trkpt lat="53.162166635" lon="47.767658243">
  <ele>106.892998</ele>
  <time>2010-07-31T04:19:17Z</time>
</trkpt>
<trkpt lat="53.162208544" lon="47.767944317">
  <ele>106.795998</ele>
  <time>2010-07-31T04:19:18Z</time>
</trkpt>
<trkpt lat="53.162250537" lon="47.768234247">
  <ele>106.917999</ele>
  <time>2010-07-31T04:19:19Z</time>
</trkpt>
<trkpt lat="53.162292447" lon="47.768516550">
  <ele>106.822998</ele>
  <time>2010-07-31T04:19:20Z</time>
</trkpt>
<trkpt lat="53.162330668" lon="47.768802624">
  <ele>106.947998</ele>
  <time>2010-07-31T04:19:21Z</time>
</trkpt>
<trkpt lat="53.162372578" lon="47.769081155">
  <ele>107.027000</ele>
  <time>2010-07-31T04:19:22Z</time>
</trkpt>
<trkpt lat="53.162410716" lon="47.769355746">
  <ele>107.023003</ele>
  <time>2010-07-31T04:19:23Z</time>
</trkpt>
<trkpt lat="53.162445081" lon="47.769630421">
  <ele>107.058998</ele>
  <time>2010-07-31T04:19:24Z</time>
</trkpt>
<trkpt lat="53.162483219" lon="47.769905096">
  <ele>107.078003</ele>
  <time>2010-07-31T04:19:25Z</time>
</trkpt>
<trkpt lat="53.162521357" lon="47.770172143">
  <ele>107.037003</ele>
  <time>2010-07-31T04:19:26Z</time>
</trkpt>
<trkpt lat="53.162555723" lon="47.770439107">
  <ele>107.047997</ele>
  <time>2010-07-31T04:19:27Z</time>
</trkpt>
<trkpt lat="53.162593860" lon="47.770702383">
  <ele>106.907997</ele>
  <time>2010-07-31T04:19:28Z</time>
</trkpt>
<trkpt lat="53.162631998" lon="47.770965574">
  <ele>106.841003</ele>
  <time>2010-07-31T04:19:29Z</time>
</trkpt>
<trkpt lat="53.162670135" lon="47.771224994">
  <ele>106.754997</ele>
  <time>2010-07-31T04:19:30Z</time>
</trkpt>
<trkpt lat="53.162704501" lon="47.771480558">
  <ele>106.692001</ele>
  <time>2010-07-31T04:19:31Z</time>
</trkpt>
<trkpt lat="53.162738783" lon="47.771732351">
  <ele>106.561996</ele>
  <time>2010-07-31T04:19:32Z</time>
</trkpt>
<trkpt lat="53.162773149" lon="47.771980288">
  <ele>106.671997</ele>
  <time>2010-07-31T04:19:33Z</time>
</trkpt>
<trkpt lat="53.162807431" lon="47.772224452">
  <ele>106.730003</ele>
  <time>2010-07-31T04:19:34Z</time>
</trkpt>
<trkpt lat="53.162841797" lon="47.772464762">
  <ele>106.852997</ele>
  <time>2010-07-31T04:19:35Z</time>
</trkpt>
<trkpt lat="53.162876163" lon="47.772705071">
  <ele>106.822998</ele>
  <time>2010-07-31T04:19:36Z</time>
</trkpt>
<trkpt lat="53.162910445" lon="47.772945380">
  <ele>106.883003</ele>
  <time>2010-07-31T04:19:37Z</time>
</trkpt>
<trkpt lat="53.162944810" lon="47.773181917">
  <ele>107.026001</ele>
  <time>2010-07-31T04:19:38Z</time>
</trkpt>
<trkpt lat="53.162975321" lon="47.773418454">
  <ele>107.082001</ele>
  <time>2010-07-31T04:19:39Z</time>
</trkpt>
<trkpt lat="53.163005831" lon="47.773654908">
  <ele>106.927002</ele>
  <time>2010-07-31T04:19:40Z</time>
</trkpt>
<trkpt lat="53.163036341" lon="47.773895301">
  <ele>106.978996</ele>
  <time>2010-07-31T04:19:41Z</time>
</trkpt>
<trkpt lat="53.163066851" lon="47.774127983">
  <ele>106.931999</ele>
  <time>2010-07-31T04:19:42Z</time>
</trkpt>
<trkpt lat="53.163101217" lon="47.774364436">
  <ele>106.907997</ele>
  <time>2010-07-31T04:19:43Z</time>
</trkpt>
<trkpt lat="53.163135499" lon="47.774608601">
  <ele>106.848000</ele>
  <time>2010-07-31T04:19:44Z</time>
</trkpt>
<trkpt lat="53.163169865" lon="47.774856538">
  <ele>106.957001</ele>
  <time>2010-07-31T04:19:45Z</time>
</trkpt>
<trkpt lat="53.163204230" lon="47.775108330">
  <ele>107.082001</ele>
  <time>2010-07-31T04:19:46Z</time>
</trkpt>
<trkpt lat="53.163238512" lon="47.775360122">
  <ele>107.028999</ele>
  <time>2010-07-31T04:19:47Z</time>
</trkpt>
<trkpt lat="53.163276650" lon="47.775611915">
  <ele>106.988998</ele>
  <time>2010-07-31T04:19:48Z</time>
</trkpt>
<trkpt lat="53.163311016" lon="47.775863623">
  <ele>106.976997</ele>
  <time>2010-07-31T04:19:49Z</time>
</trkpt>
<trkpt lat="53.163345298" lon="47.776123043">
  <ele>106.783997</ele>
  <time>2010-07-31T04:19:50Z</time>
</trkpt>
<trkpt lat="53.163383519" lon="47.776374836">
  <ele>106.678001</ele>
  <time>2010-07-31T04:19:51Z</time>
</trkpt>
<trkpt lat="53.163417801" lon="47.776630400">
  <ele>106.459000</ele>
  <time>2010-07-31T04:19:52Z</time>
</trkpt>
<trkpt lat="53.163452167" lon="47.776885964">
  <ele>106.209000</ele>
  <time>2010-07-31T04:19:53Z</time>
</trkpt>
<trkpt lat="53.163486449" lon="47.777145384">
  <ele>105.908997</ele>
  <time>2010-07-31T04:19:54Z</time>
</trkpt>
<trkpt lat="53.163520815" lon="47.777397176">
  <ele>105.815002</ele>
  <time>2010-07-31T04:19:55Z</time>
</trkpt>
<trkpt lat="53.163555181" lon="47.777645113">
  <ele>105.788002</ele>
  <time>2010-07-31T04:19:56Z</time>
</trkpt>
<trkpt lat="53.163589463" lon="47.777889278">
  <ele>105.707001</ele>
  <time>2010-07-31T04:19:57Z</time>
</trkpt>
<trkpt lat="53.163623828" lon="47.778129587">
  <ele>105.725998</ele>
  <time>2010-07-31T04:19:58Z</time>
</trkpt>
<trkpt lat="53.163658110" lon="47.778369896">
  <ele>105.621002</ele>
  <time>2010-07-31T04:19:59Z</time>
</trkpt>
<trkpt lat="53.163688621" lon="47.778606433">
  <ele>105.754997</ele>
  <time>2010-07-31T04:20:00Z</time>
</trkpt>
<trkpt lat="53.163719214" lon="47.778823860">
  <ele>105.602997</ele>
  <time>2010-07-31T04:20:01Z</time>
</trkpt>
<trkpt lat="53.163749725" lon="47.779029887">
  <ele>105.607002</ele>
  <time>2010-07-31T04:20:02Z</time>
</trkpt>
<trkpt lat="53.163776379" lon="47.779224431">
  <ele>105.408997</ele>
  <time>2010-07-31T04:20:03Z</time>
</trkpt>
<trkpt lat="53.163803117" lon="47.779403720">
  <ele>105.310997</ele>
  <time>2010-07-31T04:20:04Z</time>
</trkpt>
<trkpt lat="53.163822144" lon="47.779567754">
  <ele>105.144997</ele>
  <time>2010-07-31T04:20:05Z</time>
</trkpt>
<trkpt lat="53.163845027" lon="47.779720305">
  <ele>104.987000</ele>
  <time>2010-07-31T04:20:06Z</time>
</trkpt>
<trkpt lat="53.163864138" lon="47.779865228">
  <ele>104.929001</ele>
  <time>2010-07-31T04:20:07Z</time>
</trkpt>
<trkpt lat="53.163883248" lon="47.780010235">
  <ele>104.831001</ele>
  <time>2010-07-31T04:20:08Z</time>
</trkpt>
<trkpt lat="53.163906131" lon="47.780159013">
  <ele>105.148003</ele>
  <time>2010-07-31T04:20:09Z</time>
</trkpt>
<trkpt lat="53.163925158" lon="47.780315420">
  <ele>105.028000</ele>
  <time>2010-07-31T04:20:10Z</time>
</trkpt>
<trkpt lat="53.163948040" lon="47.780479454">
  <ele>104.890999</ele>
  <time>2010-07-31T04:20:11Z</time>
</trkpt>
<trkpt lat="53.163970923" lon="47.780651115">
  <ele>104.842003</ele>
  <time>2010-07-31T04:20:12Z</time>
</trkpt>
<trkpt lat="53.163993806" lon="47.780830404">
  <ele>105.054001</ele>
  <time>2010-07-31T04:20:13Z</time>
</trkpt>
<trkpt lat="53.164020544" lon="47.781017320">
  <ele>105.172997</ele>
  <time>2010-07-31T04:20:14Z</time>
</trkpt>
<trkpt lat="53.164047282" lon="47.781208009">
  <ele>105.334000</ele>
  <time>2010-07-31T04:20:15Z</time>
</trkpt>
<trkpt lat="53.164077792" lon="47.781406408">
  <ele>105.750999</ele>
  <time>2010-07-31T04:20:16Z</time>
</trkpt>
<trkpt lat="53.164108302" lon="47.781612435">
  <ele>106.310997</ele>
  <time>2010-07-31T04:20:17Z</time>
</trkpt>
<trkpt lat="53.164134957" lon="47.781818379">
  <ele>106.644997</ele>
  <time>2010-07-31T04:20:18Z</time>
</trkpt>
<trkpt lat="53.164165467" lon="47.782020550">
  <ele>107.260002</ele>
  <time>2010-07-31T04:20:19Z</time>
</trkpt>
<trkpt lat="53.164192205" lon="47.782222722">
  <ele>107.892998</ele>
  <time>2010-07-31T04:20:20Z</time>
</trkpt>
<trkpt lat="53.164222715" lon="47.782432521">
  <ele>108.459999</ele>
  <time>2010-07-31T04:20:21Z</time>
</trkpt>
<trkpt lat="53.164249454" lon="47.782634776">
  <ele>109.132004</ele>
  <time>2010-07-31T04:20:22Z</time>
</trkpt>
<trkpt lat="53.164279964" lon="47.782829320">
  <ele>109.533997</ele>
  <time>2010-07-31T04:20:23Z</time>
</trkpt>
<trkpt lat="53.164306618" lon="47.783027636">
  <ele>109.841003</ele>
  <time>2010-07-31T04:20:24Z</time>
</trkpt>
<trkpt lat="53.164333357" lon="47.783229807">
  <ele>110.080002</ele>
  <time>2010-07-31T04:20:25Z</time>
</trkpt>
<trkpt lat="53.164360011" lon="47.783428207">
  <ele>110.500999</ele>
  <time>2010-07-31T04:20:26Z</time>
</trkpt>
<trkpt lat="53.164386749" lon="47.783626523">
  <ele>110.973000</ele>
  <time>2010-07-31T04:20:27Z</time>
</trkpt>
<trkpt lat="53.164413488" lon="47.783821067">
  <ele>111.483002</ele>
  <time>2010-07-31T04:20:28Z</time>
</trkpt>
<trkpt lat="53.164440142" lon="47.784011839">
  <ele>111.722000</ele>
  <time>2010-07-31T04:20:29Z</time>
</trkpt>
<trkpt lat="53.164466880" lon="47.784202611">
  <ele>111.771004</ele>
  <time>2010-07-31T04:20:30Z</time>
</trkpt>
<trkpt lat="53.164493535" lon="47.784393299">
  <ele>112.022003</ele>
  <time>2010-07-31T04:20:31Z</time>
</trkpt>
<trkpt lat="53.164520273" lon="47.784587843">
  <ele>112.093002</ele>
  <time>2010-07-31T04:20:32Z</time>
</trkpt>
<trkpt lat="53.164546927" lon="47.784778615">
  <ele>112.264999</ele>
  <time>2010-07-31T04:20:33Z</time>
</trkpt>
<trkpt lat="53.164573666" lon="47.784969304">
  <ele>112.304001</ele>
  <time>2010-07-31T04:20:34Z</time>
</trkpt>
<trkpt lat="53.164596548" lon="47.785148593">
  <ele>112.450996</ele>
  <time>2010-07-31T04:20:35Z</time>
</trkpt>
<trkpt lat="53.164623287" lon="47.785331737">
  <ele>112.503998</ele>
  <time>2010-07-31T04:20:36Z</time>
</trkpt>
<trkpt lat="53.164649941" lon="47.785503399">
  <ele>112.841003</ele>
  <time>2010-07-31T04:20:37Z</time>
</trkpt>
<trkpt lat="53.164672824" lon="47.785667432">
  <ele>113.021004</ele>
  <time>2010-07-31T04:20:38Z</time>
</trkpt>
<trkpt lat="53.164695706" lon="47.785819983">
  <ele>113.117996</ele>
  <time>2010-07-31T04:20:39Z</time>
</trkpt>
<trkpt lat="53.164722444" lon="47.785968762">
  <ele>113.081001</ele>
  <time>2010-07-31T04:20:40Z</time>
</trkpt>
<trkpt lat="53.164752955" lon="47.786109913">
  <ele>113.025002</ele>
  <time>2010-07-31T04:20:41Z</time>
</trkpt>
<trkpt lat="53.164787320" lon="47.786243437">
  <ele>113.134003</ele>
  <time>2010-07-31T04:20:42Z</time>
</trkpt>
<trkpt lat="53.164821602" lon="47.786380732">
  <ele>112.797997</ele>
  <time>2010-07-31T04:20:43Z</time>
</trkpt>
<trkpt lat="53.164848341" lon="47.786518112">
  <ele>112.735001</ele>
  <time>2010-07-31T04:20:44Z</time>
</trkpt>
<trkpt lat="53.164874995" lon="47.786663035">
  <ele>112.744003</ele>
  <time>2010-07-31T04:20:45Z</time>
</trkpt>
<trkpt lat="53.164897878" lon="47.786808042">
  <ele>112.790001</ele>
  <time>2010-07-31T04:20:46Z</time>
</trkpt>
<trkpt lat="53.164916988" lon="47.786960592">
  <ele>112.907997</ele>
  <time>2010-07-31T04:20:47Z</time>
</trkpt>
<trkpt lat="53.164936099" lon="47.787128482">
  <ele>112.915001</ele>
  <time>2010-07-31T04:20:48Z</time>
</trkpt>
<trkpt lat="53.164951354" lon="47.787307771">
  <ele>113.008003</ele>
  <time>2010-07-31T04:20:49Z</time>
</trkpt>
<trkpt lat="53.164958982" lon="47.787498459">
  <ele>113.222000</ele>
  <time>2010-07-31T04:20:50Z</time>
</trkpt>
<trkpt lat="53.164966609" lon="47.787704486">
  <ele>113.362000</ele>
  <time>2010-07-31T04:20:51Z</time>
</trkpt>
<trkpt lat="53.164985636" lon="47.787921913">
  <ele>113.443001</ele>
  <time>2010-07-31T04:20:52Z</time>
</trkpt>
<trkpt lat="53.165012375" lon="47.788146967">
  <ele>113.601997</ele>
  <time>2010-07-31T04:20:53Z</time>
</trkpt>
<trkpt lat="53.165046657" lon="47.788383504">
  <ele>113.897003</ele>
  <time>2010-07-31T04:20:54Z</time>
</trkpt>
<trkpt lat="53.165081022" lon="47.788623814">
  <ele>114.290001</ele>
  <time>2010-07-31T04:20:55Z</time>
</trkpt>
<trkpt lat="53.165111532" lon="47.788871750">
  <ele>114.649002</ele>
  <time>2010-07-31T04:20:56Z</time>
</trkpt>
<trkpt lat="53.165145898" lon="47.789115915">
  <ele>114.768997</ele>
  <time>2010-07-31T04:20:57Z</time>
</trkpt>
<trkpt lat="53.165180180" lon="47.789360080">
  <ele>115.094002</ele>
  <time>2010-07-31T04:20:58Z</time>
</trkpt>
<trkpt lat="53.165214546" lon="47.789600389">
  <ele>115.300003</ele>
  <time>2010-07-31T04:20:59Z</time>
</trkpt>
<trkpt lat="53.165248912" lon="47.789840698">
  <ele>115.497002</ele>
  <time>2010-07-31T04:21:00Z</time>
</trkpt>
<trkpt lat="53.165283194" lon="47.790084863">
  <ele>115.713997</ele>
  <time>2010-07-31T04:21:01Z</time>
</trkpt>
<trkpt lat="53.165321331" lon="47.790328944">
  <ele>115.958000</ele>
  <time>2010-07-31T04:21:02Z</time>
</trkpt>
<trkpt lat="53.165355697" lon="47.790573109">
  <ele>116.140999</ele>
  <time>2010-07-31T04:21:03Z</time>
</trkpt>
<trkpt lat="53.165389979" lon="47.790813418">
  <ele>116.301003</ele>
  <time>2010-07-31T04:21:04Z</time>
</trkpt>
<trkpt lat="53.165424345" lon="47.791053811">
  <ele>116.394997</ele>
  <time>2010-07-31T04:21:05Z</time>
</trkpt>
<trkpt lat="53.165458711" lon="47.791301748">
  <ele>116.405998</ele>
  <time>2010-07-31T04:21:06Z</time>
</trkpt>
<trkpt lat="53.165500620" lon="47.791561168">
  <ele>116.528999</ele>
  <time>2010-07-31T04:21:07Z</time>
</trkpt>
<trkpt lat="53.165542614" lon="47.791831987">
  <ele>116.748001</ele>
  <time>2010-07-31T04:21:08Z</time>
</trkpt>
<trkpt lat="53.165588379" lon="47.792114289">
  <ele>116.974998</ele>
  <time>2010-07-31T04:21:09Z</time>
</trkpt>
<trkpt lat="53.165630372" lon="47.792407991">
  <ele>117.064003</ele>
  <time>2010-07-31T04:21:10Z</time>
</trkpt>
<trkpt lat="53.165676137" lon="47.792713176">
  <ele>117.143997</ele>
  <time>2010-07-31T04:21:11Z</time>
</trkpt>
<trkpt lat="53.165721903" lon="47.793022133">
  <ele>116.903000</ele>
  <time>2010-07-31T04:21:12Z</time>
</trkpt>
<trkpt lat="53.165767668" lon="47.793346429">
  <ele>116.995003</ele>
  <time>2010-07-31T04:21:13Z</time>
</trkpt>
<trkpt lat="53.165813433" lon="47.793678269">
  <ele>116.983002</ele>
  <time>2010-07-31T04:21:14Z</time>
</trkpt>
<trkpt lat="53.165851571" lon="47.794017820">
  <ele>116.807999</ele>
  <time>2010-07-31T04:21:15Z</time>
</trkpt>
<trkpt lat="53.165893564" lon="47.794361142">
  <ele>116.617996</ele>
  <time>2010-07-31T04:21:16Z</time>
</trkpt>
<trkpt lat="53.165931702" lon="47.794700610">
  <ele>116.317001</ele>
  <time>2010-07-31T04:21:17Z</time>
</trkpt>
<trkpt lat="53.165973695" lon="47.795036305">
  <ele>116.058998</ele>
  <time>2010-07-31T04:21:18Z</time>
</trkpt>
<trkpt lat="53.166019460" lon="47.795368228">
  <ele>115.675003</ele>
  <time>2010-07-31T04:21:19Z</time>
</trkpt>
<trkpt lat="53.166065225" lon="47.795700068">
  <ele>115.149002</ele>
  <time>2010-07-31T04:21:20Z</time>
</trkpt>
<trkpt lat="53.166110991" lon="47.796031991">
  <ele>114.655998</ele>
  <time>2010-07-31T04:21:21Z</time>
</trkpt>
<trkpt lat="53.166156756" lon="47.796363831">
  <ele>114.028999</ele>
  <time>2010-07-31T04:21:22Z</time>
</trkpt>
<trkpt lat="53.166202521" lon="47.796695670">
  <ele>113.241997</ele>
  <time>2010-07-31T04:21:23Z</time>
</trkpt>
<trkpt lat="53.166252142" lon="47.797035221">
  <ele>112.643997</ele>
  <time>2010-07-31T04:21:24Z</time>
</trkpt>
<trkpt lat="53.166301763" lon="47.797374688">
  <ele>112.016998</ele>
  <time>2010-07-31T04:21:25Z</time>
</trkpt>
<trkpt lat="53.166343672" lon="47.797725638">
  <ele>111.345001</ele>
  <time>2010-07-31T04:21:26Z</time>
</trkpt>
<trkpt lat="53.166393293" lon="47.798080444">
  <ele>110.874001</ele>
  <time>2010-07-31T04:21:27Z</time>
</trkpt>
<trkpt lat="53.166442830" lon="47.798439022">
  <ele>110.622002</ele>
  <time>2010-07-31T04:21:28Z</time>
</trkpt>
<trkpt lat="53.166488679" lon="47.798805228">
  <ele>110.647003</ele>
  <time>2010-07-31T04:21:29Z</time>
</trkpt>
<trkpt lat="53.166542072" lon="47.799175289">
  <ele>110.371002</ele>
  <time>2010-07-31T04:21:30Z</time>
</trkpt>
<trkpt lat="53.166599236" lon="47.799549121">
  <ele>110.581001</ele>
  <time>2010-07-31T04:21:31Z</time>
</trkpt>
<trkpt lat="53.166648857" lon="47.799922954">
  <ele>110.977997</ele>
  <time>2010-07-31T04:21:32Z</time>
</trkpt>
<trkpt lat="53.166698478" lon="47.800289160">
  <ele>111.261002</ele>
  <time>2010-07-31T04:21:33Z</time>
</trkpt>
<trkpt lat="53.166751871" lon="47.800651509">
  <ele>111.726997</ele>
  <time>2010-07-31T04:21:34Z</time>
</trkpt>
<trkpt lat="53.166801492" lon="47.801013943">
  <ele>112.049004</ele>
  <time>2010-07-31T04:21:35Z</time>
</trkpt>
<trkpt lat="53.166851029" lon="47.801364893">
  <ele>112.271004</ele>
  <time>2010-07-31T04:21:36Z</time>
</trkpt>
<trkpt lat="53.166896794" lon="47.801715843">
  <ele>112.481003</ele>
  <time>2010-07-31T04:21:37Z</time>
</trkpt>
<trkpt lat="53.166946415" lon="47.802059166">
  <ele>112.566002</ele>
  <time>2010-07-31T04:21:38Z</time>
</trkpt>
<trkpt lat="53.166988408" lon="47.802394861">
  <ele>112.549004</ele>
  <time>2010-07-31T04:21:39Z</time>
</trkpt>
<trkpt lat="53.167034173" lon="47.802726785">
  <ele>112.373001</ele>
  <time>2010-07-31T04:21:40Z</time>
</trkpt>
<trkpt lat="53.167076083" lon="47.803054769">
  <ele>112.283997</ele>
  <time>2010-07-31T04:21:41Z</time>
</trkpt>
<trkpt lat="53.167118076" lon="47.803386692">
  <ele>112.301003</ele>
  <time>2010-07-31T04:21:42Z</time>
</trkpt>
<trkpt lat="53.167163841" lon="47.803707132">
  <ele>112.167999</ele>
  <time>2010-07-31T04:21:43Z</time>
</trkpt>
<trkpt lat="53.167209607" lon="47.804031344">
  <ele>111.918999</ele>
  <time>2010-07-31T04:21:44Z</time>
</trkpt>
<trkpt lat="53.167255372" lon="47.804348012">
  <ele>111.704002</ele>
  <time>2010-07-31T04:21:45Z</time>
</trkpt>
<trkpt lat="53.167297365" lon="47.804660825">
  <ele>111.504997</ele>
  <time>2010-07-31T04:21:46Z</time>
</trkpt>
<trkpt lat="53.167339358" lon="47.804969782">
  <ele>111.481003</ele>
  <time>2010-07-31T04:21:47Z</time>
</trkpt>
<trkpt lat="53.167385124" lon="47.805274967">
  <ele>111.442001</ele>
  <time>2010-07-31T04:21:48Z</time>
</trkpt>
<trkpt lat="53.167427033" lon="47.805576297">
  <ele>111.358002</ele>
  <time>2010-07-31T04:21:49Z</time>
</trkpt>
<trkpt lat="53.167469027" lon="47.805870082">
  <ele>111.227997</ele>
  <time>2010-07-31T04:21:50Z</time>
</trkpt>
<trkpt lat="53.167511020" lon="47.806148529">
  <ele>110.989998</ele>
  <time>2010-07-31T04:21:51Z</time>
</trkpt>
<trkpt lat="53.167549158" lon="47.806411721">
  <ele>110.699997</ele>
  <time>2010-07-31T04:21:52Z</time>
</trkpt>
<trkpt lat="53.167583439" lon="47.806667369">
  <ele>110.556000</ele>
  <time>2010-07-31T04:21:53Z</time>
</trkpt>
<trkpt lat="53.167621577" lon="47.806926705">
  <ele>110.135002</ele>
  <time>2010-07-31T04:21:54Z</time>
</trkpt>
<trkpt lat="53.167659799" lon="47.807193752">
  <ele>109.964996</ele>
  <time>2010-07-31T04:21:55Z</time>
</trkpt>
<trkpt lat="53.167694081" lon="47.807468427">
  <ele>109.754997</ele>
  <time>2010-07-31T04:21:56Z</time>
</trkpt>
<trkpt lat="53.167732218" lon="47.807746874">
  <ele>109.674004</ele>
  <time>2010-07-31T04:21:57Z</time>
</trkpt>
<trkpt lat="53.167770356" lon="47.808032949">
  <ele>109.469002</ele>
  <time>2010-07-31T04:21:58Z</time>
</trkpt>
<trkpt lat="53.167812349" lon="47.808326734">
  <ele>109.263000</ele>
  <time>2010-07-31T04:21:59Z</time>
</trkpt>
<trkpt lat="53.167854343" lon="47.808631919">
  <ele>109.015999</ele>
  <time>2010-07-31T04:22:00Z</time>
</trkpt>
<trkpt lat="53.167896252" lon="47.808933249">
  <ele>108.858002</ele>
  <time>2010-07-31T04:22:01Z</time>
</trkpt>
<trkpt lat="53.167938245" lon="47.809242290">
  <ele>108.745003</ele>
  <time>2010-07-31T04:22:02Z</time>
</trkpt>
<trkpt lat="53.167984011" lon="47.809555018">
  <ele>108.262001</ele>
  <time>2010-07-31T04:22:03Z</time>
</trkpt>
<trkpt lat="53.168026004" lon="47.809871687">
  <ele>107.822998</ele>
  <time>2010-07-31T04:22:04Z</time>
</trkpt>
<trkpt lat="53.168071769" lon="47.810188271">
  <ele>107.681999</ele>
  <time>2010-07-31T04:22:05Z</time>
</trkpt>
<trkpt lat="53.168117534" lon="47.810516339">
  <ele>107.214996</ele>
  <time>2010-07-31T04:22:06Z</time>
</trkpt>
<trkpt lat="53.168163300" lon="47.810848262">
  <ele>106.733002</ele>
  <time>2010-07-31T04:22:07Z</time>
</trkpt>
<trkpt lat="53.168212920" lon="47.811183957">
  <ele>106.430000</ele>
  <time>2010-07-31T04:22:08Z</time>
</trkpt>
<trkpt lat="53.168258686" lon="47.811523424">
  <ele>106.438004</ele>
  <time>2010-07-31T04:22:09Z</time>
</trkpt>
<trkpt lat="53.168308223" lon="47.811870603">
  <ele>106.228996</ele>
  <time>2010-07-31T04:22:10Z</time>
</trkpt>
<trkpt lat="53.168357844" lon="47.812221553">
  <ele>106.051003</ele>
  <time>2010-07-31T04:22:11Z</time>
</trkpt>
<trkpt lat="53.168403609" lon="47.812576275">
  <ele>106.249001</ele>
  <time>2010-07-31T04:22:12Z</time>
</trkpt>
<trkpt lat="53.168453230" lon="47.812934853">
  <ele>106.455002</ele>
  <time>2010-07-31T04:22:13Z</time>
</trkpt>
<trkpt lat="53.168502767" lon="47.813297287">
  <ele>106.667000</ele>
  <time>2010-07-31T04:22:14Z</time>
</trkpt>
<trkpt lat="53.168552388" lon="47.813659636">
  <ele>106.972000</ele>
  <time>2010-07-31T04:22:15Z</time>
</trkpt>
<trkpt lat="53.168609636" lon="47.814029697">
  <ele>107.196999</ele>
  <time>2010-07-31T04:22:16Z</time>
</trkpt>
<trkpt lat="53.168663029" lon="47.814392131">
  <ele>107.472000</ele>
  <time>2010-07-31T04:22:17Z</time>
</trkpt>
<trkpt lat="53.168716421" lon="47.814754480">
  <ele>107.723000</ele>
  <time>2010-07-31T04:22:18Z</time>
</trkpt>
<trkpt lat="53.168769814" lon="47.815116914">
  <ele>107.947998</ele>
  <time>2010-07-31T04:22:19Z</time>
</trkpt>
<trkpt lat="53.168823207" lon="47.815479264">
  <ele>108.204002</ele>
  <time>2010-07-31T04:22:20Z</time>
</trkpt>
<trkpt lat="53.168876683" lon="47.815845469">
  <ele>108.456001</ele>
  <time>2010-07-31T04:22:21Z</time>
</trkpt>
<trkpt lat="53.168926220" lon="47.816211674">
  <ele>108.661003</ele>
  <time>2010-07-31T04:22:22Z</time>
</trkpt>
<trkpt lat="53.168975841" lon="47.816577880">
  <ele>108.727997</ele>
  <time>2010-07-31T04:22:23Z</time>
</trkpt>
<trkpt lat="53.169029234" lon="47.816936458">
  <ele>108.857002</ele>
  <time>2010-07-31T04:22:24Z</time>
</trkpt>
<trkpt lat="53.169078855" lon="47.817287408">
  <ele>108.980003</ele>
  <time>2010-07-31T04:22:25Z</time>
</trkpt>
<trkpt lat="53.169128392" lon="47.817634586">
  <ele>109.148003</ele>
  <time>2010-07-31T04:22:26Z</time>
</trkpt>
<trkpt lat="53.169178013" lon="47.817974053">
  <ele>109.356003</ele>
  <time>2010-07-31T04:22:27Z</time>
</trkpt>
<trkpt lat="53.169223778" lon="47.818305977">
  <ele>109.523003</ele>
  <time>2010-07-31T04:22:28Z</time>
</trkpt>
<trkpt lat="53.169269543" lon="47.818630189">
  <ele>109.886002</ele>
  <time>2010-07-31T04:22:29Z</time>
</trkpt>
<trkpt lat="53.169311536" lon="47.818950629">
  <ele>110.022003</ele>
  <time>2010-07-31T04:22:30Z</time>
</trkpt>
<trkpt lat="53.169353446" lon="47.819263441">
  <ele>110.186996</ele>
  <time>2010-07-31T04:22:31Z</time>
</trkpt>
<trkpt lat="53.169395439" lon="47.819568627">
  <ele>110.542999</ele>
  <time>2010-07-31T04:22:32Z</time>
</trkpt>
<trkpt lat="53.169437433" lon="47.819866184">
  <ele>110.818001</ele>
  <time>2010-07-31T04:22:33Z</time>
</trkpt>
<trkpt lat="53.169471715" lon="47.820159886">
  <ele>111.009003</ele>
  <time>2010-07-31T04:22:34Z</time>
</trkpt>
<trkpt lat="53.169509852" lon="47.820446044">
  <ele>111.160004</ele>
  <time>2010-07-31T04:22:35Z</time>
</trkpt>
<trkpt lat="53.169551846" lon="47.820732119">
  <ele>111.358002</ele>
  <time>2010-07-31T04:22:36Z</time>
</trkpt>
<trkpt lat="53.169589983" lon="47.821014421">
  <ele>111.488998</ele>
  <time>2010-07-31T04:22:37Z</time>
</trkpt>
<trkpt lat="53.169628121" lon="47.821292868">
  <ele>111.688004</ele>
  <time>2010-07-31T04:22:38Z</time>
</trkpt>
<trkpt lat="53.169666259" lon="47.821567543">
  <ele>111.873001</ele>
  <time>2010-07-31T04:22:39Z</time>
</trkpt>
<trkpt lat="53.169704396" lon="47.821838362">
  <ele>112.258003</ele>
  <time>2010-07-31T04:22:40Z</time>
</trkpt>
<trkpt lat="53.169738762" lon="47.822109181">
  <ele>112.408997</ele>
  <time>2010-07-31T04:22:41Z</time>
</trkpt>
<trkpt lat="53.169773128" lon="47.822380085">
  <ele>112.679001</ele>
  <time>2010-07-31T04:22:42Z</time>
</trkpt>
<trkpt lat="53.169811266" lon="47.822643276">
  <ele>112.721001</ele>
  <time>2010-07-31T04:22:43Z</time>
</trkpt>
<trkpt lat="53.169845548" lon="47.822910324">
  <ele>113.030998</ele>
  <time>2010-07-31T04:22:44Z</time>
</trkpt>
<trkpt lat="53.169879913" lon="47.823173515">
  <ele>113.058998</ele>
  <time>2010-07-31T04:22:45Z</time>
</trkpt>
<trkpt lat="53.169921907" lon="47.823436707">
  <ele>113.281998</ele>
  <time>2010-07-31T04:22:46Z</time>
</trkpt>
<trkpt lat="53.169960044" lon="47.823696127">
  <ele>113.500000</ele>
  <time>2010-07-31T04:22:47Z</time>
</trkpt>
<trkpt lat="53.169994326" lon="47.823959319">
  <ele>113.769997</ele>
  <time>2010-07-31T04:22:48Z</time>
</trkpt>
<trkpt lat="53.170028692" lon="47.824222594">
  <ele>114.021004</ele>
  <time>2010-07-31T04:22:49Z</time>
</trkpt>
<trkpt lat="53.170066830" lon="47.824489558">
  <ele>114.119003</ele>
  <time>2010-07-31T04:22:50Z</time>
</trkpt>
<trkpt lat="53.170104967" lon="47.824752834">
  <ele>114.290001</ele>
  <time>2010-07-31T04:22:51Z</time>
</trkpt>
<trkpt lat="53.170143105" lon="47.825012170">
  <ele>114.403999</ele>
  <time>2010-07-31T04:22:52Z</time>
</trkpt>
<trkpt lat="53.170185098" lon="47.825275445">
  <ele>114.555000</ele>
  <time>2010-07-31T04:22:53Z</time>
</trkpt>
<trkpt lat="53.170223236" lon="47.825538637">
  <ele>114.769997</ele>
  <time>2010-07-31T04:22:54Z</time>
</trkpt>
<trkpt lat="53.170261374" lon="47.825801829">
  <ele>114.857002</ele>
  <time>2010-07-31T04:22:55Z</time>
</trkpt>
<trkpt lat="53.170299511" lon="47.826072732">
  <ele>114.954002</ele>
  <time>2010-07-31T04:22:56Z</time>
</trkpt>
<trkpt lat="53.170337649" lon="47.826343551">
  <ele>115.209999</ele>
  <time>2010-07-31T04:22:57Z</time>
</trkpt>
<trkpt lat="53.170375787" lon="47.826618226">
  <ele>115.348000</ele>
  <time>2010-07-31T04:22:58Z</time>
</trkpt>
<trkpt lat="53.170414008" lon="47.826900445">
  <ele>115.542000</ele>
  <time>2010-07-31T04:22:59Z</time>
</trkpt>
<trkpt lat="53.170452146" lon="47.827186603">
  <ele>115.717003</ele>
  <time>2010-07-31T04:23:00Z</time>
</trkpt>
<trkpt lat="53.170494055" lon="47.827480305">
  <ele>115.785004</ele>
  <time>2010-07-31T04:23:01Z</time>
</trkpt>
<trkpt lat="53.170536049" lon="47.827774007">
  <ele>115.820000</ele>
  <time>2010-07-31T04:23:02Z</time>
</trkpt>
<trkpt lat="53.170578042" lon="47.828075420">
  <ele>115.883003</ele>
  <time>2010-07-31T04:23:03Z</time>
</trkpt>
<trkpt lat="53.170619952" lon="47.828380605">
  <ele>115.913002</ele>
  <time>2010-07-31T04:23:04Z</time>
</trkpt>
<trkpt lat="53.170661945" lon="47.828689562">
  <ele>115.841003</ele>
  <time>2010-07-31T04:23:05Z</time>
</trkpt>
<trkpt lat="53.170703854" lon="47.829002375">
  <ele>115.884003</ele>
  <time>2010-07-31T04:23:06Z</time>
</trkpt>
<trkpt lat="53.170749703" lon="47.829322815">
  <ele>116.148003</ele>
  <time>2010-07-31T04:23:07Z</time>
</trkpt>
<trkpt lat="53.170795469" lon="47.829643255">
  <ele>116.272003</ele>
  <time>2010-07-31T04:23:08Z</time>
</trkpt>
<trkpt lat="53.170841234" lon="47.829975095">
  <ele>116.402000</ele>
  <time>2010-07-31T04:23:09Z</time>
</trkpt>
<trkpt lat="53.170886999" lon="47.830299390">
  <ele>116.498001</ele>
  <time>2010-07-31T04:23:10Z</time>
</trkpt>
<trkpt lat="53.170932764" lon="47.830627458">
  <ele>116.382004</ele>
  <time>2010-07-31T04:23:11Z</time>
</trkpt>
<trkpt lat="53.170978529" lon="47.830951670">
  <ele>116.489998</ele>
  <time>2010-07-31T04:23:12Z</time>
</trkpt>
<trkpt lat="53.171024295" lon="47.831268338">
  <ele>116.629997</ele>
  <time>2010-07-31T04:23:13Z</time>
</trkpt>
<trkpt lat="53.171070060" lon="47.831588779">
  <ele>116.705002</ele>
  <time>2010-07-31T04:23:14Z</time>
</trkpt>
<trkpt lat="53.171112053" lon="47.831905363">
  <ele>116.614998</ele>
  <time>2010-07-31T04:23:15Z</time>
</trkpt>
<trkpt lat="53.171157818" lon="47.832218176">
  <ele>116.593002</ele>
  <time>2010-07-31T04:23:16Z</time>
</trkpt>
<trkpt lat="53.171203583" lon="47.832523361">
  <ele>116.433998</ele>
  <time>2010-07-31T04:23:17Z</time>
</trkpt>
<trkpt lat="53.171249349" lon="47.832832318">
  <ele>116.255997</ele>
  <time>2010-07-31T04:23:18Z</time>
</trkpt>
<trkpt lat="53.171291342" lon="47.833137503">
  <ele>116.068001</ele>
  <time>2010-07-31T04:23:19Z</time>
</trkpt>
<trkpt lat="53.171333335" lon="47.833438832">
  <ele>115.932999</ele>
  <time>2010-07-31T04:23:20Z</time>
</trkpt>
<trkpt lat="53.171371473" lon="47.833736390">
  <ele>115.710999</ele>
  <time>2010-07-31T04:23:21Z</time>
</trkpt>
<trkpt lat="53.171413383" lon="47.834030176">
  <ele>115.601997</ele>
  <time>2010-07-31T04:23:22Z</time>
</trkpt>
<trkpt lat="53.171455376" lon="47.834320106">
  <ele>115.299004</ele>
  <time>2010-07-31T04:23:23Z</time>
</trkpt>
<trkpt lat="53.171493514" lon="47.834606180">
  <ele>115.030998</ele>
  <time>2010-07-31T04:23:24Z</time>
</trkpt>
<trkpt lat="53.171535507" lon="47.834884627">
  <ele>114.642998</ele>
  <time>2010-07-31T04:23:25Z</time>
</trkpt>
<trkpt lat="53.171573645" lon="47.835151674">
  <ele>114.360001</ele>
  <time>2010-07-31T04:23:26Z</time>
</trkpt>
<trkpt lat="53.171611782" lon="47.835411094">
  <ele>114.064003</ele>
  <time>2010-07-31T04:23:27Z</time>
</trkpt>
<trkpt lat="53.171649920" lon="47.835662803">
  <ele>113.695000</ele>
  <time>2010-07-31T04:23:28Z</time>
</trkpt>
<trkpt lat="53.171688057" lon="47.835906968">
  <ele>113.320999</ele>
  <time>2010-07-31T04:23:29Z</time>
</trkpt>
<trkpt lat="53.171726195" lon="47.836147277">
  <ele>112.905998</ele>
  <time>2010-07-31T04:23:30Z</time>
</trkpt>
<trkpt lat="53.171764333" lon="47.836380042">
  <ele>112.589996</ele>
  <time>2010-07-31T04:23:31Z</time>
</trkpt>
<trkpt lat="53.171806326" lon="47.836605096">
  <ele>112.348000</ele>
  <time>2010-07-31T04:23:32Z</time>
</trkpt>
<trkpt lat="53.171844464" lon="47.836822523">
  <ele>112.093002</ele>
  <time>2010-07-31T04:23:33Z</time>
</trkpt>
<trkpt lat="53.171882601" lon="47.837028466">
  <ele>111.834999</ele>
  <time>2010-07-31T04:23:34Z</time>
</trkpt>
<trkpt lat="53.171920739" lon="47.837223094">
  <ele>111.457001</ele>
  <time>2010-07-31T04:23:35Z</time>
</trkpt>
<trkpt lat="53.171958961" lon="47.837410010">
  <ele>111.079002</ele>
  <time>2010-07-31T04:23:36Z</time>
</trkpt>
<trkpt lat="53.171993243" lon="47.837604554">
  <ele>110.818001</ele>
  <time>2010-07-31T04:23:37Z</time>
</trkpt>
<trkpt lat="53.172031380" lon="47.837795243">
  <ele>110.386002</ele>
  <time>2010-07-31T04:23:38Z</time>
</trkpt>
<trkpt lat="53.172069518" lon="47.837986015">
  <ele>109.980003</ele>
  <time>2010-07-31T04:23:39Z</time>
</trkpt>
<trkpt lat="53.172100028" lon="47.838165304">
  <ele>109.531998</ele>
  <time>2010-07-31T04:23:40Z</time>
</trkpt>
<trkpt lat="53.172134394" lon="47.838333109">
  <ele>109.191002</ele>
  <time>2010-07-31T04:23:41Z</time>
</trkpt>
<trkpt lat="53.172161132" lon="47.838485744">
  <ele>108.983002</ele>
  <time>2010-07-31T04:23:42Z</time>
</trkpt>
<trkpt lat="53.172184015" lon="47.838623039">
  <ele>108.723000</ele>
  <time>2010-07-31T04:23:43Z</time>
</trkpt>
<trkpt lat="53.172210669" lon="47.838748936">
  <ele>108.606003</ele>
  <time>2010-07-31T04:23:44Z</time>
</trkpt>
<trkpt lat="53.172233552" lon="47.838874832">
  <ele>108.357002</ele>
  <time>2010-07-31T04:23:45Z</time>
</trkpt>
<trkpt lat="53.172260290" lon="47.838996872">
  <ele>107.976997</ele>
  <time>2010-07-31T04:23:46Z</time>
</trkpt>
<trkpt lat="53.172290800" lon="47.839122768">
  <ele>107.843002</ele>
  <time>2010-07-31T04:23:47Z</time>
</trkpt>
<trkpt lat="53.172317538" lon="47.839252437">
  <ele>107.755997</ele>
  <time>2010-07-31T04:23:48Z</time>
</trkpt>
<trkpt lat="53.172348049" lon="47.839385960">
  <ele>107.362000</ele>
  <time>2010-07-31T04:23:49Z</time>
</trkpt>
<trkpt lat="53.172374703" lon="47.839527112">
  <ele>107.018997</ele>
  <time>2010-07-31T04:23:50Z</time>
</trkpt>
<trkpt lat="53.172405213" lon="47.839672118">
  <ele>106.967003</ele>
  <time>2010-07-31T04:23:51Z</time>
</trkpt>
<trkpt lat="53.172435723" lon="47.839828525">
  <ele>106.805000</ele>
  <time>2010-07-31T04:23:52Z</time>
</trkpt>
<trkpt lat="53.172470089" lon="47.839992559">
  <ele>106.816002</ele>
  <time>2010-07-31T04:23:53Z</time>
</trkpt>
<trkpt lat="53.172508227" lon="47.840160364">
  <ele>107.188004</ele>
  <time>2010-07-31T04:23:54Z</time>
</trkpt>
<trkpt lat="53.172542593" lon="47.840335881">
  <ele>107.639999</ele>
  <time>2010-07-31T04:23:55Z</time>
</trkpt>
<trkpt lat="53.172580730" lon="47.840518942">
  <ele>107.820999</ele>
  <time>2010-07-31T04:23:56Z</time>
</trkpt>
<trkpt lat="53.172618868" lon="47.840702087">
  <ele>108.116997</ele>
  <time>2010-07-31T04:23:57Z</time>
</trkpt>
<trkpt lat="53.172660861" lon="47.840896631">
  <ele>108.459000</ele>
  <time>2010-07-31T04:23:58Z</time>
</trkpt>
<trkpt lat="53.172702771" lon="47.841091175">
  <ele>108.921997</ele>
  <time>2010-07-31T04:23:59Z</time>
</trkpt>
<trkpt lat="53.172748536" lon="47.841289490">
  <ele>109.276001</ele>
  <time>2010-07-31T04:24:00Z</time>
</trkpt>
<trkpt lat="53.172790529" lon="47.841484034">
  <ele>109.546997</ele>
  <time>2010-07-31T04:24:01Z</time>
</trkpt>
<trkpt lat="53.172840150" lon="47.841674807">
  <ele>109.802002</ele>
  <time>2010-07-31T04:24:02Z</time>
</trkpt>
<trkpt lat="53.172885915" lon="47.841857951">
  <ele>110.059998</ele>
  <time>2010-07-31T04:24:03Z</time>
</trkpt>
<trkpt lat="53.172927825" lon="47.842044868">
  <ele>110.441002</ele>
  <time>2010-07-31T04:24:04Z</time>
</trkpt>
<trkpt lat="53.172965962" lon="47.842227928">
  <ele>110.822998</ele>
  <time>2010-07-31T04:24:05Z</time>
</trkpt>
<trkpt lat="53.173004184" lon="47.842407217">
  <ele>111.091003</ele>
  <time>2010-07-31T04:24:06Z</time>
</trkpt>
<trkpt lat="53.173042322" lon="47.842590362">
  <ele>111.467003</ele>
  <time>2010-07-31T04:24:07Z</time>
</trkpt>
<trkpt lat="53.173080459" lon="47.842773423">
  <ele>111.883003</ele>
  <time>2010-07-31T04:24:08Z</time>
</trkpt>
<trkpt lat="53.173122369" lon="47.842956567">
  <ele>112.308998</ele>
  <time>2010-07-31T04:24:09Z</time>
</trkpt>
<trkpt lat="53.173160590" lon="47.843147255">
  <ele>112.750999</ele>
  <time>2010-07-31T04:24:10Z</time>
</trkpt>
<trkpt lat="53.173202500" lon="47.843334172">
  <ele>113.051003</ele>
  <time>2010-07-31T04:24:11Z</time>
</trkpt>
<trkpt lat="53.173240637" lon="47.843521088">
  <ele>113.289001</ele>
  <time>2010-07-31T04:24:12Z</time>
</trkpt>
<trkpt lat="53.173282631" lon="47.843708005">
  <ele>113.675003</ele>
  <time>2010-07-31T04:24:13Z</time>
</trkpt>
<trkpt lat="53.173324624" lon="47.843898777">
  <ele>113.966003</ele>
  <time>2010-07-31T04:24:14Z</time>
</trkpt>
<trkpt lat="53.173366534" lon="47.844089549">
  <ele>114.212997</ele>
  <time>2010-07-31T04:24:15Z</time>
</trkpt>
<trkpt lat="53.173412299" lon="47.844284093">
  <ele>114.509003</ele>
  <time>2010-07-31T04:24:16Z</time>
</trkpt>
<trkpt lat="53.173458064" lon="47.844478637">
  <ele>114.606003</ele>
  <time>2010-07-31T04:24:17Z</time>
</trkpt>
<trkpt lat="53.173503913" lon="47.844673181">
  <ele>114.753998</ele>
  <time>2010-07-31T04:24:18Z</time>
</trkpt>
<trkpt lat="53.173553450" lon="47.844871497">
  <ele>115.121002</ele>
  <time>2010-07-31T04:24:19Z</time>
</trkpt>
<trkpt lat="53.173591588" lon="47.845077524">
  <ele>115.370003</ele>
  <time>2010-07-31T04:24:20Z</time>
</trkpt>
<trkpt lat="53.173625953" lon="47.845291179">
  <ele>115.670998</ele>
  <time>2010-07-31T04:24:21Z</time>
</trkpt>
<trkpt lat="53.173667947" lon="47.845512377">
  <ele>115.906998</ele>
  <time>2010-07-31T04:24:22Z</time>
</trkpt>
<trkpt lat="53.173713712" lon="47.845737431">
  <ele>115.989998</ele>
  <time>2010-07-31T04:24:23Z</time>
</trkpt>
<trkpt lat="53.173763249" lon="47.845966341">
  <ele>116.199997</ele>
  <time>2010-07-31T04:24:24Z</time>
</trkpt>
<trkpt lat="53.173816642" lon="47.846206650">
  <ele>116.426003</ele>
  <time>2010-07-31T04:24:25Z</time>
</trkpt>
<trkpt lat="53.173870118" lon="47.846454587">
  <ele>116.788002</ele>
  <time>2010-07-31T04:24:26Z</time>
</trkpt>
<trkpt lat="53.173923511" lon="47.846710235">
  <ele>117.206001</ele>
  <time>2010-07-31T04:24:27Z</time>
</trkpt>
<trkpt lat="53.173980676" lon="47.846969571">
  <ele>117.600998</ele>
  <time>2010-07-31T04:24:28Z</time>
</trkpt>
<trkpt lat="53.174037924" lon="47.847236618">
  <ele>118.112999</ele>
  <time>2010-07-31T04:24:29Z</time>
</trkpt>
<trkpt lat="53.174095172" lon="47.847511293">
  <ele>118.598999</ele>
  <time>2010-07-31T04:24:30Z</time>
</trkpt>
<trkpt lat="53.174156193" lon="47.847789740">
  <ele>119.052002</ele>
  <time>2010-07-31T04:24:31Z</time>
</trkpt>
<trkpt lat="53.174213441" lon="47.848072043">
  <ele>119.406998</ele>
  <time>2010-07-31T04:24:32Z</time>
</trkpt>
<trkpt lat="53.174278233" lon="47.848361973">
  <ele>119.728996</ele>
  <time>2010-07-31T04:24:33Z</time>
</trkpt>
<trkpt lat="53.174339253" lon="47.848651903">
  <ele>119.967003</ele>
  <time>2010-07-31T04:24:34Z</time>
</trkpt>
<trkpt lat="53.174400358" lon="47.848953232">
  <ele>120.114998</ele>
  <time>2010-07-31T04:24:35Z</time>
</trkpt>
<trkpt lat="53.174465150" lon="47.849258417">
  <ele>120.468002</ele>
  <time>2010-07-31T04:24:36Z</time>
</trkpt>
<trkpt lat="53.174530026" lon="47.849559747">
  <ele>120.761002</ele>
  <time>2010-07-31T04:24:37Z</time>
</trkpt>
<trkpt lat="53.174591046" lon="47.849857304">
  <ele>120.959999</ele>
  <time>2010-07-31T04:24:38Z</time>
</trkpt>
<trkpt lat="53.174655922" lon="47.850147234">
  <ele>120.964996</ele>
  <time>2010-07-31T04:24:39Z</time>
</trkpt>
<trkpt lat="53.174716942" lon="47.850433309">
  <ele>120.870003</ele>
  <time>2010-07-31T04:24:40Z</time>
</trkpt>
<trkpt lat="53.174777962" lon="47.850723239">
  <ele>120.899002</ele>
  <time>2010-07-31T04:24:41Z</time>
</trkpt>
<trkpt lat="53.174842838" lon="47.851020796">
  <ele>120.889999</ele>
  <time>2010-07-31T04:24:42Z</time>
</trkpt>
<trkpt lat="53.174903858" lon="47.851314582">
  <ele>120.860001</ele>
  <time>2010-07-31T04:24:43Z</time>
</trkpt>
<trkpt lat="53.174961107" lon="47.851600656">
  <ele>120.933998</ele>
  <time>2010-07-31T04:24:44Z</time>
</trkpt>
<trkpt lat="53.175018271" lon="47.851879103">
  <ele>121.112000</ele>
  <time>2010-07-31T04:24:45Z</time>
</trkpt>
<trkpt lat="53.175079376" lon="47.852157634">
  <ele>121.249001</ele>
  <time>2010-07-31T04:24:46Z</time>
</trkpt>
<trkpt lat="53.175136540" lon="47.852428453">
  <ele>121.289001</ele>
  <time>2010-07-31T04:24:47Z</time>
</trkpt>
<trkpt lat="53.175193788" lon="47.852691645">
  <ele>121.244003</ele>
  <time>2010-07-31T04:24:48Z</time>
</trkpt>
<trkpt lat="53.175247181" lon="47.852954837">
  <ele>121.283997</ele>
  <time>2010-07-31T04:24:49Z</time>
</trkpt>
<trkpt lat="53.175304430" lon="47.853214256">
  <ele>121.474998</ele>
  <time>2010-07-31T04:24:50Z</time>
</trkpt>
<trkpt lat="53.175357822" lon="47.853469821">
  <ele>121.549004</ele>
  <time>2010-07-31T04:24:51Z</time>
</trkpt>
<trkpt lat="53.175411215" lon="47.853713986">
  <ele>121.666000</ele>
  <time>2010-07-31T04:24:52Z</time>
</trkpt>
<trkpt lat="53.175456980" lon="47.853946667">
  <ele>121.860001</ele>
  <time>2010-07-31T04:24:53Z</time>
</trkpt>
<trkpt lat="53.175506601" lon="47.854171721">
  <ele>122.139000</ele>
  <time>2010-07-31T04:24:54Z</time>
</trkpt>
<trkpt lat="53.175552366" lon="47.854381520">
  <ele>122.612000</ele>
  <time>2010-07-31T04:24:55Z</time>
</trkpt>
<trkpt lat="53.175598131" lon="47.854595175">
  <ele>122.809998</ele>
  <time>2010-07-31T04:24:56Z</time>
</trkpt>
<trkpt lat="53.175647752" lon="47.854804974">
  <ele>123.004997</ele>
  <time>2010-07-31T04:24:57Z</time>
</trkpt>
<trkpt lat="53.175693518" lon="47.855018629">
  <ele>123.103996</ele>
  <time>2010-07-31T04:24:58Z</time>
</trkpt>
<trkpt lat="53.175739283" lon="47.855239827">
  <ele>123.132004</ele>
  <time>2010-07-31T04:24:59Z</time>
</trkpt>
<trkpt lat="53.175785048" lon="47.855464965">
  <ele>123.250000</ele>
  <time>2010-07-31T04:25:00Z</time>
</trkpt>
<trkpt lat="53.175834669" lon="47.855693791">
  <ele>123.342003</ele>
  <time>2010-07-31T04:25:01Z</time>
</trkpt>
<trkpt lat="53.175888062" lon="47.855930328">
  <ele>123.433998</ele>
  <time>2010-07-31T04:25:02Z</time>
</trkpt>
<trkpt lat="53.175937682" lon="47.856174493">
  <ele>123.478996</ele>
  <time>2010-07-31T04:25:03Z</time>
</trkpt>
<trkpt lat="53.175987219" lon="47.856426202">
  <ele>123.443001</ele>
  <time>2010-07-31T04:25:04Z</time>
</trkpt>
<trkpt lat="53.176040612" lon="47.856685622">
  <ele>123.428001</ele>
  <time>2010-07-31T04:25:05Z</time>
</trkpt>
<trkpt lat="53.176097861" lon="47.856956441">
  <ele>123.399002</ele>
  <time>2010-07-31T04:25:06Z</time>
</trkpt>
<trkpt lat="53.176155109" lon="47.857234972">
  <ele>123.434998</ele>
  <time>2010-07-31T04:25:07Z</time>
</trkpt>
<trkpt lat="53.176216129" lon="47.857524902">
  <ele>123.393997</ele>
  <time>2010-07-31T04:25:08Z</time>
</trkpt>
<trkpt lat="53.176281005" lon="47.857818604">
  <ele>123.349998</ele>
  <time>2010-07-31T04:25:09Z</time>
</trkpt>
<trkpt lat="53.176345797" lon="47.858123789">
  <ele>123.167999</ele>
  <time>2010-07-31T04:25:10Z</time>
</trkpt>
<trkpt lat="53.176414529" lon="47.858436601">
  <ele>123.250999</ele>
  <time>2010-07-31T04:25:11Z</time>
</trkpt>
<trkpt lat="53.176483177" lon="47.858760813">
  <ele>123.181999</ele>
  <time>2010-07-31T04:25:12Z</time>
</trkpt>
<trkpt lat="53.176551824" lon="47.859088881">
  <ele>123.209999</ele>
  <time>2010-07-31T04:25:13Z</time>
</trkpt>
<trkpt lat="53.176620472" lon="47.859420804">
  <ele>123.080002</ele>
  <time>2010-07-31T04:25:14Z</time>
</trkpt>
<trkpt lat="53.176692976" lon="47.859760271">
  <ele>123.038002</ele>
  <time>2010-07-31T04:25:15Z</time>
</trkpt>
<trkpt lat="53.176761623" lon="47.860099822">
  <ele>122.860001</ele>
  <time>2010-07-31T04:25:16Z</time>
</trkpt>
<trkpt lat="53.176830271" lon="47.860435518">
  <ele>122.933998</ele>
  <time>2010-07-31T04:25:17Z</time>
</trkpt>
<trkpt lat="53.176898919" lon="47.860767357">
  <ele>122.744003</ele>
  <time>2010-07-31T04:25:18Z</time>
</trkpt>
<trkpt lat="53.176967651" lon="47.861106908">
  <ele>122.778999</ele>
  <time>2010-07-31T04:25:19Z</time>
</trkpt>
<trkpt lat="53.177036298" lon="47.861446375">
  <ele>122.575996</ele>
  <time>2010-07-31T04:25:20Z</time>
</trkpt>
<trkpt lat="53.177101174" lon="47.861778298">
  <ele>122.500999</ele>
  <time>2010-07-31T04:25:21Z</time>
</trkpt>
<trkpt lat="53.177165966" lon="47.862113994">
  <ele>122.286003</ele>
  <time>2010-07-31T04:25:22Z</time>
</trkpt>
<trkpt lat="53.177230842" lon="47.862453461">
  <ele>122.028999</ele>
  <time>2010-07-31T04:25:23Z</time>
</trkpt>
<trkpt lat="53.177291863" lon="47.862792928">
  <ele>121.932999</ele>
  <time>2010-07-31T04:25:24Z</time>
</trkpt>
<trkpt lat="53.177356739" lon="47.863140106">
  <ele>122.086998</ele>
  <time>2010-07-31T04:25:25Z</time>
</trkpt>
<trkpt lat="53.177417759" lon="47.863491056">
  <ele>122.171997</ele>
  <time>2010-07-31T04:25:26Z</time>
</trkpt>
<trkpt lat="53.177475007" lon="47.863845862">
  <ele>122.362000</ele>
  <time>2010-07-31T04:25:27Z</time>
</trkpt>
<trkpt lat="53.177536028" lon="47.864208212">
  <ele>122.296997</ele>
  <time>2010-07-31T04:25:28Z</time>
</trkpt>
<trkpt lat="53.177597048" lon="47.864566790">
  <ele>122.167999</ele>
  <time>2010-07-31T04:25:29Z</time>
</trkpt>
<trkpt lat="53.177654296" lon="47.864921596">
  <ele>121.941002</ele>
  <time>2010-07-31T04:25:30Z</time>
</trkpt>
<trkpt lat="53.177711461" lon="47.865276318">
  <ele>121.904999</ele>
  <time>2010-07-31T04:25:31Z</time>
</trkpt>
<trkpt lat="53.177764853" lon="47.865638752">
  <ele>121.830002</ele>
  <time>2010-07-31T04:25:32Z</time>
</trkpt>
<trkpt lat="53.177818330" lon="47.866001101">
  <ele>121.670998</ele>
  <time>2010-07-31T04:25:33Z</time>
</trkpt>
<trkpt lat="53.177871723" lon="47.866363535">
  <ele>121.642998</ele>
  <time>2010-07-31T04:25:34Z</time>
</trkpt>
<trkpt lat="53.177921260" lon="47.866733512">
  <ele>121.602997</ele>
  <time>2010-07-31T04:25:35Z</time>
</trkpt>
<trkpt lat="53.177970881" lon="47.867099801">
  <ele>121.554001</ele>
  <time>2010-07-31T04:25:36Z</time>
</trkpt>
<trkpt lat="53.178020502" lon="47.867466006">
  <ele>121.345001</ele>
  <time>2010-07-31T04:25:37Z</time>
</trkpt>
<trkpt lat="53.178070039" lon="47.867832212">
  <ele>121.100998</ele>
  <time>2010-07-31T04:25:38Z</time>
</trkpt>
<trkpt lat="53.178112032" lon="47.868198417">
  <ele>120.955002</ele>
  <time>2010-07-31T04:25:39Z</time>
</trkpt>
<trkpt lat="53.178157797" lon="47.868572250">
  <ele>120.728996</ele>
  <time>2010-07-31T04:25:40Z</time>
</trkpt>
<trkpt lat="53.178199790" lon="47.868938455">
  <ele>120.507004</ele>
  <time>2010-07-31T04:25:41Z</time>
</trkpt>
<trkpt lat="53.178241700" lon="47.869304661">
  <ele>120.307999</ele>
  <time>2010-07-31T04:25:42Z</time>
</trkpt>
<trkpt lat="53.178279838" lon="47.869663239">
  <ele>120.001999</ele>
  <time>2010-07-31T04:25:43Z</time>
</trkpt>
<trkpt lat="53.178314203" lon="47.870021816">
  <ele>119.706001</ele>
  <time>2010-07-31T04:25:44Z</time>
</trkpt>
<trkpt lat="53.178348569" lon="47.870376622">
  <ele>119.378998</ele>
  <time>2010-07-31T04:25:45Z</time>
</trkpt>
<trkpt lat="53.178386707" lon="47.870735200">
  <ele>119.268997</ele>
  <time>2010-07-31T04:25:46Z</time>
</trkpt>
<trkpt lat="53.178417217" lon="47.871093778">
  <ele>118.967003</ele>
  <time>2010-07-31T04:25:47Z</time>
</trkpt>
<trkpt lat="53.178451499" lon="47.871459983">
  <ele>118.653000</ele>
  <time>2010-07-31T04:25:48Z</time>
</trkpt>
<trkpt lat="53.178482093" lon="47.871826189">
  <ele>118.331001</ele>
  <time>2010-07-31T04:25:49Z</time>
</trkpt>
<trkpt lat="53.178512603" lon="47.872196166">
  <ele>117.917000</ele>
  <time>2010-07-31T04:25:50Z</time>
</trkpt>
<trkpt lat="53.178543113" lon="47.872562371">
  <ele>117.624001</ele>
  <time>2010-07-31T04:25:51Z</time>
</trkpt>
<trkpt lat="53.178569768" lon="47.872932432">
  <ele>117.306999</ele>
  <time>2010-07-31T04:25:52Z</time>
</trkpt>
<trkpt lat="53.178596506" lon="47.873306265">
  <ele>117.123001</ele>
  <time>2010-07-31T04:25:53Z</time>
</trkpt>
<trkpt lat="53.178623160" lon="47.873680098">
  <ele>116.875999</ele>
  <time>2010-07-31T04:25:54Z</time>
</trkpt>
<trkpt lat="53.178649899" lon="47.874050159">
  <ele>116.522003</ele>
  <time>2010-07-31T04:25:55Z</time>
</trkpt>
<trkpt lat="53.178672781" lon="47.874427764">
  <ele>116.338997</ele>
  <time>2010-07-31T04:25:56Z</time>
</trkpt>
<trkpt lat="53.178695664" lon="47.874809224">
  <ele>116.003998</ele>
  <time>2010-07-31T04:25:57Z</time>
</trkpt>
<trkpt lat="53.178714775" lon="47.875198396">
  <ele>115.842003</ele>
  <time>2010-07-31T04:25:58Z</time>
</trkpt>
<trkpt lat="53.178730030" lon="47.875587484">
  <ele>115.498001</ele>
  <time>2010-07-31T04:25:59Z</time>
</trkpt>
<trkpt lat="53.178749057" lon="47.875972716">
  <ele>115.334999</ele>
  <time>2010-07-31T04:26:00Z</time>
</trkpt>
<trkpt lat="53.178764312" lon="47.876358032">
  <ele>114.914001</ele>
  <time>2010-07-31T04:26:01Z</time>
</trkpt>
<trkpt lat="53.178779567" lon="47.876743348">
  <ele>114.651001</ele>
  <time>2010-07-31T04:26:02Z</time>
</trkpt>
<trkpt lat="53.178794822" lon="47.877128581">
  <ele>114.233002</ele>
  <time>2010-07-31T04:26:03Z</time>
</trkpt>
<trkpt lat="53.178802449" lon="47.877517669">
  <ele>113.867996</ele>
  <time>2010-07-31T04:26:04Z</time>
</trkpt>
<trkpt lat="53.178813932" lon="47.877902985">
  <ele>113.633003</ele>
  <time>2010-07-31T04:26:05Z</time>
</trkpt>
<trkpt lat="53.178825416" lon="47.878280673">
  <ele>113.391998</ele>
  <time>2010-07-31T04:26:06Z</time>
</trkpt>
<trkpt lat="53.178836815" lon="47.878658278">
  <ele>113.101997</ele>
  <time>2010-07-31T04:26:07Z</time>
</trkpt>
<trkpt lat="53.178848298" lon="47.879028339">
  <ele>112.935997</ele>
  <time>2010-07-31T04:26:08Z</time>
</trkpt>
<trkpt lat="53.178863553" lon="47.879398316">
  <ele>112.679001</ele>
  <time>2010-07-31T04:26:09Z</time>
</trkpt>
<trkpt lat="53.178874953" lon="47.879768377">
  <ele>112.405998</ele>
  <time>2010-07-31T04:26:10Z</time>
</trkpt>
<trkpt lat="53.178890208" lon="47.880134583">
  <ele>112.042000</ele>
  <time>2010-07-31T04:26:11Z</time>
</trkpt>
<trkpt lat="53.178897835" lon="47.880504644">
  <ele>111.688004</ele>
  <time>2010-07-31T04:26:12Z</time>
</trkpt>
<trkpt lat="53.178909319" lon="47.880866993">
  <ele>111.297997</ele>
  <time>2010-07-31T04:26:13Z</time>
</trkpt>
<trkpt lat="53.178920718" lon="47.881225571">
  <ele>111.033997</ele>
  <time>2010-07-31T04:26:14Z</time>
</trkpt>
<trkpt lat="53.178932201" lon="47.881580377">
  <ele>110.713997</ele>
  <time>2010-07-31T04:26:15Z</time>
</trkpt>
<trkpt lat="53.178947456" lon="47.881935099">
  <ele>110.435997</ele>
  <time>2010-07-31T04:26:16Z</time>
</trkpt>
<trkpt lat="53.178958856" lon="47.882278422">
  <ele>110.033997</ele>
  <time>2010-07-31T04:26:17Z</time>
</trkpt>
<trkpt lat="53.178974111" lon="47.882629372">
  <ele>109.850998</ele>
  <time>2010-07-31T04:26:18Z</time>
</trkpt>
<trkpt lat="53.178989450" lon="47.882980322">
  <ele>109.498001</ele>
  <time>2010-07-31T04:26:19Z</time>
</trkpt>
<trkpt lat="53.179000849" lon="47.883338900">
  <ele>109.311996</ele>
  <time>2010-07-31T04:26:20Z</time>
</trkpt>
<trkpt lat="53.179016104" lon="47.883697478">
  <ele>108.987000</ele>
  <time>2010-07-31T04:26:21Z</time>
</trkpt>
<trkpt lat="53.179031359" lon="47.884052284">
  <ele>108.807999</ele>
  <time>2010-07-31T04:26:22Z</time>
</trkpt>
<trkpt lat="53.179046614" lon="47.884403234">
  <ele>108.670998</ele>
  <time>2010-07-31T04:26:23Z</time>
</trkpt>
<trkpt lat="53.179061869" lon="47.884754185">
  <ele>108.278999</ele>
  <time>2010-07-31T04:26:24Z</time>
</trkpt>
<trkpt lat="53.179073352" lon="47.885105135">
  <ele>108.028000</ele>
  <time>2010-07-31T04:26:25Z</time>
</trkpt>
<trkpt lat="53.179084752" lon="47.885456085">
  <ele>107.877998</ele>
  <time>2010-07-31T04:26:26Z</time>
</trkpt>
<trkpt lat="53.179100007" lon="47.885799408">
  <ele>107.650002</ele>
  <time>2010-07-31T04:26:27Z</time>
</trkpt>
<trkpt lat="53.179111490" lon="47.886135103">
  <ele>107.492996</ele>
  <time>2010-07-31T04:26:28Z</time>
</trkpt>
<trkpt lat="53.179119118" lon="47.886470798">
  <ele>107.383003</ele>
  <time>2010-07-31T04:26:29Z</time>
</trkpt>
<trkpt lat="53.179130517" lon="47.886806494">
  <ele>107.108002</ele>
  <time>2010-07-31T04:26:30Z</time>
</trkpt>
<trkpt lat="53.179142000" lon="47.887138333">
  <ele>107.041000</ele>
  <time>2010-07-31T04:26:31Z</time>
</trkpt>
<trkpt lat="53.179157255" lon="47.887477884">
  <ele>106.888000</ele>
  <time>2010-07-31T04:26:32Z</time>
</trkpt>
<trkpt lat="53.179172510" lon="47.887817351">
  <ele>106.652000</ele>
  <time>2010-07-31T04:26:33Z</time>
</trkpt>
<trkpt lat="53.179183993" lon="47.888160674">
  <ele>106.438004</ele>
  <time>2010-07-31T04:26:34Z</time>
</trkpt>
<trkpt lat="53.179195393" lon="47.888500225">
  <ele>106.161003</ele>
  <time>2010-07-31T04:26:35Z</time>
</trkpt>
<trkpt lat="53.179206876" lon="47.888832064">
  <ele>105.679001</ele>
  <time>2010-07-31T04:26:36Z</time>
</trkpt>
<trkpt lat="53.179218275" lon="47.889163988">
  <ele>105.219002</ele>
  <time>2010-07-31T04:26:37Z</time>
</trkpt>
<trkpt lat="53.179229759" lon="47.889492055">
  <ele>105.014000</ele>
  <time>2010-07-31T04:26:38Z</time>
</trkpt>
<trkpt lat="53.179241158" lon="47.889808640">
  <ele>104.876999</ele>
  <time>2010-07-31T04:26:39Z</time>
</trkpt>
<trkpt lat="53.179252641" lon="47.890121453">
  <ele>104.625999</ele>
  <time>2010-07-31T04:26:40Z</time>
</trkpt>
<trkpt lat="53.179264041" lon="47.890434265">
  <ele>104.364998</ele>
  <time>2010-07-31T04:26:41Z</time>
</trkpt>
<trkpt lat="53.179271668" lon="47.890743222">
  <ele>104.101997</ele>
  <time>2010-07-31T04:26:42Z</time>
</trkpt>
<trkpt lat="53.179283151" lon="47.891048407">
  <ele>103.751999</ele>
  <time>2010-07-31T04:26:43Z</time>
</trkpt>
<trkpt lat="53.179298406" lon="47.891349820">
  <ele>103.280998</ele>
  <time>2010-07-31T04:26:44Z</time>
</trkpt>
<trkpt lat="53.179306034" lon="47.891647378">
  <ele>102.913002</ele>
  <time>2010-07-31T04:26:45Z</time>
</trkpt>
<trkpt lat="53.179317433" lon="47.891944852">
  <ele>102.431000</ele>
  <time>2010-07-31T04:26:46Z</time>
</trkpt>
<trkpt lat="53.179328917" lon="47.892242409">
  <ele>101.836998</ele>
  <time>2010-07-31T04:26:47Z</time>
</trkpt>
<trkpt lat="53.179340400" lon="47.892536195">
  <ele>101.302002</ele>
  <time>2010-07-31T04:26:48Z</time>
</trkpt>
<trkpt lat="53.179351799" lon="47.892833669">
  <ele>100.528999</ele>
  <time>2010-07-31T04:26:49Z</time>
</trkpt>
<trkpt lat="53.179363282" lon="47.893135082">
  <ele>99.953003</ele>
  <time>2010-07-31T04:26:50Z</time>
</trkpt>
<trkpt lat="53.179374682" lon="47.893436411">
  <ele>99.372002</ele>
  <time>2010-07-31T04:26:51Z</time>
</trkpt>
<trkpt lat="53.179386165" lon="47.893737825">
  <ele>98.820999</ele>
  <time>2010-07-31T04:26:52Z</time>
</trkpt>
<trkpt lat="53.179393793" lon="47.894050637">
  <ele>98.044998</ele>
  <time>2010-07-31T04:26:53Z</time>
</trkpt>
<trkpt lat="53.179405192" lon="47.894367222">
  <ele>97.430000</ele>
  <time>2010-07-31T04:26:54Z</time>
</trkpt>
<trkpt lat="53.179416675" lon="47.894683806">
  <ele>96.634003</ele>
  <time>2010-07-31T04:26:55Z</time>
</trkpt>
<trkpt lat="53.179428075" lon="47.895000475">
  <ele>95.959000</ele>
  <time>2010-07-31T04:26:56Z</time>
</trkpt>
<trkpt lat="53.179439558" lon="47.895317059">
  <ele>95.223999</ele>
  <time>2010-07-31T04:26:57Z</time>
</trkpt>
<trkpt lat="53.179450957" lon="47.895633727">
  <ele>94.612000</ele>
  <time>2010-07-31T04:26:58Z</time>
</trkpt>
<trkpt lat="53.179462440" lon="47.895946540">
  <ele>93.867996</ele>
  <time>2010-07-31T04:26:59Z</time>
</trkpt>
<trkpt lat="53.179473840" lon="47.896255497">
  <ele>93.221001</ele>
  <time>2010-07-31T04:27:00Z</time>
</trkpt>
<trkpt lat="53.179485323" lon="47.896572081">
  <ele>92.473999</ele>
  <time>2010-07-31T04:27:01Z</time>
</trkpt>
<trkpt lat="53.179496806" lon="47.896884894">
  <ele>91.697998</ele>
  <time>2010-07-31T04:27:02Z</time>
</trkpt>
<trkpt lat="53.179508206" lon="47.897201562">
  <ele>90.869003</ele>
  <time>2010-07-31T04:27:03Z</time>
</trkpt>
<trkpt lat="53.179515833" lon="47.897514375">
  <ele>89.986000</ele>
  <time>2010-07-31T04:27:04Z</time>
</trkpt>
<trkpt lat="53.179527316" lon="47.897827188">
  <ele>89.158997</ele>
  <time>2010-07-31T04:27:05Z</time>
</trkpt>
<trkpt lat="53.179534944" lon="47.898143772">
  <ele>88.188004</ele>
  <time>2010-07-31T04:27:06Z</time>
</trkpt>
<trkpt lat="53.179546343" lon="47.898456585">
  <ele>87.396004</ele>
  <time>2010-07-31T04:27:07Z</time>
</trkpt>
<trkpt lat="53.179557826" lon="47.898765542">
  <ele>86.427002</ele>
  <time>2010-07-31T04:27:08Z</time>
</trkpt>
<trkpt lat="53.179569226" lon="47.899066955">
  <ele>85.496002</ele>
  <time>2010-07-31T04:27:09Z</time>
</trkpt>
<trkpt lat="53.179580709" lon="47.899368284">
  <ele>84.629997</ele>
  <time>2010-07-31T04:27:10Z</time>
</trkpt>
<trkpt lat="53.179588336" lon="47.899669614">
  <ele>84.009003</ele>
  <time>2010-07-31T04:27:11Z</time>
</trkpt>
<trkpt lat="53.179603592" lon="47.899974799">
  <ele>83.275002</ele>
  <time>2010-07-31T04:27:12Z</time>
</trkpt>
<trkpt lat="53.179614991" lon="47.900279984">
  <ele>82.374001</ele>
  <time>2010-07-31T04:27:13Z</time>
</trkpt>
<trkpt lat="53.179622618" lon="47.900589025">
  <ele>81.490997</ele>
  <time>2010-07-31T04:27:14Z</time>
</trkpt>
<trkpt lat="53.179634102" lon="47.900897982">
  <ele>80.632004</ele>
  <time>2010-07-31T04:27:15Z</time>
</trkpt>
<trkpt lat="53.179641729" lon="47.901199311">
  <ele>79.820000</ele>
  <time>2010-07-31T04:27:16Z</time>
</trkpt>
<trkpt lat="53.179653129" lon="47.901496869">
  <ele>79.136002</ele>
  <time>2010-07-31T04:27:17Z</time>
</trkpt>
<trkpt lat="53.179664612" lon="47.901779171">
  <ele>78.289001</ele>
  <time>2010-07-31T04:27:18Z</time>
</trkpt>
<trkpt lat="53.179676095" lon="47.902053846">
  <ele>77.446999</ele>
  <time>2010-07-31T04:27:19Z</time>
</trkpt>
<trkpt lat="53.179687494" lon="47.902324665">
  <ele>76.774002</ele>
  <time>2010-07-31T04:27:20Z</time>
</trkpt>
<trkpt lat="53.179698978" lon="47.902599340">
  <ele>76.212997</ele>
  <time>2010-07-31T04:27:21Z</time>
</trkpt>
<trkpt lat="53.179706605" lon="47.902870160">
  <ele>75.547997</ele>
  <time>2010-07-31T04:27:22Z</time>
</trkpt>
<trkpt lat="53.179714233" lon="47.903144835">
  <ele>74.911003</ele>
  <time>2010-07-31T04:27:23Z</time>
</trkpt>
<trkpt lat="53.179721860" lon="47.903423281">
  <ele>74.254997</ele>
  <time>2010-07-31T04:27:24Z</time>
</trkpt>
<trkpt lat="53.179729488" lon="47.903701812">
  <ele>73.492996</ele>
  <time>2010-07-31T04:27:25Z</time>
</trkpt>
<trkpt lat="53.179740887" lon="47.903984031">
  <ele>72.864998</ele>
  <time>2010-07-31T04:27:26Z</time>
</trkpt>
<trkpt lat="53.179752370" lon="47.904258706">
  <ele>72.297997</ele>
  <time>2010-07-31T04:27:27Z</time>
</trkpt>
<trkpt lat="53.179767625" lon="47.904537236">
  <ele>71.911003</ele>
  <time>2010-07-31T04:27:28Z</time>
</trkpt>
<trkpt lat="53.179782880" lon="47.904804200">
  <ele>71.459999</ele>
  <time>2010-07-31T04:27:29Z</time>
</trkpt>
<trkpt lat="53.179798136" lon="47.905059848">
  <ele>70.992996</ele>
  <time>2010-07-31T04:27:30Z</time>
</trkpt>
<trkpt lat="53.179813391" lon="47.905296301">
  <ele>70.570000</ele>
  <time>2010-07-31T04:27:31Z</time>
</trkpt>
<trkpt lat="53.179824790" lon="47.905513728">
  <ele>70.347000</ele>
  <time>2010-07-31T04:27:32Z</time>
</trkpt>
<trkpt lat="53.179840129" lon="47.905715983">
  <ele>70.198997</ele>
  <time>2010-07-31T04:27:33Z</time>
</trkpt>
<trkpt lat="53.179851528" lon="47.905910527">
  <ele>70.271004</ele>
  <time>2010-07-31T04:27:34Z</time>
</trkpt>
<trkpt lat="53.179866783" lon="47.906108843">
  <ele>70.294998</ele>
  <time>2010-07-31T04:27:35Z</time>
</trkpt>
<trkpt lat="53.179878267" lon="47.906311015">
  <ele>70.322998</ele>
  <time>2010-07-31T04:27:36Z</time>
</trkpt>
<trkpt lat="53.179893522" lon="47.906517042">
  <ele>70.310997</ele>
  <time>2010-07-31T04:27:37Z</time>
</trkpt>
<trkpt lat="53.179908777" lon="47.906722985">
  <ele>70.153000</ele>
  <time>2010-07-31T04:27:38Z</time>
</trkpt>
<trkpt lat="53.179927804" lon="47.906936640">
  <ele>70.088997</ele>
  <time>2010-07-31T04:27:39Z</time>
</trkpt>
<trkpt lat="53.179946914" lon="47.907150295">
  <ele>69.996002</ele>
  <time>2010-07-31T04:27:40Z</time>
</trkpt>
<trkpt lat="53.179962169" lon="47.907363866">
  <ele>69.983002</ele>
  <time>2010-07-31T04:27:41Z</time>
</trkpt>
<trkpt lat="53.179981196" lon="47.907577520">
  <ele>69.841003</ele>
  <time>2010-07-31T04:27:42Z</time>
</trkpt>
<trkpt lat="53.180000307" lon="47.907794947">
  <ele>69.459999</ele>
  <time>2010-07-31T04:27:43Z</time>
</trkpt>
<trkpt lat="53.180023190" lon="47.908012373">
  <ele>69.216003</ele>
  <time>2010-07-31T04:27:44Z</time>
</trkpt>
<trkpt lat="53.180042300" lon="47.908229800">
  <ele>69.222000</ele>
  <time>2010-07-31T04:27:45Z</time>
</trkpt>
<trkpt lat="53.180065183" lon="47.908451082">
  <ele>69.169998</ele>
  <time>2010-07-31T04:27:46Z</time>
</trkpt>
<trkpt lat="53.180091837" lon="47.908668509">
  <ele>68.921997</ele>
  <time>2010-07-31T04:27:47Z</time>
</trkpt>
<trkpt lat="53.180114720" lon="47.908885935">
  <ele>68.966003</ele>
  <time>2010-07-31T04:27:48Z</time>
</trkpt>
<trkpt lat="53.180141458" lon="47.909099590">
  <ele>69.056999</ele>
  <time>2010-07-31T04:27:49Z</time>
</trkpt>
<trkpt lat="53.180168113" lon="47.909317017">
  <ele>68.991997</ele>
  <time>2010-07-31T04:27:50Z</time>
</trkpt>
<trkpt lat="53.180194851" lon="47.909538299">
  <ele>68.824997</ele>
  <time>2010-07-31T04:27:51Z</time>
</trkpt>
<trkpt lat="53.180221589" lon="47.909751870">
  <ele>68.704002</ele>
  <time>2010-07-31T04:27:52Z</time>
</trkpt>
<trkpt lat="53.180248244" lon="47.909961669">
  <ele>68.647003</ele>
  <time>2010-07-31T04:27:53Z</time>
</trkpt>
<trkpt lat="53.180278754" lon="47.910171468">
  <ele>68.533997</ele>
  <time>2010-07-31T04:27:54Z</time>
</trkpt>
<trkpt lat="53.180309264" lon="47.910388978">
  <ele>68.350998</ele>
  <time>2010-07-31T04:27:55Z</time>
</trkpt>
<trkpt lat="53.180339774" lon="47.910610177">
  <ele>68.402000</ele>
  <time>2010-07-31T04:27:56Z</time>
</trkpt>
<trkpt lat="53.180370368" lon="47.910839086">
  <ele>68.365997</ele>
  <time>2010-07-31T04:27:57Z</time>
</trkpt>
<trkpt lat="53.180404650" lon="47.911071768">
  <ele>68.310997</ele>
  <time>2010-07-31T04:27:58Z</time>
</trkpt>
<trkpt lat="53.180439016" lon="47.911312077">
  <ele>68.152000</ele>
  <time>2010-07-31T04:27:59Z</time>
</trkpt>
<trkpt lat="53.180477154" lon="47.911556242">
  <ele>68.063004</ele>
  <time>2010-07-31T04:28:00Z</time>
</trkpt>
<trkpt lat="53.180515291" lon="47.911811806">
  <ele>67.985001</ele>
  <time>2010-07-31T04:28:01Z</time>
</trkpt>
<trkpt lat="53.180553429" lon="47.912071226">
  <ele>67.957001</ele>
  <time>2010-07-31T04:28:02Z</time>
</trkpt>
<trkpt lat="53.180603050" lon="47.912338274">
  <ele>67.841003</ele>
  <time>2010-07-31T04:28:03Z</time>
</trkpt>
<trkpt lat="53.180652587" lon="47.912616720">
  <ele>67.690002</ele>
  <time>2010-07-31T04:28:04Z</time>
</trkpt>
<trkpt lat="53.180706063" lon="47.912906650">
  <ele>67.507004</ele>
  <time>2010-07-31T04:28:05Z</time>
</trkpt>
<trkpt lat="53.180763228" lon="47.913204208">
  <ele>67.274002</ele>
  <time>2010-07-31T04:28:06Z</time>
</trkpt>
<trkpt lat="53.180824248" lon="47.913513165">
  <ele>67.014000</ele>
  <time>2010-07-31T04:28:07Z</time>
</trkpt>
<trkpt lat="53.180885352" lon="47.913841233">
  <ele>67.041000</ele>
  <time>2010-07-31T04:28:08Z</time>
</trkpt>
<trkpt lat="53.180950144" lon="47.914176928">
  <ele>66.847000</ele>
  <time>2010-07-31T04:28:09Z</time>
</trkpt>
<trkpt lat="53.181007393" lon="47.914531734">
  <ele>66.775002</ele>
  <time>2010-07-31T04:28:10Z</time>
</trkpt>
<trkpt lat="53.181068413" lon="47.914894084">
  <ele>66.737999</ele>
  <time>2010-07-31T04:28:11Z</time>
</trkpt>
<trkpt lat="53.181133289" lon="47.915271772">
  <ele>66.805000</ele>
  <time>2010-07-31T04:28:12Z</time>
</trkpt>
<trkpt lat="53.181201937" lon="47.915660860">
  <ele>66.902000</ele>
  <time>2010-07-31T04:28:13Z</time>
</trkpt>
<trkpt lat="53.181274440" lon="47.916061431">
  <ele>66.912003</ele>
  <time>2010-07-31T04:28:14Z</time>
</trkpt>
<trkpt lat="53.181346860" lon="47.916461919">
  <ele>66.987000</ele>
  <time>2010-07-31T04:28:15Z</time>
</trkpt>
<trkpt lat="53.181419363" lon="47.916873973">
  <ele>66.921997</ele>
  <time>2010-07-31T04:28:16Z</time>
</trkpt>
<trkpt lat="53.181491867" lon="47.917285943">
  <ele>66.939003</ele>
  <time>2010-07-31T04:28:17Z</time>
</trkpt>
<trkpt lat="53.181564370" lon="47.917690286">
  <ele>66.795998</ele>
  <time>2010-07-31T04:28:18Z</time>
</trkpt>
<trkpt lat="53.181633018" lon="47.918094629">
  <ele>66.973000</ele>
  <time>2010-07-31T04:28:19Z</time>
</trkpt>
<trkpt lat="53.181694038" lon="47.918483717">
  <ele>67.027000</ele>
  <time>2010-07-31T04:28:20Z</time>
</trkpt>
<trkpt lat="53.181747431" lon="47.918849923">
  <ele>66.988998</ele>
  <time>2010-07-31T04:28:21Z</time>
</trkpt>
<trkpt lat="53.181797052" lon="47.919181846">
  <ele>66.797997</ele>
  <time>2010-07-31T04:28:22Z</time>
</trkpt>
<trkpt lat="53.181842817" lon="47.919487031">
  <ele>66.806000</ele>
  <time>2010-07-31T04:28:23Z</time>
</trkpt>
<trkpt lat="53.181888582" lon="47.919776877">
  <ele>66.626999</ele>
  <time>2010-07-31T04:28:24Z</time>
</trkpt>
<trkpt lat="53.181934347" lon="47.920043925">
  <ele>66.679001</ele>
  <time>2010-07-31T04:28:25Z</time>
</trkpt>
<trkpt lat="53.181976341" lon="47.920284234">
  <ele>66.792999</ele>
  <time>2010-07-31T04:28:26Z</time>
</trkpt>
<trkpt lat="53.182014478" lon="47.920497889">
  <ele>66.925003</ele>
  <time>2010-07-31T04:28:27Z</time>
</trkpt>
<trkpt lat="53.182048760" lon="47.920692433">
  <ele>66.924004</ele>
  <time>2010-07-31T04:28:28Z</time>
</trkpt>
<trkpt lat="53.182083126" lon="47.920883205">
  <ele>66.727997</ele>
  <time>2010-07-31T04:28:29Z</time>
</trkpt>
<trkpt lat="53.182113636" lon="47.921070121">
  <ele>66.753998</ele>
  <time>2010-07-31T04:28:30Z</time>
</trkpt>
<trkpt lat="53.182148002" lon="47.921249410">
  <ele>66.761002</ele>
  <time>2010-07-31T04:28:31Z</time>
</trkpt>
<trkpt lat="53.182178512" lon="47.921428699">
  <ele>66.776001</ele>
  <time>2010-07-31T04:28:32Z</time>
</trkpt>
<trkpt lat="53.182205167" lon="47.921604132">
  <ele>66.594002</ele>
  <time>2010-07-31T04:28:33Z</time>
</trkpt>
<trkpt lat="53.182235677" lon="47.921775794">
  <ele>66.420998</ele>
  <time>2010-07-31T04:28:34Z</time>
</trkpt>
<trkpt lat="53.182262415" lon="47.921939828">
  <ele>66.348000</ele>
  <time>2010-07-31T04:28:35Z</time>
</trkpt>
<trkpt lat="53.182289153" lon="47.922092462">
  <ele>66.125999</ele>
  <time>2010-07-31T04:28:36Z</time>
</trkpt>
<trkpt lat="53.182315808" lon="47.922237385">
  <ele>66.042999</ele>
  <time>2010-07-31T04:28:37Z</time>
</trkpt>
<trkpt lat="53.182342546" lon="47.922378536">
  <ele>65.920998</ele>
  <time>2010-07-31T04:28:38Z</time>
</trkpt>
<trkpt lat="53.182369201" lon="47.922523459">
  <ele>65.939003</ele>
  <time>2010-07-31T04:28:39Z</time>
</trkpt>
<trkpt lat="53.182392083" lon="47.922660839">
  <ele>65.839996</ele>
  <time>2010-07-31T04:28:40Z</time>
</trkpt>
<trkpt lat="53.182415050" lon="47.922801990">
  <ele>65.817001</ele>
  <time>2010-07-31T04:28:41Z</time>
</trkpt>
<trkpt lat="53.182437932" lon="47.922950769">
  <ele>65.929001</ele>
  <time>2010-07-31T04:28:42Z</time>
</trkpt>
<trkpt lat="53.182464587" lon="47.923099548">
  <ele>66.014999</ele>
  <time>2010-07-31T04:28:43Z</time>
</trkpt>
<trkpt lat="53.182491325" lon="47.923248326">
  <ele>65.918999</ele>
  <time>2010-07-31T04:28:44Z</time>
</trkpt>
<trkpt lat="53.182514207" lon="47.923400877">
  <ele>65.905998</ele>
  <time>2010-07-31T04:28:45Z</time>
</trkpt>
<trkpt lat="53.182544718" lon="47.923561055">
  <ele>65.778000</ele>
  <time>2010-07-31T04:28:46Z</time>
</trkpt>
<trkpt lat="53.182575228" lon="47.923725089">
  <ele>65.692001</ele>
  <time>2010-07-31T04:28:47Z</time>
</trkpt>
<trkpt lat="53.182605738" lon="47.923904378">
  <ele>65.539001</ele>
  <time>2010-07-31T04:28:48Z</time>
</trkpt>
<trkpt lat="53.182640104" lon="47.924087523">
  <ele>65.477997</ele>
  <time>2010-07-31T04:28:49Z</time>
</trkpt>
<trkpt lat="53.182674386" lon="47.924278295">
  <ele>65.553001</ele>
  <time>2010-07-31T04:28:50Z</time>
</trkpt>
<trkpt lat="53.182712523" lon="47.924480466">
  <ele>65.654999</ele>
  <time>2010-07-31T04:28:51Z</time>
</trkpt>
<trkpt lat="53.182746889" lon="47.924690265">
  <ele>65.779999</ele>
  <time>2010-07-31T04:28:52Z</time>
</trkpt>
<trkpt lat="53.182785027" lon="47.924900064">
  <ele>65.838997</ele>
  <time>2010-07-31T04:28:53Z</time>
</trkpt>
<trkpt lat="53.182823164" lon="47.925109863">
  <ele>66.002998</ele>
  <time>2010-07-31T04:28:54Z</time>
</trkpt>
<trkpt lat="53.182861302" lon="47.925331146">
  <ele>66.207001</ele>
  <time>2010-07-31T04:28:55Z</time>
</trkpt>
<trkpt lat="53.182899440" lon="47.925556200">
  <ele>66.439003</ele>
  <time>2010-07-31T04:28:56Z</time>
</trkpt>
<trkpt lat="53.182937661" lon="47.925777398">
  <ele>66.737000</ele>
  <time>2010-07-31T04:28:57Z</time>
</trkpt>
<trkpt lat="53.182971943" lon="47.925991053">
  <ele>67.015999</ele>
  <time>2010-07-31T04:28:58Z</time>
</trkpt>
<trkpt lat="53.183010081" lon="47.926200852">
  <ele>67.181000</ele>
  <time>2010-07-31T04:28:59Z</time>
</trkpt>
<trkpt lat="53.183044447" lon="47.926406879">
  <ele>67.544998</ele>
  <time>2010-07-31T04:29:00Z</time>
</trkpt>
<trkpt lat="53.183078729" lon="47.926609050">
  <ele>67.889000</ele>
  <time>2010-07-31T04:29:01Z</time>
</trkpt>
<trkpt lat="53.183116950" lon="47.926803594">
  <ele>68.223999</ele>
  <time>2010-07-31T04:29:02Z</time>
</trkpt>
<trkpt lat="53.183151232" lon="47.926994283">
  <ele>68.666000</ele>
  <time>2010-07-31T04:29:03Z</time>
</trkpt>
<trkpt lat="53.183185598" lon="47.927177427">
  <ele>69.070999</ele>
  <time>2010-07-31T04:29:04Z</time>
</trkpt>
<trkpt lat="53.183223736" lon="47.927356716">
  <ele>69.447998</ele>
  <time>2010-07-31T04:29:05Z</time>
</trkpt>
<trkpt lat="53.183261873" lon="47.927536005">
  <ele>69.566002</ele>
  <time>2010-07-31T04:29:06Z</time>
</trkpt>
<trkpt lat="53.183300011" lon="47.927711522">
  <ele>69.899002</ele>
  <time>2010-07-31T04:29:07Z</time>
</trkpt>
<trkpt lat="53.183342004" lon="47.927883184">
  <ele>70.511002</ele>
  <time>2010-07-31T04:29:08Z</time>
</trkpt>
<trkpt lat="53.183383914" lon="47.928058617">
  <ele>70.896004</ele>
  <time>2010-07-31T04:29:09Z</time>
</trkpt>
<trkpt lat="53.183429679" lon="47.928237906">
  <ele>71.248001</ele>
  <time>2010-07-31T04:29:10Z</time>
</trkpt>
<trkpt lat="53.183471672" lon="47.928417195">
  <ele>71.641998</ele>
  <time>2010-07-31T04:29:11Z</time>
</trkpt>
<trkpt lat="53.183517437" lon="47.928604111">
  <ele>72.125000</ele>
  <time>2010-07-31T04:29:12Z</time>
</trkpt>
<trkpt lat="53.183563203" lon="47.928794883">
  <ele>72.823997</ele>
  <time>2010-07-31T04:29:13Z</time>
</trkpt>
<trkpt lat="53.183612823" lon="47.928993199">
  <ele>73.268997</ele>
  <time>2010-07-31T04:29:14Z</time>
</trkpt>
<trkpt lat="53.183662444" lon="47.929180115">
  <ele>73.556999</ele>
  <time>2010-07-31T04:29:15Z</time>
</trkpt>
<trkpt lat="53.183711981" lon="47.929363260">
  <ele>74.231003</ele>
  <time>2010-07-31T04:29:16Z</time>
</trkpt>
<trkpt lat="53.183761602" lon="47.929553948">
  <ele>74.765999</ele>
  <time>2010-07-31T04:29:17Z</time>
</trkpt>
<trkpt lat="53.183818851" lon="47.929748576">
  <ele>75.443001</ele>
  <time>2010-07-31T04:29:18Z</time>
</trkpt>
<trkpt lat="53.183872243" lon="47.929931637">
  <ele>75.903000</ele>
  <time>2010-07-31T04:29:19Z</time>
</trkpt>
<trkpt lat="53.183929408" lon="47.930114781">
  <ele>76.362000</ele>
  <time>2010-07-31T04:29:20Z</time>
</trkpt>
<trkpt lat="53.183990512" lon="47.930294070">
  <ele>76.885002</ele>
  <time>2010-07-31T04:29:21Z</time>
</trkpt>
<trkpt lat="53.184047677" lon="47.930477131">
  <ele>77.469002</ele>
  <time>2010-07-31T04:29:22Z</time>
</trkpt>
<trkpt lat="53.184101069" lon="47.930660276">
  <ele>78.044998</ele>
  <time>2010-07-31T04:29:23Z</time>
</trkpt>
<trkpt lat="53.184158318" lon="47.930843337">
  <ele>78.859001</ele>
  <time>2010-07-31T04:29:24Z</time>
</trkpt>
<trkpt lat="53.184215566" lon="47.931030253">
  <ele>79.523003</ele>
  <time>2010-07-31T04:29:25Z</time>
</trkpt>
<trkpt lat="53.184280358" lon="47.931213398">
  <ele>79.938004</ele>
  <time>2010-07-31T04:29:26Z</time>
</trkpt>
<trkpt lat="53.184349090" lon="47.931400314">
  <ele>80.555000</ele>
  <time>2010-07-31T04:29:27Z</time>
</trkpt>
<trkpt lat="53.184421510" lon="47.931594858">
  <ele>81.206001</ele>
  <time>2010-07-31T04:29:28Z</time>
</trkpt>
<trkpt lat="53.184494013" lon="47.931785546">
  <ele>81.710999</ele>
  <time>2010-07-31T04:29:29Z</time>
</trkpt>
<trkpt lat="53.184562661" lon="47.931968691">
  <ele>82.300003</ele>
  <time>2010-07-31T04:29:30Z</time>
</trkpt>
<trkpt lat="53.184635164" lon="47.932155607">
  <ele>82.942001</ele>
  <time>2010-07-31T04:29:31Z</time>
</trkpt>
<trkpt lat="53.184711440" lon="47.932338752">
  <ele>83.589996</ele>
  <time>2010-07-31T04:29:32Z</time>
</trkpt>
<trkpt lat="53.184783943" lon="47.932521813">
  <ele>84.042999</ele>
  <time>2010-07-31T04:29:33Z</time>
</trkpt>
<trkpt lat="53.184856446" lon="47.932704957">
  <ele>84.519997</ele>
  <time>2010-07-31T04:29:34Z</time>
</trkpt>
<trkpt lat="53.184928866" lon="47.932891874">
  <ele>84.884003</ele>
  <time>2010-07-31T04:29:35Z</time>
</trkpt>
<trkpt lat="53.185005225" lon="47.933082562">
  <ele>85.452003</ele>
  <time>2010-07-31T04:29:36Z</time>
</trkpt>
<trkpt lat="53.185081501" lon="47.933261851">
  <ele>86.218002</ele>
  <time>2010-07-31T04:29:37Z</time>
</trkpt>
<trkpt lat="53.185157776" lon="47.933441140">
  <ele>86.912003</ele>
  <time>2010-07-31T04:29:38Z</time>
</trkpt>
<trkpt lat="53.185234051" lon="47.933616657">
  <ele>87.487999</ele>
  <time>2010-07-31T04:29:39Z</time>
</trkpt>
<trkpt lat="53.185306555" lon="47.933792090">
  <ele>88.128998</ele>
  <time>2010-07-31T04:29:40Z</time>
</trkpt>
<trkpt lat="53.185382830" lon="47.933959980">
  <ele>88.824997</ele>
  <time>2010-07-31T04:29:41Z</time>
</trkpt>
<trkpt lat="53.185451478" lon="47.934120158">
  <ele>89.317001</ele>
  <time>2010-07-31T04:29:42Z</time>
</trkpt>
<trkpt lat="53.185520209" lon="47.934276564">
  <ele>89.964996</ele>
  <time>2010-07-31T04:29:43Z</time>
</trkpt>
<trkpt lat="53.185588857" lon="47.934436826">
  <ele>90.358002</ele>
  <time>2010-07-31T04:29:44Z</time>
</trkpt>
<trkpt lat="53.185657505" lon="47.934597004">
  <ele>90.774002</ele>
  <time>2010-07-31T04:29:45Z</time>
</trkpt>
<trkpt lat="53.185722381" lon="47.934757266">
  <ele>91.281998</ele>
  <time>2010-07-31T04:29:46Z</time>
</trkpt>
<trkpt lat="53.185791029" lon="47.934921300">
  <ele>91.953003</ele>
  <time>2010-07-31T04:29:47Z</time>
</trkpt>
<trkpt lat="53.185859676" lon="47.935081478">
  <ele>92.754997</ele>
  <time>2010-07-31T04:29:48Z</time>
</trkpt>
<trkpt lat="53.185928324" lon="47.935245512">
  <ele>93.363998</ele>
  <time>2010-07-31T04:29:49Z</time>
</trkpt>
<trkpt lat="53.185993200" lon="47.935405690">
  <ele>93.926003</ele>
  <time>2010-07-31T04:29:50Z</time>
</trkpt>
<trkpt lat="53.186065704" lon="47.935573580">
  <ele>94.538002</ele>
  <time>2010-07-31T04:29:51Z</time>
</trkpt>
<trkpt lat="53.186138123" lon="47.935741385">
  <ele>95.098000</ele>
  <time>2010-07-31T04:29:52Z</time>
</trkpt>
<trkpt lat="53.186210627" lon="47.935916902">
  <ele>95.530998</ele>
  <time>2010-07-31T04:29:53Z</time>
</trkpt>
<trkpt lat="53.186286902" lon="47.936100047">
  <ele>96.265999</ele>
  <time>2010-07-31T04:29:54Z</time>
</trkpt>
<trkpt lat="53.186367033" lon="47.936286964">
  <ele>96.832001</ele>
  <time>2010-07-31T04:29:55Z</time>
</trkpt>
<trkpt lat="53.186447164" lon="47.936473880">
  <ele>97.379997</ele>
  <time>2010-07-31T04:29:56Z</time>
</trkpt>
<trkpt lat="53.186531067" lon="47.936668424">
  <ele>97.945999</ele>
  <time>2010-07-31T04:29:57Z</time>
</trkpt>
<trkpt lat="53.186607342" lon="47.936866740">
  <ele>98.175003</ele>
  <time>2010-07-31T04:29:58Z</time>
</trkpt>
<trkpt lat="53.186687473" lon="47.937061284">
  <ele>98.470001</ele>
  <time>2010-07-31T04:29:59Z</time>
</trkpt>
<trkpt lat="53.186771376" lon="47.937259683">
  <ele>98.875999</ele>
  <time>2010-07-31T04:30:00Z</time>
</trkpt>
<trkpt lat="53.186855279" lon="47.937461855">
  <ele>99.421997</ele>
  <time>2010-07-31T04:30:01Z</time>
</trkpt>
<trkpt lat="53.186946893" lon="47.937671654">
  <ele>99.763000</ele>
  <time>2010-07-31T04:30:02Z</time>
</trkpt>
<trkpt lat="53.187042195" lon="47.937885309">
  <ele>99.967003</ele>
  <time>2010-07-31T04:30:03Z</time>
</trkpt>
<trkpt lat="53.187129954" lon="47.938095108">
  <ele>100.204002</ele>
  <time>2010-07-31T04:30:04Z</time>
</trkpt>
<trkpt lat="53.187217712" lon="47.938293424">
  <ele>100.553001</ele>
  <time>2010-07-31T04:30:05Z</time>
</trkpt>
<trkpt lat="53.187297843" lon="47.938491823">
  <ele>100.915001</ele>
  <time>2010-07-31T04:30:06Z</time>
</trkpt>
<trkpt lat="53.187377891" lon="47.938678740">
  <ele>101.460999</ele>
  <time>2010-07-31T04:30:07Z</time>
</trkpt>
<trkpt lat="53.187446622" lon="47.938854257">
  <ele>101.744003</ele>
  <time>2010-07-31T04:30:08Z</time>
</trkpt>
<trkpt lat="53.187519042" lon="47.939022062">
  <ele>101.890999</ele>
  <time>2010-07-31T04:30:09Z</time>
</trkpt>
<trkpt lat="53.187591545" lon="47.939189952">
  <ele>102.194000</ele>
  <time>2010-07-31T04:30:10Z</time>
</trkpt>
<trkpt lat="53.187664049" lon="47.939365385">
  <ele>102.516998</ele>
  <time>2010-07-31T04:30:11Z</time>
</trkpt>
<trkpt lat="53.187736552" lon="47.939544674">
  <ele>102.640999</ele>
  <time>2010-07-31T04:30:12Z</time>
</trkpt>
<trkpt lat="53.187812828" lon="47.939723963">
  <ele>102.734001</ele>
  <time>2010-07-31T04:30:13Z</time>
</trkpt>
<trkpt lat="53.187889103" lon="47.939903252">
  <ele>102.980003</ele>
  <time>2010-07-31T04:30:14Z</time>
</trkpt>
<trkpt lat="53.187965378" lon="47.940090168">
  <ele>103.136002</ele>
  <time>2010-07-31T04:30:15Z</time>
</trkpt>
<trkpt lat="53.188045509" lon="47.940273313">
  <ele>103.378998</ele>
  <time>2010-07-31T04:30:16Z</time>
</trkpt>
<trkpt lat="53.188125640" lon="47.940464001">
  <ele>103.632004</ele>
  <time>2010-07-31T04:30:17Z</time>
</trkpt>
<trkpt lat="53.188201915" lon="47.940650918">
  <ele>104.134003</ele>
  <time>2010-07-31T04:30:18Z</time>
</trkpt>
<trkpt lat="53.188278191" lon="47.940834062">
  <ele>104.570999</ele>
  <time>2010-07-31T04:30:19Z</time>
</trkpt>
<trkpt lat="53.188350694" lon="47.941009495">
  <ele>104.975998</ele>
  <time>2010-07-31T04:30:20Z</time>
</trkpt>
<trkpt lat="53.188423198" lon="47.941185012">
  <ele>105.342003</ele>
  <time>2010-07-31T04:30:21Z</time>
</trkpt>
<trkpt lat="53.188491846" lon="47.941356674">
  <ele>105.639999</ele>
  <time>2010-07-31T04:30:22Z</time>
</trkpt>
<trkpt lat="53.188560493" lon="47.941516852">
  <ele>105.804001</ele>
  <time>2010-07-31T04:30:23Z</time>
</trkpt>
<trkpt lat="53.188625369" lon="47.941677114">
  <ele>106.197998</ele>
  <time>2010-07-31T04:30:24Z</time>
</trkpt>
<trkpt lat="53.188694017" lon="47.941833520">
  <ele>106.543999</ele>
  <time>2010-07-31T04:30:25Z</time>
</trkpt>
<trkpt lat="53.188758809" lon="47.941986071">
  <ele>106.527000</ele>
  <time>2010-07-31T04:30:26Z</time>
</trkpt>
<trkpt lat="53.188819913" lon="47.942138705">
  <ele>106.671997</ele>
  <time>2010-07-31T04:30:27Z</time>
</trkpt>
<trkpt lat="53.188884705" lon="47.942291256">
  <ele>107.029999</ele>
  <time>2010-07-31T04:30:28Z</time>
</trkpt>
<trkpt lat="53.188949581" lon="47.942443807">
  <ele>107.049004</ele>
  <time>2010-07-31T04:30:29Z</time>
</trkpt>
<trkpt lat="53.189014457" lon="47.942592585">
  <ele>107.335999</ele>
  <time>2010-07-31T04:30:30Z</time>
</trkpt>
<trkpt lat="53.189075477" lon="47.942741364">
  <ele>107.474998</ele>
  <time>2010-07-31T04:30:31Z</time>
</trkpt>
<trkpt lat="53.189136498" lon="47.942890143">
  <ele>107.646004</ele>
  <time>2010-07-31T04:30:32Z</time>
</trkpt>
<trkpt lat="53.189201374" lon="47.943038922">
  <ele>107.793999</ele>
  <time>2010-07-31T04:30:33Z</time>
</trkpt>
<trkpt lat="53.189266166" lon="47.943187701">
  <ele>108.083000</ele>
  <time>2010-07-31T04:30:34Z</time>
</trkpt>
<trkpt lat="53.189327270" lon="47.943336479">
  <ele>108.183998</ele>
  <time>2010-07-31T04:30:35Z</time>
</trkpt>
<trkpt lat="53.189395918" lon="47.943496741">
  <ele>108.420998</ele>
  <time>2010-07-31T04:30:36Z</time>
</trkpt>
<trkpt lat="53.189464565" lon="47.943664547">
  <ele>108.698997</ele>
  <time>2010-07-31T04:30:37Z</time>
</trkpt>
<trkpt lat="53.189537069" lon="47.943836208">
  <ele>108.943001</ele>
  <time>2010-07-31T04:30:38Z</time>
</trkpt>
<trkpt lat="53.189609488" lon="47.944011725">
  <ele>109.124001</ele>
  <time>2010-07-31T04:30:39Z</time>
</trkpt>
<trkpt lat="53.189681992" lon="47.944175759">
  <ele>109.195999</ele>
  <time>2010-07-31T04:30:40Z</time>
</trkpt>
<trkpt lat="53.189750640" lon="47.944343565">
  <ele>109.407997</ele>
  <time>2010-07-31T04:30:41Z</time>
</trkpt>
<trkpt lat="53.189823143" lon="47.944511455">
  <ele>109.521004</ele>
  <time>2010-07-31T04:30:42Z</time>
</trkpt>
<trkpt lat="53.189895647" lon="47.944683116">
  <ele>109.632004</ele>
  <time>2010-07-31T04:30:43Z</time>
</trkpt>
<trkpt lat="53.189964294" lon="47.944850922">
  <ele>109.682999</ele>
  <time>2010-07-31T04:30:44Z</time>
</trkpt>
<trkpt lat="53.190036798" lon="47.945014955">
  <ele>109.737000</ele>
  <time>2010-07-31T04:30:45Z</time>
</trkpt>
<trkpt lat="53.190105446" lon="47.945182761">
  <ele>109.731003</ele>
  <time>2010-07-31T04:30:46Z</time>
</trkpt>
<trkpt lat="53.190174093" lon="47.945354423">
  <ele>109.816002</ele>
  <time>2010-07-31T04:30:47Z</time>
</trkpt>
<trkpt lat="53.190246597" lon="47.945529940">
  <ele>109.946999</ele>
  <time>2010-07-31T04:30:48Z</time>
</trkpt>
<trkpt lat="53.190326728" lon="47.945716856">
  <ele>110.161003</ele>
  <time>2010-07-31T04:30:49Z</time>
</trkpt>
<trkpt lat="53.190403003" lon="47.945903772">
  <ele>110.097000</ele>
  <time>2010-07-31T04:30:50Z</time>
</trkpt>
<trkpt lat="53.190483134" lon="47.946098316">
  <ele>110.170998</ele>
  <time>2010-07-31T04:30:51Z</time>
</trkpt>
<trkpt lat="53.190563181" lon="47.946285233">
  <ele>110.124001</ele>
  <time>2010-07-31T04:30:52Z</time>
</trkpt>
<trkpt lat="53.190643312" lon="47.946476005">
  <ele>110.177002</ele>
  <time>2010-07-31T04:30:53Z</time>
</trkpt>
<trkpt lat="53.190723443" lon="47.946666693">
  <ele>110.169998</ele>
  <time>2010-07-31T04:30:54Z</time>
</trkpt>
<trkpt lat="53.190799719" lon="47.946853610">
  <ele>110.287003</ele>
  <time>2010-07-31T04:30:55Z</time>
</trkpt>
<trkpt lat="53.190879850" lon="47.947044382">
  <ele>110.250999</ele>
  <time>2010-07-31T04:30:56Z</time>
</trkpt>
<trkpt lat="53.190959897" lon="47.947235070">
  <ele>110.440002</ele>
  <time>2010-07-31T04:30:57Z</time>
</trkpt>
<trkpt lat="53.191040028" lon="47.947425842">
  <ele>110.297997</ele>
  <time>2010-07-31T04:30:58Z</time>
</trkpt>
<trkpt lat="53.191116303" lon="47.947620386">
  <ele>110.398003</ele>
  <time>2010-07-31T04:30:59Z</time>
</trkpt>
<trkpt lat="53.191192662" lon="47.947818786">
  <ele>110.388000</ele>
  <time>2010-07-31T04:31:00Z</time>
</trkpt>
<trkpt lat="53.191272710" lon="47.948024729">
  <ele>110.369003</ele>
  <time>2010-07-31T04:31:01Z</time>
</trkpt>
<trkpt lat="53.191345213" lon="47.948226901">
  <ele>110.331001</ele>
  <time>2010-07-31T04:31:02Z</time>
</trkpt>
<trkpt lat="53.191421488" lon="47.948429072">
  <ele>110.471001</ele>
  <time>2010-07-31T04:31:03Z</time>
</trkpt>
<trkpt lat="53.191497764" lon="47.948635099">
  <ele>110.569000</ele>
  <time>2010-07-31T04:31:04Z</time>
</trkpt>
<trkpt lat="53.191570267" lon="47.948841127">
  <ele>110.646004</ele>
  <time>2010-07-31T04:31:05Z</time>
</trkpt>
<trkpt lat="53.191642771" lon="47.949043298">
  <ele>110.755997</ele>
  <time>2010-07-31T04:31:06Z</time>
</trkpt>
<trkpt lat="53.191715274" lon="47.949245470">
  <ele>110.761002</ele>
  <time>2010-07-31T04:31:07Z</time>
</trkpt>
<trkpt lat="53.191780066" lon="47.949443785">
  <ele>110.731003</ele>
  <time>2010-07-31T04:31:08Z</time>
</trkpt>
<trkpt lat="53.191848714" lon="47.949638329">
  <ele>110.625000</ele>
  <time>2010-07-31T04:31:09Z</time>
</trkpt>
<trkpt lat="53.191913590" lon="47.949832957">
  <ele>110.657997</ele>
  <time>2010-07-31T04:31:10Z</time>
</trkpt>
<trkpt lat="53.191974610" lon="47.950019874">
  <ele>110.780998</ele>
  <time>2010-07-31T04:31:11Z</time>
</trkpt>
<trkpt lat="53.192031858" lon="47.950206790">
  <ele>110.875999</ele>
  <time>2010-07-31T04:31:12Z</time>
</trkpt>
<trkpt lat="53.192089107" lon="47.950393707">
  <ele>110.904999</ele>
  <time>2010-07-31T04:31:13Z</time>
</trkpt>
<trkpt lat="53.192146271" lon="47.950576767">
  <ele>111.000999</ele>
  <time>2010-07-31T04:31:14Z</time>
</trkpt>
<trkpt lat="53.192199748" lon="47.950756056">
  <ele>111.069000</ele>
  <time>2010-07-31T04:31:15Z</time>
</trkpt>
<trkpt lat="53.192253141" lon="47.950927718">
  <ele>111.033997</ele>
  <time>2010-07-31T04:31:16Z</time>
</trkpt>
<trkpt lat="53.192306533" lon="47.951103235">
  <ele>110.989998</ele>
  <time>2010-07-31T04:31:17Z</time>
</trkpt>
<trkpt lat="53.192359926" lon="47.951282524">
  <ele>111.069000</ele>
  <time>2010-07-31T04:31:18Z</time>
</trkpt>
<trkpt lat="53.192413319" lon="47.951473212">
  <ele>111.185997</ele>
  <time>2010-07-31T04:31:19Z</time>
</trkpt>
<trkpt lat="53.192470567" lon="47.951663984">
  <ele>111.291000</ele>
  <time>2010-07-31T04:31:20Z</time>
</trkpt>
<trkpt lat="53.192523960" lon="47.951862300">
  <ele>111.415001</ele>
  <time>2010-07-31T04:31:21Z</time>
</trkpt>
<trkpt lat="53.192577353" lon="47.952068327">
  <ele>111.441002</ele>
  <time>2010-07-31T04:31:22Z</time>
</trkpt>
<trkpt lat="53.192634601" lon="47.952281982">
  <ele>111.314003</ele>
  <time>2010-07-31T04:31:23Z</time>
</trkpt>
<trkpt lat="53.192687994" lon="47.952499408">
  <ele>111.347000</ele>
  <time>2010-07-31T04:31:24Z</time>
</trkpt>
<trkpt lat="53.192741387" lon="47.952712979">
  <ele>111.330002</ele>
  <time>2010-07-31T04:31:25Z</time>
</trkpt>
<trkpt lat="53.192791007" lon="47.952922862">
  <ele>111.087997</ele>
  <time>2010-07-31T04:31:26Z</time>
</trkpt>
<trkpt lat="53.192844400" lon="47.953128805">
  <ele>110.975998</ele>
  <time>2010-07-31T04:31:27Z</time>
</trkpt>
<trkpt lat="53.192894021" lon="47.953338604">
  <ele>110.833000</ele>
  <time>2010-07-31T04:31:28Z</time>
</trkpt>
<trkpt lat="53.192943558" lon="47.953544632">
  <ele>110.791000</ele>
  <time>2010-07-31T04:31:29Z</time>
</trkpt>
<trkpt lat="53.192989323" lon="47.953750575">
  <ele>110.850998</ele>
  <time>2010-07-31T04:31:30Z</time>
</trkpt>
<trkpt lat="53.193035088" lon="47.953952830">
  <ele>110.874001</ele>
  <time>2010-07-31T04:31:31Z</time>
</trkpt>
<trkpt lat="53.193080937" lon="47.954155002">
  <ele>110.795998</ele>
  <time>2010-07-31T04:31:32Z</time>
</trkpt>
<trkpt lat="53.193126703" lon="47.954357173">
  <ele>110.745003</ele>
  <time>2010-07-31T04:31:33Z</time>
</trkpt>
<trkpt lat="53.193164840" lon="47.954555489">
  <ele>110.620003</ele>
  <time>2010-07-31T04:31:34Z</time>
</trkpt>
<trkpt lat="53.193210606" lon="47.954761516">
  <ele>110.505997</ele>
  <time>2010-07-31T04:31:35Z</time>
</trkpt>
<trkpt lat="53.193252599" lon="47.954967460">
  <ele>110.490997</ele>
  <time>2010-07-31T04:31:36Z</time>
</trkpt>
<trkpt lat="53.193294508" lon="47.955177343">
  <ele>110.362000</ele>
  <time>2010-07-31T04:31:37Z</time>
</trkpt>
<trkpt lat="53.193336502" lon="47.955390913">
  <ele>110.425003</ele>
  <time>2010-07-31T04:31:38Z</time>
</trkpt>
<trkpt lat="53.193374639" lon="47.955608340">
  <ele>110.287003</ele>
  <time>2010-07-31T04:31:39Z</time>
</trkpt>
<trkpt lat="53.193412777" lon="47.955833394">
  <ele>110.410004</ele>
  <time>2010-07-31T04:31:40Z</time>
</trkpt>
<trkpt lat="53.193450915" lon="47.956058532">
  <ele>110.517998</ele>
  <time>2010-07-31T04:31:41Z</time>
</trkpt>
<trkpt lat="53.193492908" lon="47.956291214">
  <ele>110.419998</ele>
  <time>2010-07-31T04:31:42Z</time>
</trkpt>
<trkpt lat="53.193531046" lon="47.956523895">
  <ele>110.361000</ele>
  <time>2010-07-31T04:31:43Z</time>
</trkpt>
<trkpt lat="53.193569183" lon="47.956752805">
  <ele>110.396004</ele>
  <time>2010-07-31T04:31:44Z</time>
</trkpt>
<trkpt lat="53.193603549" lon="47.956985487">
  <ele>110.459999</ele>
  <time>2010-07-31T04:31:45Z</time>
</trkpt>
<trkpt lat="53.193634059" lon="47.957218168">
  <ele>110.430000</ele>
  <time>2010-07-31T04:31:46Z</time>
</trkpt>
<trkpt lat="53.193668341" lon="47.957447078">
  <ele>110.446999</ele>
  <time>2010-07-31T04:31:47Z</time>
</trkpt>
<trkpt lat="53.193698851" lon="47.957675904">
  <ele>110.292999</ele>
  <time>2010-07-31T04:31:48Z</time>
</trkpt>
<trkpt lat="53.193729362" lon="47.957904814">
  <ele>110.178001</ele>
  <time>2010-07-31T04:31:49Z</time>
</trkpt>
<trkpt lat="53.193759955" lon="47.958133724">
  <ele>109.985001</ele>
  <time>2010-07-31T04:31:50Z</time>
</trkpt>
<trkpt lat="53.193786610" lon="47.958358778">
  <ele>109.919998</ele>
  <time>2010-07-31T04:31:51Z</time>
</trkpt>
<trkpt lat="53.193813348" lon="47.958583832">
  <ele>109.723999</ele>
  <time>2010-07-31T04:31:52Z</time>
</trkpt>
<trkpt lat="53.193840003" lon="47.958805114">
  <ele>109.570000</ele>
  <time>2010-07-31T04:31:53Z</time>
</trkpt>
<trkpt lat="53.193866741" lon="47.959030168">
  <ele>109.580002</ele>
  <time>2010-07-31T04:31:54Z</time>
</trkpt>
<trkpt lat="53.193889624" lon="47.959255222">
  <ele>109.709999</ele>
  <time>2010-07-31T04:31:55Z</time>
</trkpt>
<trkpt lat="53.193912506" lon="47.959484132">
  <ele>109.515999</ele>
  <time>2010-07-31T04:31:56Z</time>
</trkpt>
<trkpt lat="53.193935389" lon="47.959712958">
  <ele>109.385002</ele>
  <time>2010-07-31T04:31:57Z</time>
</trkpt>
<trkpt lat="53.193958271" lon="47.959941868">
  <ele>109.324997</ele>
  <time>2010-07-31T04:31:58Z</time>
</trkpt>
<trkpt lat="53.193977382" lon="47.960182177">
  <ele>109.358002</ele>
  <time>2010-07-31T04:31:59Z</time>
</trkpt>
<trkpt lat="53.193996409" lon="47.960426342">
  <ele>109.222000</ele>
  <time>2010-07-31T04:32:00Z</time>
</trkpt>
<trkpt lat="53.194015520" lon="47.960666651">
  <ele>109.120003</ele>
  <time>2010-07-31T04:32:01Z</time>
</trkpt>
<trkpt lat="53.194030775" lon="47.960918443">
  <ele>108.867996</ele>
  <time>2010-07-31T04:32:02Z</time>
</trkpt>
<trkpt lat="53.194049802" lon="47.961170236">
  <ele>108.617996</ele>
  <time>2010-07-31T04:32:03Z</time>
</trkpt>
<trkpt lat="53.194065057" lon="47.961429572">
  <ele>108.260002</ele>
  <time>2010-07-31T04:32:04Z</time>
</trkpt>
<trkpt lat="53.194080312" lon="47.961685220">
  <ele>107.866997</ele>
  <time>2010-07-31T04:32:05Z</time>
</trkpt>
<trkpt lat="53.194091795" lon="47.961944556">
  <ele>107.399002</ele>
  <time>2010-07-31T04:32:06Z</time>
</trkpt>
<trkpt lat="53.194099423" lon="47.962207831">
  <ele>107.060997</ele>
  <time>2010-07-31T04:32:07Z</time>
</trkpt>
<trkpt lat="53.194110906" lon="47.962478651">
  <ele>106.742996</ele>
  <time>2010-07-31T04:32:08Z</time>
</trkpt>
<trkpt lat="53.194118533" lon="47.962753326">
  <ele>106.394997</ele>
  <time>2010-07-31T04:32:09Z</time>
</trkpt>
<trkpt lat="53.194126161" lon="47.963031773">
  <ele>106.063004</ele>
  <time>2010-07-31T04:32:10Z</time>
</trkpt>
<trkpt lat="53.194129933" lon="47.963310219">
  <ele>105.867996</ele>
  <time>2010-07-31T04:32:11Z</time>
</trkpt>
<trkpt lat="53.194141416" lon="47.963588750">
  <ele>105.700996</ele>
  <time>2010-07-31T04:32:12Z</time>
</trkpt>
<trkpt lat="53.194145188" lon="47.963863341">
  <ele>105.547997</ele>
  <time>2010-07-31T04:32:13Z</time>
</trkpt>
<trkpt lat="53.194152815" lon="47.964115134">
  <ele>105.385002</ele>
  <time>2010-07-31T04:32:14Z</time>
</trkpt>
<trkpt lat="53.194156671" lon="47.964359298">
  <ele>105.333000</ele>
  <time>2010-07-31T04:32:15Z</time>
</trkpt>
<trkpt lat="53.194160443" lon="47.964591980">
  <ele>105.338997</ele>
  <time>2010-07-31T04:32:16Z</time>
</trkpt>
<trkpt lat="53.194168070" lon="47.964820890">
  <ele>105.317001</ele>
  <time>2010-07-31T04:32:17Z</time>
</trkpt>
<trkpt lat="53.194171926" lon="47.965045944">
  <ele>105.477997</ele>
  <time>2010-07-31T04:32:18Z</time>
</trkpt>
<trkpt lat="53.194175698" lon="47.965267142">
  <ele>105.427002</ele>
  <time>2010-07-31T04:32:19Z</time>
</trkpt>
<trkpt lat="53.194179554" lon="47.965499908">
  <ele>105.476997</ele>
  <time>2010-07-31T04:32:20Z</time>
</trkpt>
<trkpt lat="53.194187181" lon="47.965740217">
  <ele>105.407997</ele>
  <time>2010-07-31T04:32:21Z</time>
</trkpt>
<trkpt lat="53.194194809" lon="47.965984382">
  <ele>105.447998</ele>
  <time>2010-07-31T04:32:22Z</time>
</trkpt>
<trkpt lat="53.194198580" lon="47.966228463">
  <ele>105.765999</ele>
  <time>2010-07-31T04:32:23Z</time>
</trkpt>
<trkpt lat="53.194202436" lon="47.966472628">
  <ele>106.181999</ele>
  <time>2010-07-31T04:32:24Z</time>
</trkpt>
<trkpt lat="53.194210064" lon="47.966716792">
  <ele>106.568001</ele>
  <time>2010-07-31T04:32:25Z</time>
</trkpt>
<trkpt lat="53.194217691" lon="47.966964729">
  <ele>106.776001</ele>
  <time>2010-07-31T04:32:26Z</time>
</trkpt>
<trkpt lat="53.194221463" lon="47.967216522">
  <ele>107.154999</ele>
  <time>2010-07-31T04:32:27Z</time>
</trkpt>
<trkpt lat="53.194225319" lon="47.967472086">
  <ele>107.535004</ele>
  <time>2010-07-31T04:32:28Z</time>
</trkpt>
<trkpt lat="53.194232946" lon="47.967735277">
  <ele>107.918999</ele>
  <time>2010-07-31T04:32:29Z</time>
</trkpt>
<trkpt lat="53.194240574" lon="47.968002325">
  <ele>108.073997</ele>
  <time>2010-07-31T04:32:30Z</time>
</trkpt>
<trkpt lat="53.194248201" lon="47.968269372">
  <ele>108.421997</ele>
  <time>2010-07-31T04:32:31Z</time>
</trkpt>
<trkpt lat="53.194255829" lon="47.968540192">
  <ele>108.850998</ele>
  <time>2010-07-31T04:32:32Z</time>
</trkpt>
<trkpt lat="53.194263456" lon="47.968814867">
  <ele>109.289001</ele>
  <time>2010-07-31T04:32:33Z</time>
</trkpt>
<trkpt lat="53.194271084" lon="47.969089542">
  <ele>109.793999</ele>
  <time>2010-07-31T04:32:34Z</time>
</trkpt>
<trkpt lat="53.194278711" lon="47.969367988">
  <ele>110.167999</ele>
  <time>2010-07-31T04:32:35Z</time>
</trkpt>
<trkpt lat="53.194286339" lon="47.969638808">
  <ele>110.459000</ele>
  <time>2010-07-31T04:32:36Z</time>
</trkpt>
<trkpt lat="53.194297822" lon="47.969913483">
  <ele>110.731003</ele>
  <time>2010-07-31T04:32:37Z</time>
</trkpt>
<trkpt lat="53.194301594" lon="47.970191929">
  <ele>111.094002</ele>
  <time>2010-07-31T04:32:38Z</time>
</trkpt>
<trkpt lat="53.194309222" lon="47.970478088">
  <ele>111.418999</ele>
  <time>2010-07-31T04:32:39Z</time>
</trkpt>
<trkpt lat="53.194316849" lon="47.970771790">
  <ele>111.790001</ele>
  <time>2010-07-31T04:32:40Z</time>
</trkpt>
<trkpt lat="53.194324477" lon="47.971069347">
  <ele>112.041000</ele>
  <time>2010-07-31T04:32:41Z</time>
</trkpt>
<trkpt lat="53.194332104" lon="47.971366905">
  <ele>112.011002</ele>
  <time>2010-07-31T04:32:42Z</time>
</trkpt>
<trkpt lat="53.194343587" lon="47.971660607">
  <ele>112.272003</ele>
  <time>2010-07-31T04:32:43Z</time>
</trkpt>
<trkpt lat="53.194347359" lon="47.971954308">
  <ele>112.416000</ele>
  <time>2010-07-31T04:32:44Z</time>
</trkpt>
<trkpt lat="53.194354987" lon="47.972240467">
  <ele>112.425003</ele>
  <time>2010-07-31T04:32:45Z</time>
</trkpt>
<trkpt lat="53.194362614" lon="47.972534169">
  <ele>112.567001</ele>
  <time>2010-07-31T04:32:46Z</time>
</trkpt>
<trkpt lat="53.194366470" lon="47.972831726">
  <ele>112.737999</ele>
  <time>2010-07-31T04:32:47Z</time>
</trkpt>
<trkpt lat="53.194374098" lon="47.973121656">
  <ele>112.677002</ele>
  <time>2010-07-31T04:32:48Z</time>
</trkpt>
<trkpt lat="53.194381725" lon="47.973411586">
  <ele>112.913002</ele>
  <time>2010-07-31T04:32:49Z</time>
</trkpt>
<trkpt lat="53.194389353" lon="47.973693889">
  <ele>112.950996</ele>
  <time>2010-07-31T04:32:50Z</time>
</trkpt>
<trkpt lat="53.194396980" lon="47.973976107">
  <ele>113.010002</ele>
  <time>2010-07-31T04:32:51Z</time>
</trkpt>
<trkpt lat="53.194408379" lon="47.974250782">
  <ele>113.042000</ele>
  <time>2010-07-31T04:32:52Z</time>
</trkpt>
<trkpt lat="53.194416007" lon="47.974521602">
  <ele>113.170998</ele>
  <time>2010-07-31T04:32:53Z</time>
</trkpt>
<trkpt lat="53.194419863" lon="47.974784877">
  <ele>113.307999</ele>
  <time>2010-07-31T04:32:54Z</time>
</trkpt>
<trkpt lat="53.194427490" lon="47.975048069">
  <ele>113.370003</ele>
  <time>2010-07-31T04:32:55Z</time>
</trkpt>
<trkpt lat="53.194435118" lon="47.975307489">
  <ele>113.589996</ele>
  <time>2010-07-31T04:32:56Z</time>
</trkpt>
<trkpt lat="53.194442745" lon="47.975566825">
  <ele>113.547997</ele>
  <time>2010-07-31T04:32:57Z</time>
</trkpt>
<trkpt lat="53.194454229" lon="47.975830100">
  <ele>113.514000</ele>
  <time>2010-07-31T04:32:58Z</time>
</trkpt>
<trkpt lat="53.194461856" lon="47.976097148">
  <ele>113.640999</ele>
  <time>2010-07-31T04:32:59Z</time>
</trkpt>
<trkpt lat="53.194461856" lon="47.976360340">
  <ele>113.514999</ele>
  <time>2010-07-31T04:33:00Z</time>
</trkpt>
<trkpt lat="53.194465628" lon="47.976623531">
  <ele>113.369003</ele>
  <time>2010-07-31T04:33:01Z</time>
</trkpt>
<trkpt lat="53.194473255" lon="47.976882951">
  <ele>113.250999</ele>
  <time>2010-07-31T04:33:02Z</time>
</trkpt>
<trkpt lat="53.194480883" lon="47.977146143">
  <ele>113.107002</ele>
  <time>2010-07-31T04:33:03Z</time>
</trkpt>
<trkpt lat="53.194488510" lon="47.977409335">
  <ele>113.128998</ele>
  <time>2010-07-31T04:33:04Z</time>
</trkpt>
<trkpt lat="53.194499994" lon="47.977684010">
  <ele>113.084999</ele>
  <time>2010-07-31T04:33:05Z</time>
</trkpt>
<trkpt lat="53.194503766" lon="47.977966312">
  <ele>112.949997</ele>
  <time>2010-07-31T04:33:06Z</time>
</trkpt>
<trkpt lat="53.194511393" lon="47.978244759">
  <ele>112.834999</ele>
  <time>2010-07-31T04:33:07Z</time>
</trkpt>
<trkpt lat="53.194515249" lon="47.978523290">
  <ele>112.847000</ele>
  <time>2010-07-31T04:33:08Z</time>
</trkpt>
<trkpt lat="53.194519021" lon="47.978794109">
  <ele>113.085999</ele>
  <time>2010-07-31T04:33:09Z</time>
</trkpt>
<trkpt lat="53.194526648" lon="47.979064928">
  <ele>113.036003</ele>
  <time>2010-07-31T04:33:10Z</time>
</trkpt>
<trkpt lat="53.194534276" lon="47.979339603">
  <ele>112.904999</ele>
  <time>2010-07-31T04:33:11Z</time>
</trkpt>
<trkpt lat="53.194538131" lon="47.979618050">
  <ele>112.697998</ele>
  <time>2010-07-31T04:33:12Z</time>
</trkpt>
<trkpt lat="53.194541903" lon="47.979907980">
  <ele>112.526001</ele>
  <time>2010-07-31T04:33:13Z</time>
</trkpt>
<trkpt lat="53.194549531" lon="47.980197910">
  <ele>112.438004</ele>
  <time>2010-07-31T04:33:14Z</time>
</trkpt>
<trkpt lat="53.194553386" lon="47.980483985">
  <ele>112.299004</ele>
  <time>2010-07-31T04:33:15Z</time>
</trkpt>
<trkpt lat="53.194557158" lon="47.980770143">
  <ele>112.233002</ele>
  <time>2010-07-31T04:33:16Z</time>
</trkpt>
<trkpt lat="53.194561014" lon="47.981048590">
  <ele>112.025002</ele>
  <time>2010-07-31T04:33:17Z</time>
</trkpt>
<trkpt lat="53.194564786" lon="47.981323265">
  <ele>111.857002</ele>
  <time>2010-07-31T04:33:18Z</time>
</trkpt>
<trkpt lat="53.194564786" lon="47.981597940">
  <ele>111.664001</ele>
  <time>2010-07-31T04:33:19Z</time>
</trkpt>
<trkpt lat="53.194564786" lon="47.981864903">
  <ele>111.619003</ele>
  <time>2010-07-31T04:33:20Z</time>
</trkpt>
<trkpt lat="53.194572413" lon="47.982135806">
  <ele>111.750999</ele>
  <time>2010-07-31T04:33:21Z</time>
</trkpt>
<trkpt lat="53.194576269" lon="47.982402770">
  <ele>111.724998</ele>
  <time>2010-07-31T04:33:22Z</time>
</trkpt>
<trkpt lat="53.194580041" lon="47.982666045">
  <ele>111.535004</ele>
  <time>2010-07-31T04:33:23Z</time>
</trkpt>
<trkpt lat="53.194583897" lon="47.982921610">
  <ele>111.401001</ele>
  <time>2010-07-31T04:33:24Z</time>
</trkpt>
<trkpt lat="53.194587668" lon="47.983169546">
  <ele>111.457001</ele>
  <time>2010-07-31T04:33:25Z</time>
</trkpt>
<trkpt lat="53.194587668" lon="47.983409856">
  <ele>111.346001</ele>
  <time>2010-07-31T04:33:26Z</time>
</trkpt>
<trkpt lat="53.194591524" lon="47.983646393">
  <ele>111.343002</ele>
  <time>2010-07-31T04:33:27Z</time>
</trkpt>
<trkpt lat="53.194591524" lon="47.983882930">
  <ele>111.369003</ele>
  <time>2010-07-31T04:33:28Z</time>
</trkpt>
<trkpt lat="53.194599152" lon="47.984123239">
  <ele>111.306999</ele>
  <time>2010-07-31T04:33:29Z</time>
</trkpt>
<trkpt lat="53.194606779" lon="47.984367404">
  <ele>111.197998</ele>
  <time>2010-07-31T04:33:30Z</time>
</trkpt>
<trkpt lat="53.194614407" lon="47.984615341">
  <ele>111.069000</ele>
  <time>2010-07-31T04:33:31Z</time>
</trkpt>
<trkpt lat="53.194614407" lon="47.984867133">
  <ele>110.863998</ele>
  <time>2010-07-31T04:33:32Z</time>
</trkpt>
<trkpt lat="53.194618262" lon="47.985118842">
  <ele>110.903999</ele>
  <time>2010-07-31T04:33:33Z</time>
</trkpt>
<trkpt lat="53.194618262" lon="47.985359151">
  <ele>110.875999</ele>
  <time>2010-07-31T04:33:34Z</time>
</trkpt>
<trkpt lat="53.194622034" lon="47.985595688">
  <ele>110.639999</ele>
  <time>2010-07-31T04:33:35Z</time>
</trkpt>
<trkpt lat="53.194622034" lon="47.985835997">
  <ele>110.553001</ele>
  <time>2010-07-31T04:33:36Z</time>
</trkpt>
<trkpt lat="53.194625890" lon="47.986084018">
  <ele>110.391998</ele>
  <time>2010-07-31T04:33:37Z</time>
</trkpt>
<trkpt lat="53.194625890" lon="47.986339582">
  <ele>110.362999</ele>
  <time>2010-07-31T04:33:38Z</time>
</trkpt>
<trkpt lat="53.194629662" lon="47.986599002">
  <ele>110.257004</ele>
  <time>2010-07-31T04:33:39Z</time>
</trkpt>
<trkpt lat="53.194629662" lon="47.986862194">
  <ele>109.836998</ele>
  <time>2010-07-31T04:33:40Z</time>
</trkpt>
<trkpt lat="53.194637289" lon="47.987129241">
  <ele>109.528000</ele>
  <time>2010-07-31T04:33:41Z</time>
</trkpt>
<trkpt lat="53.194648772" lon="47.987403832">
  <ele>109.233002</ele>
  <time>2010-07-31T04:33:42Z</time>
</trkpt>
<trkpt lat="53.194660172" lon="47.987686135">
  <ele>109.137001</ele>
  <time>2010-07-31T04:33:43Z</time>
</trkpt>
<trkpt lat="53.194667799" lon="47.987968437">
  <ele>109.208000</ele>
  <time>2010-07-31T04:33:44Z</time>
</trkpt>
<trkpt lat="53.194675427" lon="47.988254512">
  <ele>109.073997</ele>
  <time>2010-07-31T04:33:45Z</time>
</trkpt>
<trkpt lat="53.194675427" lon="47.988540670">
  <ele>108.879997</ele>
  <time>2010-07-31T04:33:46Z</time>
</trkpt>
<trkpt lat="53.194679283" lon="47.988819117">
  <ele>109.070000</ele>
  <time>2010-07-31T04:33:47Z</time>
</trkpt>
<trkpt lat="53.194683054" lon="47.989093792">
  <ele>109.079002</ele>
  <time>2010-07-31T04:33:48Z</time>
</trkpt>
<trkpt lat="53.194686910" lon="47.989368467">
  <ele>109.097000</ele>
  <time>2010-07-31T04:33:49Z</time>
</trkpt>
<trkpt lat="53.194690682" lon="47.989631658">
  <ele>109.046997</ele>
  <time>2010-07-31T04:33:50Z</time>
</trkpt>
<trkpt lat="53.194690682" lon="47.989894850">
  <ele>109.115997</ele>
  <time>2010-07-31T04:33:51Z</time>
</trkpt>
<trkpt lat="53.194694538" lon="47.990161898">
  <ele>109.015999</ele>
  <time>2010-07-31T04:33:52Z</time>
</trkpt>
<trkpt lat="53.194698310" lon="47.990436573">
  <ele>108.942001</ele>
  <time>2010-07-31T04:33:53Z</time>
</trkpt>
<trkpt lat="53.194698310" lon="47.990718875">
  <ele>108.916000</ele>
  <time>2010-07-31T04:33:54Z</time>
</trkpt>
<trkpt lat="53.194705937" lon="47.991001094">
  <ele>109.040001</ele>
  <time>2010-07-31T04:33:55Z</time>
</trkpt>
<trkpt lat="53.194713565" lon="47.991294879">
  <ele>108.852997</ele>
  <time>2010-07-31T04:33:56Z</time>
</trkpt>
<trkpt lat="53.194728820" lon="47.991592437">
  <ele>108.750999</ele>
  <time>2010-07-31T04:33:57Z</time>
</trkpt>
<trkpt lat="53.194740303" lon="47.991893766">
  <ele>108.470001</ele>
  <time>2010-07-31T04:33:58Z</time>
</trkpt>
<trkpt lat="53.194751702" lon="47.992206579">
  <ele>108.542000</ele>
  <time>2010-07-31T04:33:59Z</time>
</trkpt>
<trkpt lat="53.194755558" lon="47.992527019">
  <ele>108.403000</ele>
  <time>2010-07-31T04:34:00Z</time>
</trkpt>
<trkpt lat="53.194759330" lon="47.992862714">
  <ele>108.320999</ele>
  <time>2010-07-31T04:34:01Z</time>
</trkpt>
<trkpt lat="53.194763185" lon="47.993217437">
  <ele>107.958000</ele>
  <time>2010-07-31T04:34:02Z</time>
</trkpt>
<trkpt lat="53.194770813" lon="47.993583642">
  <ele>107.667000</ele>
  <time>2010-07-31T04:34:03Z</time>
</trkpt>
<trkpt lat="53.194778441" lon="47.993957559">
  <ele>107.095001</ele>
  <time>2010-07-31T04:34:04Z</time>
</trkpt>
<trkpt lat="53.194782296" lon="47.994342791">
  <ele>106.432999</ele>
  <time>2010-07-31T04:34:05Z</time>
</trkpt>
<trkpt lat="53.194789924" lon="47.994735735">
  <ele>105.599998</ele>
  <time>2010-07-31T04:34:06Z</time>
</trkpt>
<trkpt lat="53.194793696" lon="47.995140078">
  <ele>104.802002</ele>
  <time>2010-07-31T04:34:07Z</time>
</trkpt>
<trkpt lat="53.194805179" lon="47.995559676">
  <ele>103.836998</ele>
  <time>2010-07-31T04:34:08Z</time>
</trkpt>
<trkpt lat="53.194808951" lon="47.995983129">
  <ele>102.864998</ele>
  <time>2010-07-31T04:34:09Z</time>
</trkpt>
<trkpt lat="53.194816578" lon="47.996402727">
  <ele>101.666000</ele>
  <time>2010-07-31T04:34:10Z</time>
</trkpt>
<trkpt lat="53.194816578" lon="47.996826181">
  <ele>100.745003</ele>
  <time>2010-07-31T04:34:11Z</time>
</trkpt>
<trkpt lat="53.194812806" lon="47.997257262">
  <ele>100.209999</ele>
  <time>2010-07-31T04:34:12Z</time>
</trkpt>
<trkpt lat="53.194805179" lon="47.997688260">
  <ele>100.032997</ele>
  <time>2010-07-31T04:34:13Z</time>
</trkpt>
<trkpt lat="53.194801323" lon="47.998123197">
  <ele>99.971001</ele>
  <time>2010-07-31T04:34:14Z</time>
</trkpt>
<trkpt lat="53.194805179" lon="47.998565678">
  <ele>100.066002</ele>
  <time>2010-07-31T04:34:15Z</time>
</trkpt>
<trkpt lat="53.194805179" lon="47.999008158">
  <ele>100.601997</ele>
  <time>2010-07-31T04:34:16Z</time>
</trkpt>
<trkpt lat="53.194812806" lon="47.999458350">
  <ele>101.428001</ele>
  <time>2010-07-31T04:34:17Z</time>
</trkpt>
<trkpt lat="53.194820434" lon="47.999904603">
  <ele>102.285004</ele>
  <time>2010-07-31T04:34:18Z</time>
</trkpt>
<trkpt lat="53.194831833" lon="48.000343312">
  <ele>102.954002</ele>
  <time>2010-07-31T04:34:19Z</time>
</trkpt>
<trkpt lat="53.194835689" lon="48.000782020">
  <ele>103.741997</ele>
  <time>2010-07-31T04:34:20Z</time>
</trkpt>
<trkpt lat="53.194843316" lon="48.001224501">
  <ele>104.431999</ele>
  <time>2010-07-31T04:34:21Z</time>
</trkpt>
<trkpt lat="53.194850944" lon="48.001666982">
  <ele>105.120003</ele>
  <time>2010-07-31T04:34:22Z</time>
</trkpt>
<trkpt lat="53.194858572" lon="48.002109546">
  <ele>105.844002</ele>
  <time>2010-07-31T04:34:23Z</time>
</trkpt>
<trkpt lat="53.194869971" lon="48.002548255">
  <ele>106.646004</ele>
  <time>2010-07-31T04:34:24Z</time>
</trkpt>
<trkpt lat="53.194873827" lon="48.002986880">
  <ele>107.300003</ele>
  <time>2010-07-31T04:34:25Z</time>
</trkpt>
<trkpt lat="53.194881454" lon="48.003425589">
  <ele>107.753998</ele>
  <time>2010-07-31T04:34:26Z</time>
</trkpt>
<trkpt lat="53.194889082" lon="48.003860442">
  <ele>108.351997</ele>
  <time>2010-07-31T04:34:27Z</time>
</trkpt>
<trkpt lat="53.194892853" lon="48.004291523">
  <ele>108.686996</ele>
  <time>2010-07-31T04:34:28Z</time>
</trkpt>
<trkpt lat="53.194896709" lon="48.004722605">
  <ele>109.042999</ele>
  <time>2010-07-31T04:34:29Z</time>
</trkpt>
<trkpt lat="53.194904337" lon="48.005149830">
  <ele>109.263000</ele>
  <time>2010-07-31T04:34:30Z</time>
</trkpt>
<trkpt lat="53.194908109" lon="48.005577056">
  <ele>109.526001</ele>
  <time>2010-07-31T04:34:31Z</time>
</trkpt>
<trkpt lat="53.194915736" lon="48.005996738">
  <ele>109.992996</ele>
  <time>2010-07-31T04:34:32Z</time>
</trkpt>
<trkpt lat="53.194923364" lon="48.006408708">
  <ele>110.231003</ele>
  <time>2010-07-31T04:34:33Z</time>
</trkpt>
<trkpt lat="53.194927219" lon="48.006820679">
  <ele>110.285004</ele>
  <time>2010-07-31T04:34:34Z</time>
</trkpt>
<trkpt lat="53.194930991" lon="48.007232649">
  <ele>110.588997</ele>
  <time>2010-07-31T04:34:35Z</time>
</trkpt>
<trkpt lat="53.194938619" lon="48.007644620">
  <ele>110.862999</ele>
  <time>2010-07-31T04:34:36Z</time>
</trkpt>
<trkpt lat="53.194950102" lon="48.008060446">
  <ele>110.963997</ele>
  <time>2010-07-31T04:34:37Z</time>
</trkpt>
<trkpt lat="53.194957729" lon="48.008480044">
  <ele>111.069000</ele>
  <time>2010-07-31T04:34:38Z</time>
</trkpt>
<trkpt lat="53.194961585" lon="48.008899726">
  <ele>111.129997</ele>
  <time>2010-07-31T04:34:39Z</time>
</trkpt>
<trkpt lat="53.194969213" lon="48.009323096">
  <ele>111.291000</ele>
  <time>2010-07-31T04:34:40Z</time>
</trkpt>
<trkpt lat="53.194972984" lon="48.009746550">
  <ele>111.160004</ele>
  <time>2010-07-31T04:34:41Z</time>
</trkpt>
<trkpt lat="53.194976840" lon="48.010170003">
  <ele>111.072998</ele>
  <time>2010-07-31T04:34:42Z</time>
</trkpt>
<trkpt lat="53.194984468" lon="48.010593373">
  <ele>111.296997</ele>
  <time>2010-07-31T04:34:43Z</time>
</trkpt>
<trkpt lat="53.194992095" lon="48.011020683">
  <ele>111.558998</ele>
  <time>2010-07-31T04:34:44Z</time>
</trkpt>
<trkpt lat="53.194999723" lon="48.011447908">
  <ele>111.546997</ele>
  <time>2010-07-31T04:34:45Z</time>
</trkpt>
<trkpt lat="53.195003495" lon="48.011875134">
  <ele>111.665001</ele>
  <time>2010-07-31T04:34:46Z</time>
</trkpt>
<trkpt lat="53.195011122" lon="48.012298588">
  <ele>111.760002</ele>
  <time>2010-07-31T04:34:47Z</time>
</trkpt>
<trkpt lat="53.195014978" lon="48.012722041">
  <ele>111.887001</ele>
  <time>2010-07-31T04:34:48Z</time>
</trkpt>
<trkpt lat="53.195018750" lon="48.013145411">
  <ele>111.682999</ele>
  <time>2010-07-31T04:34:49Z</time>
</trkpt>
<trkpt lat="53.195026377" lon="48.013568865">
  <ele>111.669998</ele>
  <time>2010-07-31T04:34:50Z</time>
</trkpt>
<trkpt lat="53.195030233" lon="48.013988463">
  <ele>111.434998</ele>
  <time>2010-07-31T04:34:51Z</time>
</trkpt>
<trkpt lat="53.195037860" lon="48.014408145">
  <ele>111.089996</ele>
  <time>2010-07-31T04:34:52Z</time>
</trkpt>
<trkpt lat="53.195041632" lon="48.014823887">
  <ele>110.680000</ele>
  <time>2010-07-31T04:34:53Z</time>
</trkpt>
<trkpt lat="53.195045488" lon="48.015239714">
  <ele>110.203003</ele>
  <time>2010-07-31T04:34:54Z</time>
</trkpt>
<trkpt lat="53.195053115" lon="48.015659312">
  <ele>109.582001</ele>
  <time>2010-07-31T04:34:55Z</time>
</trkpt>
<trkpt lat="53.195056887" lon="48.016078910">
  <ele>109.110001</ele>
  <time>2010-07-31T04:34:56Z</time>
</trkpt>
<trkpt lat="53.195064515" lon="48.016494736">
  <ele>108.574997</ele>
  <time>2010-07-31T04:34:57Z</time>
</trkpt>
<trkpt lat="53.195072142" lon="48.016910562">
  <ele>107.825996</ele>
  <time>2010-07-31T04:34:58Z</time>
</trkpt>
<trkpt lat="53.195079770" lon="48.017322533">
  <ele>107.181000</ele>
  <time>2010-07-31T04:34:59Z</time>
</trkpt>
<trkpt lat="53.195083626" lon="48.017734503">
  <ele>106.348000</ele>
  <time>2010-07-31T04:35:00Z</time>
</trkpt>
<trkpt lat="53.195091253" lon="48.018142702">
  <ele>105.306000</ele>
  <time>2010-07-31T04:35:01Z</time>
</trkpt>
<trkpt lat="53.195095025" lon="48.018554673">
  <ele>104.348999</ele>
  <time>2010-07-31T04:35:02Z</time>
</trkpt>
<trkpt lat="53.195098881" lon="48.018962871">
  <ele>103.610001</ele>
  <time>2010-07-31T04:35:03Z</time>
</trkpt>
<trkpt lat="53.195106508" lon="48.019374842">
  <ele>102.537003</ele>
  <time>2010-07-31T04:35:04Z</time>
</trkpt>
<trkpt lat="53.195110280" lon="48.019786812">
  <ele>101.428001</ele>
  <time>2010-07-31T04:35:05Z</time>
</trkpt>
<trkpt lat="53.195114136" lon="48.020202639">
  <ele>100.140999</ele>
  <time>2010-07-31T04:35:06Z</time>
</trkpt>
<trkpt lat="53.195121763" lon="48.020618465">
  <ele>98.917999</ele>
  <time>2010-07-31T04:35:07Z</time>
</trkpt>
<trkpt lat="53.195125619" lon="48.021034207">
  <ele>98.637001</ele>
  <time>2010-07-31T04:35:08Z</time>
</trkpt>
<trkpt lat="53.195129391" lon="48.021450033">
  <ele>98.834000</ele>
  <time>2010-07-31T04:35:09Z</time>
</trkpt>
<trkpt lat="53.195133246" lon="48.021873487">
  <ele>99.100998</ele>
  <time>2010-07-31T04:35:10Z</time>
</trkpt>
<trkpt lat="53.195140874" lon="48.022296941">
  <ele>99.615997</ele>
  <time>2010-07-31T04:35:11Z</time>
</trkpt>
<trkpt lat="53.195144646" lon="48.022716539">
  <ele>100.264999</ele>
  <time>2010-07-31T04:35:12Z</time>
</trkpt>
<trkpt lat="53.195148502" lon="48.023136137">
  <ele>100.941002</ele>
  <time>2010-07-31T04:35:13Z</time>
</trkpt>
<trkpt lat="53.195156129" lon="48.023548108">
  <ele>101.511002</ele>
  <time>2010-07-31T04:35:14Z</time>
</trkpt>
<trkpt lat="53.195163757" lon="48.023963934">
  <ele>101.709999</ele>
  <time>2010-07-31T04:35:15Z</time>
</trkpt>
<trkpt lat="53.195171384" lon="48.024375904">
  <ele>102.134003</ele>
  <time>2010-07-31T04:35:16Z</time>
</trkpt>
<trkpt lat="53.195175156" lon="48.024784103">
  <ele>102.601997</ele>
  <time>2010-07-31T04:35:17Z</time>
</trkpt>
<trkpt lat="53.195186639" lon="48.025188446">
  <ele>102.769997</ele>
  <time>2010-07-31T04:35:18Z</time>
</trkpt>
<trkpt lat="53.195190411" lon="48.025592789">
  <ele>103.183998</ele>
  <time>2010-07-31T04:35:19Z</time>
</trkpt>
<trkpt lat="53.195198039" lon="48.025993360">
  <ele>103.434998</ele>
  <time>2010-07-31T04:35:20Z</time>
</trkpt>
<trkpt lat="53.195201894" lon="48.026390076">
  <ele>103.832001</ele>
  <time>2010-07-31T04:35:21Z</time>
</trkpt>
<trkpt lat="53.195205666" lon="48.026786791">
  <ele>104.136002</ele>
  <time>2010-07-31T04:35:22Z</time>
</trkpt>
<trkpt lat="53.195213294" lon="48.027183507">
  <ele>104.501999</ele>
  <time>2010-07-31T04:35:23Z</time>
</trkpt>
<trkpt lat="53.195213294" lon="48.027580222">
  <ele>104.992996</ele>
  <time>2010-07-31T04:35:24Z</time>
</trkpt>
<trkpt lat="53.195220921" lon="48.027984649">
  <ele>105.394997</ele>
  <time>2010-07-31T04:35:25Z</time>
</trkpt>
<trkpt lat="53.195228549" lon="48.028388992">
  <ele>105.978996</ele>
  <time>2010-07-31T04:35:26Z</time>
</trkpt>
<trkpt lat="53.195228549" lon="48.028793335">
  <ele>106.359001</ele>
  <time>2010-07-31T04:35:27Z</time>
</trkpt>
<trkpt lat="53.195236176" lon="48.029205306">
  <ele>106.629997</ele>
  <time>2010-07-31T04:35:28Z</time>
</trkpt>
<trkpt lat="53.195240032" lon="48.029617276">
  <ele>106.952003</ele>
  <time>2010-07-31T04:35:29Z</time>
</trkpt>
<trkpt lat="53.195247659" lon="48.030029330">
  <ele>107.478996</ele>
  <time>2010-07-31T04:35:30Z</time>
</trkpt>
<trkpt lat="53.195255287" lon="48.030437445">
  <ele>108.188004</ele>
  <time>2010-07-31T04:35:31Z</time>
</trkpt>
<trkpt lat="53.195259059" lon="48.030853271">
  <ele>108.803001</ele>
  <time>2010-07-31T04:35:32Z</time>
</trkpt>
<trkpt lat="53.195262915" lon="48.031269098">
  <ele>109.271004</ele>
  <time>2010-07-31T04:35:33Z</time>
</trkpt>
<trkpt lat="53.195270542" lon="48.031684840">
  <ele>109.622002</ele>
  <time>2010-07-31T04:35:34Z</time>
</trkpt>
<trkpt lat="53.195274314" lon="48.032112150">
  <ele>109.972000</ele>
  <time>2010-07-31T04:35:35Z</time>
</trkpt>
<trkpt lat="53.195281941" lon="48.032539375">
  <ele>110.172997</ele>
  <time>2010-07-31T04:35:36Z</time>
</trkpt>
<trkpt lat="53.195285797" lon="48.032970456">
  <ele>110.422997</ele>
  <time>2010-07-31T04:35:37Z</time>
</trkpt>
<trkpt lat="53.195293425" lon="48.033401454">
  <ele>110.672997</ele>
  <time>2010-07-31T04:35:38Z</time>
</trkpt>
<trkpt lat="53.195297280" lon="48.033836391">
  <ele>110.785004</ele>
  <time>2010-07-31T04:35:39Z</time>
</trkpt>
<trkpt lat="53.195304908" lon="48.034275016">
  <ele>110.791000</ele>
  <time>2010-07-31T04:35:40Z</time>
</trkpt>
<trkpt lat="53.195312535" lon="48.034709953">
  <ele>110.948997</ele>
  <time>2010-07-31T04:35:41Z</time>
</trkpt>
<trkpt lat="53.195320163" lon="48.035137178">
  <ele>110.760002</ele>
  <time>2010-07-31T04:35:42Z</time>
</trkpt>
<trkpt lat="53.195323935" lon="48.035568260">
  <ele>110.658997</ele>
  <time>2010-07-31T04:35:43Z</time>
</trkpt>
<trkpt lat="53.195331562" lon="48.035995485">
  <ele>110.275002</ele>
  <time>2010-07-31T04:35:44Z</time>
</trkpt>
<trkpt lat="53.195339190" lon="48.036418939">
  <ele>110.181000</ele>
  <time>2010-07-31T04:35:45Z</time>
</trkpt>
<trkpt lat="53.195346817" lon="48.036838537">
  <ele>110.329002</ele>
  <time>2010-07-31T04:35:46Z</time>
</trkpt>
<trkpt lat="53.195350673" lon="48.037258135">
  <ele>110.462997</ele>
  <time>2010-07-31T04:35:47Z</time>
</trkpt>
<trkpt lat="53.195358301" lon="48.037677733">
  <ele>110.259003</ele>
  <time>2010-07-31T04:35:48Z</time>
</trkpt>
<trkpt lat="53.195362072" lon="48.038105043">
  <ele>110.313004</ele>
  <time>2010-07-31T04:35:49Z</time>
</trkpt>
<trkpt lat="53.195373556" lon="48.038524641">
  <ele>110.264000</ele>
  <time>2010-07-31T04:35:50Z</time>
</trkpt>
<trkpt lat="53.195381183" lon="48.038944239">
  <ele>110.142998</ele>
  <time>2010-07-31T04:35:51Z</time>
</trkpt>
<trkpt lat="53.195384955" lon="48.039356209">
  <ele>110.084000</ele>
  <time>2010-07-31T04:35:52Z</time>
</trkpt>
<trkpt lat="53.195388811" lon="48.039760552">
  <ele>110.093002</ele>
  <time>2010-07-31T04:35:53Z</time>
</trkpt>
<trkpt lat="53.195396438" lon="48.040157352">
  <ele>110.224998</ele>
  <time>2010-07-31T04:35:54Z</time>
</trkpt>
<trkpt lat="53.195400210" lon="48.040546440">
  <ele>110.204002</ele>
  <time>2010-07-31T04:35:55Z</time>
</trkpt>
<trkpt lat="53.195407838" lon="48.040931672">
  <ele>110.327003</ele>
  <time>2010-07-31T04:35:56Z</time>
</trkpt>
<trkpt lat="53.195411693" lon="48.041309360">
  <ele>110.495003</ele>
  <time>2010-07-31T04:35:57Z</time>
</trkpt>
<trkpt lat="53.195415465" lon="48.041683193">
  <ele>110.522003</ele>
  <time>2010-07-31T04:35:58Z</time>
</trkpt>
<trkpt lat="53.195423093" lon="48.042060882">
  <ele>110.276001</ele>
  <time>2010-07-31T04:35:59Z</time>
</trkpt>
<trkpt lat="53.195426948" lon="48.042427087">
  <ele>110.138000</ele>
  <time>2010-07-31T04:36:00Z</time>
</trkpt>
<trkpt lat="53.195434576" lon="48.042789437">
  <ele>110.226997</ele>
  <time>2010-07-31T04:36:01Z</time>
</trkpt>
<trkpt lat="53.195438348" lon="48.043140387">
  <ele>110.302002</ele>
  <time>2010-07-31T04:36:02Z</time>
</trkpt>
<trkpt lat="53.195442203" lon="48.043491337">
  <ele>110.125999</ele>
  <time>2010-07-31T04:36:03Z</time>
</trkpt>
<trkpt lat="53.195442203" lon="48.043834660">
  <ele>110.016998</ele>
  <time>2010-07-31T04:36:04Z</time>
</trkpt>
<trkpt lat="53.195442203" lon="48.044174211">
  <ele>110.028000</ele>
  <time>2010-07-31T04:36:05Z</time>
</trkpt>
<trkpt lat="53.195438348" lon="48.044509906">
  <ele>110.015999</ele>
  <time>2010-07-31T04:36:06Z</time>
</trkpt>
<trkpt lat="53.195434576" lon="48.044841746">
  <ele>110.125999</ele>
  <time>2010-07-31T04:36:07Z</time>
</trkpt>
<trkpt lat="53.195426948" lon="48.045166042">
  <ele>110.116997</ele>
  <time>2010-07-31T04:36:08Z</time>
</trkpt>
<trkpt lat="53.195419321" lon="48.045482626">
  <ele>110.028999</ele>
  <time>2010-07-31T04:36:09Z</time>
</trkpt>
<trkpt lat="53.195411693" lon="48.045795439">
  <ele>110.180000</ele>
  <time>2010-07-31T04:36:10Z</time>
</trkpt>
<trkpt lat="53.195404066" lon="48.046104396">
  <ele>110.089996</ele>
  <time>2010-07-31T04:36:11Z</time>
</trkpt>
<trkpt lat="53.195396438" lon="48.046409581">
  <ele>109.750999</ele>
  <time>2010-07-31T04:36:12Z</time>
</trkpt>
<trkpt lat="53.195384955" lon="48.046710994">
  <ele>109.289001</ele>
  <time>2010-07-31T04:36:13Z</time>
</trkpt>
<trkpt lat="53.195369700" lon="48.047016179">
  <ele>109.366997</ele>
  <time>2010-07-31T04:36:14Z</time>
</trkpt>
<trkpt lat="53.195354445" lon="48.047325136">
  <ele>109.435997</ele>
  <time>2010-07-31T04:36:15Z</time>
</trkpt>
<trkpt lat="53.195335418" lon="48.047634093">
  <ele>109.454002</ele>
  <time>2010-07-31T04:36:16Z</time>
</trkpt>
<trkpt lat="53.195327790" lon="48.047950761">
  <ele>109.314003</ele>
  <time>2010-07-31T04:36:17Z</time>
</trkpt>
<trkpt lat="53.195316307" lon="48.048271202">
  <ele>109.350998</ele>
  <time>2010-07-31T04:36:18Z</time>
</trkpt>
<trkpt lat="53.195304908" lon="48.048595414">
  <ele>109.463997</ele>
  <time>2010-07-31T04:36:19Z</time>
</trkpt>
<trkpt lat="53.195293425" lon="48.048923481">
  <ele>109.514000</ele>
  <time>2010-07-31T04:36:20Z</time>
</trkpt>
<trkpt lat="53.195281941" lon="48.049251549">
  <ele>109.509003</ele>
  <time>2010-07-31T04:36:21Z</time>
</trkpt>
<trkpt lat="53.195270542" lon="48.049591100">
  <ele>109.500999</ele>
  <time>2010-07-31T04:36:22Z</time>
</trkpt>
<trkpt lat="53.195259059" lon="48.049942050">
  <ele>109.349998</ele>
  <time>2010-07-31T04:36:23Z</time>
</trkpt>
<trkpt lat="53.195243804" lon="48.050304400">
  <ele>109.088997</ele>
  <time>2010-07-31T04:36:24Z</time>
</trkpt>
<trkpt lat="53.195228549" lon="48.050682088">
  <ele>109.271004</ele>
  <time>2010-07-31T04:36:25Z</time>
</trkpt>
<trkpt lat="53.195209522" lon="48.051067321">
  <ele>109.181999</ele>
  <time>2010-07-31T04:36:26Z</time>
</trkpt>
<trkpt lat="53.195190411" lon="48.051471747">
  <ele>108.962997</ele>
  <time>2010-07-31T04:36:27Z</time>
</trkpt>
<trkpt lat="53.195167528" lon="48.051879862">
  <ele>108.852997</ele>
  <time>2010-07-31T04:36:28Z</time>
</trkpt>
<trkpt lat="53.195148502" lon="48.052303316">
  <ele>108.586998</ele>
  <time>2010-07-31T04:36:29Z</time>
</trkpt>
<trkpt lat="53.195129391" lon="48.052730542">
  <ele>108.583000</ele>
  <time>2010-07-31T04:36:30Z</time>
</trkpt>
<trkpt lat="53.195106508" lon="48.053161623">
  <ele>108.239998</ele>
  <time>2010-07-31T04:36:31Z</time>
</trkpt>
<trkpt lat="53.195087397" lon="48.053588849">
  <ele>107.733002</ele>
  <time>2010-07-31T04:36:32Z</time>
</trkpt>
<trkpt lat="53.195068371" lon="48.053993192">
  <ele>107.367996</ele>
  <time>2010-07-31T04:36:33Z</time>
</trkpt>
<trkpt lat="53.195045488" lon="48.054367024">
  <ele>107.136002</ele>
  <time>2010-07-31T04:36:34Z</time>
</trkpt>
<trkpt lat="53.195022605" lon="48.054721830">
  <ele>106.746002</ele>
  <time>2010-07-31T04:36:35Z</time>
</trkpt>
<trkpt lat="53.195003495" lon="48.055061381">
  <ele>106.653000</ele>
  <time>2010-07-31T04:36:36Z</time>
</trkpt>
<trkpt lat="53.194984468" lon="48.055408476">
  <ele>106.488998</ele>
  <time>2010-07-31T04:36:37Z</time>
</trkpt>
<trkpt lat="53.194969213" lon="48.055759426">
  <ele>106.361000</ele>
  <time>2010-07-31T04:36:38Z</time>
</trkpt>
<trkpt lat="53.194957729" lon="48.056121860">
  <ele>106.280998</ele>
  <time>2010-07-31T04:36:39Z</time>
</trkpt>
<trkpt lat="53.194946330" lon="48.056495693">
  <ele>106.302002</ele>
  <time>2010-07-31T04:36:40Z</time>
</trkpt>
<trkpt lat="53.194934847" lon="48.056877153">
  <ele>106.026001</ele>
  <time>2010-07-31T04:36:41Z</time>
</trkpt>
<trkpt lat="53.194919592" lon="48.057270013">
  <ele>105.724998</ele>
  <time>2010-07-31T04:36:42Z</time>
</trkpt>
<trkpt lat="53.194908109" lon="48.057678211">
  <ele>105.193001</ele>
  <time>2010-07-31T04:36:43Z</time>
</trkpt>
<trkpt lat="53.194889082" lon="48.058097810">
  <ele>105.132004</ele>
  <time>2010-07-31T04:36:44Z</time>
</trkpt>
<trkpt lat="53.194869971" lon="48.058528891">
  <ele>104.676003</ele>
  <time>2010-07-31T04:36:45Z</time>
</trkpt>
<trkpt lat="53.194850944" lon="48.058967600">
  <ele>104.153000</ele>
  <time>2010-07-31T04:36:46Z</time>
</trkpt>
<trkpt lat="53.194828061" lon="48.059413936">
  <ele>103.873001</ele>
  <time>2010-07-31T04:36:47Z</time>
</trkpt>
<trkpt lat="53.194801323" lon="48.059864044">
  <ele>103.666000</ele>
  <time>2010-07-31T04:36:48Z</time>
</trkpt>
<trkpt lat="53.194770813" lon="48.060310381">
  <ele>103.308998</ele>
  <time>2010-07-31T04:36:49Z</time>
</trkpt>
<trkpt lat="53.194744075" lon="48.060752861">
  <ele>103.275002</ele>
  <time>2010-07-31T04:36:50Z</time>
</trkpt>
<trkpt lat="53.194725048" lon="48.061187714">
  <ele>102.809998</ele>
  <time>2010-07-31T04:36:51Z</time>
</trkpt>
<trkpt lat="53.194705937" lon="48.061615024">
  <ele>102.648003</ele>
  <time>2010-07-31T04:36:52Z</time>
</trkpt>
<trkpt lat="53.194686910" lon="48.062038394">
  <ele>102.278999</ele>
  <time>2010-07-31T04:36:53Z</time>
</trkpt>
<trkpt lat="53.194664028" lon="48.062458076">
  <ele>102.152000</ele>
  <time>2010-07-31T04:36:54Z</time>
</trkpt>
<trkpt lat="53.194644917" lon="48.062873818">
  <ele>101.971001</ele>
  <time>2010-07-31T04:36:55Z</time>
</trkpt>
<trkpt lat="53.194625890" lon="48.063293416">
  <ele>101.640999</ele>
  <time>2010-07-31T04:36:56Z</time>
</trkpt>
<trkpt lat="53.194606779" lon="48.063709242">
  <ele>101.258003</ele>
  <time>2010-07-31T04:36:57Z</time>
</trkpt>
<trkpt lat="53.194587668" lon="48.064125068">
  <ele>101.112000</ele>
  <time>2010-07-31T04:36:58Z</time>
</trkpt>
<trkpt lat="53.194564786" lon="48.064540895">
  <ele>100.850998</ele>
  <time>2010-07-31T04:36:59Z</time>
</trkpt>
<trkpt lat="53.194545759" lon="48.064952865">
  <ele>100.647003</ele>
  <time>2010-07-31T04:37:00Z</time>
</trkpt>
<trkpt lat="53.194526648" lon="48.065357208">
  <ele>100.213997</ele>
  <time>2010-07-31T04:37:01Z</time>
</trkpt>
<trkpt lat="53.194511393" lon="48.065765407">
  <ele>99.949997</ele>
  <time>2010-07-31T04:37:02Z</time>
</trkpt>
<trkpt lat="53.194492366" lon="48.066173522">
  <ele>99.635002</ele>
  <time>2010-07-31T04:37:03Z</time>
</trkpt>
<trkpt lat="53.194473255" lon="48.066581720">
  <ele>99.514999</ele>
  <time>2010-07-31T04:37:04Z</time>
</trkpt>
<trkpt lat="53.194454229" lon="48.066986063">
  <ele>99.191002</ele>
  <time>2010-07-31T04:37:05Z</time>
</trkpt>
<trkpt lat="53.194435118" lon="48.067386635">
  <ele>98.938004</ele>
  <time>2010-07-31T04:37:06Z</time>
</trkpt>
<trkpt lat="53.194416007" lon="48.067790978">
  <ele>98.657997</ele>
  <time>2010-07-31T04:37:07Z</time>
</trkpt>
<trkpt lat="53.194396980" lon="48.068191549">
  <ele>98.500999</ele>
  <time>2010-07-31T04:37:08Z</time>
</trkpt>
<trkpt lat="53.194377869" lon="48.068588264">
  <ele>98.571999</ele>
  <time>2010-07-31T04:37:09Z</time>
</trkpt>
<trkpt lat="53.194358842" lon="48.068984980">
  <ele>98.487999</ele>
  <time>2010-07-31T04:37:10Z</time>
</trkpt>
<trkpt lat="53.194339732" lon="48.069381695">
  <ele>98.179001</ele>
  <time>2010-07-31T04:37:11Z</time>
</trkpt>
<trkpt lat="53.194320705" lon="48.069774639">
  <ele>97.879997</ele>
  <time>2010-07-31T04:37:12Z</time>
</trkpt>
<trkpt lat="53.194305450" lon="48.070163727">
  <ele>97.466003</ele>
  <time>2010-07-31T04:37:13Z</time>
</trkpt>
<trkpt lat="53.194290195" lon="48.070556670">
  <ele>97.152000</ele>
  <time>2010-07-31T04:37:14Z</time>
</trkpt>
<trkpt lat="53.194274940" lon="48.070938131">
  <ele>97.089996</ele>
  <time>2010-07-31T04:37:15Z</time>
</trkpt>
<trkpt lat="53.194255829" lon="48.071323363">
  <ele>96.774002</ele>
  <time>2010-07-31T04:37:16Z</time>
</trkpt>
<trkpt lat="53.194236718" lon="48.071704824">
  <ele>96.237999</ele>
  <time>2010-07-31T04:37:17Z</time>
</trkpt>
<trkpt lat="53.194221463" lon="48.072090140">
  <ele>95.566002</ele>
  <time>2010-07-31T04:37:18Z</time>
</trkpt>
<trkpt lat="53.194206208" lon="48.072471600">
  <ele>94.935997</ele>
  <time>2010-07-31T04:37:19Z</time>
</trkpt>
<trkpt lat="53.194187181" lon="48.072853060">
  <ele>94.320000</ele>
  <time>2010-07-31T04:37:20Z</time>
</trkpt>
<trkpt lat="53.194168070" lon="48.073234521">
  <ele>93.470001</ele>
  <time>2010-07-31T04:37:21Z</time>
</trkpt>
<trkpt lat="53.194149043" lon="48.073619837">
  <ele>92.528999</ele>
  <time>2010-07-31T04:37:22Z</time>
</trkpt>
<trkpt lat="53.194129933" lon="48.074005153">
  <ele>91.419998</ele>
  <time>2010-07-31T04:37:23Z</time>
</trkpt>
<trkpt lat="53.194107050" lon="48.074401869">
  <ele>90.516998</ele>
  <time>2010-07-31T04:37:24Z</time>
</trkpt>
<trkpt lat="53.194091795" lon="48.074798584">
  <ele>89.399002</ele>
  <time>2010-07-31T04:37:25Z</time>
</trkpt>
<trkpt lat="53.194072684" lon="48.075206783">
  <ele>88.400002</ele>
  <time>2010-07-31T04:37:26Z</time>
</trkpt>
<trkpt lat="53.194057429" lon="48.075618753">
  <ele>87.498001</ele>
  <time>2010-07-31T04:37:27Z</time>
</trkpt>
<trkpt lat="53.194038402" lon="48.076038351">
  <ele>86.910004</ele>
  <time>2010-07-31T04:37:28Z</time>
</trkpt>
<trkpt lat="53.194015520" lon="48.076457949">
  <ele>86.418999</ele>
  <time>2010-07-31T04:37:29Z</time>
</trkpt>
<trkpt lat="53.193996409" lon="48.076885259">
  <ele>85.948997</ele>
  <time>2010-07-31T04:37:30Z</time>
</trkpt>
<trkpt lat="53.193973526" lon="48.077308629">
  <ele>85.612999</ele>
  <time>2010-07-31T04:37:31Z</time>
</trkpt>
<trkpt lat="53.193954499" lon="48.077735938">
  <ele>85.624001</ele>
  <time>2010-07-31T04:37:32Z</time>
</trkpt>
<trkpt lat="53.193935389" lon="48.078163164">
  <ele>85.712997</ele>
  <time>2010-07-31T04:37:33Z</time>
</trkpt>
<trkpt lat="53.193916362" lon="48.078594245">
  <ele>86.073997</ele>
  <time>2010-07-31T04:37:34Z</time>
</trkpt>
<trkpt lat="53.193893395" lon="48.079025242">
  <ele>86.625999</ele>
  <time>2010-07-31T04:37:35Z</time>
</trkpt>
<trkpt lat="53.193870513" lon="48.079460179">
  <ele>87.773003</ele>
  <time>2010-07-31T04:37:36Z</time>
</trkpt>
<trkpt lat="53.193855258" lon="48.079891177">
  <ele>88.697998</ele>
  <time>2010-07-31T04:37:37Z</time>
</trkpt>
<trkpt lat="53.193840003" lon="48.080326114">
  <ele>89.611000</ele>
  <time>2010-07-31T04:37:38Z</time>
</trkpt>
<trkpt lat="53.193817120" lon="48.080757111">
  <ele>90.643997</ele>
  <time>2010-07-31T04:37:39Z</time>
</trkpt>
<trkpt lat="53.193798093" lon="48.081180565">
  <ele>91.805000</ele>
  <time>2010-07-31T04:37:40Z</time>
</trkpt>
<trkpt lat="53.193775211" lon="48.081600163">
  <ele>92.953003</ele>
  <time>2010-07-31T04:37:41Z</time>
</trkpt>
<trkpt lat="53.193756100" lon="48.082008362">
  <ele>94.091003</ele>
  <time>2010-07-31T04:37:42Z</time>
</trkpt>
<trkpt lat="53.193740845" lon="48.082412705">
  <ele>94.901001</ele>
  <time>2010-07-31T04:37:43Z</time>
</trkpt>
<trkpt lat="53.193721734" lon="48.082817048">
  <ele>95.500999</ele>
  <time>2010-07-31T04:37:44Z</time>
</trkpt>
<trkpt lat="53.193706479" lon="48.083217619">
  <ele>96.541000</ele>
  <time>2010-07-31T04:37:45Z</time>
</trkpt>
<trkpt lat="53.193687452" lon="48.083614334">
  <ele>97.304001</ele>
  <time>2010-07-31T04:37:46Z</time>
</trkpt>
<trkpt lat="53.193672197" lon="48.083999651">
  <ele>97.916000</ele>
  <time>2010-07-31T04:37:47Z</time>
</trkpt>
<trkpt lat="53.193656942" lon="48.084377255">
  <ele>98.536003</ele>
  <time>2010-07-31T04:37:48Z</time>
</trkpt>
<trkpt lat="53.193637831" lon="48.084747316">
  <ele>99.073997</ele>
  <time>2010-07-31T04:37:49Z</time>
</trkpt>
<trkpt lat="53.193618804" lon="48.085113522">
  <ele>99.605003</ele>
  <time>2010-07-31T04:37:50Z</time>
</trkpt>
<trkpt lat="53.193595922" lon="48.085475955">
  <ele>99.885002</ele>
  <time>2010-07-31T04:37:51Z</time>
</trkpt>
<trkpt lat="53.193573039" lon="48.085842161">
  <ele>100.219002</ele>
  <time>2010-07-31T04:37:52Z</time>
</trkpt>
<trkpt lat="53.193550073" lon="48.086208366">
  <ele>100.456001</ele>
  <time>2010-07-31T04:37:53Z</time>
</trkpt>
<trkpt lat="53.193534818" lon="48.086582199">
  <ele>100.790001</ele>
  <time>2010-07-31T04:37:54Z</time>
</trkpt>
<trkpt lat="53.193515791" lon="48.086952176">
  <ele>101.306999</ele>
  <time>2010-07-31T04:37:55Z</time>
</trkpt>
<trkpt lat="53.193500536" lon="48.087322237">
  <ele>101.717003</ele>
  <time>2010-07-31T04:37:56Z</time>
</trkpt>
<trkpt lat="53.193485280" lon="48.087696070">
  <ele>102.092003</ele>
  <time>2010-07-31T04:37:57Z</time>
</trkpt>
<trkpt lat="53.193470025" lon="48.088069903">
  <ele>102.432999</ele>
  <time>2010-07-31T04:37:58Z</time>
</trkpt>
<trkpt lat="53.193454770" lon="48.088455219">
  <ele>102.775002</ele>
  <time>2010-07-31T04:37:59Z</time>
</trkpt>
<trkpt lat="53.193435660" lon="48.088836679">
  <ele>102.903000</ele>
  <time>2010-07-31T04:38:00Z</time>
</trkpt>
<trkpt lat="53.193416633" lon="48.089221995">
  <ele>103.160004</ele>
  <time>2010-07-31T04:38:01Z</time>
</trkpt>
<trkpt lat="53.193401378" lon="48.089611083">
  <ele>103.346001</ele>
  <time>2010-07-31T04:38:02Z</time>
</trkpt>
<trkpt lat="53.193386039" lon="48.090003943">
  <ele>103.336998</ele>
  <time>2010-07-31T04:38:03Z</time>
</trkpt>
<trkpt lat="53.193370784" lon="48.090400659">
  <ele>103.619003</ele>
  <time>2010-07-31T04:38:04Z</time>
</trkpt>
<trkpt lat="53.193351757" lon="48.090797458">
  <ele>103.921997</ele>
  <time>2010-07-31T04:38:05Z</time>
</trkpt>
<trkpt lat="53.193336502" lon="48.091197945">
  <ele>104.126999</ele>
  <time>2010-07-31T04:38:06Z</time>
</trkpt>
<trkpt lat="53.193313619" lon="48.091598516">
  <ele>104.324997</ele>
  <time>2010-07-31T04:38:07Z</time>
</trkpt>
<trkpt lat="53.193298364" lon="48.091999087">
  <ele>104.525002</ele>
  <time>2010-07-31T04:38:08Z</time>
</trkpt>
<trkpt lat="53.193279253" lon="48.092407202">
  <ele>104.636002</ele>
  <time>2010-07-31T04:38:09Z</time>
</trkpt>
<trkpt lat="53.193263998" lon="48.092811545">
  <ele>104.740997</ele>
  <time>2010-07-31T04:38:10Z</time>
</trkpt>
<trkpt lat="53.193244971" lon="48.093219744">
  <ele>104.608002</ele>
  <time>2010-07-31T04:38:11Z</time>
</trkpt>
<trkpt lat="53.193225861" lon="48.093627943">
  <ele>104.683998</ele>
  <time>2010-07-31T04:38:12Z</time>
</trkpt>
<trkpt lat="53.193206750" lon="48.094036141">
  <ele>104.695999</ele>
  <time>2010-07-31T04:38:13Z</time>
</trkpt>
<trkpt lat="53.193187723" lon="48.094448112">
  <ele>104.689003</ele>
  <time>2010-07-31T04:38:14Z</time>
</trkpt>
<trkpt lat="53.193164840" lon="48.094863854">
  <ele>104.570000</ele>
  <time>2010-07-31T04:38:15Z</time>
</trkpt>
<trkpt lat="53.193145730" lon="48.095275909">
  <ele>104.434998</ele>
  <time>2010-07-31T04:38:16Z</time>
</trkpt>
<trkpt lat="53.193126703" lon="48.095691651">
  <ele>104.263000</ele>
  <time>2010-07-31T04:38:17Z</time>
</trkpt>
<trkpt lat="53.193107592" lon="48.096103705">
  <ele>103.836998</ele>
  <time>2010-07-31T04:38:18Z</time>
</trkpt>
<trkpt lat="53.193088565" lon="48.096515676">
  <ele>103.440002</ele>
  <time>2010-07-31T04:38:19Z</time>
</trkpt>
<trkpt lat="53.193065682" lon="48.096927647">
  <ele>103.130997</ele>
  <time>2010-07-31T04:38:20Z</time>
</trkpt>
<trkpt lat="53.193046572" lon="48.097335845">
  <ele>102.692001</ele>
  <time>2010-07-31T04:38:21Z</time>
</trkpt>
<trkpt lat="53.193031317" lon="48.097743960">
  <ele>102.226997</ele>
  <time>2010-07-31T04:38:22Z</time>
</trkpt>
<trkpt lat="53.193012206" lon="48.098148387">
  <ele>101.750000</ele>
  <time>2010-07-31T04:38:23Z</time>
</trkpt>
<trkpt lat="53.192993179" lon="48.098548874">
  <ele>101.052002</ele>
  <time>2010-07-31T04:38:24Z</time>
</trkpt>
<trkpt lat="53.192977924" lon="48.098945590">
  <ele>100.320000</ele>
  <time>2010-07-31T04:38:25Z</time>
</trkpt>
<trkpt lat="53.192958813" lon="48.099338533">
  <ele>99.654999</ele>
  <time>2010-07-31T04:38:26Z</time>
</trkpt>
<trkpt lat="53.192939786" lon="48.099735249">
  <ele>98.878998</ele>
  <time>2010-07-31T04:38:27Z</time>
</trkpt>
<trkpt lat="53.192920676" lon="48.100131964">
  <ele>98.095001</ele>
  <time>2010-07-31T04:38:28Z</time>
</trkpt>
<trkpt lat="53.192901649" lon="48.100524908">
  <ele>97.363998</ele>
  <time>2010-07-31T04:38:29Z</time>
</trkpt>
<trkpt lat="53.192882538" lon="48.100917852">
  <ele>96.558998</ele>
  <time>2010-07-31T04:38:30Z</time>
</trkpt>
<trkpt lat="53.192863427" lon="48.101310711">
  <ele>95.698997</ele>
  <time>2010-07-31T04:38:31Z</time>
</trkpt>
<trkpt lat="53.192844400" lon="48.101707427">
  <ele>95.071999</ele>
  <time>2010-07-31T04:38:32Z</time>
</trkpt>
<trkpt lat="53.192829145" lon="48.102096599">
  <ele>94.496002</ele>
  <time>2010-07-31T04:38:33Z</time>
</trkpt>
<trkpt lat="53.192810034" lon="48.102489458">
  <ele>93.821999</ele>
  <time>2010-07-31T04:38:34Z</time>
</trkpt>
<trkpt lat="53.192791007" lon="48.102878546">
  <ele>93.000000</ele>
  <time>2010-07-31T04:38:35Z</time>
</trkpt>
<trkpt lat="53.192771897" lon="48.103260007">
  <ele>92.235001</ele>
  <time>2010-07-31T04:38:36Z</time>
</trkpt>
<trkpt lat="53.192756642" lon="48.103641551">
  <ele>91.532997</ele>
  <time>2010-07-31T04:38:37Z</time>
</trkpt>
<trkpt lat="53.192737615" lon="48.104026783">
  <ele>90.817001</ele>
  <time>2010-07-31T04:38:38Z</time>
</trkpt>
<trkpt lat="53.192718504" lon="48.104408244">
  <ele>90.224998</ele>
  <time>2010-07-31T04:38:39Z</time>
</trkpt>
<trkpt lat="53.192699393" lon="48.104782077">
  <ele>89.376999</ele>
  <time>2010-07-31T04:38:40Z</time>
</trkpt>
<trkpt lat="53.192676511" lon="48.105155909">
  <ele>88.628998</ele>
  <time>2010-07-31T04:38:41Z</time>
</trkpt>
<trkpt lat="53.192657484" lon="48.105529826">
  <ele>87.906998</ele>
  <time>2010-07-31T04:38:42Z</time>
</trkpt>
<trkpt lat="53.192638373" lon="48.105903659">
  <ele>87.081001</ele>
  <time>2010-07-31T04:38:43Z</time>
</trkpt>
<trkpt lat="53.192619346" lon="48.106281264">
  <ele>86.396004</ele>
  <time>2010-07-31T04:38:44Z</time>
</trkpt>
<trkpt lat="53.192600235" lon="48.106658952">
  <ele>85.693001</ele>
  <time>2010-07-31T04:38:45Z</time>
</trkpt>
<trkpt lat="53.192581208" lon="48.107036557">
  <ele>84.890999</ele>
  <time>2010-07-31T04:38:46Z</time>
</trkpt>
<trkpt lat="53.192562098" lon="48.107414246">
  <ele>84.074997</ele>
  <time>2010-07-31T04:38:47Z</time>
</trkpt>
<trkpt lat="53.192546843" lon="48.107799562">
  <ele>83.193001</ele>
  <time>2010-07-31T04:38:48Z</time>
</trkpt>
<trkpt lat="53.192527732" lon="48.108188650">
  <ele>82.261002</ele>
  <time>2010-07-31T04:38:49Z</time>
</trkpt>
<trkpt lat="53.192512477" lon="48.108592993">
  <ele>81.125999</ele>
  <time>2010-07-31T04:38:50Z</time>
</trkpt>
<trkpt lat="53.192501077" lon="48.109004963">
  <ele>80.285004</ele>
  <time>2010-07-31T04:38:51Z</time>
</trkpt>
<trkpt lat="53.192485822" lon="48.109424561">
  <ele>79.494003</ele>
  <time>2010-07-31T04:38:52Z</time>
</trkpt>
<trkpt lat="53.192470567" lon="48.109848015">
  <ele>79.241997</ele>
  <time>2010-07-31T04:38:53Z</time>
</trkpt>
<trkpt lat="53.192451457" lon="48.110275241">
  <ele>78.834999</ele>
  <time>2010-07-31T04:38:54Z</time>
</trkpt>
<trkpt lat="53.192428574" lon="48.110702550">
  <ele>79.007004</ele>
  <time>2010-07-31T04:38:55Z</time>
</trkpt>
<trkpt lat="53.192409547" lon="48.111133547">
  <ele>79.093002</ele>
  <time>2010-07-31T04:38:56Z</time>
</trkpt>
<trkpt lat="53.192386664" lon="48.111564629">
  <ele>79.174004</ele>
  <time>2010-07-31T04:38:57Z</time>
</trkpt>
<trkpt lat="53.192367554" lon="48.111995710">
  <ele>79.677002</ele>
  <time>2010-07-31T04:38:58Z</time>
</trkpt>
<trkpt lat="53.192348443" lon="48.112422936">
  <ele>80.364998</ele>
  <time>2010-07-31T04:38:59Z</time>
</trkpt>
<trkpt lat="53.192325560" lon="48.112842534">
  <ele>81.420998</ele>
  <time>2010-07-31T04:39:00Z</time>
</trkpt>
<trkpt lat="53.192306533" lon="48.113258360">
  <ele>82.918999</ele>
  <time>2010-07-31T04:39:01Z</time>
</trkpt>
<trkpt lat="53.192283651" lon="48.113670330">
  <ele>84.285004</ele>
  <time>2010-07-31T04:39:02Z</time>
</trkpt>
<trkpt lat="53.192264540" lon="48.114078529">
  <ele>85.415001</ele>
  <time>2010-07-31T04:39:03Z</time>
</trkpt>
<trkpt lat="53.192245513" lon="48.114479100">
  <ele>86.648003</ele>
  <time>2010-07-31T04:39:04Z</time>
</trkpt>
<trkpt lat="53.192226402" lon="48.114875816">
  <ele>87.739998</ele>
  <time>2010-07-31T04:39:05Z</time>
</trkpt>
<trkpt lat="53.192207376" lon="48.115272531">
  <ele>88.870003</ele>
  <time>2010-07-31T04:39:06Z</time>
</trkpt>
<trkpt lat="53.192188265" lon="48.115669247">
  <ele>89.873001</ele>
  <time>2010-07-31T04:39:07Z</time>
</trkpt>
<trkpt lat="53.192165382" lon="48.116065962">
  <ele>90.529999</ele>
  <time>2010-07-31T04:39:08Z</time>
</trkpt>
<trkpt lat="53.192146271" lon="48.116462678">
  <ele>91.092003</ele>
  <time>2010-07-31T04:39:09Z</time>
</trkpt>
<trkpt lat="53.192127245" lon="48.116855621">
  <ele>91.862999</ele>
  <time>2010-07-31T04:39:10Z</time>
</trkpt>
<trkpt lat="53.192108134" lon="48.117248565">
  <ele>92.635002</ele>
  <time>2010-07-31T04:39:11Z</time>
</trkpt>
<trkpt lat="53.192089107" lon="48.117637653">
  <ele>93.469002</ele>
  <time>2010-07-31T04:39:12Z</time>
</trkpt>
<trkpt lat="53.192069996" lon="48.118022885">
  <ele>94.122002</ele>
  <time>2010-07-31T04:39:13Z</time>
</trkpt>
<trkpt lat="53.192050969" lon="48.118404429">
  <ele>94.890999</ele>
  <time>2010-07-31T04:39:14Z</time>
</trkpt>
<trkpt lat="53.192031858" lon="48.118785890">
  <ele>95.531998</ele>
  <time>2010-07-31T04:39:15Z</time>
</trkpt>
<trkpt lat="53.192016603" lon="48.119167350">
  <ele>96.091003</ele>
  <time>2010-07-31T04:39:16Z</time>
</trkpt>
<trkpt lat="53.191997493" lon="48.119548811">
  <ele>96.639000</ele>
  <time>2010-07-31T04:39:17Z</time>
</trkpt>
<trkpt lat="53.191978466" lon="48.119934043">
  <ele>97.222000</ele>
  <time>2010-07-31T04:39:18Z</time>
</trkpt>
<trkpt lat="53.191963211" lon="48.120319359">
  <ele>97.665001</ele>
  <time>2010-07-31T04:39:19Z</time>
</trkpt>
<trkpt lat="53.191944100" lon="48.120708447">
  <ele>98.250999</ele>
  <time>2010-07-31T04:39:20Z</time>
</trkpt>
<trkpt lat="53.191925073" lon="48.121093763">
  <ele>98.992996</ele>
  <time>2010-07-31T04:39:21Z</time>
</trkpt>
<trkpt lat="53.191905962" lon="48.121478995">
  <ele>99.740997</ele>
  <time>2010-07-31T04:39:22Z</time>
</trkpt>
<trkpt lat="53.191890707" lon="48.121868167">
  <ele>100.399002</ele>
  <time>2010-07-31T04:39:23Z</time>
</trkpt>
<trkpt lat="53.191871680" lon="48.122261027">
  <ele>101.098999</ele>
  <time>2010-07-31T04:39:24Z</time>
</trkpt>
<trkpt lat="53.191852570" lon="48.122650115">
  <ele>101.588997</ele>
  <time>2010-07-31T04:39:25Z</time>
</trkpt>
<trkpt lat="53.191837315" lon="48.123043058">
  <ele>101.969002</ele>
  <time>2010-07-31T04:39:26Z</time>
</trkpt>
<trkpt lat="53.191818204" lon="48.123432146">
  <ele>102.619003</ele>
  <time>2010-07-31T04:39:27Z</time>
</trkpt>
<trkpt lat="53.191802949" lon="48.123825090">
  <ele>103.178001</ele>
  <time>2010-07-31T04:39:28Z</time>
</trkpt>
<trkpt lat="53.191783922" lon="48.124217950">
  <ele>103.835999</ele>
  <time>2010-07-31T04:39:29Z</time>
</trkpt>
<trkpt lat="53.191764811" lon="48.124614749">
  <ele>104.389000</ele>
  <time>2010-07-31T04:39:30Z</time>
</trkpt>
<trkpt lat="53.191745784" lon="48.125007609">
  <ele>104.947998</ele>
  <time>2010-07-31T04:39:31Z</time>
</trkpt>
<trkpt lat="53.191726673" lon="48.125404324">
  <ele>105.389000</ele>
  <time>2010-07-31T04:39:32Z</time>
</trkpt>
<trkpt lat="53.191711418" lon="48.125804896">
  <ele>105.861000</ele>
  <time>2010-07-31T04:39:33Z</time>
</trkpt>
<trkpt lat="53.191696163" lon="48.126201611">
  <ele>106.445999</ele>
  <time>2010-07-31T04:39:34Z</time>
</trkpt>
<trkpt lat="53.191677053" lon="48.126602182">
  <ele>107.049004</ele>
  <time>2010-07-31T04:39:35Z</time>
</trkpt>
<trkpt lat="53.191661797" lon="48.127006525">
  <ele>107.457001</ele>
  <time>2010-07-31T04:39:36Z</time>
</trkpt>
<trkpt lat="53.191642771" lon="48.127414724">
  <ele>107.994003</ele>
  <time>2010-07-31T04:39:37Z</time>
</trkpt>
<trkpt lat="53.191623660" lon="48.127815211">
  <ele>108.508003</ele>
  <time>2010-07-31T04:39:38Z</time>
</trkpt>
<trkpt lat="53.191608405" lon="48.128219638">
  <ele>109.171997</ele>
  <time>2010-07-31T04:39:39Z</time>
</trkpt>
<trkpt lat="53.191589378" lon="48.128627753">
  <ele>109.693001</ele>
  <time>2010-07-31T04:39:40Z</time>
</trkpt>
<trkpt lat="53.191574123" lon="48.129028324">
  <ele>110.218002</ele>
  <time>2010-07-31T04:39:41Z</time>
</trkpt>
<trkpt lat="53.191555012" lon="48.129432667">
  <ele>110.813004</ele>
  <time>2010-07-31T04:39:42Z</time>
</trkpt>
<trkpt lat="53.191535985" lon="48.129833238">
  <ele>111.186996</ele>
  <time>2010-07-31T04:39:43Z</time>
</trkpt>
<trkpt lat="53.191516874" lon="48.130229954">
  <ele>111.665001</ele>
  <time>2010-07-31T04:39:44Z</time>
</trkpt>
<trkpt lat="53.191497764" lon="48.130626669">
  <ele>112.405998</ele>
  <time>2010-07-31T04:39:45Z</time>
</trkpt>
<trkpt lat="53.191482509" lon="48.131023385">
  <ele>112.934998</ele>
  <time>2010-07-31T04:39:46Z</time>
</trkpt>
<trkpt lat="53.191463482" lon="48.131420100">
  <ele>113.463997</ele>
  <time>2010-07-31T04:39:47Z</time>
</trkpt>
<trkpt lat="53.191448227" lon="48.131816899">
  <ele>114.128998</ele>
  <time>2010-07-31T04:39:48Z</time>
</trkpt>
<trkpt lat="53.191429116" lon="48.132205987">
  <ele>114.723999</ele>
  <time>2010-07-31T04:39:49Z</time>
</trkpt>
<trkpt lat="53.191413861" lon="48.132591220">
  <ele>115.143997</ele>
  <time>2010-07-31T04:39:50Z</time>
</trkpt>
<trkpt lat="53.191394834" lon="48.132965053">
  <ele>115.578003</ele>
  <time>2010-07-31T04:39:51Z</time>
</trkpt>
<trkpt lat="53.191379579" lon="48.133335114">
  <ele>115.942001</ele>
  <time>2010-07-31T04:39:52Z</time>
</trkpt>
<trkpt lat="53.191360468" lon="48.133708946">
  <ele>115.981003</ele>
  <time>2010-07-31T04:39:53Z</time>
</trkpt>
<trkpt lat="53.191345213" lon="48.134079007">
  <ele>116.233002</ele>
  <time>2010-07-31T04:39:54Z</time>
</trkpt>
<trkpt lat="53.191326102" lon="48.134448985">
  <ele>116.535004</ele>
  <time>2010-07-31T04:39:55Z</time>
</trkpt>
<trkpt lat="53.191307075" lon="48.134822818">
  <ele>116.897003</ele>
  <time>2010-07-31T04:39:56Z</time>
</trkpt>
<trkpt lat="53.191291820" lon="48.135196650">
  <ele>117.153000</ele>
  <time>2010-07-31T04:39:57Z</time>
</trkpt>
<trkpt lat="53.191272710" lon="48.135570567">
  <ele>117.486000</ele>
  <time>2010-07-31T04:39:58Z</time>
</trkpt>
<trkpt lat="53.191257454" lon="48.135948172">
  <ele>117.578003</ele>
  <time>2010-07-31T04:39:59Z</time>
</trkpt>
<trkpt lat="53.191238428" lon="48.136329632">
  <ele>117.686996</ele>
  <time>2010-07-31T04:40:00Z</time>
</trkpt>
<trkpt lat="53.191223172" lon="48.136711093">
  <ele>117.663002</ele>
  <time>2010-07-31T04:40:01Z</time>
</trkpt>
<trkpt lat="53.191204062" lon="48.137092553">
  <ele>117.690002</ele>
  <time>2010-07-31T04:40:02Z</time>
</trkpt>
<trkpt lat="53.191188807" lon="48.137474097">
  <ele>117.670998</ele>
  <time>2010-07-31T04:40:03Z</time>
</trkpt>
<trkpt lat="53.191169780" lon="48.137859330">
  <ele>117.707001</ele>
  <time>2010-07-31T04:40:04Z</time>
</trkpt>
<trkpt lat="53.191150669" lon="48.138248418">
  <ele>117.666000</ele>
  <time>2010-07-31T04:40:05Z</time>
</trkpt>
<trkpt lat="53.191131558" lon="48.138629878">
  <ele>117.624001</ele>
  <time>2010-07-31T04:40:06Z</time>
</trkpt>
<trkpt lat="53.191116303" lon="48.139011422">
  <ele>117.608002</ele>
  <time>2010-07-31T04:40:07Z</time>
</trkpt>
<trkpt lat="53.191097276" lon="48.139381399">
  <ele>117.740997</ele>
  <time>2010-07-31T04:40:08Z</time>
</trkpt>
<trkpt lat="53.191082021" lon="48.139728578">
  <ele>117.746002</ele>
  <time>2010-07-31T04:40:09Z</time>
</trkpt>
<trkpt lat="53.191066766" lon="48.140064273">
  <ele>117.694000</ele>
  <time>2010-07-31T04:40:10Z</time>
</trkpt>
<trkpt lat="53.191047655" lon="48.140380858">
  <ele>117.546997</ele>
  <time>2010-07-31T04:40:11Z</time>
</trkpt>
<trkpt lat="53.191028628" lon="48.140682187">
  <ele>117.554001</ele>
  <time>2010-07-31T04:40:12Z</time>
</trkpt>
<trkpt lat="53.191013373" lon="48.140964489">
  <ele>117.376999</ele>
  <time>2010-07-31T04:40:13Z</time>
</trkpt>
<trkpt lat="53.191001890" lon="48.141223909">
  <ele>117.268997</ele>
  <time>2010-07-31T04:40:14Z</time>
</trkpt>
<trkpt lat="53.190986635" lon="48.141468074">
  <ele>117.038002</ele>
  <time>2010-07-31T04:40:15Z</time>
</trkpt>
<trkpt lat="53.190979008" lon="48.141700756">
  <ele>116.816002</ele>
  <time>2010-07-31T04:40:16Z</time>
</trkpt>
<trkpt lat="53.190967524" lon="48.141941065">
  <ele>116.537003</ele>
  <time>2010-07-31T04:40:17Z</time>
</trkpt>
<trkpt lat="53.190959897" lon="48.142173747">
  <ele>116.320000</ele>
  <time>2010-07-31T04:40:18Z</time>
</trkpt>
<trkpt lat="53.190948498" lon="48.142406428">
  <ele>116.070000</ele>
  <time>2010-07-31T04:40:19Z</time>
</trkpt>
<trkpt lat="53.190933242" lon="48.142642966">
  <ele>115.775002</ele>
  <time>2010-07-31T04:40:20Z</time>
</trkpt>
<trkpt lat="53.190921759" lon="48.142879503">
  <ele>115.561996</ele>
  <time>2010-07-31T04:40:21Z</time>
</trkpt>
<trkpt lat="53.190910360" lon="48.143112184">
  <ele>115.421997</ele>
  <time>2010-07-31T04:40:22Z</time>
</trkpt>
<trkpt lat="53.190898877" lon="48.143344866">
  <ele>115.166000</ele>
  <time>2010-07-31T04:40:23Z</time>
</trkpt>
<trkpt lat="53.190887477" lon="48.143573776">
  <ele>114.827003</ele>
  <time>2010-07-31T04:40:24Z</time>
</trkpt>
<trkpt lat="53.190875994" lon="48.143806458">
  <ele>114.505997</ele>
  <time>2010-07-31T04:40:25Z</time>
</trkpt>
<trkpt lat="53.190864595" lon="48.144039139">
  <ele>114.155998</ele>
  <time>2010-07-31T04:40:26Z</time>
</trkpt>
<trkpt lat="53.190853111" lon="48.144268049">
  <ele>113.978996</ele>
  <time>2010-07-31T04:40:27Z</time>
</trkpt>
<trkpt lat="53.190845484" lon="48.144493103">
  <ele>113.787003</ele>
  <time>2010-07-31T04:40:28Z</time>
</trkpt>
<trkpt lat="53.190834085" lon="48.144722013">
  <ele>113.513000</ele>
  <time>2010-07-31T04:40:29Z</time>
</trkpt>
<trkpt lat="53.190826457" lon="48.144950839">
  <ele>113.469002</ele>
  <time>2010-07-31T04:40:30Z</time>
</trkpt>
<trkpt lat="53.190814974" lon="48.145172121">
  <ele>113.411003</ele>
  <time>2010-07-31T04:40:31Z</time>
</trkpt>
<trkpt lat="53.190803491" lon="48.145393403">
  <ele>113.191002</ele>
  <time>2010-07-31T04:40:32Z</time>
</trkpt>
<trkpt lat="53.190792091" lon="48.145610830">
  <ele>113.033997</ele>
  <time>2010-07-31T04:40:33Z</time>
</trkpt>
<trkpt lat="53.190780608" lon="48.145832028">
  <ele>112.773003</ele>
  <time>2010-07-31T04:40:34Z</time>
</trkpt>
<trkpt lat="53.190772980" lon="48.146053310">
  <ele>112.378998</ele>
  <time>2010-07-31T04:40:35Z</time>
</trkpt>
<trkpt lat="53.190761581" lon="48.146282220">
  <ele>111.976997</ele>
  <time>2010-07-31T04:40:36Z</time>
</trkpt>
<trkpt lat="53.190746326" lon="48.146514902">
  <ele>111.747002</ele>
  <time>2010-07-31T04:40:37Z</time>
</trkpt>
<trkpt lat="53.190731071" lon="48.146762839">
  <ele>111.442001</ele>
  <time>2010-07-31T04:40:38Z</time>
</trkpt>
<trkpt lat="53.190719588" lon="48.147018403">
  <ele>111.121002</ele>
  <time>2010-07-31T04:40:39Z</time>
</trkpt>
<trkpt lat="53.190704333" lon="48.147285450">
  <ele>110.814003</ele>
  <time>2010-07-31T04:40:40Z</time>
</trkpt>
<trkpt lat="53.190689078" lon="48.147563897">
  <ele>110.445999</ele>
  <time>2010-07-31T04:40:41Z</time>
</trkpt>
<trkpt lat="53.190673823" lon="48.147850055">
  <ele>110.152000</ele>
  <time>2010-07-31T04:40:42Z</time>
</trkpt>
<trkpt lat="53.190658567" lon="48.148139985">
  <ele>109.841003</ele>
  <time>2010-07-31T04:40:43Z</time>
</trkpt>
<trkpt lat="53.190647084" lon="48.148441315">
  <ele>109.666000</ele>
  <time>2010-07-31T04:40:44Z</time>
</trkpt>
<trkpt lat="53.190631829" lon="48.148750272">
  <ele>109.470001</ele>
  <time>2010-07-31T04:40:45Z</time>
</trkpt>
<trkpt lat="53.190616574" lon="48.149063084">
  <ele>109.172997</ele>
  <time>2010-07-31T04:40:46Z</time>
</trkpt>
<trkpt lat="53.190601319" lon="48.149383524">
  <ele>108.969002</ele>
  <time>2010-07-31T04:40:47Z</time>
</trkpt>
<trkpt lat="53.190586064" lon="48.149711592">
  <ele>108.807999</ele>
  <time>2010-07-31T04:40:48Z</time>
</trkpt>
<trkpt lat="53.190574665" lon="48.150043515">
  <ele>108.607002</ele>
  <time>2010-07-31T04:40:49Z</time>
</trkpt>
<trkpt lat="53.190559410" lon="48.150382983">
  <ele>108.429001</ele>
  <time>2010-07-31T04:40:50Z</time>
</trkpt>
<trkpt lat="53.190544154" lon="48.150730161">
  <ele>108.377998</ele>
  <time>2010-07-31T04:40:51Z</time>
</trkpt>
<trkpt lat="53.190528899" lon="48.151081111">
  <ele>108.357002</ele>
  <time>2010-07-31T04:40:52Z</time>
</trkpt>
<trkpt lat="53.190513644" lon="48.151435833">
  <ele>108.401001</ele>
  <time>2010-07-31T04:40:53Z</time>
</trkpt>
<trkpt lat="53.190498389" lon="48.151790639">
  <ele>108.429001</ele>
  <time>2010-07-31T04:40:54Z</time>
</trkpt>
<trkpt lat="53.190483134" lon="48.152152989">
  <ele>108.251999</ele>
  <time>2010-07-31T04:40:55Z</time>
</trkpt>
<trkpt lat="53.190464024" lon="48.152515423">
  <ele>108.084000</ele>
  <time>2010-07-31T04:40:56Z</time>
</trkpt>
<trkpt lat="53.190448768" lon="48.152874000">
  <ele>107.903999</ele>
  <time>2010-07-31T04:40:57Z</time>
</trkpt>
<trkpt lat="53.190433513" lon="48.153240206">
  <ele>107.720001</ele>
  <time>2010-07-31T04:40:58Z</time>
</trkpt>
<trkpt lat="53.190418258" lon="48.153602639">
  <ele>107.588997</ele>
  <time>2010-07-31T04:40:59Z</time>
</trkpt>
<trkpt lat="53.190403003" lon="48.153972616">
  <ele>107.527000</ele>
  <time>2010-07-31T04:41:00Z</time>
</trkpt>
<trkpt lat="53.190383893" lon="48.154338822">
  <ele>107.314003</ele>
  <time>2010-07-31T04:41:01Z</time>
</trkpt>
<trkpt lat="53.190368637" lon="48.154701255">
  <ele>107.194000</ele>
  <time>2010-07-31T04:41:02Z</time>
</trkpt>
<trkpt lat="53.190353382" lon="48.155063605">
  <ele>106.889999</ele>
  <time>2010-07-31T04:41:03Z</time>
</trkpt>
<trkpt lat="53.190338127" lon="48.155422183">
  <ele>106.688004</ele>
  <time>2010-07-31T04:41:04Z</time>
</trkpt>
<trkpt lat="53.190319100" lon="48.155773133">
  <ele>106.649002</ele>
  <time>2010-07-31T04:41:05Z</time>
</trkpt>
<trkpt lat="53.190303762" lon="48.156120311">
  <ele>106.432999</ele>
  <time>2010-07-31T04:41:06Z</time>
</trkpt>
<trkpt lat="53.190288506" lon="48.156459779">
  <ele>106.567001</ele>
  <time>2010-07-31T04:41:07Z</time>
</trkpt>
<trkpt lat="53.190273251" lon="48.156791702">
  <ele>106.679001</ele>
  <time>2010-07-31T04:41:08Z</time>
</trkpt>
<trkpt lat="53.190257996" lon="48.157123541">
  <ele>106.728996</ele>
  <time>2010-07-31T04:41:09Z</time>
</trkpt>
<trkpt lat="53.190242741" lon="48.157451609">
  <ele>106.682999</ele>
  <time>2010-07-31T04:41:10Z</time>
</trkpt>
<trkpt lat="53.190227486" lon="48.157787304">
  <ele>106.600998</ele>
  <time>2010-07-31T04:41:11Z</time>
</trkpt>
<trkpt lat="53.190208459" lon="48.158126855">
  <ele>106.598000</ele>
  <time>2010-07-31T04:41:12Z</time>
</trkpt>
<trkpt lat="53.190193204" lon="48.158466322">
  <ele>106.435997</ele>
  <time>2010-07-31T04:41:13Z</time>
</trkpt>
<trkpt lat="53.190177949" lon="48.158809645">
  <ele>106.296997</ele>
  <time>2010-07-31T04:41:14Z</time>
</trkpt>
<trkpt lat="53.190158838" lon="48.159156824">
  <ele>106.189003</ele>
  <time>2010-07-31T04:41:15Z</time>
</trkpt>
<trkpt lat="53.190143583" lon="48.159507774">
  <ele>105.709999</ele>
  <time>2010-07-31T04:41:16Z</time>
</trkpt>
<trkpt lat="53.190128328" lon="48.159858724">
  <ele>105.471001</ele>
  <time>2010-07-31T04:41:17Z</time>
</trkpt>
<trkpt lat="53.190113073" lon="48.160213446">
  <ele>105.237999</ele>
  <time>2010-07-31T04:41:18Z</time>
</trkpt>
<trkpt lat="53.190093962" lon="48.160572024">
  <ele>104.999001</ele>
  <time>2010-07-31T04:41:19Z</time>
</trkpt>
<trkpt lat="53.190078707" lon="48.160930602">
  <ele>104.818001</ele>
  <time>2010-07-31T04:41:20Z</time>
</trkpt>
<trkpt lat="53.190063452" lon="48.161289180">
  <ele>104.598000</ele>
  <time>2010-07-31T04:41:21Z</time>
</trkpt>
<trkpt lat="53.190044425" lon="48.161647758">
  <ele>104.280998</ele>
  <time>2010-07-31T04:41:22Z</time>
</trkpt>
<trkpt lat="53.190029170" lon="48.162010191">
  <ele>103.788002</ele>
  <time>2010-07-31T04:41:23Z</time>
</trkpt>
<trkpt lat="53.190010060" lon="48.162372625">
  <ele>103.435997</ele>
  <time>2010-07-31T04:41:24Z</time>
</trkpt>
<trkpt lat="53.189991033" lon="48.162738830">
  <ele>102.666000</ele>
  <time>2010-07-31T04:41:25Z</time>
</trkpt>
<trkpt lat="53.189971922" lon="48.163108807">
  <ele>102.127998</ele>
  <time>2010-07-31T04:41:26Z</time>
</trkpt>
<trkpt lat="53.189956667" lon="48.163478868">
  <ele>101.440002</ele>
  <time>2010-07-31T04:41:27Z</time>
</trkpt>
<trkpt lat="53.189941412" lon="48.163852701">
  <ele>100.716003</ele>
  <time>2010-07-31T04:41:28Z</time>
</trkpt>
<trkpt lat="53.189926157" lon="48.164222678">
  <ele>99.755997</ele>
  <time>2010-07-31T04:41:29Z</time>
</trkpt>
<trkpt lat="53.189910902" lon="48.164588967">
  <ele>98.914001</ele>
  <time>2010-07-31T04:41:30Z</time>
</trkpt>
<trkpt lat="53.189895647" lon="48.164955173">
  <ele>98.286003</ele>
  <time>2010-07-31T04:41:31Z</time>
</trkpt>
<trkpt lat="53.189876536" lon="48.165325150">
  <ele>97.519997</ele>
  <time>2010-07-31T04:41:32Z</time>
</trkpt>
<trkpt lat="53.189861281" lon="48.165706610">
  <ele>96.762001</ele>
  <time>2010-07-31T04:41:33Z</time>
</trkpt>
<trkpt lat="53.189846026" lon="48.166088071">
  <ele>96.240997</ele>
  <time>2010-07-31T04:41:34Z</time>
</trkpt>
<trkpt lat="53.189826999" lon="48.166477242">
  <ele>95.955002</ele>
  <time>2010-07-31T04:41:35Z</time>
</trkpt>
<trkpt lat="53.189811744" lon="48.166870102">
  <ele>96.040001</ele>
  <time>2010-07-31T04:41:36Z</time>
</trkpt>
<trkpt lat="53.189792633" lon="48.167266818">
  <ele>96.509003</ele>
  <time>2010-07-31T04:41:37Z</time>
</trkpt>
<trkpt lat="53.189777378" lon="48.167663533">
  <ele>96.742996</ele>
  <time>2010-07-31T04:41:38Z</time>
</trkpt>
<trkpt lat="53.189758267" lon="48.168064104">
  <ele>97.089996</ele>
  <time>2010-07-31T04:41:39Z</time>
</trkpt>
<trkpt lat="53.189743012" lon="48.168468447">
  <ele>97.877998</ele>
  <time>2010-07-31T04:41:40Z</time>
</trkpt>
<trkpt lat="53.189727757" lon="48.168869019">
  <ele>98.818001</ele>
  <time>2010-07-31T04:41:41Z</time>
</trkpt>
<trkpt lat="53.189708730" lon="48.169269590">
  <ele>99.713997</ele>
  <time>2010-07-31T04:41:42Z</time>
</trkpt>
<trkpt lat="53.189693475" lon="48.169670077">
  <ele>100.653000</ele>
  <time>2010-07-31T04:41:43Z</time>
</trkpt>
<trkpt lat="53.189674364" lon="48.170066793">
  <ele>101.152000</ele>
  <time>2010-07-31T04:41:44Z</time>
</trkpt>
<trkpt lat="53.189655337" lon="48.170463592">
  <ele>101.699997</ele>
  <time>2010-07-31T04:41:45Z</time>
</trkpt>
<trkpt lat="53.189632455" lon="48.170856452">
  <ele>102.394997</ele>
  <time>2010-07-31T04:41:46Z</time>
</trkpt>
<trkpt lat="53.189613344" lon="48.171253167">
  <ele>103.092003</ele>
  <time>2010-07-31T04:41:47Z</time>
</trkpt>
<trkpt lat="53.189594233" lon="48.171653738">
  <ele>103.946999</ele>
  <time>2010-07-31T04:41:48Z</time>
</trkpt>
<trkpt lat="53.189575206" lon="48.172054309">
  <ele>104.554001</ele>
  <time>2010-07-31T04:41:49Z</time>
</trkpt>
<trkpt lat="53.189556096" lon="48.172454797">
  <ele>105.230003</ele>
  <time>2010-07-31T04:41:50Z</time>
</trkpt>
<trkpt lat="53.189537069" lon="48.172859224">
  <ele>105.820999</ele>
  <time>2010-07-31T04:41:51Z</time>
</trkpt>
<trkpt lat="53.189517958" lon="48.173263567">
  <ele>106.524002</ele>
  <time>2010-07-31T04:41:52Z</time>
</trkpt>
<trkpt lat="53.189495075" lon="48.173667910">
  <ele>107.119003</ele>
  <time>2010-07-31T04:41:53Z</time>
</trkpt>
<trkpt lat="53.189479820" lon="48.174072253">
  <ele>107.648003</ele>
  <time>2010-07-31T04:41:54Z</time>
</trkpt>
<trkpt lat="53.189456938" lon="48.174480451">
  <ele>108.098000</ele>
  <time>2010-07-31T04:41:55Z</time>
</trkpt>
<trkpt lat="53.189437827" lon="48.174892422">
  <ele>108.420998</ele>
  <time>2010-07-31T04:41:56Z</time>
</trkpt>
<trkpt lat="53.189418800" lon="48.175304392">
  <ele>108.689003</ele>
  <time>2010-07-31T04:41:57Z</time>
</trkpt>
<trkpt lat="53.189399689" lon="48.175712591">
  <ele>108.785004</ele>
  <time>2010-07-31T04:41:58Z</time>
</trkpt>
<trkpt lat="53.189376807" lon="48.176120790">
  <ele>109.039001</ele>
  <time>2010-07-31T04:41:59Z</time>
</trkpt>
<trkpt lat="53.189361552" lon="48.176532760">
  <ele>109.207001</ele>
  <time>2010-07-31T04:42:00Z</time>
</trkpt>
<trkpt lat="53.189338669" lon="48.176940959">
  <ele>109.403000</ele>
  <time>2010-07-31T04:42:01Z</time>
</trkpt>
<trkpt lat="53.189319642" lon="48.177345302">
  <ele>109.617996</ele>
  <time>2010-07-31T04:42:02Z</time>
</trkpt>
<trkpt lat="53.189300532" lon="48.177749645">
  <ele>109.831001</ele>
  <time>2010-07-31T04:42:03Z</time>
</trkpt>
<trkpt lat="53.189281505" lon="48.178153988">
  <ele>110.038002</ele>
  <time>2010-07-31T04:42:04Z</time>
</trkpt>
<trkpt lat="53.189262394" lon="48.178558331">
  <ele>110.015999</ele>
  <time>2010-07-31T04:42:05Z</time>
</trkpt>
<trkpt lat="53.189243283" lon="48.178962674">
  <ele>110.043999</ele>
  <time>2010-07-31T04:42:06Z</time>
</trkpt>
<trkpt lat="53.189224256" lon="48.179370873">
  <ele>110.041000</ele>
  <time>2010-07-31T04:42:07Z</time>
</trkpt>
<trkpt lat="53.189209001" lon="48.179775216">
  <ele>110.079002</ele>
  <time>2010-07-31T04:42:08Z</time>
</trkpt>
<trkpt lat="53.189189890" lon="48.180183414">
  <ele>110.134003</ele>
  <time>2010-07-31T04:42:09Z</time>
</trkpt>
<trkpt lat="53.189174635" lon="48.180591613">
  <ele>110.036003</ele>
  <time>2010-07-31T04:42:10Z</time>
</trkpt>
<trkpt lat="53.189155608" lon="48.180999728">
  <ele>110.176003</ele>
  <time>2010-07-31T04:42:11Z</time>
</trkpt>
<trkpt lat="53.189136498" lon="48.181407927">
  <ele>110.193001</ele>
  <time>2010-07-31T04:42:12Z</time>
</trkpt>
<trkpt lat="53.189117471" lon="48.181816125">
  <ele>110.348999</ele>
  <time>2010-07-31T04:42:13Z</time>
</trkpt>
<trkpt lat="53.189094504" lon="48.182220468">
  <ele>110.454002</ele>
  <time>2010-07-31T04:42:14Z</time>
</trkpt>
<trkpt lat="53.189075477" lon="48.182624811">
  <ele>110.325996</ele>
  <time>2010-07-31T04:42:15Z</time>
</trkpt>
<trkpt lat="53.189056367" lon="48.183033010">
  <ele>110.849998</ele>
  <time>2010-07-31T04:42:16Z</time>
</trkpt>
<trkpt lat="53.189041112" lon="48.183441125">
  <ele>111.039001</ele>
  <time>2010-07-31T04:42:17Z</time>
</trkpt>
<trkpt lat="53.189022085" lon="48.183845552">
  <ele>110.825996</ele>
  <time>2010-07-31T04:42:18Z</time>
</trkpt>
<trkpt lat="53.189002974" lon="48.184249895">
  <ele>110.790001</ele>
  <time>2010-07-31T04:42:19Z</time>
</trkpt>
<trkpt lat="53.188983947" lon="48.184654238">
  <ele>110.641998</ele>
  <time>2010-07-31T04:42:20Z</time>
</trkpt>
<trkpt lat="53.188964836" lon="48.185058581">
  <ele>110.266998</ele>
  <time>2010-07-31T04:42:21Z</time>
</trkpt>
<trkpt lat="53.188941954" lon="48.185462924">
  <ele>110.022003</ele>
  <time>2010-07-31T04:42:22Z</time>
</trkpt>
<trkpt lat="53.188926699" lon="48.185867351">
  <ele>109.886002</ele>
  <time>2010-07-31T04:42:23Z</time>
</trkpt>
<trkpt lat="53.188907588" lon="48.186267838">
  <ele>109.793999</ele>
  <time>2010-07-31T04:42:24Z</time>
</trkpt>
<trkpt lat="53.188888561" lon="48.186668409">
  <ele>109.646004</ele>
  <time>2010-07-31T04:42:25Z</time>
</trkpt>
<trkpt lat="53.188869450" lon="48.187068980">
  <ele>109.365997</ele>
  <time>2010-07-31T04:42:26Z</time>
</trkpt>
<trkpt lat="53.188850423" lon="48.187469468">
  <ele>109.223999</ele>
  <time>2010-07-31T04:42:27Z</time>
</trkpt>
<trkpt lat="53.188831313" lon="48.187873811">
  <ele>108.858002</ele>
  <time>2010-07-31T04:42:28Z</time>
</trkpt>
<trkpt lat="53.188812286" lon="48.188278237">
  <ele>108.494003</ele>
  <time>2010-07-31T04:42:29Z</time>
</trkpt>
<trkpt lat="53.188793175" lon="48.188674953">
  <ele>108.018997</ele>
  <time>2010-07-31T04:42:30Z</time>
</trkpt>
<trkpt lat="53.188770292" lon="48.189067813">
  <ele>107.452003</ele>
  <time>2010-07-31T04:42:31Z</time>
</trkpt>
<trkpt lat="53.188751182" lon="48.189456901">
  <ele>106.700996</ele>
  <time>2010-07-31T04:42:32Z</time>
</trkpt>
<trkpt lat="53.188732155" lon="48.189842217">
  <ele>106.177002</ele>
  <time>2010-07-31T04:42:33Z</time>
</trkpt>
<trkpt lat="53.188716900" lon="48.190227533">
  <ele>105.656998</ele>
  <time>2010-07-31T04:42:34Z</time>
</trkpt>
<trkpt lat="53.188697789" lon="48.190612765">
  <ele>104.831001</ele>
  <time>2010-07-31T04:42:35Z</time>
</trkpt>
<trkpt lat="53.188678762" lon="48.190998081">
  <ele>103.880997</ele>
  <time>2010-07-31T04:42:36Z</time>
</trkpt>
<trkpt lat="53.188659651" lon="48.191383397">
  <ele>102.843002</ele>
  <time>2010-07-31T04:42:37Z</time>
</trkpt>
<trkpt lat="53.188640624" lon="48.191768629">
  <ele>102.009003</ele>
  <time>2010-07-31T04:42:38Z</time>
</trkpt>
<trkpt lat="53.188621514" lon="48.192161573">
  <ele>100.987000</ele>
  <time>2010-07-31T04:42:39Z</time>
</trkpt>
<trkpt lat="53.188602487" lon="48.192554433">
  <ele>99.956001</ele>
  <time>2010-07-31T04:42:40Z</time>
</trkpt>
<trkpt lat="53.188583376" lon="48.192951232">
  <ele>98.643997</ele>
  <time>2010-07-31T04:42:41Z</time>
</trkpt>
<trkpt lat="53.188564265" lon="48.193351720">
  <ele>97.430000</ele>
  <time>2010-07-31T04:42:42Z</time>
</trkpt>
<trkpt lat="53.188545238" lon="48.193756063">
  <ele>96.130997</ele>
  <time>2010-07-31T04:42:43Z</time>
</trkpt>
<trkpt lat="53.188526127" lon="48.194164261">
  <ele>95.125999</ele>
  <time>2010-07-31T04:42:44Z</time>
</trkpt>
<trkpt lat="53.188503245" lon="48.194576232">
  <ele>94.320999</ele>
  <time>2010-07-31T04:42:45Z</time>
</trkpt>
<trkpt lat="53.188480362" lon="48.194988286">
  <ele>93.841003</ele>
  <time>2010-07-31T04:42:46Z</time>
</trkpt>
<trkpt lat="53.188461335" lon="48.195407884">
  <ele>93.193001</ele>
  <time>2010-07-31T04:42:47Z</time>
</trkpt>
<trkpt lat="53.188438453" lon="48.195827482">
  <ele>94.231003</ele>
  <time>2010-07-31T04:42:48Z</time>
</trkpt>
<trkpt lat="53.188419342" lon="48.196247080">
  <ele>95.059998</ele>
  <time>2010-07-31T04:42:49Z</time>
</trkpt>
<trkpt lat="53.188396459" lon="48.196662907">
  <ele>95.611000</ele>
  <time>2010-07-31T04:42:50Z</time>
</trkpt>
<trkpt lat="53.188377349" lon="48.197074877">
  <ele>96.253998</ele>
  <time>2010-07-31T04:42:51Z</time>
</trkpt>
<trkpt lat="53.188358322" lon="48.197483076">
  <ele>96.473000</ele>
  <time>2010-07-31T04:42:52Z</time>
</trkpt>
<trkpt lat="53.188343067" lon="48.197883647">
  <ele>96.862000</ele>
  <time>2010-07-31T04:42:53Z</time>
</trkpt>
<trkpt lat="53.188323956" lon="48.198287990">
  <ele>97.112000</ele>
  <time>2010-07-31T04:42:54Z</time>
</trkpt>
<trkpt lat="53.188304929" lon="48.198684705">
  <ele>97.692001</ele>
  <time>2010-07-31T04:42:55Z</time>
</trkpt>
<trkpt lat="53.188289674" lon="48.199077565">
  <ele>97.890999</ele>
  <time>2010-07-31T04:42:56Z</time>
</trkpt>
<trkpt lat="53.188270563" lon="48.199466737">
  <ele>97.985001</ele>
  <time>2010-07-31T04:42:57Z</time>
</trkpt>
<trkpt lat="53.188251536" lon="48.199851969">
  <ele>97.906998</ele>
  <time>2010-07-31T04:42:58Z</time>
</trkpt>
<trkpt lat="53.188232426" lon="48.200233430">
  <ele>97.757004</ele>
  <time>2010-07-31T04:42:59Z</time>
</trkpt>
<trkpt lat="53.188213315" lon="48.200607263">
  <ele>97.789001</ele>
  <time>2010-07-31T04:43:00Z</time>
</trkpt>
<trkpt lat="53.188198060" lon="48.200984951">
  <ele>97.691002</ele>
  <time>2010-07-31T04:43:01Z</time>
</trkpt>
<trkpt lat="53.188182805" lon="48.201355012">
  <ele>97.503998</ele>
  <time>2010-07-31T04:43:02Z</time>
</trkpt>
<trkpt lat="53.188167550" lon="48.201721217">
  <ele>97.343002</ele>
  <time>2010-07-31T04:43:03Z</time>
</trkpt>
<trkpt lat="53.188156150" lon="48.202075940">
  <ele>97.009003</ele>
  <time>2010-07-31T04:43:04Z</time>
</trkpt>
<trkpt lat="53.188144667" lon="48.202415491">
  <ele>96.753998</ele>
  <time>2010-07-31T04:43:05Z</time>
</trkpt>
<trkpt lat="53.188140895" lon="48.202743558">
  <ele>96.430000</ele>
  <time>2010-07-31T04:43:06Z</time>
</trkpt>
<trkpt lat="53.188144667" lon="48.203056371">
  <ele>95.983002</ele>
  <time>2010-07-31T04:43:07Z</time>
</trkpt>
<trkpt lat="53.188152295" lon="48.203357700">
  <ele>95.652000</ele>
  <time>2010-07-31T04:43:08Z</time>
</trkpt>
<trkpt lat="53.188167550" lon="48.203659030">
  <ele>95.407997</ele>
  <time>2010-07-31T04:43:09Z</time>
</trkpt>
<trkpt lat="53.188179033" lon="48.203964215">
  <ele>95.401001</ele>
  <time>2010-07-31T04:43:10Z</time>
</trkpt>
<trkpt lat="53.188194288" lon="48.204273256">
  <ele>95.222000</ele>
  <time>2010-07-31T04:43:11Z</time>
</trkpt>
<trkpt lat="53.188213315" lon="48.204582212">
  <ele>95.112999</ele>
  <time>2010-07-31T04:43:12Z</time>
</trkpt>
<trkpt lat="53.188236197" lon="48.204895025">
  <ele>94.999001</ele>
  <time>2010-07-31T04:43:13Z</time>
</trkpt>
<trkpt lat="53.188266791" lon="48.205211610">
  <ele>94.959999</ele>
  <time>2010-07-31T04:43:14Z</time>
</trkpt>
<trkpt lat="53.188297302" lon="48.205524422">
  <ele>94.754997</ele>
  <time>2010-07-31T04:43:15Z</time>
</trkpt>
<trkpt lat="53.188335439" lon="48.205833463">
  <ele>94.565002</ele>
  <time>2010-07-31T04:43:16Z</time>
</trkpt>
<trkpt lat="53.188377349" lon="48.206138648">
  <ele>94.557999</ele>
  <time>2010-07-31T04:43:17Z</time>
</trkpt>
<trkpt lat="53.188419342" lon="48.206443749">
  <ele>94.598000</ele>
  <time>2010-07-31T04:43:18Z</time>
</trkpt>
<trkpt lat="53.188465107" lon="48.206745163">
  <ele>94.905998</ele>
  <time>2010-07-31T04:43:19Z</time>
</trkpt>
<trkpt lat="53.188518500" lon="48.207038864">
  <ele>95.142998</ele>
  <time>2010-07-31T04:43:20Z</time>
</trkpt>
<trkpt lat="53.188575748" lon="48.207332650">
  <ele>95.584000</ele>
  <time>2010-07-31T04:43:21Z</time>
</trkpt>
<trkpt lat="53.188636769" lon="48.207626352">
  <ele>96.069000</ele>
  <time>2010-07-31T04:43:22Z</time>
</trkpt>
<trkpt lat="53.188697789" lon="48.207920054">
  <ele>96.702003</ele>
  <time>2010-07-31T04:43:23Z</time>
</trkpt>
<trkpt lat="53.188762665" lon="48.208209984">
  <ele>97.600998</ele>
  <time>2010-07-31T04:43:24Z</time>
</trkpt>
<trkpt lat="53.188831313" lon="48.208499914">
  <ele>98.473000</ele>
  <time>2010-07-31T04:43:25Z</time>
</trkpt>
<trkpt lat="53.188896189" lon="48.208789844">
  <ele>99.652000</ele>
  <time>2010-07-31T04:43:26Z</time>
</trkpt>
<trkpt lat="53.188964836" lon="48.209072147">
  <ele>100.584000</ele>
  <time>2010-07-31T04:43:27Z</time>
</trkpt>
<trkpt lat="53.189029712" lon="48.209358221">
  <ele>101.334000</ele>
  <time>2010-07-31T04:43:28Z</time>
</trkpt>
<trkpt lat="53.189094504" lon="48.209648151">
  <ele>102.194000</ele>
  <time>2010-07-31T04:43:29Z</time>
</trkpt>
<trkpt lat="53.189159380" lon="48.209934225">
  <ele>103.195000</ele>
  <time>2010-07-31T04:43:30Z</time>
</trkpt>
<trkpt lat="53.189224256" lon="48.210220300">
  <ele>104.130997</ele>
  <time>2010-07-31T04:43:31Z</time>
</trkpt>
<trkpt lat="53.189289132" lon="48.210506458">
  <ele>104.878998</ele>
  <time>2010-07-31T04:43:32Z</time>
</trkpt>
<trkpt lat="53.189353924" lon="48.210788760">
  <ele>105.535004</ele>
  <time>2010-07-31T04:43:33Z</time>
</trkpt>
<trkpt lat="53.189422572" lon="48.211074835">
  <ele>106.578003</ele>
  <time>2010-07-31T04:43:34Z</time>
</trkpt>
<trkpt lat="53.189487448" lon="48.211353282">
  <ele>107.491997</ele>
  <time>2010-07-31T04:43:35Z</time>
</trkpt>
<trkpt lat="53.189552324" lon="48.211631812">
  <ele>108.611000</ele>
  <time>2010-07-31T04:43:36Z</time>
</trkpt>
<trkpt lat="53.189617116" lon="48.211914031">
  <ele>109.460999</ele>
  <time>2010-07-31T04:43:37Z</time>
</trkpt>
<trkpt lat="53.189681992" lon="48.212192561">
  <ele>111.153999</ele>
  <time>2010-07-31T04:43:38Z</time>
</trkpt>
<trkpt lat="53.189743012" lon="48.212474864">
  <ele>112.182999</ele>
  <time>2010-07-31T04:43:39Z</time>
</trkpt>
<trkpt lat="53.189804116" lon="48.212753311">
  <ele>113.060997</ele>
  <time>2010-07-31T04:43:40Z</time>
</trkpt>
<trkpt lat="53.189865137" lon="48.213027986">
  <ele>113.889999</ele>
  <time>2010-07-31T04:43:41Z</time>
</trkpt>
<trkpt lat="53.189922301" lon="48.213294949">
  <ele>114.663002</ele>
  <time>2010-07-31T04:43:42Z</time>
</trkpt>
<trkpt lat="53.189983405" lon="48.213558225">
  <ele>115.289001</ele>
  <time>2010-07-31T04:43:43Z</time>
</trkpt>
<trkpt lat="53.190044425" lon="48.213817561">
  <ele>115.986000</ele>
  <time>2010-07-31T04:43:44Z</time>
</trkpt>
<trkpt lat="53.190105446" lon="48.214076981">
  <ele>116.466003</ele>
  <time>2010-07-31T04:43:45Z</time>
</trkpt>
<trkpt lat="53.190166466" lon="48.214340173">
  <ele>117.017998</ele>
  <time>2010-07-31T04:43:46Z</time>
</trkpt>
<trkpt lat="53.190227486" lon="48.214599593">
  <ele>117.394997</ele>
  <time>2010-07-31T04:43:47Z</time>
</trkpt>
<trkpt lat="53.190288506" lon="48.214862784">
  <ele>117.940002</ele>
  <time>2010-07-31T04:43:48Z</time>
</trkpt>
<trkpt lat="53.190345755" lon="48.215126060">
  <ele>118.274002</ele>
  <time>2010-07-31T04:43:49Z</time>
</trkpt>
<trkpt lat="53.190406775" lon="48.215396879">
  <ele>118.433998</ele>
  <time>2010-07-31T04:43:50Z</time>
</trkpt>
<trkpt lat="53.190467795" lon="48.215671554">
  <ele>118.261002</ele>
  <time>2010-07-31T04:43:51Z</time>
</trkpt>
<trkpt lat="53.190528899" lon="48.215946229">
  <ele>118.161003</ele>
  <time>2010-07-31T04:43:52Z</time>
</trkpt>
<trkpt lat="53.190593692" lon="48.216224676">
  <ele>118.153000</ele>
  <time>2010-07-31T04:43:53Z</time>
</trkpt>
<trkpt lat="53.190662423" lon="48.216506978">
  <ele>117.998001</ele>
  <time>2010-07-31T04:43:54Z</time>
</trkpt>
<trkpt lat="53.190727215" lon="48.216796909">
  <ele>117.959999</ele>
  <time>2010-07-31T04:43:55Z</time>
</trkpt>
<trkpt lat="53.190795863" lon="48.217086755">
  <ele>117.936996</ele>
  <time>2010-07-31T04:43:56Z</time>
</trkpt>
<trkpt lat="53.190868367" lon="48.217384312">
  <ele>118.120003</ele>
  <time>2010-07-31T04:43:57Z</time>
</trkpt>
<trkpt lat="53.190937014" lon="48.217685726">
  <ele>117.980003</ele>
  <time>2010-07-31T04:43:58Z</time>
</trkpt>
<trkpt lat="53.191005746" lon="48.217994682">
  <ele>117.775002</ele>
  <time>2010-07-31T04:43:59Z</time>
</trkpt>
<trkpt lat="53.191078166" lon="48.218307495">
  <ele>117.627998</ele>
  <time>2010-07-31T04:44:00Z</time>
</trkpt>
<trkpt lat="53.191146813" lon="48.218627935">
  <ele>117.510002</ele>
  <time>2010-07-31T04:44:01Z</time>
</trkpt>
<trkpt lat="53.191219317" lon="48.218952147">
  <ele>117.568001</ele>
  <time>2010-07-31T04:44:02Z</time>
</trkpt>
<trkpt lat="53.191295592" lon="48.219280215">
  <ele>117.670998</ele>
  <time>2010-07-31T04:44:03Z</time>
</trkpt>
<trkpt lat="53.191368096" lon="48.219608283">
  <ele>117.734001</ele>
  <time>2010-07-31T04:44:04Z</time>
</trkpt>
<trkpt lat="53.191448227" lon="48.219940206">
  <ele>117.635002</ele>
  <time>2010-07-31T04:44:05Z</time>
</trkpt>
<trkpt lat="53.191524502" lon="48.220275901">
  <ele>117.469002</ele>
  <time>2010-07-31T04:44:06Z</time>
</trkpt>
<trkpt lat="53.191600777" lon="48.220611596">
  <ele>117.521004</ele>
  <time>2010-07-31T04:44:07Z</time>
</trkpt>
<trkpt lat="53.191677053" lon="48.220951064">
  <ele>117.733002</ele>
  <time>2010-07-31T04:44:08Z</time>
</trkpt>
<trkpt lat="53.191757184" lon="48.221294386">
  <ele>117.781998</ele>
  <time>2010-07-31T04:44:09Z</time>
</trkpt>
<trkpt lat="53.191837315" lon="48.221645337">
  <ele>117.644997</ele>
  <time>2010-07-31T04:44:10Z</time>
</trkpt>
<trkpt lat="53.191917446" lon="48.222000143">
  <ele>117.544998</ele>
  <time>2010-07-31T04:44:11Z</time>
</trkpt>
<trkpt lat="53.192001348" lon="48.222358720">
  <ele>117.581001</ele>
  <time>2010-07-31T04:44:12Z</time>
</trkpt>
<trkpt lat="53.192081479" lon="48.222721070">
  <ele>117.841003</ele>
  <time>2010-07-31T04:44:13Z</time>
</trkpt>
<trkpt lat="53.192169154" lon="48.223087275">
  <ele>118.167999</ele>
  <time>2010-07-31T04:44:14Z</time>
</trkpt>
<trkpt lat="53.192253141" lon="48.223453481">
  <ele>119.041000</ele>
  <time>2010-07-31T04:44:15Z</time>
</trkpt>
<trkpt lat="53.192337044" lon="48.223823542">
  <ele>119.677002</ele>
  <time>2010-07-31T04:44:16Z</time>
</trkpt>
<trkpt lat="53.192417175" lon="48.224189747">
  <ele>120.544998</ele>
  <time>2010-07-31T04:44:17Z</time>
</trkpt>
<trkpt lat="53.192501077" lon="48.224555952">
  <ele>121.232002</ele>
  <time>2010-07-31T04:44:18Z</time>
</trkpt>
<trkpt lat="53.192577353" lon="48.224918386">
  <ele>122.100998</ele>
  <time>2010-07-31T04:44:19Z</time>
</trkpt>
<trkpt lat="53.192653628" lon="48.225288363">
  <ele>123.035004</ele>
  <time>2010-07-31T04:44:20Z</time>
</trkpt>
<trkpt lat="53.192726132" lon="48.225650797">
  <ele>124.263000</ele>
  <time>2010-07-31T04:44:21Z</time>
</trkpt>
<trkpt lat="53.192791007" lon="48.226009374">
  <ele>125.542000</ele>
  <time>2010-07-31T04:44:22Z</time>
</trkpt>
<trkpt lat="53.192855800" lon="48.226367952">
  <ele>126.406998</ele>
  <time>2010-07-31T04:44:23Z</time>
</trkpt>
<trkpt lat="53.192920676" lon="48.226726530">
  <ele>127.079002</ele>
  <time>2010-07-31T04:44:24Z</time>
</trkpt>
<trkpt lat="53.192977924" lon="48.227085108">
  <ele>127.747002</ele>
  <time>2010-07-31T04:44:25Z</time>
</trkpt>
<trkpt lat="53.193035088" lon="48.227447541">
  <ele>128.100006</ele>
  <time>2010-07-31T04:44:26Z</time>
</trkpt>
<trkpt lat="53.193084709" lon="48.227806119">
  <ele>128.548996</ele>
  <time>2010-07-31T04:44:27Z</time>
</trkpt>
<trkpt lat="53.193134330" lon="48.228164697">
  <ele>128.848999</ele>
  <time>2010-07-31T04:44:28Z</time>
</trkpt>
<trkpt lat="53.193180095" lon="48.228523275">
  <ele>129.190002</ele>
  <time>2010-07-31T04:44:29Z</time>
</trkpt>
<trkpt lat="53.193225861" lon="48.228881853">
  <ele>129.688004</ele>
  <time>2010-07-31T04:44:30Z</time>
</trkpt>
<trkpt lat="53.193267854" lon="48.229244202">
  <ele>129.964005</ele>
  <time>2010-07-31T04:44:31Z</time>
</trkpt>
<trkpt lat="53.193302136" lon="48.229606636">
  <ele>130.169998</ele>
  <time>2010-07-31T04:44:32Z</time>
</trkpt>
<trkpt lat="53.193340274" lon="48.229976613">
  <ele>130.404007</ele>
  <time>2010-07-31T04:44:33Z</time>
</trkpt>
<trkpt lat="53.193378411" lon="48.230354302">
  <ele>130.531006</ele>
  <time>2010-07-31T04:44:34Z</time>
</trkpt>
<trkpt lat="53.193409005" lon="48.230728135">
  <ele>130.645004</ele>
  <time>2010-07-31T04:44:35Z</time>
</trkpt>
<trkpt lat="53.193439515" lon="48.231109595">
  <ele>130.815994</ele>
  <time>2010-07-31T04:44:36Z</time>
</trkpt>
<trkpt lat="53.193470025" lon="48.231494911">
  <ele>130.893997</ele>
  <time>2010-07-31T04:44:37Z</time>
</trkpt>
<trkpt lat="53.193496680" lon="48.231891626">
  <ele>130.817993</ele>
  <time>2010-07-31T04:44:38Z</time>
</trkpt>
<trkpt lat="53.193519562" lon="48.232288342">
  <ele>131.020004</ele>
  <time>2010-07-31T04:44:39Z</time>
</trkpt>
<trkpt lat="53.193538673" lon="48.232688913">
  <ele>131.311005</ele>
  <time>2010-07-31T04:44:40Z</time>
</trkpt>
<trkpt lat="53.193553928" lon="48.233097112">
  <ele>131.395996</ele>
  <time>2010-07-31T04:44:41Z</time>
</trkpt>
<trkpt lat="53.193569183" lon="48.233505227">
  <ele>131.570007</ele>
  <time>2010-07-31T04:44:42Z</time>
</trkpt>
<trkpt lat="53.193584438" lon="48.233909570">
  <ele>131.462006</ele>
  <time>2010-07-31T04:44:43Z</time>
</trkpt>
<trkpt lat="53.193599693" lon="48.234313997">
  <ele>131.832001</ele>
  <time>2010-07-31T04:44:44Z</time>
</trkpt>
<trkpt lat="53.193614949" lon="48.234718340">
  <ele>132.201996</ele>
  <time>2010-07-31T04:44:45Z</time>
</trkpt>
<trkpt lat="53.193634059" lon="48.235126454">
  <ele>132.684006</ele>
  <time>2010-07-31T04:44:46Z</time>
</trkpt>
<trkpt lat="53.193649314" lon="48.235530881">
  <ele>132.966995</ele>
  <time>2010-07-31T04:44:47Z</time>
</trkpt>
<trkpt lat="53.193664569" lon="48.235935224">
  <ele>133.393005</ele>
  <time>2010-07-31T04:44:48Z</time>
</trkpt>
<trkpt lat="53.193679824" lon="48.236339567">
  <ele>133.679993</ele>
  <time>2010-07-31T04:44:49Z</time>
</trkpt>
<trkpt lat="53.193695080" lon="48.236743910">
  <ele>134.160995</ele>
  <time>2010-07-31T04:44:50Z</time>
</trkpt>
<trkpt lat="53.193710335" lon="48.237152109">
  <ele>134.529999</ele>
  <time>2010-07-31T04:44:51Z</time>
</trkpt>
<trkpt lat="53.193721734" lon="48.237556452">
  <ele>134.835007</ele>
  <time>2010-07-31T04:44:52Z</time>
</trkpt>
<trkpt lat="53.193736989" lon="48.237960795">
  <ele>135.016998</ele>
  <time>2010-07-31T04:44:53Z</time>
</trkpt>
<trkpt lat="53.193752328" lon="48.238365138">
  <ele>135.311996</ele>
  <time>2010-07-31T04:44:54Z</time>
</trkpt>
<trkpt lat="53.193767583" lon="48.238769565">
  <ele>135.408997</ele>
  <time>2010-07-31T04:44:55Z</time>
</trkpt>
<trkpt lat="53.193782838" lon="48.239170052">
  <ele>135.768997</ele>
  <time>2010-07-31T04:44:56Z</time>
</trkpt>
<trkpt lat="53.193798093" lon="48.239570623">
  <ele>136.121002</ele>
  <time>2010-07-31T04:44:57Z</time>
</trkpt>
<trkpt lat="53.193817120" lon="48.239971194">
  <ele>136.393005</ele>
  <time>2010-07-31T04:44:58Z</time>
</trkpt>
<trkpt lat="53.193832375" lon="48.240371682">
  <ele>136.664001</ele>
  <time>2010-07-31T04:44:59Z</time>
</trkpt>
<trkpt lat="53.193851486" lon="48.240768397">
  <ele>136.628006</ele>
  <time>2010-07-31T04:45:00Z</time>
</trkpt>
<trkpt lat="53.193866741" lon="48.241161341">
  <ele>136.660995</ele>
  <time>2010-07-31T04:45:01Z</time>
</trkpt>
<trkpt lat="53.193881996" lon="48.241550429">
  <ele>136.516998</ele>
  <time>2010-07-31T04:45:02Z</time>
</trkpt>
<trkpt lat="53.193897251" lon="48.241939517">
  <ele>136.423004</ele>
  <time>2010-07-31T04:45:03Z</time>
</trkpt>
<trkpt lat="53.193912506" lon="48.242324833">
  <ele>136.229996</ele>
  <time>2010-07-31T04:45:04Z</time>
</trkpt>
<trkpt lat="53.193927761" lon="48.242710149">
  <ele>136.031998</ele>
  <time>2010-07-31T04:45:05Z</time>
</trkpt>
<trkpt lat="53.193946872" lon="48.243095381">
  <ele>135.820007</ele>
  <time>2010-07-31T04:45:06Z</time>
</trkpt>
<trkpt lat="53.193958271" lon="48.243480697">
  <ele>135.626007</ele>
  <time>2010-07-31T04:45:07Z</time>
</trkpt>
<trkpt lat="53.193977382" lon="48.243865930">
  <ele>135.619995</ele>
  <time>2010-07-31T04:45:08Z</time>
</trkpt>
<trkpt lat="53.193992637" lon="48.244243618">
  <ele>135.688995</ele>
  <time>2010-07-31T04:45:09Z</time>
</trkpt>
<trkpt lat="53.194011664" lon="48.244621307">
  <ele>135.692993</ele>
  <time>2010-07-31T04:45:10Z</time>
</trkpt>
<trkpt lat="53.194026919" lon="48.244998911">
  <ele>135.557007</ele>
  <time>2010-07-31T04:45:11Z</time>
</trkpt>
<trkpt lat="53.194042174" lon="48.245376600">
  <ele>135.356995</ele>
  <time>2010-07-31T04:45:12Z</time>
</trkpt>
<trkpt lat="53.194061285" lon="48.245758060">
  <ele>135.229004</ele>
  <time>2010-07-31T04:45:13Z</time>
</trkpt>
<trkpt lat="53.194076540" lon="48.246139521">
  <ele>135.016006</ele>
  <time>2010-07-31T04:45:14Z</time>
</trkpt>
<trkpt lat="53.194095651" lon="48.246520981">
  <ele>134.878006</ele>
  <time>2010-07-31T04:45:15Z</time>
</trkpt>
<trkpt lat="53.194110906" lon="48.246898670">
  <ele>134.811996</ele>
  <time>2010-07-31T04:45:16Z</time>
</trkpt>
<trkpt lat="53.194122305" lon="48.247280130">
  <ele>134.673004</ele>
  <time>2010-07-31T04:45:17Z</time>
</trkpt>
<trkpt lat="53.194137560" lon="48.247661591">
  <ele>134.423004</ele>
  <time>2010-07-31T04:45:18Z</time>
</trkpt>
<trkpt lat="53.194152815" lon="48.248043051">
  <ele>134.093002</ele>
  <time>2010-07-31T04:45:19Z</time>
</trkpt>
<trkpt lat="53.194168070" lon="48.248416884">
  <ele>133.983994</ele>
  <time>2010-07-31T04:45:20Z</time>
</trkpt>
<trkpt lat="53.194183325" lon="48.248790717">
  <ele>133.802994</ele>
  <time>2010-07-31T04:45:21Z</time>
</trkpt>
<trkpt lat="53.194198580" lon="48.249156922">
  <ele>133.709000</ele>
  <time>2010-07-31T04:45:22Z</time>
</trkpt>
<trkpt lat="53.194210064" lon="48.249515500">
  <ele>133.612000</ele>
  <time>2010-07-31T04:45:23Z</time>
</trkpt>
<trkpt lat="53.194225319" lon="48.249874078">
  <ele>133.369003</ele>
  <time>2010-07-31T04:45:24Z</time>
</trkpt>
<trkpt lat="53.194240574" lon="48.250228884">
  <ele>133.080002</ele>
  <time>2010-07-31T04:45:25Z</time>
</trkpt>
<trkpt lat="53.194255829" lon="48.250575978">
  <ele>132.807999</ele>
  <time>2010-07-31T04:45:26Z</time>
</trkpt>
<trkpt lat="53.194271084" lon="48.250919301">
  <ele>132.425995</ele>
  <time>2010-07-31T04:45:27Z</time>
</trkpt>
<trkpt lat="53.194286339" lon="48.251254996">
  <ele>132.427994</ele>
  <time>2010-07-31T04:45:28Z</time>
</trkpt>
<trkpt lat="53.194297822" lon="48.251583064">
  <ele>132.412994</ele>
  <time>2010-07-31T04:45:29Z</time>
</trkpt>
<trkpt lat="53.194309222" lon="48.251907360">
  <ele>132.373993</ele>
  <time>2010-07-31T04:45:30Z</time>
</trkpt>
<trkpt lat="53.194320705" lon="48.252223944">
  <ele>132.475998</ele>
  <time>2010-07-31T04:45:31Z</time>
</trkpt>
<trkpt lat="53.194332104" lon="48.252536757">
  <ele>132.287003</ele>
  <time>2010-07-31T04:45:32Z</time>
</trkpt>
<trkpt lat="53.194343587" lon="48.252845798">
  <ele>132.384995</ele>
  <time>2010-07-31T04:45:33Z</time>
</trkpt>
<trkpt lat="53.194354987" lon="48.253147127">
  <ele>132.479996</ele>
  <time>2010-07-31T04:45:34Z</time>
</trkpt>
<trkpt lat="53.194370242" lon="48.253444685">
  <ele>132.612000</ele>
  <time>2010-07-31T04:45:35Z</time>
</trkpt>
<trkpt lat="53.194381725" lon="48.253730759">
  <ele>132.453995</ele>
  <time>2010-07-31T04:45:36Z</time>
</trkpt>
<trkpt lat="53.194396980" lon="48.254009206">
  <ele>132.332993</ele>
  <time>2010-07-31T04:45:37Z</time>
</trkpt>
<trkpt lat="53.194408379" lon="48.254276253">
  <ele>132.201996</ele>
  <time>2010-07-31T04:45:38Z</time>
</trkpt>
<trkpt lat="53.194419863" lon="48.254528046">
  <ele>132.229004</ele>
  <time>2010-07-31T04:45:39Z</time>
</trkpt>
<trkpt lat="53.194431346" lon="48.254768355">
  <ele>132.332993</ele>
  <time>2010-07-31T04:45:40Z</time>
</trkpt>
<trkpt lat="53.194438973" lon="48.255004892">
  <ele>132.468994</ele>
  <time>2010-07-31T04:45:41Z</time>
</trkpt>
<trkpt lat="53.194450373" lon="48.255233802">
  <ele>132.317993</ele>
  <time>2010-07-31T04:45:42Z</time>
</trkpt>
<trkpt lat="53.194458000" lon="48.255466484">
  <ele>132.363007</ele>
  <time>2010-07-31T04:45:43Z</time>
</trkpt>
<trkpt lat="53.194465628" lon="48.255687682">
  <ele>132.528000</ele>
  <time>2010-07-31T04:45:44Z</time>
</trkpt>
<trkpt lat="53.194473255" lon="48.255908964">
  <ele>132.539993</ele>
  <time>2010-07-31T04:45:45Z</time>
</trkpt>
<trkpt lat="53.194484739" lon="48.256130246">
  <ele>132.537003</ele>
  <time>2010-07-31T04:45:46Z</time>
</trkpt>
<trkpt lat="53.194492366" lon="48.256347673">
  <ele>132.548996</ele>
  <time>2010-07-31T04:45:47Z</time>
</trkpt>
<trkpt lat="53.194499994" lon="48.256565100">
  <ele>132.654007</ele>
  <time>2010-07-31T04:45:48Z</time>
</trkpt>
<trkpt lat="53.194511393" lon="48.256774899">
  <ele>132.436005</ele>
  <time>2010-07-31T04:45:49Z</time>
</trkpt>
<trkpt lat="53.194519021" lon="48.256980926">
  <ele>132.268997</ele>
  <time>2010-07-31T04:45:50Z</time>
</trkpt>
<trkpt lat="53.194526648" lon="48.257186869">
  <ele>132.158005</ele>
  <time>2010-07-31T04:45:51Z</time>
</trkpt>
<trkpt lat="53.194534276" lon="48.257389041">
  <ele>132.186005</ele>
  <time>2010-07-31T04:45:52Z</time>
</trkpt>
<trkpt lat="53.194541903" lon="48.257591212">
  <ele>132.095001</ele>
  <time>2010-07-31T04:45:53Z</time>
</trkpt>
<trkpt lat="53.194549531" lon="48.257793467">
  <ele>131.998993</ele>
  <time>2010-07-31T04:45:54Z</time>
</trkpt>
<trkpt lat="53.194557158" lon="48.257999411">
  <ele>131.962006</ele>
  <time>2010-07-31T04:45:55Z</time>
</trkpt>
<trkpt lat="53.194564786" lon="48.258205438">
  <ele>131.723999</ele>
  <time>2010-07-31T04:45:56Z</time>
</trkpt>
<trkpt lat="53.194576269" lon="48.258411381">
  <ele>131.505005</ele>
  <time>2010-07-31T04:45:57Z</time>
</trkpt>
<trkpt lat="53.194583897" lon="48.258617409">
  <ele>131.419006</ele>
  <time>2010-07-31T04:45:58Z</time>
</trkpt>
<trkpt lat="53.194591524" lon="48.258827208">
  <ele>131.253998</ele>
  <time>2010-07-31T04:45:59Z</time>
</trkpt>
<trkpt lat="53.194599152" lon="48.259040862">
  <ele>131.145004</ele>
  <time>2010-07-31T04:46:00Z</time>
</trkpt>
<trkpt lat="53.194606779" lon="48.259258289">
  <ele>131.044006</ele>
  <time>2010-07-31T04:46:01Z</time>
</trkpt>
<trkpt lat="53.194614407" lon="48.259479487">
  <ele>130.972000</ele>
  <time>2010-07-31T04:46:02Z</time>
</trkpt>
<trkpt lat="53.194622034" lon="48.259708397">
  <ele>130.841003</ele>
  <time>2010-07-31T04:46:03Z</time>
</trkpt>
<trkpt lat="53.194633517" lon="48.259941079">
  <ele>130.606003</ele>
  <time>2010-07-31T04:46:04Z</time>
</trkpt>
<trkpt lat="53.194641145" lon="48.260177616">
  <ele>130.339005</ele>
  <time>2010-07-31T04:46:05Z</time>
</trkpt>
<trkpt lat="53.194648772" lon="48.260421781">
  <ele>130.087006</ele>
  <time>2010-07-31T04:46:06Z</time>
</trkpt>
<trkpt lat="53.194660172" lon="48.260669718">
  <ele>129.940002</ele>
  <time>2010-07-31T04:46:07Z</time>
</trkpt>
<trkpt lat="53.194667799" lon="48.260921510">
  <ele>129.750000</ele>
  <time>2010-07-31T04:46:08Z</time>
</trkpt>
<trkpt lat="53.194675427" lon="48.261177074">
  <ele>129.576996</ele>
  <time>2010-07-31T04:46:09Z</time>
</trkpt>
<trkpt lat="53.194686910" lon="48.261436494">
  <ele>129.537003</ele>
  <time>2010-07-31T04:46:10Z</time>
</trkpt>
<trkpt lat="53.194698310" lon="48.261699686">
  <ele>129.457001</ele>
  <time>2010-07-31T04:46:11Z</time>
</trkpt>
<trkpt lat="53.194709793" lon="48.261962878">
  <ele>129.466995</ele>
  <time>2010-07-31T04:46:12Z</time>
</trkpt>
<trkpt lat="53.194721192" lon="48.262229925">
  <ele>129.462997</ele>
  <time>2010-07-31T04:46:13Z</time>
</trkpt>
<trkpt lat="53.194728820" lon="48.262500744">
  <ele>129.440994</ele>
  <time>2010-07-31T04:46:14Z</time>
</trkpt>
<trkpt lat="53.194740303" lon="48.262779275">
  <ele>129.537003</ele>
  <time>2010-07-31T04:46:15Z</time>
</trkpt>
<trkpt lat="53.194751702" lon="48.263057722">
  <ele>129.701004</ele>
  <time>2010-07-31T04:46:16Z</time>
</trkpt>
<trkpt lat="53.194763185" lon="48.263340024">
  <ele>129.822006</ele>
  <time>2010-07-31T04:46:17Z</time>
</trkpt>
<trkpt lat="53.194774669" lon="48.263626099">
  <ele>129.613007</ele>
  <time>2010-07-31T04:46:18Z</time>
</trkpt>
<trkpt lat="53.194786068" lon="48.263912173">
  <ele>129.442993</ele>
  <time>2010-07-31T04:46:19Z</time>
</trkpt>
<trkpt lat="53.194797551" lon="48.264202103">
  <ele>129.481995</ele>
  <time>2010-07-31T04:46:20Z</time>
</trkpt>
<trkpt lat="53.194808951" lon="48.264492033">
  <ele>129.703003</ele>
  <time>2010-07-31T04:46:21Z</time>
</trkpt>
<trkpt lat="53.194820434" lon="48.264778107">
  <ele>129.565002</ele>
  <time>2010-07-31T04:46:22Z</time>
</trkpt>
<trkpt lat="53.194831833" lon="48.265068037">
  <ele>129.554001</ele>
  <time>2010-07-31T04:46:23Z</time>
</trkpt>
<trkpt lat="53.194843316" lon="48.265350340">
  <ele>129.472000</ele>
  <time>2010-07-31T04:46:24Z</time>
</trkpt>
<trkpt lat="53.194858572" lon="48.265644042">
  <ele>129.628998</ele>
  <time>2010-07-31T04:46:25Z</time>
</trkpt>
<trkpt lat="53.194866199" lon="48.265941599">
  <ele>129.552002</ele>
  <time>2010-07-31T04:46:26Z</time>
</trkpt>
<trkpt lat="53.194877598" lon="48.266239157">
  <ele>129.479996</ele>
  <time>2010-07-31T04:46:27Z</time>
</trkpt>
<trkpt lat="53.194885226" lon="48.266544342">
  <ele>129.279007</ele>
  <time>2010-07-31T04:46:28Z</time>
</trkpt>
<trkpt lat="53.194896709" lon="48.266853299">
  <ele>129.365997</ele>
  <time>2010-07-31T04:46:29Z</time>
</trkpt>
<trkpt lat="53.194908109" lon="48.267169967">
  <ele>129.419998</ele>
  <time>2010-07-31T04:46:30Z</time>
</trkpt>
<trkpt lat="53.194923364" lon="48.267490407">
  <ele>129.445999</ele>
  <time>2010-07-31T04:46:31Z</time>
</trkpt>
<trkpt lat="53.194934847" lon="48.267810848">
  <ele>129.345001</ele>
  <time>2010-07-31T04:46:32Z</time>
</trkpt>
<trkpt lat="53.194950102" lon="48.268131288">
  <ele>129.375000</ele>
  <time>2010-07-31T04:46:33Z</time>
</trkpt>
<trkpt lat="53.194961585" lon="48.268444100">
  <ele>129.335999</ele>
  <time>2010-07-31T04:46:34Z</time>
</trkpt>
<trkpt lat="53.194976840" lon="48.268760685">
  <ele>129.115005</ele>
  <time>2010-07-31T04:46:35Z</time>
</trkpt>
<trkpt lat="53.194988240" lon="48.269077269">
  <ele>129.044998</ele>
  <time>2010-07-31T04:46:36Z</time>
</trkpt>
<trkpt lat="53.195003495" lon="48.269393938">
  <ele>129.070999</ele>
  <time>2010-07-31T04:46:37Z</time>
</trkpt>
<trkpt lat="53.195014978" lon="48.269718150">
  <ele>128.813004</ele>
  <time>2010-07-31T04:46:38Z</time>
</trkpt>
<trkpt lat="53.195026377" lon="48.270042446">
  <ele>128.703003</ele>
  <time>2010-07-31T04:46:39Z</time>
</trkpt>
<trkpt lat="53.195041632" lon="48.270366658">
  <ele>128.990997</ele>
  <time>2010-07-31T04:46:40Z</time>
</trkpt>
<trkpt lat="53.195053115" lon="48.270698581">
  <ele>128.843002</ele>
  <time>2010-07-31T04:46:41Z</time>
</trkpt>
<trkpt lat="53.195064515" lon="48.271030420">
  <ele>128.949997</ele>
  <time>2010-07-31T04:46:42Z</time>
</trkpt>
<trkpt lat="53.195075998" lon="48.271369971">
  <ele>128.755005</ele>
  <time>2010-07-31T04:46:43Z</time>
</trkpt>
<trkpt lat="53.195087397" lon="48.271709438">
  <ele>128.938995</ele>
  <time>2010-07-31T04:46:44Z</time>
</trkpt>
<trkpt lat="53.195098881" lon="48.272052761">
  <ele>128.966003</ele>
  <time>2010-07-31T04:46:45Z</time>
</trkpt>
<trkpt lat="53.195114136" lon="48.272399940">
  <ele>129.054001</ele>
  <time>2010-07-31T04:46:46Z</time>
</trkpt>
<trkpt lat="53.195129391" lon="48.272750890">
  <ele>128.854996</ele>
  <time>2010-07-31T04:46:47Z</time>
</trkpt>
<trkpt lat="53.195144646" lon="48.273101840">
  <ele>128.977997</ele>
  <time>2010-07-31T04:46:48Z</time>
</trkpt>
<trkpt lat="53.195159901" lon="48.273452790">
  <ele>128.998001</ele>
  <time>2010-07-31T04:46:49Z</time>
</trkpt>
<trkpt lat="53.195179012" lon="48.273807513">
  <ele>128.992004</ele>
  <time>2010-07-31T04:46:50Z</time>
</trkpt>
<trkpt lat="53.195198039" lon="48.274169946">
  <ele>129.181000</ele>
  <time>2010-07-31T04:46:51Z</time>
</trkpt>
<trkpt lat="53.195213294" lon="48.274539923">
  <ele>129.449997</ele>
  <time>2010-07-31T04:46:52Z</time>
</trkpt>
<trkpt lat="53.195228549" lon="48.274906129">
  <ele>129.748993</ele>
  <time>2010-07-31T04:46:53Z</time>
</trkpt>
<trkpt lat="53.195243804" lon="48.275279962">
  <ele>129.921005</ele>
  <time>2010-07-31T04:46:54Z</time>
</trkpt>
<trkpt lat="53.195259059" lon="48.275657650">
  <ele>129.994003</ele>
  <time>2010-07-31T04:46:55Z</time>
</trkpt>
<trkpt lat="53.195270542" lon="48.276039110">
  <ele>130.182999</ele>
  <time>2010-07-31T04:46:56Z</time>
</trkpt>
<trkpt lat="53.195285797" lon="48.276420571">
  <ele>130.167007</ele>
  <time>2010-07-31T04:46:57Z</time>
</trkpt>
<trkpt lat="53.195301052" lon="48.276798259">
  <ele>130.222000</ele>
  <time>2010-07-31T04:46:58Z</time>
</trkpt>
<trkpt lat="53.195320163" lon="48.277183492">
  <ele>130.315002</ele>
  <time>2010-07-31T04:46:59Z</time>
</trkpt>
<trkpt lat="53.195335418" lon="48.277565036">
  <ele>130.358994</ele>
  <time>2010-07-31T04:47:00Z</time>
</trkpt>
<trkpt lat="53.195350673" lon="48.277946496">
  <ele>130.371002</ele>
  <time>2010-07-31T04:47:01Z</time>
</trkpt>
<trkpt lat="53.195369700" lon="48.278327957">
  <ele>130.367996</ele>
  <time>2010-07-31T04:47:02Z</time>
</trkpt>
<trkpt lat="53.195384955" lon="48.278701790">
  <ele>130.408997</ele>
  <time>2010-07-31T04:47:03Z</time>
</trkpt>
<trkpt lat="53.195400210" lon="48.279067995">
  <ele>130.283005</ele>
  <time>2010-07-31T04:47:04Z</time>
</trkpt>
<trkpt lat="53.195415465" lon="48.279426573">
  <ele>130.121994</ele>
  <time>2010-07-31T04:47:05Z</time>
</trkpt>
<trkpt lat="53.195434576" lon="48.279781379">
  <ele>129.981003</ele>
  <time>2010-07-31T04:47:06Z</time>
</trkpt>
<trkpt lat="53.195445975" lon="48.280128473">
  <ele>129.847000</ele>
  <time>2010-07-31T04:47:07Z</time>
</trkpt>
<trkpt lat="53.195461314" lon="48.280471796">
  <ele>129.832993</ele>
  <time>2010-07-31T04:47:08Z</time>
</trkpt>
<trkpt lat="53.195476569" lon="48.280815119">
  <ele>129.932007</ele>
  <time>2010-07-31T04:47:09Z</time>
</trkpt>
<trkpt lat="53.195491824" lon="48.281154670">
  <ele>129.889999</ele>
  <time>2010-07-31T04:47:10Z</time>
</trkpt>
<trkpt lat="53.195503224" lon="48.281494137">
  <ele>129.727997</ele>
  <time>2010-07-31T04:47:11Z</time>
</trkpt>
<trkpt lat="53.195518479" lon="48.281833688">
  <ele>129.699997</ele>
  <time>2010-07-31T04:47:12Z</time>
</trkpt>
<trkpt lat="53.195529962" lon="48.282173155">
  <ele>129.761002</ele>
  <time>2010-07-31T04:47:13Z</time>
</trkpt>
<trkpt lat="53.195545217" lon="48.282516478">
  <ele>129.720001</ele>
  <time>2010-07-31T04:47:14Z</time>
</trkpt>
<trkpt lat="53.195556616" lon="48.282863656">
  <ele>129.694000</ele>
  <time>2010-07-31T04:47:15Z</time>
</trkpt>
<trkpt lat="53.195568100" lon="48.283206979">
  <ele>129.742996</ele>
  <time>2010-07-31T04:47:16Z</time>
</trkpt>
<trkpt lat="53.195583355" lon="48.283554073">
  <ele>129.852005</ele>
  <time>2010-07-31T04:47:17Z</time>
</trkpt>
<trkpt lat="53.195594754" lon="48.283905024">
  <ele>129.968002</ele>
  <time>2010-07-31T04:47:18Z</time>
</trkpt>
<trkpt lat="53.195610009" lon="48.284259830">
  <ele>129.947006</ele>
  <time>2010-07-31T04:47:19Z</time>
</trkpt>
<trkpt lat="53.195621492" lon="48.284610780">
  <ele>129.916000</ele>
  <time>2010-07-31T04:47:20Z</time>
</trkpt>
<trkpt lat="53.195636747" lon="48.284961730">
  <ele>129.897995</ele>
  <time>2010-07-31T04:47:21Z</time>
</trkpt>
<trkpt lat="53.195648231" lon="48.285312681">
  <ele>129.785995</ele>
  <time>2010-07-31T04:47:22Z</time>
</trkpt>
<trkpt lat="53.195659630" lon="48.285667403">
  <ele>129.776001</ele>
  <time>2010-07-31T04:47:23Z</time>
</trkpt>
<trkpt lat="53.195671113" lon="48.286022209">
  <ele>129.942001</ele>
  <time>2010-07-31T04:47:24Z</time>
</trkpt>
<trkpt lat="53.195682513" lon="48.286380786">
  <ele>129.998993</ele>
  <time>2010-07-31T04:47:25Z</time>
</trkpt>
<trkpt lat="53.195697768" lon="48.286735509">
  <ele>129.871002</ele>
  <time>2010-07-31T04:47:26Z</time>
</trkpt>
<trkpt lat="53.195709251" lon="48.287094086">
  <ele>129.832001</ele>
  <time>2010-07-31T04:47:27Z</time>
</trkpt>
<trkpt lat="53.195720650" lon="48.287452664">
  <ele>129.884003</ele>
  <time>2010-07-31T04:47:28Z</time>
</trkpt>
<trkpt lat="53.195735905" lon="48.287811242">
  <ele>129.994003</ele>
  <time>2010-07-31T04:47:29Z</time>
</trkpt>
<trkpt lat="53.195751160" lon="48.288169820">
  <ele>130.018997</ele>
  <time>2010-07-31T04:47:30Z</time>
</trkpt>
<trkpt lat="53.195762644" lon="48.288532253">
  <ele>129.975998</ele>
  <time>2010-07-31T04:47:31Z</time>
</trkpt>
<trkpt lat="53.195777899" lon="48.288894687">
  <ele>129.802994</ele>
  <time>2010-07-31T04:47:32Z</time>
</trkpt>
<trkpt lat="53.195789298" lon="48.289257037">
  <ele>129.914993</ele>
  <time>2010-07-31T04:47:33Z</time>
</trkpt>
<trkpt lat="53.195808409" lon="48.289615614">
  <ele>130.054001</ele>
  <time>2010-07-31T04:47:34Z</time>
</trkpt>
<trkpt lat="53.195823664" lon="48.289981820">
  <ele>130.205002</ele>
  <time>2010-07-31T04:47:35Z</time>
</trkpt>
<trkpt lat="53.195835147" lon="48.290344253">
  <ele>130.464996</ele>
  <time>2010-07-31T04:47:36Z</time>
</trkpt>
<trkpt lat="53.195850402" lon="48.290710459">
  <ele>130.679993</ele>
  <time>2010-07-31T04:47:37Z</time>
</trkpt>
<trkpt lat="53.195861802" lon="48.291080436">
  <ele>130.619003</ele>
  <time>2010-07-31T04:47:38Z</time>
</trkpt>
<trkpt lat="53.195877057" lon="48.291450497">
  <ele>130.634003</ele>
  <time>2010-07-31T04:47:39Z</time>
</trkpt>
<trkpt lat="53.195892312" lon="48.291820558">
  <ele>130.714996</ele>
  <time>2010-07-31T04:47:40Z</time>
</trkpt>
<trkpt lat="53.195903795" lon="48.292190535">
  <ele>131.089005</ele>
  <time>2010-07-31T04:47:41Z</time>
</trkpt>
<trkpt lat="53.195919050" lon="48.292560596">
  <ele>131.343002</ele>
  <time>2010-07-31T04:47:42Z</time>
</trkpt>
<trkpt lat="53.195934305" lon="48.292934429">
  <ele>131.304001</ele>
  <time>2010-07-31T04:47:43Z</time>
</trkpt>
<trkpt lat="53.195953332" lon="48.293304406">
  <ele>131.225006</ele>
  <time>2010-07-31T04:47:44Z</time>
</trkpt>
<trkpt lat="53.195968587" lon="48.293678323">
  <ele>131.274994</ele>
  <time>2010-07-31T04:47:45Z</time>
</trkpt>
<trkpt lat="53.195983926" lon="48.294048300">
  <ele>131.186996</ele>
  <time>2010-07-31T04:47:46Z</time>
</trkpt>
<trkpt lat="53.196002953" lon="48.294418361">
  <ele>130.906998</ele>
  <time>2010-07-31T04:47:47Z</time>
</trkpt>
<trkpt lat="53.196018208" lon="48.294788338">
  <ele>130.817993</ele>
  <time>2010-07-31T04:47:48Z</time>
</trkpt>
<trkpt lat="53.196033463" lon="48.295158399">
  <ele>130.697998</ele>
  <time>2010-07-31T04:47:49Z</time>
</trkpt>
<trkpt lat="53.196052574" lon="48.295532232">
  <ele>130.561005</ele>
  <time>2010-07-31T04:47:50Z</time>
</trkpt>
<trkpt lat="53.196067829" lon="48.295906065">
  <ele>130.427994</ele>
  <time>2010-07-31T04:47:51Z</time>
</trkpt>
<trkpt lat="53.196079228" lon="48.296279898">
  <ele>130.197998</ele>
  <time>2010-07-31T04:47:52Z</time>
</trkpt>
<trkpt lat="53.196090711" lon="48.296649959">
  <ele>130.227005</ele>
  <time>2010-07-31T04:47:53Z</time>
</trkpt>
<trkpt lat="53.196105966" lon="48.297023792">
  <ele>130.063004</ele>
  <time>2010-07-31T04:47:54Z</time>
</trkpt>
<trkpt lat="53.196117366" lon="48.297397625">
  <ele>129.919006</ele>
  <time>2010-07-31T04:47:55Z</time>
</trkpt>
<trkpt lat="53.196132621" lon="48.297771458">
  <ele>129.925995</ele>
  <time>2010-07-31T04:47:56Z</time>
</trkpt>
<trkpt lat="53.196144104" lon="48.298141519">
  <ele>129.798004</ele>
  <time>2010-07-31T04:47:57Z</time>
</trkpt>
<trkpt lat="53.196159359" lon="48.298511496">
  <ele>129.753006</ele>
  <time>2010-07-31T04:47:58Z</time>
</trkpt>
<trkpt lat="53.196174614" lon="48.298881557">
  <ele>129.417999</ele>
  <time>2010-07-31T04:47:59Z</time>
</trkpt>
<trkpt lat="53.196189869" lon="48.299251534">
  <ele>129.156006</ele>
  <time>2010-07-31T04:48:00Z</time>
</trkpt>
<trkpt lat="53.196205124" lon="48.299621595">
  <ele>128.910995</ele>
  <time>2010-07-31T04:48:01Z</time>
</trkpt>
<trkpt lat="53.196216607" lon="48.299987800">
  <ele>128.783005</ele>
  <time>2010-07-31T04:48:02Z</time>
</trkpt>
<trkpt lat="53.196231863" lon="48.300350150">
  <ele>128.716003</ele>
  <time>2010-07-31T04:48:03Z</time>
</trkpt>
<trkpt lat="53.196247118" lon="48.300708812">
  <ele>128.585007</ele>
  <time>2010-07-31T04:48:04Z</time>
</trkpt>
<trkpt lat="53.196262373" lon="48.301067390">
  <ele>128.457993</ele>
  <time>2010-07-31T04:48:05Z</time>
</trkpt>
<trkpt lat="53.196277628" lon="48.301418340">
  <ele>128.406998</ele>
  <time>2010-07-31T04:48:06Z</time>
</trkpt>
<trkpt lat="53.196292883" lon="48.301769290">
  <ele>128.320999</ele>
  <time>2010-07-31T04:48:07Z</time>
</trkpt>
<trkpt lat="53.196308138" lon="48.302120240">
  <ele>128.270004</ele>
  <time>2010-07-31T04:48:08Z</time>
</trkpt>
<trkpt lat="53.196323393" lon="48.302474963">
  <ele>128.278000</ele>
  <time>2010-07-31T04:48:09Z</time>
</trkpt>
<trkpt lat="53.196346276" lon="48.302829769">
  <ele>128.151993</ele>
  <time>2010-07-31T04:48:10Z</time>
</trkpt>
<trkpt lat="53.196373014" lon="48.303180719">
  <ele>128.108002</ele>
  <time>2010-07-31T04:48:11Z</time>
</trkpt>
<trkpt lat="53.196395896" lon="48.303535441">
  <ele>128.065994</ele>
  <time>2010-07-31T04:48:12Z</time>
</trkpt>
<trkpt lat="53.196418779" lon="48.303890247">
  <ele>127.846001</ele>
  <time>2010-07-31T04:48:13Z</time>
</trkpt>
<trkpt lat="53.196434034" lon="48.304248825">
  <ele>127.774002</ele>
  <time>2010-07-31T04:48:14Z</time>
</trkpt>
<trkpt lat="53.196449289" lon="48.304607403">
  <ele>127.702003</ele>
  <time>2010-07-31T04:48:15Z</time>
</trkpt>
<trkpt lat="53.196464544" lon="48.304969752">
  <ele>127.698997</ele>
  <time>2010-07-31T04:48:16Z</time>
</trkpt>
<trkpt lat="53.196479799" lon="48.305328330">
  <ele>127.825996</ele>
  <time>2010-07-31T04:48:17Z</time>
</trkpt>
<trkpt lat="53.196495054" lon="48.305694619">
  <ele>127.684998</ele>
  <time>2010-07-31T04:48:18Z</time>
</trkpt>
<trkpt lat="53.196506537" lon="48.306068452">
  <ele>127.408997</ele>
  <time>2010-07-31T04:48:19Z</time>
</trkpt>
<trkpt lat="53.196517937" lon="48.306442285">
  <ele>127.198997</ele>
  <time>2010-07-31T04:48:20Z</time>
</trkpt>
<trkpt lat="53.196521793" lon="48.306819890">
  <ele>127.100998</ele>
  <time>2010-07-31T04:48:21Z</time>
</trkpt>
<trkpt lat="53.196529420" lon="48.307201350">
  <ele>127.082001</ele>
  <time>2010-07-31T04:48:22Z</time>
</trkpt>
<trkpt lat="53.196529420" lon="48.307575267">
  <ele>127.334000</ele>
  <time>2010-07-31T04:48:23Z</time>
</trkpt>
<trkpt lat="53.196533192" lon="48.307945244">
  <ele>127.248001</ele>
  <time>2010-07-31T04:48:24Z</time>
</trkpt>
<trkpt lat="53.196533192" lon="48.308326704">
  <ele>127.154999</ele>
  <time>2010-07-31T04:48:25Z</time>
</trkpt>
<trkpt lat="53.196529420" lon="48.308704393">
  <ele>126.983002</ele>
  <time>2010-07-31T04:48:26Z</time>
</trkpt>
<trkpt lat="53.196521793" lon="48.309081998">
  <ele>127.004997</ele>
  <time>2010-07-31T04:48:27Z</time>
</trkpt>
<trkpt lat="53.196510309" lon="48.309463542">
  <ele>126.754997</ele>
  <time>2010-07-31T04:48:28Z</time>
</trkpt>
<trkpt lat="53.196495054" lon="48.309837375">
  <ele>126.622002</ele>
  <time>2010-07-31T04:48:29Z</time>
</trkpt>
<trkpt lat="53.196479799" lon="48.310214980">
  <ele>126.302002</ele>
  <time>2010-07-31T04:48:30Z</time>
</trkpt>
<trkpt lat="53.196464544" lon="48.310585041">
  <ele>125.982002</ele>
  <time>2010-07-31T04:48:31Z</time>
</trkpt>
<trkpt lat="53.196445433" lon="48.310955018">
  <ele>125.624001</ele>
  <time>2010-07-31T04:48:32Z</time>
</trkpt>
<trkpt lat="53.196426407" lon="48.311328851">
  <ele>125.174004</ele>
  <time>2010-07-31T04:48:33Z</time>
</trkpt>
<trkpt lat="53.196403524" lon="48.311698912">
  <ele>125.042999</ele>
  <time>2010-07-31T04:48:34Z</time>
</trkpt>
<trkpt lat="53.196376786" lon="48.312068973">
  <ele>124.746002</ele>
  <time>2010-07-31T04:48:35Z</time>
</trkpt>
<trkpt lat="53.196350131" lon="48.312438950">
  <ele>124.531998</ele>
  <time>2010-07-31T04:48:36Z</time>
</trkpt>
<trkpt lat="53.196319621" lon="48.312809011">
  <ele>124.185997</ele>
  <time>2010-07-31T04:48:37Z</time>
</trkpt>
<trkpt lat="53.196285255" lon="48.313178988">
  <ele>123.624001</ele>
  <time>2010-07-31T04:48:38Z</time>
</trkpt>
<trkpt lat="53.196250889" lon="48.313549049">
  <ele>123.343002</ele>
  <time>2010-07-31T04:48:39Z</time>
</trkpt>
<trkpt lat="53.196216607" lon="48.313926738">
  <ele>122.723999</ele>
  <time>2010-07-31T04:48:40Z</time>
</trkpt>
<trkpt lat="53.196178470" lon="48.314296715">
  <ele>122.467003</ele>
  <time>2010-07-31T04:48:41Z</time>
</trkpt>
<trkpt lat="53.196136476" lon="48.314666776">
  <ele>122.016998</ele>
  <time>2010-07-31T04:48:42Z</time>
</trkpt>
<trkpt lat="53.196094483" lon="48.315032981">
  <ele>121.753998</ele>
  <time>2010-07-31T04:48:43Z</time>
</trkpt>
<trkpt lat="53.196048718" lon="48.315402959">
  <ele>121.487999</ele>
  <time>2010-07-31T04:48:44Z</time>
</trkpt>
<trkpt lat="53.195999181" lon="48.315773020">
  <ele>121.212997</ele>
  <time>2010-07-31T04:48:45Z</time>
</trkpt>
<trkpt lat="53.195949560" lon="48.316142997">
  <ele>120.964996</ele>
  <time>2010-07-31T04:48:46Z</time>
</trkpt>
<trkpt lat="53.195896167" lon="48.316516913">
  <ele>120.841003</ele>
  <time>2010-07-31T04:48:47Z</time>
</trkpt>
<trkpt lat="53.195846546" lon="48.316890746">
  <ele>120.782997</ele>
  <time>2010-07-31T04:48:48Z</time>
</trkpt>
<trkpt lat="53.195793154" lon="48.317260724">
  <ele>120.874001</ele>
  <time>2010-07-31T04:48:49Z</time>
</trkpt>
<trkpt lat="53.195743533" lon="48.317626929">
  <ele>120.693001</ele>
  <time>2010-07-31T04:48:50Z</time>
</trkpt>
<trkpt lat="53.195690140" lon="48.317989362">
  <ele>120.753998</ele>
  <time>2010-07-31T04:48:51Z</time>
</trkpt>
<trkpt lat="53.195644375" lon="48.318351712">
  <ele>120.819000</ele>
  <time>2010-07-31T04:48:52Z</time>
</trkpt>
<trkpt lat="53.195594754" lon="48.318710290">
  <ele>120.807999</ele>
  <time>2010-07-31T04:48:53Z</time>
</trkpt>
<trkpt lat="53.195545217" lon="48.319065096">
  <ele>120.792000</ele>
  <time>2010-07-31T04:48:54Z</time>
</trkpt>
<trkpt lat="53.195491824" lon="48.319416046">
  <ele>120.558998</ele>
  <time>2010-07-31T04:48:55Z</time>
</trkpt>
<trkpt lat="53.195442203" lon="48.319763225">
  <ele>120.540001</ele>
  <time>2010-07-31T04:48:56Z</time>
</trkpt>
<trkpt lat="53.195392583" lon="48.320114175">
  <ele>120.272003</ele>
  <time>2010-07-31T04:48:57Z</time>
</trkpt>
<trkpt lat="53.195339190" lon="48.320461269">
  <ele>120.468002</ele>
  <time>2010-07-31T04:48:58Z</time>
</trkpt>
<trkpt lat="53.195289653" lon="48.320804592">
  <ele>120.596001</ele>
  <time>2010-07-31T04:48:59Z</time>
</trkpt>
<trkpt lat="53.195240032" lon="48.321144143">
  <ele>120.528999</ele>
  <time>2010-07-31T04:49:00Z</time>
</trkpt>
<trkpt lat="53.195194267" lon="48.321479838">
  <ele>120.676003</ele>
  <time>2010-07-31T04:49:01Z</time>
</trkpt>
<trkpt lat="53.195144646" lon="48.321815450">
  <ele>120.769997</ele>
  <time>2010-07-31T04:49:02Z</time>
</trkpt>
<trkpt lat="53.195098881" lon="48.322151145">
  <ele>120.861000</ele>
  <time>2010-07-31T04:49:03Z</time>
</trkpt>
<trkpt lat="53.195053115" lon="48.322486840">
  <ele>120.914001</ele>
  <time>2010-07-31T04:49:04Z</time>
</trkpt>
<trkpt lat="53.195007350" lon="48.322822535">
  <ele>121.029999</ele>
  <time>2010-07-31T04:49:05Z</time>
</trkpt>
<trkpt lat="53.194961585" lon="48.323158231">
  <ele>120.988998</ele>
  <time>2010-07-31T04:49:06Z</time>
</trkpt>
<trkpt lat="53.194915736" lon="48.323493926">
  <ele>120.911003</ele>
  <time>2010-07-31T04:49:07Z</time>
</trkpt>
<trkpt lat="53.194869971" lon="48.323829621">
  <ele>120.877998</ele>
  <time>2010-07-31T04:49:08Z</time>
</trkpt>
<trkpt lat="53.194820434" lon="48.324161544">
  <ele>120.750000</ele>
  <time>2010-07-31T04:49:09Z</time>
</trkpt>
<trkpt lat="53.194774669" lon="48.324489612">
  <ele>120.699997</ele>
  <time>2010-07-31T04:49:10Z</time>
</trkpt>
<trkpt lat="53.194728820" lon="48.324821452">
  <ele>120.524002</ele>
  <time>2010-07-31T04:49:11Z</time>
</trkpt>
<trkpt lat="53.194683054" lon="48.325157147">
  <ele>120.555000</ele>
  <time>2010-07-31T04:49:12Z</time>
</trkpt>
<trkpt lat="53.194637289" lon="48.325492842">
  <ele>120.675003</ele>
  <time>2010-07-31T04:49:13Z</time>
</trkpt>
<trkpt lat="53.194591524" lon="48.325828537">
  <ele>120.526001</ele>
  <time>2010-07-31T04:49:14Z</time>
</trkpt>
<trkpt lat="53.194545759" lon="48.326160461">
  <ele>120.581001</ele>
  <time>2010-07-31T04:49:15Z</time>
</trkpt>
<trkpt lat="53.194499994" lon="48.326492300">
  <ele>120.565002</ele>
  <time>2010-07-31T04:49:16Z</time>
</trkpt>
<trkpt lat="53.194454229" lon="48.326827995">
  <ele>120.485001</ele>
  <time>2010-07-31T04:49:17Z</time>
</trkpt>
<trkpt lat="53.194404608" lon="48.327159919">
  <ele>120.549004</ele>
  <time>2010-07-31T04:49:18Z</time>
</trkpt>
<trkpt lat="53.194354987" lon="48.327487987">
  <ele>120.824997</ele>
  <time>2010-07-31T04:49:19Z</time>
</trkpt>
<trkpt lat="53.194301594" lon="48.327815970">
  <ele>121.177002</ele>
  <time>2010-07-31T04:49:20Z</time>
</trkpt>
<trkpt lat="53.194248201" lon="48.328144038">
  <ele>121.224998</ele>
  <time>2010-07-31T04:49:21Z</time>
</trkpt>
<trkpt lat="53.194194809" lon="48.328475961">
  <ele>121.274002</ele>
  <time>2010-07-31T04:49:22Z</time>
</trkpt>
<trkpt lat="53.194133788" lon="48.328800173">
  <ele>121.253998</ele>
  <time>2010-07-31T04:49:23Z</time>
</trkpt>
<trkpt lat="53.194072684" lon="48.329124469">
  <ele>121.203003</ele>
  <time>2010-07-31T04:49:24Z</time>
</trkpt>
<trkpt lat="53.194011664" lon="48.329448681">
  <ele>121.424004</ele>
  <time>2010-07-31T04:49:25Z</time>
</trkpt>
<trkpt lat="53.193950644" lon="48.329776749">
  <ele>121.666000</ele>
  <time>2010-07-31T04:49:26Z</time>
</trkpt>
<trkpt lat="53.193889624" lon="48.330104817">
  <ele>121.888000</ele>
  <time>2010-07-31T04:49:27Z</time>
</trkpt>
<trkpt lat="53.193824748" lon="48.330432884">
  <ele>121.803001</ele>
  <time>2010-07-31T04:49:28Z</time>
</trkpt>
<trkpt lat="53.193759955" lon="48.330760952">
  <ele>122.010002</ele>
  <time>2010-07-31T04:49:29Z</time>
</trkpt>
<trkpt lat="53.193695080" lon="48.331096647">
  <ele>122.236000</ele>
  <time>2010-07-31T04:49:30Z</time>
</trkpt>
<trkpt lat="53.193626432" lon="48.331436198">
  <ele>122.294998</ele>
  <time>2010-07-31T04:49:31Z</time>
</trkpt>
<trkpt lat="53.193561556" lon="48.331779521">
  <ele>122.254997</ele>
  <time>2010-07-31T04:49:32Z</time>
</trkpt>
<trkpt lat="53.193492908" lon="48.332122844">
  <ele>122.154999</ele>
  <time>2010-07-31T04:49:33Z</time>
</trkpt>
<trkpt lat="53.193424260" lon="48.332469938">
  <ele>122.102997</ele>
  <time>2010-07-31T04:49:34Z</time>
</trkpt>
<trkpt lat="53.193355529" lon="48.332817117">
  <ele>122.314003</ele>
  <time>2010-07-31T04:49:35Z</time>
</trkpt>
<trkpt lat="53.193286881" lon="48.333160440">
  <ele>122.290001</ele>
  <time>2010-07-31T04:49:36Z</time>
</trkpt>
<trkpt lat="53.193222005" lon="48.333507534">
  <ele>122.432999</ele>
  <time>2010-07-31T04:49:37Z</time>
</trkpt>
<trkpt lat="53.193153357" lon="48.333854713">
  <ele>122.487000</ele>
  <time>2010-07-31T04:49:38Z</time>
</trkpt>
<trkpt lat="53.193088565" lon="48.334201807">
  <ele>122.417000</ele>
  <time>2010-07-31T04:49:39Z</time>
</trkpt>
<trkpt lat="53.193019833" lon="48.334545130">
  <ele>122.321999</ele>
  <time>2010-07-31T04:49:40Z</time>
</trkpt>
<trkpt lat="53.192947414" lon="48.334888453">
  <ele>122.408997</ele>
  <time>2010-07-31T04:49:41Z</time>
</trkpt>
<trkpt lat="53.192878682" lon="48.335228004">
  <ele>122.324997</ele>
  <time>2010-07-31T04:49:42Z</time>
</trkpt>
<trkpt lat="53.192810034" lon="48.335571326">
  <ele>122.419998</ele>
  <time>2010-07-31T04:49:43Z</time>
</trkpt>
<trkpt lat="53.192745242" lon="48.335907022">
  <ele>122.333000</ele>
  <time>2010-07-31T04:49:44Z</time>
</trkpt>
<trkpt lat="53.192676511" lon="48.336242717">
  <ele>122.343002</ele>
  <time>2010-07-31T04:49:45Z</time>
</trkpt>
<trkpt lat="53.192607863" lon="48.336582184">
  <ele>122.417000</ele>
  <time>2010-07-31T04:49:46Z</time>
</trkpt>
<trkpt lat="53.192539215" lon="48.336917879">
  <ele>122.471001</ele>
  <time>2010-07-31T04:49:47Z</time>
</trkpt>
<trkpt lat="53.192474339" lon="48.337253574">
  <ele>122.595001</ele>
  <time>2010-07-31T04:49:48Z</time>
</trkpt>
<trkpt lat="53.192409547" lon="48.337589270">
  <ele>122.456001</ele>
  <time>2010-07-31T04:49:49Z</time>
</trkpt>
<trkpt lat="53.192344671" lon="48.337924965">
  <ele>122.425003</ele>
  <time>2010-07-31T04:49:50Z</time>
</trkpt>
<trkpt lat="53.192283651" lon="48.338264432">
  <ele>122.448997</ele>
  <time>2010-07-31T04:49:51Z</time>
</trkpt>
<trkpt lat="53.192222631" lon="48.338596355">
  <ele>122.639999</ele>
  <time>2010-07-31T04:49:52Z</time>
</trkpt>
<trkpt lat="53.192161527" lon="48.338928195">
  <ele>122.648003</ele>
  <time>2010-07-31T04:49:53Z</time>
</trkpt>
<trkpt lat="53.192108134" lon="48.339267746">
  <ele>122.838997</ele>
  <time>2010-07-31T04:49:54Z</time>
</trkpt>
<trkpt lat="53.192054741" lon="48.339603441">
  <ele>122.847000</ele>
  <time>2010-07-31T04:49:55Z</time>
</trkpt>
<trkpt lat="53.192008976" lon="48.339931509">
  <ele>122.745003</ele>
  <time>2010-07-31T04:49:56Z</time>
</trkpt>
<trkpt lat="53.191966983" lon="48.340263348">
  <ele>122.589996</ele>
  <time>2010-07-31T04:49:57Z</time>
</trkpt>
<trkpt lat="53.191936472" lon="48.340583788">
  <ele>122.803001</ele>
  <time>2010-07-31T04:49:58Z</time>
</trkpt>
<trkpt lat="53.191905962" lon="48.340908084">
  <ele>122.818001</ele>
  <time>2010-07-31T04:49:59Z</time>
</trkpt>
<trkpt lat="53.191879308" lon="48.341228524">
  <ele>122.924004</ele>
  <time>2010-07-31T04:50:00Z</time>
</trkpt>
<trkpt lat="53.191856425" lon="48.341541253">
  <ele>123.023003</ele>
  <time>2010-07-31T04:50:01Z</time>
</trkpt>
<trkpt lat="53.191829687" lon="48.341846438">
  <ele>123.148003</ele>
  <time>2010-07-31T04:50:02Z</time>
</trkpt>
<trkpt lat="53.191802949" lon="48.342151623">
  <ele>123.181000</ele>
  <time>2010-07-31T04:50:03Z</time>
</trkpt>
<trkpt lat="53.191780066" lon="48.342449181">
  <ele>123.255997</ele>
  <time>2010-07-31T04:50:04Z</time>
</trkpt>
<trkpt lat="53.191753412" lon="48.342746738">
  <ele>123.176003</ele>
  <time>2010-07-31T04:50:05Z</time>
</trkpt>
<trkpt lat="53.191730529" lon="48.343040440">
  <ele>123.200996</ele>
  <time>2010-07-31T04:50:06Z</time>
</trkpt>
<trkpt lat="53.191707646" lon="48.343330370">
  <ele>123.166000</ele>
  <time>2010-07-31T04:50:07Z</time>
</trkpt>
<trkpt lat="53.191680908" lon="48.343616445">
  <ele>123.377998</ele>
  <time>2010-07-31T04:50:08Z</time>
</trkpt>
<trkpt lat="53.191654170" lon="48.343894975">
  <ele>123.378998</ele>
  <time>2010-07-31T04:50:09Z</time>
</trkpt>
<trkpt lat="53.191627515" lon="48.344169650">
  <ele>123.615997</ele>
  <time>2010-07-31T04:50:10Z</time>
</trkpt>
<trkpt lat="53.191604633" lon="48.344440470">
  <ele>123.547997</ele>
  <time>2010-07-31T04:50:11Z</time>
</trkpt>
<trkpt lat="53.191577895" lon="48.344711289">
  <ele>123.786003</ele>
  <time>2010-07-31T04:50:12Z</time>
</trkpt>
<trkpt lat="53.191551240" lon="48.344978336">
  <ele>123.797997</ele>
  <time>2010-07-31T04:50:13Z</time>
</trkpt>
<trkpt lat="53.191520730" lon="48.345237756">
  <ele>123.641998</ele>
  <time>2010-07-31T04:50:14Z</time>
</trkpt>
<trkpt lat="53.191493992" lon="48.345497092">
  <ele>123.560997</ele>
  <time>2010-07-31T04:50:15Z</time>
</trkpt>
<trkpt lat="53.191471109" lon="48.345756512">
  <ele>123.699997</ele>
  <time>2010-07-31T04:50:16Z</time>
</trkpt>
<trkpt lat="53.191444371" lon="48.346019704">
  <ele>123.712997</ele>
  <time>2010-07-31T04:50:17Z</time>
</trkpt>
<trkpt lat="53.191421488" lon="48.346286751">
  <ele>123.575996</ele>
  <time>2010-07-31T04:50:18Z</time>
</trkpt>
<trkpt lat="53.191394834" lon="48.346550027">
  <ele>123.537003</ele>
  <time>2010-07-31T04:50:19Z</time>
</trkpt>
<trkpt lat="53.191371951" lon="48.346813219">
  <ele>123.632004</ele>
  <time>2010-07-31T04:50:20Z</time>
</trkpt>
<trkpt lat="53.191349069" lon="48.347076410">
  <ele>123.649002</ele>
  <time>2010-07-31T04:50:21Z</time>
</trkpt>
<trkpt lat="53.191322330" lon="48.347339602">
  <ele>123.681999</ele>
  <time>2010-07-31T04:50:22Z</time>
</trkpt>
<trkpt lat="53.191299448" lon="48.347606650">
  <ele>123.639999</ele>
  <time>2010-07-31T04:50:23Z</time>
</trkpt>
<trkpt lat="53.191276565" lon="48.347869841">
  <ele>123.680000</ele>
  <time>2010-07-31T04:50:24Z</time>
</trkpt>
<trkpt lat="53.191253683" lon="48.348136889">
  <ele>123.647003</ele>
  <time>2010-07-31T04:50:25Z</time>
</trkpt>
<trkpt lat="53.191234572" lon="48.348400081">
  <ele>123.718002</ele>
  <time>2010-07-31T04:50:26Z</time>
</trkpt>
<trkpt lat="53.191211689" lon="48.348663356">
  <ele>123.664001</ele>
  <time>2010-07-31T04:50:27Z</time>
</trkpt>
<trkpt lat="53.191188807" lon="48.348926548">
  <ele>123.301003</ele>
  <time>2010-07-31T04:50:28Z</time>
</trkpt>
<trkpt lat="53.191165924" lon="48.349189740">
  <ele>123.134003</ele>
  <time>2010-07-31T04:50:29Z</time>
</trkpt>
<trkpt lat="53.191143041" lon="48.349449160">
  <ele>123.001999</ele>
  <time>2010-07-31T04:50:30Z</time>
</trkpt>
<trkpt lat="53.191120159" lon="48.349712351">
  <ele>122.862999</ele>
  <time>2010-07-31T04:50:31Z</time>
</trkpt>
<trkpt lat="53.191097276" lon="48.349975627">
  <ele>122.910004</ele>
  <time>2010-07-31T04:50:32Z</time>
</trkpt>
<trkpt lat="53.191074394" lon="48.350238819">
  <ele>122.957001</ele>
  <time>2010-07-31T04:50:33Z</time>
</trkpt>
<trkpt lat="53.191051511" lon="48.350498239">
  <ele>122.791000</ele>
  <time>2010-07-31T04:50:34Z</time>
</trkpt>
<trkpt lat="53.191024773" lon="48.350753803">
  <ele>122.757004</ele>
  <time>2010-07-31T04:50:35Z</time>
</trkpt>
<trkpt lat="53.191001890" lon="48.351009367">
  <ele>122.658997</ele>
  <time>2010-07-31T04:50:36Z</time>
</trkpt>
<trkpt lat="53.190979008" lon="48.351261159">
  <ele>122.505997</ele>
  <time>2010-07-31T04:50:37Z</time>
</trkpt>
<trkpt lat="53.190956125" lon="48.351516724">
  <ele>122.421997</ele>
  <time>2010-07-31T04:50:38Z</time>
</trkpt>
<trkpt lat="53.190933242" lon="48.351768516">
  <ele>122.530998</ele>
  <time>2010-07-31T04:50:39Z</time>
</trkpt>
<trkpt lat="53.190910360" lon="48.352020225">
  <ele>122.521004</ele>
  <time>2010-07-31T04:50:40Z</time>
</trkpt>
<trkpt lat="53.190887477" lon="48.352268245">
  <ele>122.362000</ele>
  <time>2010-07-31T04:50:41Z</time>
</trkpt>
<trkpt lat="53.190868367" lon="48.352504699">
  <ele>122.119003</ele>
  <time>2010-07-31T04:50:42Z</time>
</trkpt>
<trkpt lat="53.190849340" lon="48.352741236">
  <ele>121.907997</ele>
  <time>2010-07-31T04:50:43Z</time>
</trkpt>
<trkpt lat="53.190834085" lon="48.352977773">
  <ele>121.825996</ele>
  <time>2010-07-31T04:50:44Z</time>
</trkpt>
<trkpt lat="53.190818746" lon="48.353206599">
  <ele>121.738998</ele>
  <time>2010-07-31T04:50:45Z</time>
</trkpt>
<trkpt lat="53.190811118" lon="48.353439365">
  <ele>121.554001</ele>
  <time>2010-07-31T04:50:46Z</time>
</trkpt>
<trkpt lat="53.190803491" lon="48.353668191">
  <ele>121.246002</ele>
  <time>2010-07-31T04:50:47Z</time>
</trkpt>
<trkpt lat="53.190803491" lon="48.353889473">
  <ele>120.911003</ele>
  <time>2010-07-31T04:50:48Z</time>
</trkpt>
<trkpt lat="53.190811118" lon="48.354099272">
  <ele>120.510002</ele>
  <time>2010-07-31T04:50:49Z</time>
</trkpt>
<trkpt lat="53.190826457" lon="48.354309071">
  <ele>120.226997</ele>
  <time>2010-07-31T04:50:50Z</time>
</trkpt>
<trkpt lat="53.190841712" lon="48.354515098">
  <ele>119.967003</ele>
  <time>2010-07-31T04:50:51Z</time>
</trkpt>
<trkpt lat="53.190860739" lon="48.354717270">
  <ele>119.759003</ele>
  <time>2010-07-31T04:50:52Z</time>
</trkpt>
<trkpt lat="53.190887477" lon="48.354915585">
  <ele>119.681000</ele>
  <time>2010-07-31T04:50:53Z</time>
</trkpt>
<trkpt lat="53.190914132" lon="48.355117757">
  <ele>119.661003</ele>
  <time>2010-07-31T04:50:54Z</time>
</trkpt>
<trkpt lat="53.190944642" lon="48.355320012">
  <ele>119.501999</ele>
  <time>2010-07-31T04:50:55Z</time>
</trkpt>
<trkpt lat="53.190975152" lon="48.355522184">
  <ele>119.281998</ele>
  <time>2010-07-31T04:50:56Z</time>
</trkpt>
<trkpt lat="53.191005746" lon="48.355720500">
  <ele>119.166000</ele>
  <time>2010-07-31T04:50:57Z</time>
</trkpt>
<trkpt lat="53.191036256" lon="48.355918899">
  <ele>119.095001</ele>
  <time>2010-07-31T04:50:58Z</time>
</trkpt>
<trkpt lat="53.191070538" lon="48.356113443">
  <ele>118.862999</ele>
  <time>2010-07-31T04:50:59Z</time>
</trkpt>
<trkpt lat="53.191108676" lon="48.356307987">
  <ele>118.643997</ele>
  <time>2010-07-31T04:51:00Z</time>
</trkpt>
<trkpt lat="53.191150669" lon="48.356502531">
  <ele>118.454002</ele>
  <time>2010-07-31T04:51:01Z</time>
</trkpt>
<trkpt lat="53.191192662" lon="48.356693303">
  <ele>118.157997</ele>
  <time>2010-07-31T04:51:02Z</time>
</trkpt>
<trkpt lat="53.191238428" lon="48.356880220">
  <ele>118.002998</ele>
  <time>2010-07-31T04:51:03Z</time>
</trkpt>
<trkpt lat="53.191284193" lon="48.357067136">
  <ele>117.734001</ele>
  <time>2010-07-31T04:51:04Z</time>
</trkpt>
<trkpt lat="53.191333730" lon="48.357250197">
  <ele>117.555000</ele>
  <time>2010-07-31T04:51:05Z</time>
</trkpt>
<trkpt lat="53.191387206" lon="48.357429486">
  <ele>117.418999</ele>
  <time>2010-07-31T04:51:06Z</time>
</trkpt>
<trkpt lat="53.191448227" lon="48.357605003">
  <ele>117.154999</ele>
  <time>2010-07-31T04:51:07Z</time>
</trkpt>
<trkpt lat="53.191516874" lon="48.357772809">
  <ele>116.856003</ele>
  <time>2010-07-31T04:51:08Z</time>
</trkpt>
<trkpt lat="53.191585522" lon="48.357940698">
  <ele>116.680000</ele>
  <time>2010-07-31T04:51:09Z</time>
</trkpt>
<trkpt lat="53.191661797" lon="48.358108504">
  <ele>116.560997</ele>
  <time>2010-07-31T04:51:10Z</time>
</trkpt>
<trkpt lat="53.191738157" lon="48.358280165">
  <ele>116.574997</ele>
  <time>2010-07-31T04:51:11Z</time>
</trkpt>
<trkpt lat="53.191814432" lon="48.358451826">
  <ele>116.345001</ele>
  <time>2010-07-31T04:51:12Z</time>
</trkpt>
<trkpt lat="53.191898335" lon="48.358631115">
  <ele>116.344002</ele>
  <time>2010-07-31T04:51:13Z</time>
</trkpt>
<trkpt lat="53.191982238" lon="48.358821888">
  <ele>116.184998</ele>
  <time>2010-07-31T04:51:14Z</time>
</trkpt>
<trkpt lat="53.192069996" lon="48.359012576">
  <ele>116.221001</ele>
  <time>2010-07-31T04:51:15Z</time>
</trkpt>
<trkpt lat="53.192165382" lon="48.359214747">
  <ele>116.242996</ele>
  <time>2010-07-31T04:51:16Z</time>
</trkpt>
<trkpt lat="53.192260768" lon="48.359417003">
  <ele>116.181000</ele>
  <time>2010-07-31T04:51:17Z</time>
</trkpt>
<trkpt lat="53.192356071" lon="48.359622946">
  <ele>116.160004</ele>
  <time>2010-07-31T04:51:18Z</time>
</trkpt>
<trkpt lat="53.192447685" lon="48.359825118">
  <ele>116.094002</ele>
  <time>2010-07-31T04:51:19Z</time>
</trkpt>
<trkpt lat="53.192539215" lon="48.360027289">
  <ele>115.782997</ele>
  <time>2010-07-31T04:51:20Z</time>
</trkpt>
<trkpt lat="53.192630745" lon="48.360225689">
  <ele>115.782997</ele>
  <time>2010-07-31T04:51:21Z</time>
</trkpt>
<trkpt lat="53.192722360" lon="48.360427860">
  <ele>115.922997</ele>
  <time>2010-07-31T04:51:22Z</time>
</trkpt>
<trkpt lat="53.192810034" lon="48.360630032">
  <ele>115.928001</ele>
  <time>2010-07-31T04:51:23Z</time>
</trkpt>
<trkpt lat="53.192901649" lon="48.360828431">
  <ele>115.904999</ele>
  <time>2010-07-31T04:51:24Z</time>
</trkpt>
<trkpt lat="53.192989323" lon="48.361026747">
  <ele>115.978996</ele>
  <time>2010-07-31T04:51:25Z</time>
</trkpt>
<trkpt lat="53.193077082" lon="48.361228919">
  <ele>116.217003</ele>
  <time>2010-07-31T04:51:26Z</time>
</trkpt>
<trkpt lat="53.193164840" lon="48.361438718">
  <ele>116.193001</ele>
  <time>2010-07-31T04:51:27Z</time>
</trkpt>
<trkpt lat="53.193256371" lon="48.361652372">
  <ele>116.203003</ele>
  <time>2010-07-31T04:51:28Z</time>
</trkpt>
<trkpt lat="53.193344129" lon="48.361866027">
  <ele>116.046997</ele>
  <time>2010-07-31T04:51:29Z</time>
</trkpt>
<trkpt lat="53.193431888" lon="48.362083454">
  <ele>115.911003</ele>
  <time>2010-07-31T04:51:30Z</time>
</trkpt>
<trkpt lat="53.193519562" lon="48.362297025">
  <ele>115.943001</ele>
  <time>2010-07-31T04:51:31Z</time>
</trkpt>
<trkpt lat="53.193607321" lon="48.362514535">
  <ele>116.026001</ele>
  <time>2010-07-31T04:51:32Z</time>
</trkpt>
<trkpt lat="53.193695080" lon="48.362728106">
  <ele>116.101997</ele>
  <time>2010-07-31T04:51:33Z</time>
</trkpt>
<trkpt lat="53.193786610" lon="48.362949388">
  <ele>116.153999</ele>
  <time>2010-07-31T04:51:34Z</time>
</trkpt>
<trkpt lat="53.193874368" lon="48.363170587">
  <ele>116.163002</ele>
  <time>2010-07-31T04:51:35Z</time>
</trkpt>
<trkpt lat="53.193965899" lon="48.363395724">
  <ele>115.707001</ele>
  <time>2010-07-31T04:51:36Z</time>
</trkpt>
<trkpt lat="53.194061285" lon="48.363620779">
  <ele>115.455002</ele>
  <time>2010-07-31T04:51:37Z</time>
</trkpt>
<trkpt lat="53.194152815" lon="48.363845833">
  <ele>115.360001</ele>
  <time>2010-07-31T04:51:38Z</time>
</trkpt>
<trkpt lat="53.194244346" lon="48.364067115">
  <ele>115.178001</ele>
  <time>2010-07-31T04:51:39Z</time>
</trkpt>
<trkpt lat="53.194332104" lon="48.364288313">
  <ele>114.960999</ele>
  <time>2010-07-31T04:51:40Z</time>
</trkpt>
<trkpt lat="53.194423635" lon="48.364513367">
  <ele>114.461998</ele>
  <time>2010-07-31T04:51:41Z</time>
</trkpt>
<trkpt lat="53.194511393" lon="48.364734650">
  <ele>114.035004</ele>
  <time>2010-07-31T04:51:42Z</time>
</trkpt>
<trkpt lat="53.194599152" lon="48.364952076">
  <ele>113.706001</ele>
  <time>2010-07-31T04:51:43Z</time>
</trkpt>
<trkpt lat="53.194690682" lon="48.365173358">
  <ele>113.425003</ele>
  <time>2010-07-31T04:51:44Z</time>
</trkpt>
<trkpt lat="53.194782296" lon="48.365394557">
  <ele>113.176003</ele>
  <time>2010-07-31T04:51:45Z</time>
</trkpt>
<trkpt lat="53.194873827" lon="48.365612067">
  <ele>112.920998</ele>
  <time>2010-07-31T04:51:46Z</time>
</trkpt>
<trkpt lat="53.194969213" lon="48.365837121">
  <ele>112.563004</ele>
  <time>2010-07-31T04:51:47Z</time>
</trkpt>
<trkpt lat="53.195064515" lon="48.366065947">
  <ele>112.056999</ele>
  <time>2010-07-31T04:51:48Z</time>
</trkpt>
<trkpt lat="53.195159901" lon="48.366298713">
  <ele>111.561996</ele>
  <time>2010-07-31T04:51:49Z</time>
</trkpt>
<trkpt lat="53.195259059" lon="48.366531394">
  <ele>111.230003</ele>
  <time>2010-07-31T04:51:50Z</time>
</trkpt>
<trkpt lat="53.195358301" lon="48.366767848">
  <ele>110.664001</ele>
  <time>2010-07-31T04:51:51Z</time>
</trkpt>
<trkpt lat="53.195453603" lon="48.367004385">
  <ele>110.051003</ele>
  <time>2010-07-31T04:51:52Z</time>
</trkpt>
<trkpt lat="53.195552845" lon="48.367244694">
  <ele>109.592003</ele>
  <time>2010-07-31T04:51:53Z</time>
</trkpt>
<trkpt lat="53.195648231" lon="48.367485087">
  <ele>109.252998</ele>
  <time>2010-07-31T04:51:54Z</time>
</trkpt>
<trkpt lat="53.195751160" lon="48.367721541">
  <ele>108.960999</ele>
  <time>2010-07-31T04:51:55Z</time>
</trkpt>
<trkpt lat="53.195850402" lon="48.367965706">
  <ele>108.517998</ele>
  <time>2010-07-31T04:51:56Z</time>
</trkpt>
<trkpt lat="53.195949560" lon="48.368202243">
  <ele>107.971001</ele>
  <time>2010-07-31T04:51:57Z</time>
</trkpt>
<trkpt lat="53.196048718" lon="48.368446324">
  <ele>107.335999</ele>
  <time>2010-07-31T04:51:58Z</time>
</trkpt>
<trkpt lat="53.196151732" lon="48.368686717">
  <ele>106.741997</ele>
  <time>2010-07-31T04:51:59Z</time>
</trkpt>
<trkpt lat="53.196254745" lon="48.368923170">
  <ele>106.204002</ele>
  <time>2010-07-31T04:52:00Z</time>
</trkpt>
<trkpt lat="53.196353903" lon="48.369163480">
  <ele>105.542000</ele>
  <time>2010-07-31T04:52:01Z</time>
</trkpt>
<trkpt lat="53.196456917" lon="48.369407644">
  <ele>105.064003</ele>
  <time>2010-07-31T04:52:02Z</time>
</trkpt>
<trkpt lat="53.196559930" lon="48.369647954">
  <ele>104.783997</ele>
  <time>2010-07-31T04:52:03Z</time>
</trkpt>
<trkpt lat="53.196666716" lon="48.369892118">
  <ele>104.327003</ele>
  <time>2010-07-31T04:52:04Z</time>
</trkpt>
<trkpt lat="53.196765874" lon="48.370136283">
  <ele>103.491997</ele>
  <time>2010-07-31T04:52:05Z</time>
</trkpt>
<trkpt lat="53.196865115" lon="48.370372737">
  <ele>102.766998</ele>
  <time>2010-07-31T04:52:06Z</time>
</trkpt>
<trkpt lat="53.196968045" lon="48.370613130">
  <ele>102.255997</ele>
  <time>2010-07-31T04:52:07Z</time>
</trkpt>
<trkpt lat="53.197071059" lon="48.370853439">
  <ele>101.736000</ele>
  <time>2010-07-31T04:52:08Z</time>
</trkpt>
<trkpt lat="53.197174072" lon="48.371097604">
  <ele>101.158997</ele>
  <time>2010-07-31T04:52:09Z</time>
</trkpt>
<trkpt lat="53.197273230" lon="48.371334057">
  <ele>100.764999</ele>
  <time>2010-07-31T04:52:10Z</time>
</trkpt>
<trkpt lat="53.197380099" lon="48.371570595">
  <ele>100.376999</ele>
  <time>2010-07-31T04:52:11Z</time>
</trkpt>
<trkpt lat="53.197483029" lon="48.371799504">
  <ele>100.032997</ele>
  <time>2010-07-31T04:52:12Z</time>
</trkpt>
<trkpt lat="53.197589898" lon="48.372028330">
  <ele>99.723000</ele>
  <time>2010-07-31T04:52:13Z</time>
</trkpt>
<trkpt lat="53.197692912" lon="48.372253384">
  <ele>99.394997</ele>
  <time>2010-07-31T04:52:14Z</time>
</trkpt>
<trkpt lat="53.197799698" lon="48.372474667">
  <ele>98.891998</ele>
  <time>2010-07-31T04:52:15Z</time>
</trkpt>
<trkpt lat="53.197906483" lon="48.372692093">
  <ele>98.234001</ele>
  <time>2010-07-31T04:52:16Z</time>
</trkpt>
<trkpt lat="53.198013268" lon="48.372909520">
  <ele>97.783997</ele>
  <time>2010-07-31T04:52:17Z</time>
</trkpt>
<trkpt lat="53.198123910" lon="48.373123175">
  <ele>97.485001</ele>
  <time>2010-07-31T04:52:18Z</time>
</trkpt>
<trkpt lat="53.198238406" lon="48.373336829">
  <ele>96.885002</ele>
  <time>2010-07-31T04:52:19Z</time>
</trkpt>
<trkpt lat="53.198352819" lon="48.373554256">
  <ele>96.266998</ele>
  <time>2010-07-31T04:52:20Z</time>
</trkpt>
<trkpt lat="53.198467232" lon="48.373771682">
  <ele>95.778000</ele>
  <time>2010-07-31T04:52:21Z</time>
</trkpt>
<trkpt lat="53.198585501" lon="48.373985253">
  <ele>95.221001</ele>
  <time>2010-07-31T04:52:22Z</time>
</trkpt>
<trkpt lat="53.198707541" lon="48.374202764">
  <ele>94.490997</ele>
  <time>2010-07-31T04:52:23Z</time>
</trkpt>
<trkpt lat="53.198833438" lon="48.374416335">
  <ele>93.906998</ele>
  <time>2010-07-31T04:52:24Z</time>
</trkpt>
<trkpt lat="53.198955562" lon="48.374629989">
  <ele>92.982002</ele>
  <time>2010-07-31T04:52:25Z</time>
</trkpt>
<trkpt lat="53.199081458" lon="48.374843560">
  <ele>92.180000</ele>
  <time>2010-07-31T04:52:26Z</time>
</trkpt>
<trkpt lat="53.199211126" lon="48.375057215">
  <ele>91.330002</ele>
  <time>2010-07-31T04:52:27Z</time>
</trkpt>
<trkpt lat="53.199340794" lon="48.375267014">
  <ele>90.389000</ele>
  <time>2010-07-31T04:52:28Z</time>
</trkpt>
<trkpt lat="53.199474318" lon="48.375476813">
  <ele>89.513000</ele>
  <time>2010-07-31T04:52:29Z</time>
</trkpt>
<trkpt lat="53.199611697" lon="48.375686612">
  <ele>88.459999</ele>
  <time>2010-07-31T04:52:30Z</time>
</trkpt>
<trkpt lat="53.199752849" lon="48.375904122">
  <ele>87.433998</ele>
  <time>2010-07-31T04:52:31Z</time>
</trkpt>
<trkpt lat="53.199897772" lon="48.376129176">
  <ele>86.333000</ele>
  <time>2010-07-31T04:52:32Z</time>
</trkpt>
<trkpt lat="53.200046550" lon="48.376361858">
  <ele>85.319000</ele>
  <time>2010-07-31T04:52:33Z</time>
</trkpt>
<trkpt lat="53.200206729" lon="48.376598395">
  <ele>84.157997</ele>
  <time>2010-07-31T04:52:34Z</time>
</trkpt>
<trkpt lat="53.200363135" lon="48.376838705">
  <ele>82.947998</ele>
  <time>2010-07-31T04:52:35Z</time>
</trkpt>
<trkpt lat="53.200523397" lon="48.377079014">
  <ele>81.815002</ele>
  <time>2010-07-31T04:52:36Z</time>
</trkpt>
<trkpt lat="53.200679803" lon="48.377323179">
  <ele>80.378998</ele>
  <time>2010-07-31T04:52:37Z</time>
</trkpt>
<trkpt lat="53.200832354" lon="48.377563488">
  <ele>79.019997</ele>
  <time>2010-07-31T04:52:38Z</time>
</trkpt>
<trkpt lat="53.200988760" lon="48.377807653">
  <ele>77.809998</ele>
  <time>2010-07-31T04:52:39Z</time>
</trkpt>
<trkpt lat="53.201149022" lon="48.378051734">
  <ele>76.179001</ele>
  <time>2010-07-31T04:52:40Z</time>
</trkpt>
<trkpt lat="53.201309200" lon="48.378295898">
  <ele>74.999001</ele>
  <time>2010-07-31T04:52:41Z</time>
</trkpt>
<trkpt lat="53.201469462" lon="48.378540063">
  <ele>73.741997</ele>
  <time>2010-07-31T04:52:42Z</time>
</trkpt>
<trkpt lat="53.201625785" lon="48.378780372">
  <ele>72.459000</ele>
  <time>2010-07-31T04:52:43Z</time>
</trkpt>
<trkpt lat="53.201778419" lon="48.379013054">
  <ele>71.272003</ele>
  <time>2010-07-31T04:52:44Z</time>
</trkpt>
<trkpt lat="53.201927198" lon="48.379241964">
  <ele>70.162003</ele>
  <time>2010-07-31T04:52:45Z</time>
</trkpt>
<trkpt lat="53.202075977" lon="48.379467018">
  <ele>69.320999</ele>
  <time>2010-07-31T04:52:46Z</time>
</trkpt>
<trkpt lat="53.202220900" lon="48.379688300">
  <ele>68.474998</ele>
  <time>2010-07-31T04:52:47Z</time>
</trkpt>
<trkpt lat="53.202362051" lon="48.379901871">
  <ele>67.467003</ele>
  <time>2010-07-31T04:52:48Z</time>
</trkpt>
<trkpt lat="53.202499431" lon="48.380111670">
  <ele>66.843002</ele>
  <time>2010-07-31T04:52:49Z</time>
</trkpt>
<trkpt lat="53.202632871" lon="48.380317697">
  <ele>65.886002</ele>
  <time>2010-07-31T04:52:50Z</time>
</trkpt>
<trkpt lat="53.202766394" lon="48.380519869">
  <ele>65.433998</ele>
  <time>2010-07-31T04:52:51Z</time>
</trkpt>
<trkpt lat="53.202899918" lon="48.380725896">
  <ele>64.934998</ele>
  <time>2010-07-31T04:52:52Z</time>
</trkpt>
<trkpt lat="53.203033442" lon="48.380931839">
  <ele>64.699997</ele>
  <time>2010-07-31T04:52:53Z</time>
</trkpt>
<trkpt lat="53.203166965" lon="48.381141638">
  <ele>64.642998</ele>
  <time>2010-07-31T04:52:54Z</time>
</trkpt>
<trkpt lat="53.203304261" lon="48.381351437">
  <ele>64.780998</ele>
  <time>2010-07-31T04:52:55Z</time>
</trkpt>
<trkpt lat="53.203437785" lon="48.381557465">
  <ele>64.625000</ele>
  <time>2010-07-31T04:52:56Z</time>
</trkpt>
<trkpt lat="53.203571308" lon="48.381763492">
  <ele>64.747002</ele>
  <time>2010-07-31T04:52:57Z</time>
</trkpt>
<trkpt lat="53.203704832" lon="48.381969435">
  <ele>64.832001</ele>
  <time>2010-07-31T04:52:58Z</time>
</trkpt>
<trkpt lat="53.203834500" lon="48.382175462">
  <ele>64.961998</ele>
  <time>2010-07-31T04:52:59Z</time>
</trkpt>
<trkpt lat="53.203968024" lon="48.382381406">
  <ele>65.157997</ele>
  <time>2010-07-31T04:53:00Z</time>
</trkpt>
<trkpt lat="53.204097776" lon="48.382583577">
  <ele>65.570000</ele>
  <time>2010-07-31T04:53:01Z</time>
</trkpt>
<trkpt lat="53.204227444" lon="48.382789604">
  <ele>66.214996</ele>
  <time>2010-07-31T04:53:02Z</time>
</trkpt>
<trkpt lat="53.204357112" lon="48.382995632">
  <ele>66.753998</ele>
  <time>2010-07-31T04:53:03Z</time>
</trkpt>
<trkpt lat="53.204486864" lon="48.383205431">
  <ele>67.328003</ele>
  <time>2010-07-31T04:53:04Z</time>
</trkpt>
<trkpt lat="53.204616532" lon="48.383415230">
  <ele>67.865997</ele>
  <time>2010-07-31T04:53:05Z</time>
</trkpt>
<trkpt lat="53.204750055" lon="48.383621257">
  <ele>68.554001</ele>
  <time>2010-07-31T04:53:06Z</time>
</trkpt>
<trkpt lat="53.204883579" lon="48.383827200">
  <ele>69.200996</ele>
  <time>2010-07-31T04:53:07Z</time>
</trkpt>
<trkpt lat="53.205017103" lon="48.384033227">
  <ele>69.929001</ele>
  <time>2010-07-31T04:53:08Z</time>
</trkpt>
<trkpt lat="53.205150627" lon="48.384235399">
  <ele>70.801003</ele>
  <time>2010-07-31T04:53:09Z</time>
</trkpt>
<trkpt lat="53.205280295" lon="48.384433715">
  <ele>71.694000</ele>
  <time>2010-07-31T04:53:10Z</time>
</trkpt>
<trkpt lat="53.205409963" lon="48.384628259">
  <ele>72.306999</ele>
  <time>2010-07-31T04:53:11Z</time>
</trkpt>
<trkpt lat="53.205532087" lon="48.384815175">
  <ele>72.861000</ele>
  <time>2010-07-31T04:53:12Z</time>
</trkpt>
<trkpt lat="53.205654128" lon="48.385005947">
  <ele>73.300003</ele>
  <time>2010-07-31T04:53:13Z</time>
</trkpt>
<trkpt lat="53.205780024" lon="48.385189092">
  <ele>73.804001</ele>
  <time>2010-07-31T04:53:14Z</time>
</trkpt>
<trkpt lat="53.205898292" lon="48.385368381">
  <ele>74.206001</ele>
  <time>2010-07-31T04:53:15Z</time>
</trkpt>
<trkpt lat="53.206020333" lon="48.385547670">
  <ele>74.647003</ele>
  <time>2010-07-31T04:53:16Z</time>
</trkpt>
<trkpt lat="53.206142457" lon="48.385730730">
  <ele>75.050003</ele>
  <time>2010-07-31T04:53:17Z</time>
</trkpt>
<trkpt lat="53.206260642" lon="48.385913875">
  <ele>75.419998</ele>
  <time>2010-07-31T04:53:18Z</time>
</trkpt>
<trkpt lat="53.206375139" lon="48.386096936">
  <ele>75.813004</ele>
  <time>2010-07-31T04:53:19Z</time>
</trkpt>
<trkpt lat="53.206485780" lon="48.386280080">
  <ele>75.884003</ele>
  <time>2010-07-31T04:53:20Z</time>
</trkpt>
<trkpt lat="53.206596337" lon="48.386466997">
  <ele>75.927002</ele>
  <time>2010-07-31T04:53:21Z</time>
</trkpt>
<trkpt lat="53.206706978" lon="48.386657685">
  <ele>75.873001</ele>
  <time>2010-07-31T04:53:22Z</time>
</trkpt>
<trkpt lat="53.206821475" lon="48.386852229">
  <ele>75.737999</ele>
  <time>2010-07-31T04:53:23Z</time>
</trkpt>
<trkpt lat="53.206928261" lon="48.387046773">
  <ele>75.918999</ele>
  <time>2010-07-31T04:53:24Z</time>
</trkpt>
<trkpt lat="53.207035046" lon="48.387241401">
  <ele>76.111000</ele>
  <time>2010-07-31T04:53:25Z</time>
</trkpt>
<trkpt lat="53.207141915" lon="48.387432089">
  <ele>76.007004</ele>
  <time>2010-07-31T04:53:26Z</time>
</trkpt>
<trkpt lat="53.207244845" lon="48.387626633">
  <ele>76.136002</ele>
  <time>2010-07-31T04:53:27Z</time>
</trkpt>
<trkpt lat="53.207355486" lon="48.387828805">
  <ele>76.360001</ele>
  <time>2010-07-31T04:53:28Z</time>
</trkpt>
<trkpt lat="53.207469899" lon="48.388038604">
  <ele>76.469002</ele>
  <time>2010-07-31T04:53:29Z</time>
</trkpt>
<trkpt lat="53.207584396" lon="48.388263742">
  <ele>76.491997</ele>
  <time>2010-07-31T04:53:30Z</time>
</trkpt>
<trkpt lat="53.207706437" lon="48.388500195">
  <ele>76.304001</ele>
  <time>2010-07-31T04:53:31Z</time>
</trkpt>
<trkpt lat="53.207828561" lon="48.388740504">
  <ele>76.307999</ele>
  <time>2010-07-31T04:53:32Z</time>
</trkpt>
<trkpt lat="53.207958229" lon="48.388999924">
  <ele>76.481003</ele>
  <time>2010-07-31T04:53:33Z</time>
</trkpt>
<trkpt lat="53.208084125" lon="48.389270743">
  <ele>76.823997</ele>
  <time>2010-07-31T04:53:34Z</time>
</trkpt>
<trkpt lat="53.208210021" lon="48.389556902">
  <ele>77.024002</ele>
  <time>2010-07-31T04:53:35Z</time>
</trkpt>
<trkpt lat="53.208335917" lon="48.389850603">
  <ele>77.458000</ele>
  <time>2010-07-31T04:53:36Z</time>
</trkpt>
<trkpt lat="53.208461730" lon="48.390144389">
  <ele>77.816002</ele>
  <time>2010-07-31T04:53:37Z</time>
</trkpt>
<trkpt lat="53.208587626" lon="48.390430463">
  <ele>78.452003</ele>
  <time>2010-07-31T04:53:38Z</time>
</trkpt>
<trkpt lat="53.208713522" lon="48.390716538">
  <ele>78.788002</ele>
  <time>2010-07-31T04:53:39Z</time>
</trkpt>
<trkpt lat="53.208835563" lon="48.390998840">
  <ele>79.281998</ele>
  <time>2010-07-31T04:53:40Z</time>
</trkpt>
<trkpt lat="53.208950059" lon="48.391281143">
  <ele>79.586998</ele>
  <time>2010-07-31T04:53:41Z</time>
</trkpt>
<trkpt lat="53.209056845" lon="48.391555818">
  <ele>79.982002</ele>
  <time>2010-07-31T04:53:42Z</time>
</trkpt>
<trkpt lat="53.209167486" lon="48.391826637">
  <ele>80.429001</ele>
  <time>2010-07-31T04:53:43Z</time>
</trkpt>
<trkpt lat="53.209274272" lon="48.392097456">
  <ele>80.656998</ele>
  <time>2010-07-31T04:53:44Z</time>
</trkpt>
<trkpt lat="53.209384913" lon="48.392372131">
  <ele>81.324997</ele>
  <time>2010-07-31T04:53:45Z</time>
</trkpt>
<trkpt lat="53.209491698" lon="48.392658206">
  <ele>81.805000</ele>
  <time>2010-07-31T04:53:46Z</time>
</trkpt>
<trkpt lat="53.209598567" lon="48.392959619">
  <ele>82.266998</ele>
  <time>2010-07-31T04:53:47Z</time>
</trkpt>
<trkpt lat="53.209709208" lon="48.393268576">
  <ele>82.813004</ele>
  <time>2010-07-31T04:53:48Z</time>
</trkpt>
<trkpt lat="53.209819766" lon="48.393581389">
  <ele>83.485001</ele>
  <time>2010-07-31T04:53:49Z</time>
</trkpt>
<trkpt lat="53.209934263" lon="48.393901829">
  <ele>84.046997</ele>
  <time>2010-07-31T04:53:50Z</time>
</trkpt>
<trkpt lat="53.210048676" lon="48.394237524">
  <ele>84.874001</ele>
  <time>2010-07-31T04:53:51Z</time>
</trkpt>
<trkpt lat="53.210166944" lon="48.394576991">
  <ele>85.245003</ele>
  <time>2010-07-31T04:53:52Z</time>
</trkpt>
<trkpt lat="53.210285213" lon="48.394931797">
  <ele>85.722000</ele>
  <time>2010-07-31T04:53:53Z</time>
</trkpt>
<trkpt lat="53.210403481" lon="48.395298002">
  <ele>86.177002</ele>
  <time>2010-07-31T04:53:54Z</time>
</trkpt>
<trkpt lat="53.210514039" lon="48.395664208">
  <ele>86.434998</ele>
  <time>2010-07-31T04:53:55Z</time>
</trkpt>
<trkpt lat="53.210617052" lon="48.396030413">
  <ele>86.600998</ele>
  <time>2010-07-31T04:53:56Z</time>
</trkpt>
<trkpt lat="53.210720066" lon="48.396404246">
  <ele>86.992996</ele>
  <time>2010-07-31T04:53:57Z</time>
</trkpt>
<trkpt lat="53.210826851" lon="48.396778079">
  <ele>87.299004</ele>
  <time>2010-07-31T04:53:58Z</time>
</trkpt>
<trkpt lat="53.210933721" lon="48.397163395">
  <ele>87.713997</ele>
  <time>2010-07-31T04:53:59Z</time>
</trkpt>
<trkpt lat="53.211044278" lon="48.397556338">
  <ele>88.223999</ele>
  <time>2010-07-31T04:54:00Z</time>
</trkpt>
<trkpt lat="53.211151147" lon="48.397960681">
  <ele>88.473000</ele>
  <time>2010-07-31T04:54:01Z</time>
</trkpt>
<trkpt lat="53.211250305" lon="48.398376424">
  <ele>88.689003</ele>
  <time>2010-07-31T04:54:02Z</time>
</trkpt>
<trkpt lat="53.211345691" lon="48.398799878">
  <ele>88.942001</ele>
  <time>2010-07-31T04:54:03Z</time>
</trkpt>
<trkpt lat="53.211437222" lon="48.399230959">
  <ele>89.072998</ele>
  <time>2010-07-31T04:54:04Z</time>
</trkpt>
<trkpt lat="53.211528752" lon="48.399658184">
  <ele>89.093002</ele>
  <time>2010-07-31T04:54:05Z</time>
</trkpt>
<trkpt lat="53.211620366" lon="48.400089266">
  <ele>88.907997</ele>
  <time>2010-07-31T04:54:06Z</time>
</trkpt>
<trkpt lat="53.211711897" lon="48.400520347">
  <ele>89.037003</ele>
  <time>2010-07-31T04:54:07Z</time>
</trkpt>
<trkpt lat="53.211795799" lon="48.400955200">
  <ele>89.065002</ele>
  <time>2010-07-31T04:54:08Z</time>
</trkpt>
<trkpt lat="53.211883558" lon="48.401390053">
  <ele>88.987999</ele>
  <time>2010-07-31T04:54:09Z</time>
</trkpt>
<trkpt lat="53.211963689" lon="48.401828762">
  <ele>88.814003</ele>
  <time>2010-07-31T04:54:10Z</time>
</trkpt>
<trkpt lat="53.212039964" lon="48.402267471">
  <ele>88.809998</ele>
  <time>2010-07-31T04:54:11Z</time>
</trkpt>
<trkpt lat="53.212112468" lon="48.402702324">
  <ele>88.626999</ele>
  <time>2010-07-31T04:54:12Z</time>
</trkpt>
<trkpt lat="53.212184887" lon="48.403133405">
  <ele>88.628998</ele>
  <time>2010-07-31T04:54:13Z</time>
</trkpt>
<trkpt lat="53.212249763" lon="48.403564487">
  <ele>88.508003</ele>
  <time>2010-07-31T04:54:14Z</time>
</trkpt>
<trkpt lat="53.212310784" lon="48.403991712">
  <ele>88.498001</ele>
  <time>2010-07-31T04:54:15Z</time>
</trkpt>
<trkpt lat="53.212368032" lon="48.404422794">
  <ele>88.528999</ele>
  <time>2010-07-31T04:54:16Z</time>
</trkpt>
<trkpt lat="53.212421425" lon="48.404853791">
  <ele>88.528999</ele>
  <time>2010-07-31T04:54:17Z</time>
</trkpt>
<trkpt lat="53.212471046" lon="48.405281100">
  <ele>88.236000</ele>
  <time>2010-07-31T04:54:18Z</time>
</trkpt>
<trkpt lat="53.212516811" lon="48.405708326">
  <ele>87.903000</ele>
  <time>2010-07-31T04:54:19Z</time>
</trkpt>
<trkpt lat="53.212562576" lon="48.406127924">
  <ele>87.478996</ele>
  <time>2010-07-31T04:54:20Z</time>
</trkpt>
<trkpt lat="53.212600714" lon="48.406543750">
  <ele>86.990997</ele>
  <time>2010-07-31T04:54:21Z</time>
</trkpt>
<trkpt lat="53.212638851" lon="48.406959493">
  <ele>86.373001</ele>
  <time>2010-07-31T04:54:22Z</time>
</trkpt>
<trkpt lat="53.212673217" lon="48.407371547">
  <ele>85.925003</ele>
  <time>2010-07-31T04:54:23Z</time>
</trkpt>
<trkpt lat="53.212703727" lon="48.407783518">
  <ele>85.438004</ele>
  <time>2010-07-31T04:54:24Z</time>
</trkpt>
<trkpt lat="53.212734237" lon="48.408191716">
  <ele>84.907997</ele>
  <time>2010-07-31T04:54:25Z</time>
</trkpt>
<trkpt lat="53.212757120" lon="48.408588432">
  <ele>84.495003</ele>
  <time>2010-07-31T04:54:26Z</time>
</trkpt>
<trkpt lat="53.212780003" lon="48.408992775">
  <ele>83.992996</ele>
  <time>2010-07-31T04:54:27Z</time>
</trkpt>
<trkpt lat="53.212795258" lon="48.409389490">
  <ele>83.583000</ele>
  <time>2010-07-31T04:54:28Z</time>
</trkpt>
<trkpt lat="53.212810513" lon="48.409790061">
  <ele>83.204002</ele>
  <time>2010-07-31T04:54:29Z</time>
</trkpt>
<trkpt lat="53.212821996" lon="48.410186777">
  <ele>82.819000</ele>
  <time>2010-07-31T04:54:30Z</time>
</trkpt>
<trkpt lat="53.212833395" lon="48.410583492">
  <ele>82.425003</ele>
  <time>2010-07-31T04:54:31Z</time>
</trkpt>
<trkpt lat="53.212837251" lon="48.410976436">
  <ele>82.209000</ele>
  <time>2010-07-31T04:54:32Z</time>
</trkpt>
<trkpt lat="53.212841023" lon="48.411369296">
  <ele>82.026001</ele>
  <time>2010-07-31T04:54:33Z</time>
</trkpt>
<trkpt lat="53.212837251" lon="48.411758384">
  <ele>82.007004</ele>
  <time>2010-07-31T04:54:34Z</time>
</trkpt>
<trkpt lat="53.212825768" lon="48.412143700">
  <ele>82.016998</ele>
  <time>2010-07-31T04:54:35Z</time>
</trkpt>
<trkpt lat="53.212810513" lon="48.412532788">
  <ele>82.075996</ele>
  <time>2010-07-31T04:54:36Z</time>
</trkpt>
<trkpt lat="53.212799113" lon="48.412921876">
  <ele>82.242996</ele>
  <time>2010-07-31T04:54:37Z</time>
</trkpt>
<trkpt lat="53.212791402" lon="48.413307192">
  <ele>82.516998</ele>
  <time>2010-07-31T04:54:38Z</time>
</trkpt>
<trkpt lat="53.212783774" lon="48.413700135">
  <ele>82.999001</ele>
  <time>2010-07-31T04:54:39Z</time>
</trkpt>
<trkpt lat="53.212776147" lon="48.414096851">
  <ele>83.367996</ele>
  <time>2010-07-31T04:54:40Z</time>
</trkpt>
<trkpt lat="53.212768519" lon="48.414504966">
  <ele>83.765999</ele>
  <time>2010-07-31T04:54:41Z</time>
</trkpt>
<trkpt lat="53.212760892" lon="48.414913164">
  <ele>84.199997</ele>
  <time>2010-07-31T04:54:42Z</time>
</trkpt>
<trkpt lat="53.212749492" lon="48.415325135">
  <ele>84.584999</ele>
  <time>2010-07-31T04:54:43Z</time>
</trkpt>
<trkpt lat="53.212738009" lon="48.415740961">
  <ele>85.133003</ele>
  <time>2010-07-31T04:54:44Z</time>
</trkpt>
<trkpt lat="53.212726610" lon="48.416164415">
  <ele>85.501999</ele>
  <time>2010-07-31T04:54:45Z</time>
</trkpt>
<trkpt lat="53.212715127" lon="48.416587869">
  <ele>85.897003</ele>
  <time>2010-07-31T04:54:46Z</time>
</trkpt>
<trkpt lat="53.212703727" lon="48.417015094">
  <ele>86.337997</ele>
  <time>2010-07-31T04:54:47Z</time>
</trkpt>
<trkpt lat="53.212696100" lon="48.417446176">
  <ele>86.693001</ele>
  <time>2010-07-31T04:54:48Z</time>
</trkpt>
<trkpt lat="53.212688472" lon="48.417881029">
  <ele>87.179001</ele>
  <time>2010-07-31T04:54:49Z</time>
</trkpt>
<trkpt lat="53.212684616" lon="48.418323509">
  <ele>87.652000</ele>
  <time>2010-07-31T04:54:50Z</time>
</trkpt>
<trkpt lat="53.212673217" lon="48.418765990">
  <ele>87.934998</ele>
  <time>2010-07-31T04:54:51Z</time>
</trkpt>
<trkpt lat="53.212661734" lon="48.419216182">
  <ele>88.211998</ele>
  <time>2010-07-31T04:54:52Z</time>
</trkpt>
<trkpt lat="53.212646479" lon="48.419666290">
  <ele>88.672997</ele>
  <time>2010-07-31T04:54:53Z</time>
</trkpt>
<trkpt lat="53.212631224" lon="48.420116398">
  <ele>88.947998</ele>
  <time>2010-07-31T04:54:54Z</time>
</trkpt>
<trkpt lat="53.212615969" lon="48.420566591">
  <ele>89.172997</ele>
  <time>2010-07-31T04:54:55Z</time>
</trkpt>
<trkpt lat="53.212600714" lon="48.421020471">
  <ele>89.515999</ele>
  <time>2010-07-31T04:54:56Z</time>
</trkpt>
<trkpt lat="53.212585459" lon="48.421474434">
  <ele>89.943001</ele>
  <time>2010-07-31T04:54:57Z</time>
</trkpt>
<trkpt lat="53.212570203" lon="48.421928398">
  <ele>90.356003</ele>
  <time>2010-07-31T04:54:58Z</time>
</trkpt>
<trkpt lat="53.212554948" lon="48.422378507">
  <ele>90.856003</ele>
  <time>2010-07-31T04:54:59Z</time>
</trkpt>
<trkpt lat="53.212543465" lon="48.422824843">
  <ele>91.107002</ele>
  <time>2010-07-31T04:55:00Z</time>
</trkpt>
<trkpt lat="53.212528210" lon="48.423275035">
  <ele>91.485001</ele>
  <time>2010-07-31T04:55:01Z</time>
</trkpt>
<trkpt lat="53.212509183" lon="48.423725143">
  <ele>91.855003</ele>
  <time>2010-07-31T04:55:02Z</time>
</trkpt>
<trkpt lat="53.212493928" lon="48.424175251">
  <ele>92.305000</ele>
  <time>2010-07-31T04:55:03Z</time>
</trkpt>
<trkpt lat="53.212478673" lon="48.424629215">
  <ele>92.567001</ele>
  <time>2010-07-31T04:55:04Z</time>
</trkpt>
<trkpt lat="53.212467190" lon="48.425079323">
  <ele>92.939003</ele>
  <time>2010-07-31T04:55:05Z</time>
</trkpt>
<trkpt lat="53.212451935" lon="48.425533287">
  <ele>93.127998</ele>
  <time>2010-07-31T04:55:06Z</time>
</trkpt>
<trkpt lat="53.212436680" lon="48.425983395">
  <ele>93.517998</ele>
  <time>2010-07-31T04:55:07Z</time>
</trkpt>
<trkpt lat="53.212421425" lon="48.426444987">
  <ele>93.841003</ele>
  <time>2010-07-31T04:55:08Z</time>
</trkpt>
<trkpt lat="53.212406170" lon="48.426898951">
  <ele>94.473999</ele>
  <time>2010-07-31T04:55:09Z</time>
</trkpt>
<trkpt lat="53.212390915" lon="48.427356686">
  <ele>94.750999</ele>
  <time>2010-07-31T04:55:10Z</time>
</trkpt>
<trkpt lat="53.212375659" lon="48.427814506">
  <ele>94.994003</ele>
  <time>2010-07-31T04:55:11Z</time>
</trkpt>
<trkpt lat="53.212360404" lon="48.428272242">
  <ele>94.970001</ele>
  <time>2010-07-31T04:55:12Z</time>
</trkpt>
<trkpt lat="53.212348921" lon="48.428729977">
  <ele>95.141998</ele>
  <time>2010-07-31T04:55:13Z</time>
</trkpt>
<trkpt lat="53.212333666" lon="48.429183941">
  <ele>95.180000</ele>
  <time>2010-07-31T04:55:14Z</time>
</trkpt>
<trkpt lat="53.212318411" lon="48.429641761">
  <ele>95.242996</ele>
  <time>2010-07-31T04:55:15Z</time>
</trkpt>
<trkpt lat="53.212303156" lon="48.430091869">
  <ele>95.120003</ele>
  <time>2010-07-31T04:55:16Z</time>
</trkpt>
<trkpt lat="53.212291757" lon="48.430549605">
  <ele>95.180000</ele>
  <time>2010-07-31T04:55:17Z</time>
</trkpt>
<trkpt lat="53.212276418" lon="48.431003569">
  <ele>94.987000</ele>
  <time>2010-07-31T04:55:18Z</time>
</trkpt>
<trkpt lat="53.212261163" lon="48.431453677">
  <ele>94.777000</ele>
  <time>2010-07-31T04:55:19Z</time>
</trkpt>
<trkpt lat="53.212245908" lon="48.431911496">
  <ele>94.351997</ele>
  <time>2010-07-31T04:55:20Z</time>
</trkpt>
<trkpt lat="53.212226881" lon="48.432373088">
  <ele>94.041000</ele>
  <time>2010-07-31T04:55:21Z</time>
</trkpt>
<trkpt lat="53.212211626" lon="48.432834595">
  <ele>93.580002</ele>
  <time>2010-07-31T04:55:22Z</time>
</trkpt>
<trkpt lat="53.212200142" lon="48.433296187">
  <ele>93.277000</ele>
  <time>2010-07-31T04:55:23Z</time>
</trkpt>
<trkpt lat="53.212184887" lon="48.433757778">
  <ele>92.913002</ele>
  <time>2010-07-31T04:55:24Z</time>
</trkpt>
<trkpt lat="53.212169632" lon="48.434211742">
  <ele>92.363998</ele>
  <time>2010-07-31T04:55:25Z</time>
</trkpt>
<trkpt lat="53.212158233" lon="48.434665706">
  <ele>91.709000</ele>
  <time>2010-07-31T04:55:26Z</time>
</trkpt>
<trkpt lat="53.212142978" lon="48.435119670">
  <ele>91.265999</ele>
  <time>2010-07-31T04:55:27Z</time>
</trkpt>
<trkpt lat="53.212131495" lon="48.435569778">
  <ele>90.899002</ele>
  <time>2010-07-31T04:55:28Z</time>
</trkpt>
<trkpt lat="53.212116240" lon="48.436019886">
  <ele>90.648003</ele>
  <time>2010-07-31T04:55:29Z</time>
</trkpt>
<trkpt lat="53.212100985" lon="48.436469994">
  <ele>90.238998</ele>
  <time>2010-07-31T04:55:30Z</time>
</trkpt>
<trkpt lat="53.212085729" lon="48.436920187">
  <ele>89.842003</ele>
  <time>2010-07-31T04:55:31Z</time>
</trkpt>
<trkpt lat="53.212070474" lon="48.437370295">
  <ele>89.569000</ele>
  <time>2010-07-31T04:55:32Z</time>
</trkpt>
<trkpt lat="53.212058991" lon="48.437820403">
  <ele>89.480003</ele>
  <time>2010-07-31T04:55:33Z</time>
</trkpt>
<trkpt lat="53.212047592" lon="48.438270595">
  <ele>89.318001</ele>
  <time>2010-07-31T04:55:34Z</time>
</trkpt>
<trkpt lat="53.212032337" lon="48.438716847">
  <ele>89.297997</ele>
  <time>2010-07-31T04:55:35Z</time>
</trkpt>
<trkpt lat="53.212020854" lon="48.439163184">
  <ele>89.301003</ele>
  <time>2010-07-31T04:55:36Z</time>
</trkpt>
<trkpt lat="53.212005598" lon="48.439609520">
  <ele>89.179001</ele>
  <time>2010-07-31T04:55:37Z</time>
</trkpt>
<trkpt lat="53.211990343" lon="48.440052001">
  <ele>89.127998</ele>
  <time>2010-07-31T04:55:38Z</time>
</trkpt>
<trkpt lat="53.211975088" lon="48.440498337">
  <ele>88.883003</ele>
  <time>2010-07-31T04:55:39Z</time>
</trkpt>
<trkpt lat="53.211963689" lon="48.440944673">
  <ele>88.836998</ele>
  <time>2010-07-31T04:55:40Z</time>
</trkpt>
<trkpt lat="53.211948434" lon="48.441394782">
  <ele>88.759003</ele>
  <time>2010-07-31T04:55:41Z</time>
</trkpt>
<trkpt lat="53.211933095" lon="48.441841118">
  <ele>88.773003</ele>
  <time>2010-07-31T04:55:42Z</time>
</trkpt>
<trkpt lat="53.211917840" lon="48.442287454">
  <ele>88.352997</ele>
  <time>2010-07-31T04:55:43Z</time>
</trkpt>
<trkpt lat="53.211902585" lon="48.442733791">
  <ele>87.957001</ele>
  <time>2010-07-31T04:55:44Z</time>
</trkpt>
<trkpt lat="53.211887330" lon="48.443176271">
  <ele>87.709000</ele>
  <time>2010-07-31T04:55:45Z</time>
</trkpt>
<trkpt lat="53.211875930" lon="48.443614980">
  <ele>87.302002</ele>
  <time>2010-07-31T04:55:46Z</time>
</trkpt>
<trkpt lat="53.211860675" lon="48.444049833">
  <ele>86.776001</ele>
  <time>2010-07-31T04:55:47Z</time>
</trkpt>
<trkpt lat="53.211849192" lon="48.444484686">
  <ele>86.415001</ele>
  <time>2010-07-31T04:55:48Z</time>
</trkpt>
<trkpt lat="53.211833937" lon="48.444915768">
  <ele>85.987999</ele>
  <time>2010-07-31T04:55:49Z</time>
</trkpt>
<trkpt lat="53.211818682" lon="48.445346849">
  <ele>85.717003</ele>
  <time>2010-07-31T04:55:50Z</time>
</trkpt>
<trkpt lat="53.211803427" lon="48.445766447">
  <ele>85.528999</ele>
  <time>2010-07-31T04:55:51Z</time>
</trkpt>
<trkpt lat="53.211788172" lon="48.446189901">
  <ele>85.222000</ele>
  <time>2010-07-31T04:55:52Z</time>
</trkpt>
<trkpt lat="53.211776773" lon="48.446609499">
  <ele>84.833000</ele>
  <time>2010-07-31T04:55:53Z</time>
</trkpt>
<trkpt lat="53.211765289" lon="48.447029097">
  <ele>84.400002</ele>
  <time>2010-07-31T04:55:54Z</time>
</trkpt>
<trkpt lat="53.211750034" lon="48.447448695">
  <ele>83.744003</ele>
  <time>2010-07-31T04:55:55Z</time>
</trkpt>
<trkpt lat="53.211738551" lon="48.447868377">
  <ele>83.186996</ele>
  <time>2010-07-31T04:55:56Z</time>
</trkpt>
<trkpt lat="53.211723296" lon="48.448284119">
  <ele>82.362000</ele>
  <time>2010-07-31T04:55:57Z</time>
</trkpt>
<trkpt lat="53.211708041" lon="48.448696174">
  <ele>81.794998</ele>
  <time>2010-07-31T04:55:58Z</time>
</trkpt>
<trkpt lat="53.211692786" lon="48.449108144">
  <ele>81.171997</ele>
  <time>2010-07-31T04:55:59Z</time>
</trkpt>
<trkpt lat="53.211677531" lon="48.449520115">
  <ele>80.535004</ele>
  <time>2010-07-31T04:56:00Z</time>
</trkpt>
<trkpt lat="53.211666131" lon="48.449932085">
  <ele>80.043999</ele>
  <time>2010-07-31T04:56:01Z</time>
</trkpt>
<trkpt lat="53.211654648" lon="48.450351683">
  <ele>79.677002</ele>
  <time>2010-07-31T04:56:02Z</time>
</trkpt>
<trkpt lat="53.211643249" lon="48.450767510">
  <ele>79.331001</ele>
  <time>2010-07-31T04:56:03Z</time>
</trkpt>
<trkpt lat="53.211631766" lon="48.451183336">
  <ele>79.122002</ele>
  <time>2010-07-31T04:56:04Z</time>
</trkpt>
<trkpt lat="53.211616511" lon="48.451599162">
  <ele>78.996002</ele>
  <time>2010-07-31T04:56:05Z</time>
</trkpt>
<trkpt lat="53.211605111" lon="48.452018760">
  <ele>78.968002</ele>
  <time>2010-07-31T04:56:06Z</time>
</trkpt>
<trkpt lat="53.211589772" lon="48.452434503">
  <ele>79.087997</ele>
  <time>2010-07-31T04:56:07Z</time>
</trkpt>
<trkpt lat="53.211578373" lon="48.452850329">
  <ele>79.278999</ele>
  <time>2010-07-31T04:56:08Z</time>
</trkpt>
<trkpt lat="53.211563118" lon="48.453262299">
  <ele>79.152000</ele>
  <time>2010-07-31T04:56:09Z</time>
</trkpt>
<trkpt lat="53.211551635" lon="48.453678126">
  <ele>79.151001</ele>
  <time>2010-07-31T04:56:10Z</time>
</trkpt>
<trkpt lat="53.211540235" lon="48.454086324">
  <ele>79.079002</ele>
  <time>2010-07-31T04:56:11Z</time>
</trkpt>
<trkpt lat="53.211528752" lon="48.454494439">
  <ele>79.014000</ele>
  <time>2010-07-31T04:56:12Z</time>
</trkpt>
<trkpt lat="53.211513497" lon="48.454906493">
  <ele>79.079002</ele>
  <time>2010-07-31T04:56:13Z</time>
</trkpt>
<trkpt lat="53.211498242" lon="48.455306981">
  <ele>78.742996</ele>
  <time>2010-07-31T04:56:14Z</time>
</trkpt>
<trkpt lat="53.211486842" lon="48.455711324">
  <ele>78.648003</ele>
  <time>2010-07-31T04:56:15Z</time>
</trkpt>
<trkpt lat="53.211471587" lon="48.456115751">
  <ele>78.060997</ele>
  <time>2010-07-31T04:56:16Z</time>
</trkpt>
<trkpt lat="53.211460104" lon="48.456520094">
  <ele>77.523003</ele>
  <time>2010-07-31T04:56:17Z</time>
</trkpt>
<trkpt lat="53.211444849" lon="48.456920665">
  <ele>76.912003</ele>
  <time>2010-07-31T04:56:18Z</time>
</trkpt>
<trkpt lat="53.211433450" lon="48.457328780">
  <ele>76.330002</ele>
  <time>2010-07-31T04:56:19Z</time>
</trkpt>
<trkpt lat="53.211418111" lon="48.457736978">
  <ele>75.973999</ele>
  <time>2010-07-31T04:56:20Z</time>
</trkpt>
<trkpt lat="53.211406711" lon="48.458145177">
  <ele>75.449997</ele>
  <time>2010-07-31T04:56:21Z</time>
</trkpt>
<trkpt lat="53.211391456" lon="48.458553292">
  <ele>74.775002</ele>
  <time>2010-07-31T04:56:22Z</time>
</trkpt>
<trkpt lat="53.211379973" lon="48.458961491">
  <ele>74.490997</ele>
  <time>2010-07-31T04:56:23Z</time>
</trkpt>
<trkpt lat="53.211368574" lon="48.459373461">
  <ele>74.199997</ele>
  <time>2010-07-31T04:56:24Z</time>
</trkpt>
<trkpt lat="53.211353319" lon="48.459781660">
  <ele>73.920998</ele>
  <time>2010-07-31T04:56:25Z</time>
</trkpt>
<trkpt lat="53.211341836" lon="48.460189858">
  <ele>73.295998</ele>
  <time>2010-07-31T04:56:26Z</time>
</trkpt>
<trkpt lat="53.211326580" lon="48.460597973">
  <ele>72.760002</ele>
  <time>2010-07-31T04:56:27Z</time>
</trkpt>
<trkpt lat="53.211315181" lon="48.461006172">
  <ele>72.430000</ele>
  <time>2010-07-31T04:56:28Z</time>
</trkpt>
<trkpt lat="53.211299926" lon="48.461414371">
  <ele>72.237000</ele>
  <time>2010-07-31T04:56:29Z</time>
</trkpt>
<trkpt lat="53.211288443" lon="48.461818714">
  <ele>71.778000</ele>
  <time>2010-07-31T04:56:30Z</time>
</trkpt>
<trkpt lat="53.211273188" lon="48.462226829">
  <ele>71.387001</ele>
  <time>2010-07-31T04:56:31Z</time>
</trkpt>
<trkpt lat="53.211261788" lon="48.462635027">
  <ele>70.945999</ele>
  <time>2010-07-31T04:56:32Z</time>
</trkpt>
<trkpt lat="53.211250305" lon="48.463043226">
  <ele>70.525002</ele>
  <time>2010-07-31T04:56:33Z</time>
</trkpt>
<trkpt lat="53.211238822" lon="48.463451425">
  <ele>70.315002</ele>
  <time>2010-07-31T04:56:34Z</time>
</trkpt>
<trkpt lat="53.211227423" lon="48.463855768">
  <ele>70.060997</ele>
  <time>2010-07-31T04:56:35Z</time>
</trkpt>
<trkpt lat="53.211215939" lon="48.464260111">
  <ele>69.789001</ele>
  <time>2010-07-31T04:56:36Z</time>
</trkpt>
<trkpt lat="53.211204540" lon="48.464668309">
  <ele>69.316002</ele>
  <time>2010-07-31T04:56:37Z</time>
</trkpt>
<trkpt lat="53.211193057" lon="48.465072652">
  <ele>69.038002</ele>
  <time>2010-07-31T04:56:38Z</time>
</trkpt>
<trkpt lat="53.211177802" lon="48.465480767">
  <ele>68.848999</ele>
  <time>2010-07-31T04:56:39Z</time>
</trkpt>
<trkpt lat="53.211166402" lon="48.465888966">
  <ele>68.416000</ele>
  <time>2010-07-31T04:56:40Z</time>
</trkpt>
<trkpt lat="53.211154919" lon="48.466300936">
  <ele>68.133003</ele>
  <time>2010-07-31T04:56:41Z</time>
</trkpt>
<trkpt lat="53.211143520" lon="48.466716763">
  <ele>67.628998</ele>
  <time>2010-07-31T04:56:42Z</time>
</trkpt>
<trkpt lat="53.211128265" lon="48.467136361">
  <ele>66.844002</ele>
  <time>2010-07-31T04:56:43Z</time>
</trkpt>
<trkpt lat="53.211116781" lon="48.467559814">
  <ele>66.093002</ele>
  <time>2010-07-31T04:56:44Z</time>
</trkpt>
<trkpt lat="53.211105382" lon="48.467987040">
  <ele>65.512001</ele>
  <time>2010-07-31T04:56:45Z</time>
</trkpt>
<trkpt lat="53.211090127" lon="48.468414266">
  <ele>64.959999</ele>
  <time>2010-07-31T04:56:46Z</time>
</trkpt>
<trkpt lat="53.211078644" lon="48.468845347">
  <ele>64.376999</ele>
  <time>2010-07-31T04:56:47Z</time>
</trkpt>
<trkpt lat="53.211063389" lon="48.469280284">
  <ele>63.863998</ele>
  <time>2010-07-31T04:56:48Z</time>
</trkpt>
<trkpt lat="53.211048134" lon="48.469715137">
  <ele>63.368000</ele>
  <time>2010-07-31T04:56:49Z</time>
</trkpt>
<trkpt lat="53.211036650" lon="48.470146218">
  <ele>62.811001</ele>
  <time>2010-07-31T04:56:50Z</time>
</trkpt>
<trkpt lat="53.211025251" lon="48.470581071">
  <ele>62.235001</ele>
  <time>2010-07-31T04:56:51Z</time>
</trkpt>
<trkpt lat="53.211013768" lon="48.471008297">
  <ele>61.962002</ele>
  <time>2010-07-31T04:56:52Z</time>
</trkpt>
<trkpt lat="53.211002368" lon="48.471435523">
  <ele>61.568001</ele>
  <time>2010-07-31T04:56:53Z</time>
</trkpt>
<trkpt lat="53.210990885" lon="48.471858976">
  <ele>61.681999</ele>
  <time>2010-07-31T04:56:54Z</time>
</trkpt>
<trkpt lat="53.210979486" lon="48.472278574">
  <ele>61.862000</ele>
  <time>2010-07-31T04:56:55Z</time>
</trkpt>
<trkpt lat="53.210968003" lon="48.472698173">
  <ele>61.842999</ele>
  <time>2010-07-31T04:56:56Z</time>
</trkpt>
<trkpt lat="53.210960375" lon="48.473121626">
  <ele>61.763000</ele>
  <time>2010-07-31T04:56:57Z</time>
</trkpt>
<trkpt lat="53.210952748" lon="48.473541224">
  <ele>61.719002</ele>
  <time>2010-07-31T04:56:58Z</time>
</trkpt>
<trkpt lat="53.210945120" lon="48.473968534">
  <ele>61.673000</ele>
  <time>2010-07-31T04:56:59Z</time>
</trkpt>
<trkpt lat="53.210937493" lon="48.474391904">
  <ele>61.638000</ele>
  <time>2010-07-31T04:57:00Z</time>
</trkpt>
<trkpt lat="53.210929865" lon="48.474800102">
  <ele>61.521999</ele>
  <time>2010-07-31T04:57:01Z</time>
</trkpt>
<trkpt lat="53.210918466" lon="48.475189190">
  <ele>61.458000</ele>
  <time>2010-07-31T04:57:02Z</time>
</trkpt>
<trkpt lat="53.210903127" lon="48.475566879">
  <ele>61.319000</ele>
  <time>2010-07-31T04:57:03Z</time>
</trkpt>
<trkpt lat="53.210891727" lon="48.475948339">
  <ele>61.637001</ele>
  <time>2010-07-31T04:57:04Z</time>
</trkpt>
<trkpt lat="53.210880244" lon="48.476345055">
  <ele>61.638000</ele>
  <time>2010-07-31T04:57:05Z</time>
</trkpt>
<trkpt lat="53.210872617" lon="48.476753253">
  <ele>61.560001</ele>
  <time>2010-07-31T04:57:06Z</time>
</trkpt>
<trkpt lat="53.210857362" lon="48.477161368">
  <ele>61.358002</ele>
  <time>2010-07-31T04:57:07Z</time>
</trkpt>
<trkpt lat="53.210842106" lon="48.477565795">
  <ele>61.098000</ele>
  <time>2010-07-31T04:57:08Z</time>
</trkpt>
<trkpt lat="53.210823080" lon="48.477973910">
  <ele>60.980000</ele>
  <time>2010-07-31T04:57:09Z</time>
</trkpt>
<trkpt lat="53.210807825" lon="48.478385964">
  <ele>60.806999</ele>
  <time>2010-07-31T04:57:10Z</time>
</trkpt>
<trkpt lat="53.210800197" lon="48.478809334">
  <ele>60.542000</ele>
  <time>2010-07-31T04:57:11Z</time>
</trkpt>
<trkpt lat="53.210792569" lon="48.479248043">
  <ele>60.082001</ele>
  <time>2010-07-31T04:57:12Z</time>
</trkpt>
<trkpt lat="53.210781086" lon="48.479698151">
  <ele>59.696999</ele>
  <time>2010-07-31T04:57:13Z</time>
</trkpt>
<trkpt lat="53.210765831" lon="48.480155971">
  <ele>59.223000</ele>
  <time>2010-07-31T04:57:14Z</time>
</trkpt>
<trkpt lat="53.210746804" lon="48.480609935">
  <ele>59.244999</ele>
  <time>2010-07-31T04:57:15Z</time>
</trkpt>
<trkpt lat="53.210720066" lon="48.481056187">
  <ele>59.041000</ele>
  <time>2010-07-31T04:57:16Z</time>
</trkpt>
<trkpt lat="53.210704811" lon="48.481483497">
  <ele>58.771999</ele>
  <time>2010-07-31T04:57:17Z</time>
</trkpt>
<trkpt lat="53.210685700" lon="48.481895467">
  <ele>58.616001</ele>
  <time>2010-07-31T04:57:18Z</time>
</trkpt>
<trkpt lat="53.210674301" lon="48.482299810">
  <ele>58.398998</ele>
  <time>2010-07-31T04:57:19Z</time>
</trkpt>
<trkpt lat="53.210662818" lon="48.482696526">
  <ele>58.153999</ele>
  <time>2010-07-31T04:57:20Z</time>
</trkpt>
<trkpt lat="53.210651418" lon="48.483085614">
  <ele>57.860001</ele>
  <time>2010-07-31T04:57:21Z</time>
</trkpt>
<trkpt lat="53.210639935" lon="48.483470930">
  <ele>57.784000</ele>
  <time>2010-07-31T04:57:22Z</time>
</trkpt>
<trkpt lat="53.210628536" lon="48.483848535">
  <ele>57.518002</ele>
  <time>2010-07-31T04:57:23Z</time>
</trkpt>
<trkpt lat="53.210617052" lon="48.484218596">
  <ele>57.334000</ele>
  <time>2010-07-31T04:57:24Z</time>
</trkpt>
<trkpt lat="53.210605653" lon="48.484584801">
  <ele>57.319000</ele>
  <time>2010-07-31T04:57:25Z</time>
</trkpt>
<trkpt lat="53.210601797" lon="48.484947234">
  <ele>57.340000</ele>
  <time>2010-07-31T04:57:26Z</time>
</trkpt>
<trkpt lat="53.210590398" lon="48.485301957">
  <ele>57.257000</ele>
  <time>2010-07-31T04:57:27Z</time>
</trkpt>
<trkpt lat="53.210578915" lon="48.485649135">
  <ele>57.126999</ele>
  <time>2010-07-31T04:57:28Z</time>
</trkpt>
<trkpt lat="53.210567515" lon="48.485988602">
  <ele>57.299000</ele>
  <time>2010-07-31T04:57:29Z</time>
</trkpt>
<trkpt lat="53.210556032" lon="48.486320525">
  <ele>57.528999</ele>
  <time>2010-07-31T04:57:30Z</time>
</trkpt>
<trkpt lat="53.210544549" lon="48.486648593">
  <ele>57.734001</ele>
  <time>2010-07-31T04:57:31Z</time>
</trkpt>
<trkpt lat="53.210533150" lon="48.486969033">
  <ele>58.033001</ele>
  <time>2010-07-31T04:57:32Z</time>
</trkpt>
<trkpt lat="53.210521666" lon="48.487281762">
  <ele>58.111000</ele>
  <time>2010-07-31T04:57:33Z</time>
</trkpt>
<trkpt lat="53.210514039" lon="48.487583175">
  <ele>58.501999</ele>
  <time>2010-07-31T04:57:34Z</time>
</trkpt>
<trkpt lat="53.210502639" lon="48.487880733">
  <ele>59.032001</ele>
  <time>2010-07-31T04:57:35Z</time>
</trkpt>
<trkpt lat="53.210491156" lon="48.488178290">
  <ele>59.504002</ele>
  <time>2010-07-31T04:57:36Z</time>
</trkpt>
<trkpt lat="53.210479757" lon="48.488479620">
  <ele>59.976002</ele>
  <time>2010-07-31T04:57:37Z</time>
</trkpt>
<trkpt lat="53.210468274" lon="48.488784805">
  <ele>60.327999</ele>
  <time>2010-07-31T04:57:38Z</time>
</trkpt>
<trkpt lat="53.210460646" lon="48.489089990">
  <ele>60.928001</ele>
  <time>2010-07-31T04:57:39Z</time>
</trkpt>
<trkpt lat="53.210453019" lon="48.489395175">
  <ele>61.625000</ele>
  <time>2010-07-31T04:57:40Z</time>
</trkpt>
<trkpt lat="53.210441619" lon="48.489704132">
  <ele>62.102001</ele>
  <time>2010-07-31T04:57:41Z</time>
</trkpt>
<trkpt lat="53.210430136" lon="48.490013089">
  <ele>62.603001</ele>
  <time>2010-07-31T04:57:42Z</time>
</trkpt>
<trkpt lat="53.210418737" lon="48.490333529">
  <ele>62.925999</ele>
  <time>2010-07-31T04:57:43Z</time>
</trkpt>
<trkpt lat="53.210407253" lon="48.490646342">
  <ele>63.570999</ele>
  <time>2010-07-31T04:57:44Z</time>
</trkpt>
<trkpt lat="53.210395854" lon="48.490951527">
  <ele>64.077003</ele>
  <time>2010-07-31T04:57:45Z</time>
</trkpt>
<trkpt lat="53.210388143" lon="48.491249084">
  <ele>64.536003</ele>
  <time>2010-07-31T04:57:46Z</time>
</trkpt>
<trkpt lat="53.210380515" lon="48.491539015">
  <ele>65.001999</ele>
  <time>2010-07-31T04:57:47Z</time>
</trkpt>
<trkpt lat="53.210372888" lon="48.491821317">
  <ele>65.510002</ele>
  <time>2010-07-31T04:57:48Z</time>
</trkpt>
<trkpt lat="53.210361488" lon="48.492095908">
  <ele>65.938004</ele>
  <time>2010-07-31T04:57:49Z</time>
</trkpt>
<trkpt lat="53.210353861" lon="48.492362956">
  <ele>66.366997</ele>
  <time>2010-07-31T04:57:50Z</time>
</trkpt>
<trkpt lat="53.210350005" lon="48.492626231">
  <ele>66.940002</ele>
  <time>2010-07-31T04:57:51Z</time>
</trkpt>
<trkpt lat="53.210350005" lon="48.492893195">
  <ele>67.371002</ele>
  <time>2010-07-31T04:57:52Z</time>
</trkpt>
<trkpt lat="53.210346233" lon="48.493167870">
  <ele>67.697998</ele>
  <time>2010-07-31T04:57:53Z</time>
</trkpt>
<trkpt lat="53.210346233" lon="48.493442545">
  <ele>68.108002</ele>
  <time>2010-07-31T04:57:54Z</time>
</trkpt>
<trkpt lat="53.210334750" lon="48.493724847">
  <ele>68.457001</ele>
  <time>2010-07-31T04:57:55Z</time>
</trkpt>
<trkpt lat="53.210323351" lon="48.494010922">
  <ele>69.094002</ele>
  <time>2010-07-31T04:57:56Z</time>
</trkpt>
<trkpt lat="53.210315723" lon="48.494304623">
  <ele>69.516998</ele>
  <time>2010-07-31T04:57:57Z</time>
</trkpt>
<trkpt lat="53.210304240" lon="48.494594553">
  <ele>69.790001</ele>
  <time>2010-07-31T04:57:58Z</time>
</trkpt>
<trkpt lat="53.210292840" lon="48.494884484">
  <ele>69.966003</ele>
  <time>2010-07-31T04:57:59Z</time>
</trkpt>
<trkpt lat="53.210281357" lon="48.495162930">
  <ele>70.143997</ele>
  <time>2010-07-31T04:58:00Z</time>
</trkpt>
<trkpt lat="53.210269958" lon="48.495437605">
  <ele>70.233002</ele>
  <time>2010-07-31T04:58:01Z</time>
</trkpt>
<trkpt lat="53.210262330" lon="48.495704653">
  <ele>70.280998</ele>
  <time>2010-07-31T04:58:02Z</time>
</trkpt>
<trkpt lat="53.210254703" lon="48.495967845">
  <ele>70.478996</ele>
  <time>2010-07-31T04:58:03Z</time>
</trkpt>
<trkpt lat="53.210250847" lon="48.496223409">
  <ele>70.572998</ele>
  <time>2010-07-31T04:58:04Z</time>
</trkpt>
<trkpt lat="53.210243220" lon="48.496471429">
  <ele>70.872002</ele>
  <time>2010-07-31T04:58:05Z</time>
</trkpt>
<trkpt lat="53.210231820" lon="48.496711738">
  <ele>71.102997</ele>
  <time>2010-07-31T04:58:06Z</time>
</trkpt>
<trkpt lat="53.210220337" lon="48.496944420">
  <ele>71.241997</ele>
  <time>2010-07-31T04:58:07Z</time>
</trkpt>
<trkpt lat="53.210216481" lon="48.497169474">
  <ele>71.373001</ele>
  <time>2010-07-31T04:58:08Z</time>
</trkpt>
<trkpt lat="53.210205082" lon="48.497386901">
  <ele>71.575996</ele>
  <time>2010-07-31T04:58:09Z</time>
</trkpt>
<trkpt lat="53.210201226" lon="48.497600555">
  <ele>71.785004</ele>
  <time>2010-07-31T04:58:10Z</time>
</trkpt>
<trkpt lat="53.210193599" lon="48.497806583">
  <ele>71.788002</ele>
  <time>2010-07-31T04:58:11Z</time>
</trkpt>
<trkpt lat="53.210182199" lon="48.498012526">
  <ele>71.968002</ele>
  <time>2010-07-31T04:58:12Z</time>
</trkpt>
<trkpt lat="53.210174572" lon="48.498214697">
  <ele>72.292000</ele>
  <time>2010-07-31T04:58:13Z</time>
</trkpt>
<trkpt lat="53.210166944" lon="48.498409241">
  <ele>72.630997</ele>
  <time>2010-07-31T04:58:14Z</time>
</trkpt>
<trkpt lat="53.210163089" lon="48.498600014">
  <ele>72.921997</ele>
  <time>2010-07-31T04:58:15Z</time>
</trkpt>
<trkpt lat="53.210155461" lon="48.498790702">
  <ele>73.111000</ele>
  <time>2010-07-31T04:58:16Z</time>
</trkpt>
<trkpt lat="53.210147833" lon="48.498977702">
  <ele>73.510002</ele>
  <time>2010-07-31T04:58:17Z</time>
</trkpt>
<trkpt lat="53.210144062" lon="48.499172246">
  <ele>73.871002</ele>
  <time>2010-07-31T04:58:18Z</time>
</trkpt>
<trkpt lat="53.210140206" lon="48.499366790">
  <ele>74.172997</ele>
  <time>2010-07-31T04:58:19Z</time>
</trkpt>
<trkpt lat="53.210132578" lon="48.499557478">
  <ele>74.344002</ele>
  <time>2010-07-31T04:58:20Z</time>
</trkpt>
<trkpt lat="53.210124951" lon="48.499748250">
  <ele>74.968002</ele>
  <time>2010-07-31T04:58:21Z</time>
</trkpt>
<trkpt lat="53.210121179" lon="48.499931311">
  <ele>75.350998</ele>
  <time>2010-07-31T04:58:22Z</time>
</trkpt>
<trkpt lat="53.210113551" lon="48.500110600">
  <ele>75.832001</ele>
  <time>2010-07-31T04:58:23Z</time>
</trkpt>
<trkpt lat="53.210109696" lon="48.500286117">
  <ele>75.973000</ele>
  <time>2010-07-31T04:58:24Z</time>
</trkpt>
<trkpt lat="53.210102068" lon="48.500465406">
  <ele>76.303001</ele>
  <time>2010-07-31T04:58:25Z</time>
</trkpt>
<trkpt lat="53.210098296" lon="48.500652323">
  <ele>76.598000</ele>
  <time>2010-07-31T04:58:26Z</time>
</trkpt>
<trkpt lat="53.210090669" lon="48.500850638">
  <ele>76.793999</ele>
  <time>2010-07-31T04:58:27Z</time>
</trkpt>
<trkpt lat="53.210086813" lon="48.501060521">
  <ele>77.101997</ele>
  <time>2010-07-31T04:58:28Z</time>
</trkpt>
<trkpt lat="53.210083041" lon="48.501281720">
  <ele>77.592003</ele>
  <time>2010-07-31T04:58:29Z</time>
</trkpt>
<trkpt lat="53.210075414" lon="48.501518257">
  <ele>77.879997</ele>
  <time>2010-07-31T04:58:30Z</time>
</trkpt>
<trkpt lat="53.210071558" lon="48.501750939">
  <ele>78.224998</ele>
  <time>2010-07-31T04:58:31Z</time>
</trkpt>
<trkpt lat="53.210063931" lon="48.501979848">
  <ele>78.495003</ele>
  <time>2010-07-31T04:58:32Z</time>
</trkpt>
<trkpt lat="53.210056303" lon="48.502189647">
  <ele>78.612000</ele>
  <time>2010-07-31T04:58:33Z</time>
</trkpt>
<trkpt lat="53.210044820" lon="48.502384191">
  <ele>78.652000</ele>
  <time>2010-07-31T04:58:34Z</time>
</trkpt>
<trkpt lat="53.210033420" lon="48.502578735">
  <ele>78.672997</ele>
  <time>2010-07-31T04:58:35Z</time>
</trkpt>
<trkpt lat="53.210025793" lon="48.502765652">
  <ele>78.730003</ele>
  <time>2010-07-31T04:58:36Z</time>
</trkpt>
<trkpt lat="53.210018165" lon="48.502952568">
  <ele>78.816002</ele>
  <time>2010-07-31T04:58:37Z</time>
</trkpt>
<trkpt lat="53.210006682" lon="48.503143340">
  <ele>79.093002</ele>
  <time>2010-07-31T04:58:38Z</time>
</trkpt>
<trkpt lat="53.209999055" lon="48.503334029">
  <ele>79.369003</ele>
  <time>2010-07-31T04:58:39Z</time>
</trkpt>
<trkpt lat="53.209991427" lon="48.503528573">
  <ele>79.540001</ele>
  <time>2010-07-31T04:58:40Z</time>
</trkpt>
<trkpt lat="53.209983800" lon="48.503734600">
  <ele>79.742996</ele>
  <time>2010-07-31T04:58:41Z</time>
</trkpt>
<trkpt lat="53.209976172" lon="48.503955882">
  <ele>79.932999</ele>
  <time>2010-07-31T04:58:42Z</time>
</trkpt>
<trkpt lat="53.209964773" lon="48.504184708">
  <ele>79.966003</ele>
  <time>2010-07-31T04:58:43Z</time>
</trkpt>
<trkpt lat="53.209957145" lon="48.504425017">
  <ele>79.985001</ele>
  <time>2010-07-31T04:58:44Z</time>
</trkpt>
<trkpt lat="53.209949518" lon="48.504676810">
  <ele>79.964996</ele>
  <time>2010-07-31T04:58:45Z</time>
</trkpt>
<trkpt lat="53.209941890" lon="48.504940001">
  <ele>79.955002</ele>
  <time>2010-07-31T04:58:46Z</time>
</trkpt>
<trkpt lat="53.209934263" lon="48.505207049">
  <ele>79.934998</ele>
  <time>2010-07-31T04:58:47Z</time>
</trkpt>
<trkpt lat="53.209926635" lon="48.505477868">
  <ele>79.887001</ele>
  <time>2010-07-31T04:58:48Z</time>
</trkpt>
<trkpt lat="53.209919007" lon="48.505752543">
  <ele>79.959000</ele>
  <time>2010-07-31T04:58:49Z</time>
</trkpt>
<trkpt lat="53.209911380" lon="48.506034845">
  <ele>79.935997</ele>
  <time>2010-07-31T04:58:50Z</time>
</trkpt>
<trkpt lat="53.209899897" lon="48.506324776">
  <ele>79.914001</ele>
  <time>2010-07-31T04:58:51Z</time>
</trkpt>
<trkpt lat="53.209892269" lon="48.506618477">
  <ele>80.156998</ele>
  <time>2010-07-31T04:58:52Z</time>
</trkpt>
<trkpt lat="53.209884642" lon="48.506919891">
  <ele>80.170998</ele>
  <time>2010-07-31T04:58:53Z</time>
</trkpt>
<trkpt lat="53.209873158" lon="48.507217448">
  <ele>80.049004</ele>
  <time>2010-07-31T04:58:54Z</time>
</trkpt>
<trkpt lat="53.209865531" lon="48.507511150">
  <ele>80.038002</ele>
  <time>2010-07-31T04:58:55Z</time>
</trkpt>
<trkpt lat="53.209857903" lon="48.507801080">
  <ele>80.065002</ele>
  <time>2010-07-31T04:58:56Z</time>
</trkpt>
<trkpt lat="53.209850276" lon="48.508087154">
  <ele>79.966003</ele>
  <time>2010-07-31T04:58:57Z</time>
</trkpt>
<trkpt lat="53.209842648" lon="48.508369457">
  <ele>80.253998</ele>
  <time>2010-07-31T04:58:58Z</time>
</trkpt>
<trkpt lat="53.209835021" lon="48.508644132">
  <ele>80.275002</ele>
  <time>2010-07-31T04:58:59Z</time>
</trkpt>
<trkpt lat="53.209823621" lon="48.508911096">
  <ele>80.223999</ele>
  <time>2010-07-31T04:59:00Z</time>
</trkpt>
<trkpt lat="53.209815994" lon="48.509174371">
  <ele>80.223000</ele>
  <time>2010-07-31T04:59:01Z</time>
</trkpt>
<trkpt lat="53.209808366" lon="48.509433707">
  <ele>80.254997</ele>
  <time>2010-07-31T04:59:02Z</time>
</trkpt>
<trkpt lat="53.209800739" lon="48.509689355">
  <ele>80.413002</ele>
  <time>2010-07-31T04:59:03Z</time>
</trkpt>
<trkpt lat="53.209793111" lon="48.509944919">
  <ele>80.660004</ele>
  <time>2010-07-31T04:59:04Z</time>
</trkpt>
<trkpt lat="53.209781628" lon="48.510204339">
  <ele>80.700996</ele>
  <time>2010-07-31T04:59:05Z</time>
</trkpt>
<trkpt lat="53.209774001" lon="48.510463675">
  <ele>80.658997</ele>
  <time>2010-07-31T04:59:06Z</time>
</trkpt>
<trkpt lat="53.209766373" lon="48.510723095">
  <ele>80.930000</ele>
  <time>2010-07-31T04:59:07Z</time>
</trkpt>
<trkpt lat="53.209754974" lon="48.510974888">
  <ele>81.167000</ele>
  <time>2010-07-31T04:59:08Z</time>
</trkpt>
<trkpt lat="53.209747346" lon="48.511222824">
  <ele>81.369003</ele>
  <time>2010-07-31T04:59:09Z</time>
</trkpt>
<trkpt lat="53.209743490" lon="48.511466989">
  <ele>81.404999</ele>
  <time>2010-07-31T04:59:10Z</time>
</trkpt>
<trkpt lat="53.209735863" lon="48.511707298">
  <ele>81.362000</ele>
  <time>2010-07-31T04:59:11Z</time>
</trkpt>
<trkpt lat="53.209728235" lon="48.511939980">
  <ele>81.279999</ele>
  <time>2010-07-31T04:59:12Z</time>
</trkpt>
<trkpt lat="53.209716836" lon="48.512172662">
  <ele>81.220001</ele>
  <time>2010-07-31T04:59:13Z</time>
</trkpt>
<trkpt lat="53.209709208" lon="48.512397800">
  <ele>81.100998</ele>
  <time>2010-07-31T04:59:14Z</time>
</trkpt>
<trkpt lat="53.209701497" lon="48.512618998">
  <ele>81.037003</ele>
  <time>2010-07-31T04:59:15Z</time>
</trkpt>
<trkpt lat="53.209697725" lon="48.512840280">
  <ele>81.112999</ele>
  <time>2010-07-31T04:59:16Z</time>
</trkpt>
<trkpt lat="53.209693870" lon="48.513065334">
  <ele>81.125000</ele>
  <time>2010-07-31T04:59:17Z</time>
</trkpt>
<trkpt lat="53.209690098" lon="48.513290389">
  <ele>81.013000</ele>
  <time>2010-07-31T04:59:18Z</time>
</trkpt>
<trkpt lat="53.209682470" lon="48.513523070">
  <ele>81.036003</ele>
  <time>2010-07-31T04:59:19Z</time>
</trkpt>
<trkpt lat="53.209674843" lon="48.513751980">
  <ele>80.978996</ele>
  <time>2010-07-31T04:59:20Z</time>
</trkpt>
<trkpt lat="53.209663359" lon="48.513984662">
  <ele>81.095001</ele>
  <time>2010-07-31T04:59:21Z</time>
</trkpt>
<trkpt lat="53.209655732" lon="48.514213571">
  <ele>81.056000</ele>
  <time>2010-07-31T04:59:22Z</time>
</trkpt>
<trkpt lat="53.209648104" lon="48.514446253">
  <ele>81.195000</ele>
  <time>2010-07-31T04:59:23Z</time>
</trkpt>
<trkpt lat="53.209640477" lon="48.514671307">
  <ele>81.194000</ele>
  <time>2010-07-31T04:59:24Z</time>
</trkpt>
<trkpt lat="53.209632849" lon="48.514896361">
  <ele>81.514000</ele>
  <time>2010-07-31T04:59:25Z</time>
</trkpt>
<trkpt lat="53.209625222" lon="48.515117643">
  <ele>81.786003</ele>
  <time>2010-07-31T04:59:26Z</time>
</trkpt>
<trkpt lat="53.209613822" lon="48.515342698">
  <ele>82.108002</ele>
  <time>2010-07-31T04:59:27Z</time>
</trkpt>
<trkpt lat="53.209609967" lon="48.515571607">
  <ele>82.362000</ele>
  <time>2010-07-31T04:59:28Z</time>
</trkpt>
<trkpt lat="53.209598567" lon="48.515800517">
  <ele>82.291000</ele>
  <time>2010-07-31T04:59:29Z</time>
</trkpt>
<trkpt lat="53.209590940" lon="48.516029343">
  <ele>82.553001</ele>
  <time>2010-07-31T04:59:30Z</time>
</trkpt>
<trkpt lat="53.209583312" lon="48.516258253">
  <ele>82.749001</ele>
  <time>2010-07-31T04:59:31Z</time>
</trkpt>
<trkpt lat="53.209579457" lon="48.516483307">
  <ele>82.872002</ele>
  <time>2010-07-31T04:59:32Z</time>
</trkpt>
<trkpt lat="53.209571829" lon="48.516704589">
  <ele>82.894997</ele>
  <time>2010-07-31T04:59:33Z</time>
</trkpt>
<trkpt lat="53.209568057" lon="48.516929643">
  <ele>82.910004</ele>
  <time>2010-07-31T04:59:34Z</time>
</trkpt>
<trkpt lat="53.209556574" lon="48.517158469">
  <ele>83.065002</ele>
  <time>2010-07-31T04:59:35Z</time>
</trkpt>
<trkpt lat="53.209552802" lon="48.517395006">
  <ele>83.238998</ele>
  <time>2010-07-31T04:59:36Z</time>
</trkpt>
<trkpt lat="53.209545175" lon="48.517631544">
  <ele>83.384003</ele>
  <time>2010-07-31T04:59:37Z</time>
</trkpt>
<trkpt lat="53.209537547" lon="48.517864225">
  <ele>83.405998</ele>
  <time>2010-07-31T04:59:38Z</time>
</trkpt>
<trkpt lat="53.209533691" lon="48.518100763">
  <ele>83.445000</ele>
  <time>2010-07-31T04:59:39Z</time>
</trkpt>
<trkpt lat="53.209529836" lon="48.518344844">
  <ele>83.353996</ele>
  <time>2010-07-31T04:59:40Z</time>
</trkpt>
<trkpt lat="53.209529836" lon="48.518596636">
  <ele>83.564003</ele>
  <time>2010-07-31T04:59:41Z</time>
</trkpt>
<trkpt lat="53.209529836" lon="48.518852200">
  <ele>83.718002</ele>
  <time>2010-07-31T04:59:42Z</time>
</trkpt>
<trkpt lat="53.209533691" lon="48.519115476">
  <ele>83.882004</ele>
  <time>2010-07-31T04:59:43Z</time>
</trkpt>
<trkpt lat="53.209533691" lon="48.519386295">
  <ele>83.886002</ele>
  <time>2010-07-31T04:59:44Z</time>
</trkpt>
<trkpt lat="53.209537547" lon="48.519664742">
  <ele>83.898003</ele>
  <time>2010-07-31T04:59:45Z</time>
</trkpt>
<trkpt lat="53.209545175" lon="48.519943273">
  <ele>84.103996</ele>
  <time>2010-07-31T04:59:46Z</time>
</trkpt>
<trkpt lat="53.209552802" lon="48.520221720">
  <ele>84.165001</ele>
  <time>2010-07-31T04:59:47Z</time>
</trkpt>
<trkpt lat="53.209564202" lon="48.520511650">
  <ele>84.202003</ele>
  <time>2010-07-31T04:59:48Z</time>
</trkpt>
<trkpt lat="53.209579457" lon="48.520805351">
  <ele>84.329002</ele>
  <time>2010-07-31T04:59:49Z</time>
</trkpt>
<trkpt lat="53.209598567" lon="48.521102909">
  <ele>84.473000</ele>
  <time>2010-07-31T04:59:50Z</time>
</trkpt>
<trkpt lat="53.209613822" lon="48.521396611">
  <ele>84.510002</ele>
  <time>2010-07-31T04:59:51Z</time>
</trkpt>
<trkpt lat="53.209636705" lon="48.521698024">
  <ele>84.596001</ele>
  <time>2010-07-31T04:59:52Z</time>
</trkpt>
<trkpt lat="53.209655732" lon="48.522003209">
  <ele>84.727997</ele>
  <time>2010-07-31T04:59:53Z</time>
</trkpt>
<trkpt lat="53.209678615" lon="48.522308310">
  <ele>84.799004</ele>
  <time>2010-07-31T04:59:54Z</time>
</trkpt>
<trkpt lat="53.209705353" lon="48.522613496">
  <ele>85.083000</ele>
  <time>2010-07-31T04:59:55Z</time>
</trkpt>
<trkpt lat="53.209735863" lon="48.522930164">
  <ele>85.084999</ele>
  <time>2010-07-31T04:59:56Z</time>
</trkpt>
<trkpt lat="53.209766373" lon="48.523250604">
  <ele>85.001999</ele>
  <time>2010-07-31T04:59:57Z</time>
</trkpt>
<trkpt lat="53.209800739" lon="48.523582444">
  <ele>84.894997</ele>
  <time>2010-07-31T04:59:58Z</time>
</trkpt>
<trkpt lat="53.209838877" lon="48.523921994">
  <ele>84.939003</ele>
  <time>2010-07-31T04:59:59Z</time>
</trkpt>
<trkpt lat="53.209877014" lon="48.524276717">
  <ele>84.702003</ele>
  <time>2010-07-31T05:00:00Z</time>
</trkpt>
<trkpt lat="53.209915152" lon="48.524642922">
  <ele>84.477997</ele>
  <time>2010-07-31T05:00:01Z</time>
</trkpt>
<trkpt lat="53.209953289" lon="48.525012983">
  <ele>84.487999</ele>
  <time>2010-07-31T05:00:02Z</time>
</trkpt>
<trkpt lat="53.209991427" lon="48.525394443">
  <ele>84.351997</ele>
  <time>2010-07-31T05:00:03Z</time>
</trkpt>
<trkpt lat="53.210029565" lon="48.525779760">
  <ele>84.297997</ele>
  <time>2010-07-31T05:00:04Z</time>
</trkpt>
<trkpt lat="53.210067786" lon="48.526176475">
  <ele>84.264999</ele>
  <time>2010-07-31T05:00:05Z</time>
</trkpt>
<trkpt lat="53.210105924" lon="48.526580818">
  <ele>84.024002</ele>
  <time>2010-07-31T05:00:06Z</time>
</trkpt>
<trkpt lat="53.210147833" lon="48.526992789">
  <ele>84.049004</ele>
  <time>2010-07-31T05:00:07Z</time>
</trkpt>
<trkpt lat="53.210189827" lon="48.527404759">
  <ele>84.101997</ele>
  <time>2010-07-31T05:00:08Z</time>
</trkpt>
<trkpt lat="53.210231820" lon="48.527820585">
  <ele>84.157997</ele>
  <time>2010-07-31T05:00:09Z</time>
</trkpt>
<trkpt lat="53.210269958" lon="48.528236412">
  <ele>84.195999</ele>
  <time>2010-07-31T05:00:10Z</time>
</trkpt>
<trkpt lat="53.210311867" lon="48.528652154">
  <ele>84.332001</ele>
  <time>2010-07-31T05:00:11Z</time>
</trkpt>
<trkpt lat="53.210353861" lon="48.529071836">
  <ele>84.440002</ele>
  <time>2010-07-31T05:00:12Z</time>
</trkpt>
<trkpt lat="53.210395854" lon="48.529487578">
  <ele>84.382004</ele>
  <time>2010-07-31T05:00:13Z</time>
</trkpt>
<trkpt lat="53.210433992" lon="48.529895777">
  <ele>84.408997</ele>
  <time>2010-07-31T05:00:14Z</time>
</trkpt>
<trkpt lat="53.210468274" lon="48.530288721">
  <ele>84.523003</ele>
  <time>2010-07-31T05:00:15Z</time>
</trkpt>
<trkpt lat="53.210498784" lon="48.530662553">
  <ele>84.588997</ele>
  <time>2010-07-31T05:00:16Z</time>
</trkpt>
<trkpt lat="53.210533150" lon="48.531017276">
  <ele>84.706001</ele>
  <time>2010-07-31T05:00:17Z</time>
</trkpt>
<trkpt lat="53.210559804" lon="48.531356826">
  <ele>84.713997</ele>
  <time>2010-07-31T05:00:18Z</time>
</trkpt>
<trkpt lat="53.210590398" lon="48.531684894">
  <ele>84.720001</ele>
  <time>2010-07-31T05:00:19Z</time>
</trkpt>
<trkpt lat="53.210617052" lon="48.532009106">
  <ele>84.633003</ele>
  <time>2010-07-31T05:00:20Z</time>
</trkpt>
<trkpt lat="53.210643791" lon="48.532333402">
  <ele>84.556000</ele>
  <time>2010-07-31T05:00:21Z</time>
</trkpt>
<trkpt lat="53.210674301" lon="48.532657614">
  <ele>84.217003</ele>
  <time>2010-07-31T05:00:22Z</time>
</trkpt>
<trkpt lat="53.210704811" lon="48.532981910">
  <ele>83.901001</ele>
  <time>2010-07-31T05:00:23Z</time>
</trkpt>
<trkpt lat="53.210731465" lon="48.533309978">
  <ele>83.739998</ele>
  <time>2010-07-31T05:00:24Z</time>
</trkpt>
<trkpt lat="53.210762059" lon="48.533634190">
  <ele>83.744003</ele>
  <time>2010-07-31T05:00:25Z</time>
</trkpt>
<trkpt lat="53.210796341" lon="48.533962257">
  <ele>83.664001</ele>
  <time>2010-07-31T05:00:26Z</time>
</trkpt>
<trkpt lat="53.210830707" lon="48.534297952">
  <ele>83.540001</ele>
  <time>2010-07-31T05:00:27Z</time>
</trkpt>
<trkpt lat="53.210864989" lon="48.534633648">
  <ele>83.241997</ele>
  <time>2010-07-31T05:00:28Z</time>
</trkpt>
<trkpt lat="53.210895499" lon="48.534980742">
  <ele>82.931999</ele>
  <time>2010-07-31T05:00:29Z</time>
</trkpt>
<trkpt lat="53.210926093" lon="48.535331693">
  <ele>82.829002</ele>
  <time>2010-07-31T05:00:30Z</time>
</trkpt>
<trkpt lat="53.210956603" lon="48.535690270">
  <ele>82.716003</ele>
  <time>2010-07-31T05:00:31Z</time>
</trkpt>
<trkpt lat="53.210990885" lon="48.536052704">
  <ele>82.802002</ele>
  <time>2010-07-31T05:00:32Z</time>
</trkpt>
<trkpt lat="53.211025251" lon="48.536411282">
  <ele>82.919998</ele>
  <time>2010-07-31T05:00:33Z</time>
</trkpt>
<trkpt lat="53.211059533" lon="48.536758460">
  <ele>82.913002</ele>
  <time>2010-07-31T05:00:34Z</time>
</trkpt>
<trkpt lat="53.211093899" lon="48.537109410">
  <ele>82.889000</ele>
  <time>2010-07-31T05:00:35Z</time>
</trkpt>
<trkpt lat="53.211124409" lon="48.537456505">
  <ele>82.733002</ele>
  <time>2010-07-31T05:00:36Z</time>
</trkpt>
<trkpt lat="53.211158775" lon="48.537799828">
  <ele>82.882004</ele>
  <time>2010-07-31T05:00:37Z</time>
</trkpt>
<trkpt lat="53.211189285" lon="48.538143151">
  <ele>83.255997</ele>
  <time>2010-07-31T05:00:38Z</time>
</trkpt>
<trkpt lat="53.211223567" lon="48.538486473">
  <ele>83.723999</ele>
  <time>2010-07-31T05:00:39Z</time>
</trkpt>
<trkpt lat="53.211254161" lon="48.538826024">
  <ele>83.764999</ele>
  <time>2010-07-31T05:00:40Z</time>
</trkpt>
<trkpt lat="53.211288443" lon="48.539165491">
  <ele>83.925003</ele>
  <time>2010-07-31T05:00:41Z</time>
</trkpt>
<trkpt lat="53.211318953" lon="48.539508814">
  <ele>83.885002</ele>
  <time>2010-07-31T05:00:42Z</time>
</trkpt>
<trkpt lat="53.211353319" lon="48.539852137">
  <ele>83.907997</ele>
  <time>2010-07-31T05:00:43Z</time>
</trkpt>
<trkpt lat="53.211387601" lon="48.540199315">
  <ele>84.001999</ele>
  <time>2010-07-31T05:00:44Z</time>
</trkpt>
<trkpt lat="53.211421967" lon="48.540550265">
  <ele>84.283997</ele>
  <time>2010-07-31T05:00:45Z</time>
</trkpt>
<trkpt lat="53.211456332" lon="48.540908843">
  <ele>84.533997</ele>
  <time>2010-07-31T05:00:46Z</time>
</trkpt>
<trkpt lat="53.211490614" lon="48.541271193">
  <ele>84.643997</ele>
  <time>2010-07-31T05:00:47Z</time>
</trkpt>
<trkpt lat="53.211524980" lon="48.541633626">
  <ele>84.660004</ele>
  <time>2010-07-31T05:00:48Z</time>
</trkpt>
<trkpt lat="53.211559262" lon="48.541992204">
  <ele>84.703003</ele>
  <time>2010-07-31T05:00:49Z</time>
</trkpt>
<trkpt lat="53.211593628" lon="48.542350782">
  <ele>84.593002</ele>
  <time>2010-07-31T05:00:50Z</time>
</trkpt>
<trkpt lat="53.211627994" lon="48.542713132">
  <ele>84.513000</ele>
  <time>2010-07-31T05:00:51Z</time>
</trkpt>
<trkpt lat="53.211662276" lon="48.543071710">
  <ele>84.394997</ele>
  <time>2010-07-31T05:00:52Z</time>
</trkpt>
<trkpt lat="53.211696642" lon="48.543422660">
  <ele>84.283997</ele>
  <time>2010-07-31T05:00:53Z</time>
</trkpt>
<trkpt lat="53.211738551" lon="48.543769838">
  <ele>84.213997</ele>
  <time>2010-07-31T05:00:54Z</time>
</trkpt>
<trkpt lat="53.211769145" lon="48.544113161">
  <ele>84.445000</ele>
  <time>2010-07-31T05:00:55Z</time>
</trkpt>
<trkpt lat="53.211803427" lon="48.544452628">
  <ele>84.766998</ele>
  <time>2010-07-31T05:00:56Z</time>
</trkpt>
<trkpt lat="53.211837793" lon="48.544795951">
  <ele>84.778999</ele>
  <time>2010-07-31T05:00:57Z</time>
</trkpt>
<trkpt lat="53.211868303" lon="48.545135502">
  <ele>84.999001</ele>
  <time>2010-07-31T05:00:58Z</time>
</trkpt>
<trkpt lat="53.211902585" lon="48.545474969">
  <ele>84.984001</ele>
  <time>2010-07-31T05:00:59Z</time>
</trkpt>
<trkpt lat="53.211936951" lon="48.545806892">
  <ele>84.861000</ele>
  <time>2010-07-31T05:01:00Z</time>
</trkpt>
<trkpt lat="53.211967461" lon="48.546131104">
  <ele>84.963997</ele>
  <time>2010-07-31T05:01:01Z</time>
</trkpt>
<trkpt lat="53.211997971" lon="48.546447773">
  <ele>85.181999</ele>
  <time>2010-07-31T05:01:02Z</time>
</trkpt>
<trkpt lat="53.212024709" lon="48.546756729">
  <ele>85.138000</ele>
  <time>2010-07-31T05:01:03Z</time>
</trkpt>
<trkpt lat="53.212055219" lon="48.547069542">
  <ele>85.356003</ele>
  <time>2010-07-31T05:01:04Z</time>
</trkpt>
<trkpt lat="53.212085729" lon="48.547374727">
  <ele>85.488998</ele>
  <time>2010-07-31T05:01:05Z</time>
</trkpt>
<trkpt lat="53.212116240" lon="48.547679912">
  <ele>85.513000</ele>
  <time>2010-07-31T05:01:06Z</time>
</trkpt>
<trkpt lat="53.212142978" lon="48.547981242">
  <ele>85.416000</ele>
  <time>2010-07-31T05:01:07Z</time>
</trkpt>
<trkpt lat="53.212173488" lon="48.548278799">
  <ele>85.580002</ele>
  <time>2010-07-31T05:01:08Z</time>
</trkpt>
<trkpt lat="53.212200142" lon="48.548576357">
  <ele>85.581001</ele>
  <time>2010-07-31T05:01:09Z</time>
</trkpt>
<trkpt lat="53.212230653" lon="48.548866287">
  <ele>85.707001</ele>
  <time>2010-07-31T05:01:10Z</time>
</trkpt>
<trkpt lat="53.212257391" lon="48.549156217">
  <ele>85.851997</ele>
  <time>2010-07-31T05:01:11Z</time>
</trkpt>
<trkpt lat="53.212287901" lon="48.549438436">
  <ele>86.287003</ele>
  <time>2010-07-31T05:01:12Z</time>
</trkpt>
<trkpt lat="53.212314639" lon="48.549709339">
  <ele>86.560997</ele>
  <time>2010-07-31T05:01:13Z</time>
</trkpt>
<trkpt lat="53.212341294" lon="48.549980158">
  <ele>86.875999</ele>
  <time>2010-07-31T05:01:14Z</time>
</trkpt>
<trkpt lat="53.212368032" lon="48.550254833">
  <ele>87.237999</ele>
  <time>2010-07-31T05:01:15Z</time>
</trkpt>
<trkpt lat="53.212398542" lon="48.550525652">
  <ele>87.530998</ele>
  <time>2010-07-31T05:01:16Z</time>
</trkpt>
<trkpt lat="53.212425197" lon="48.550796472">
  <ele>87.593002</ele>
  <time>2010-07-31T05:01:17Z</time>
</trkpt>
<trkpt lat="53.212448079" lon="48.551071147">
  <ele>87.666000</ele>
  <time>2010-07-31T05:01:18Z</time>
</trkpt>
<trkpt lat="53.212474817" lon="48.551345821">
  <ele>87.677002</ele>
  <time>2010-07-31T05:01:19Z</time>
</trkpt>
<trkpt lat="53.212501556" lon="48.551624268">
  <ele>87.712997</ele>
  <time>2010-07-31T05:01:20Z</time>
</trkpt>
<trkpt lat="53.212528210" lon="48.551906571">
  <ele>87.802002</ele>
  <time>2010-07-31T05:01:21Z</time>
</trkpt>
<trkpt lat="53.212554948" lon="48.552196501">
  <ele>87.797997</ele>
  <time>2010-07-31T05:01:22Z</time>
</trkpt>
<trkpt lat="53.212585459" lon="48.552494058">
  <ele>87.821999</ele>
  <time>2010-07-31T05:01:23Z</time>
</trkpt>
<trkpt lat="53.212612113" lon="48.552787760">
  <ele>88.011002</ele>
  <time>2010-07-31T05:01:24Z</time>
</trkpt>
<trkpt lat="53.212638851" lon="48.553077690">
  <ele>88.382004</ele>
  <time>2010-07-31T05:01:25Z</time>
</trkpt>
<trkpt lat="53.212665590" lon="48.553367620">
  <ele>88.529999</ele>
  <time>2010-07-31T05:01:26Z</time>
</trkpt>
<trkpt lat="53.212696100" lon="48.553653695">
  <ele>88.630997</ele>
  <time>2010-07-31T05:01:27Z</time>
</trkpt>
<trkpt lat="53.212722754" lon="48.553943625">
  <ele>88.857002</ele>
  <time>2010-07-31T05:01:28Z</time>
</trkpt>
<trkpt lat="53.212749492" lon="48.554229699">
  <ele>88.916000</ele>
  <time>2010-07-31T05:01:29Z</time>
</trkpt>
<trkpt lat="53.212780003" lon="48.554515857">
  <ele>89.050003</ele>
  <time>2010-07-31T05:01:30Z</time>
</trkpt>
<trkpt lat="53.212806741" lon="48.554801932">
  <ele>89.199997</ele>
  <time>2010-07-31T05:01:31Z</time>
</trkpt>
<trkpt lat="53.212829623" lon="48.555091862">
  <ele>89.386002</ele>
  <time>2010-07-31T05:01:32Z</time>
</trkpt>
<trkpt lat="53.212856278" lon="48.555377936">
  <ele>89.469002</ele>
  <time>2010-07-31T05:01:33Z</time>
</trkpt>
<trkpt lat="53.212883016" lon="48.555656467">
  <ele>89.634003</ele>
  <time>2010-07-31T05:01:34Z</time>
</trkpt>
<trkpt lat="53.212905899" lon="48.555927286">
  <ele>89.863998</ele>
  <time>2010-07-31T05:01:35Z</time>
</trkpt>
<trkpt lat="53.212928781" lon="48.556194333">
  <ele>89.922997</ele>
  <time>2010-07-31T05:01:36Z</time>
</trkpt>
<trkpt lat="53.212955436" lon="48.556457525">
  <ele>89.932999</ele>
  <time>2010-07-31T05:01:37Z</time>
</trkpt>
<trkpt lat="53.212982174" lon="48.556724573">
  <ele>90.031998</ele>
  <time>2010-07-31T05:01:38Z</time>
</trkpt>
<trkpt lat="53.213008912" lon="48.556991536">
  <ele>90.007004</ele>
  <time>2010-07-31T05:01:39Z</time>
</trkpt>
<trkpt lat="53.213035567" lon="48.557262439">
  <ele>90.050003</ele>
  <time>2010-07-31T05:01:40Z</time>
</trkpt>
<trkpt lat="53.213062305" lon="48.557537114">
  <ele>90.125000</ele>
  <time>2010-07-31T05:01:41Z</time>
</trkpt>
<trkpt lat="53.213085188" lon="48.557804078">
  <ele>90.134003</ele>
  <time>2010-07-31T05:01:42Z</time>
</trkpt>
<trkpt lat="53.213115698" lon="48.558074981">
  <ele>90.254997</ele>
  <time>2010-07-31T05:01:43Z</time>
</trkpt>
<trkpt lat="53.213142436" lon="48.558353428">
  <ele>90.346001</ele>
  <time>2010-07-31T05:01:44Z</time>
</trkpt>
<trkpt lat="53.213169090" lon="48.558631875">
  <ele>90.546997</ele>
  <time>2010-07-31T05:01:45Z</time>
</trkpt>
<trkpt lat="53.213195829" lon="48.558910405">
  <ele>90.463997</ele>
  <time>2010-07-31T05:01:46Z</time>
</trkpt>
<trkpt lat="53.213218711" lon="48.559184996">
  <ele>90.459999</ele>
  <time>2010-07-31T05:01:47Z</time>
</trkpt>
<trkpt lat="53.213245366" lon="48.559459671">
  <ele>90.605003</ele>
  <time>2010-07-31T05:01:48Z</time>
</trkpt>
<trkpt lat="53.213272104" lon="48.559741974">
  <ele>90.617996</ele>
  <time>2010-07-31T05:01:49Z</time>
</trkpt>
<trkpt lat="53.213302614" lon="48.560028048">
  <ele>90.585999</ele>
  <time>2010-07-31T05:01:50Z</time>
</trkpt>
<trkpt lat="53.213333124" lon="48.560321834">
  <ele>90.795998</ele>
  <time>2010-07-31T05:01:51Z</time>
</trkpt>
<trkpt lat="53.213363634" lon="48.560627019">
  <ele>90.931999</ele>
  <time>2010-07-31T05:01:52Z</time>
</trkpt>
<trkpt lat="53.213398000" lon="48.560939748">
  <ele>90.856003</ele>
  <time>2010-07-31T05:01:53Z</time>
</trkpt>
<trkpt lat="53.213428510" lon="48.561260188">
  <ele>90.849998</ele>
  <time>2010-07-31T05:01:54Z</time>
</trkpt>
<trkpt lat="53.213459020" lon="48.561599739">
  <ele>90.829002</ele>
  <time>2010-07-31T05:01:55Z</time>
</trkpt>
<trkpt lat="53.213493386" lon="48.561943062">
  <ele>90.844002</ele>
  <time>2010-07-31T05:01:56Z</time>
</trkpt>
<trkpt lat="53.213531524" lon="48.562297784">
  <ele>90.692001</ele>
  <time>2010-07-31T05:01:57Z</time>
</trkpt>
<trkpt lat="53.213573433" lon="48.562664073">
  <ele>90.509003</ele>
  <time>2010-07-31T05:01:58Z</time>
</trkpt>
<trkpt lat="53.213615427" lon="48.563041678">
  <ele>90.561996</ele>
  <time>2010-07-31T05:01:59Z</time>
</trkpt>
<trkpt lat="53.213661192" lon="48.563426994">
  <ele>90.513000</ele>
  <time>2010-07-31T05:02:00Z</time>
</trkpt>
<trkpt lat="53.213703185" lon="48.563819854">
  <ele>90.641998</ele>
  <time>2010-07-31T05:02:01Z</time>
</trkpt>
<trkpt lat="53.213733695" lon="48.564228052">
  <ele>90.709999</ele>
  <time>2010-07-31T05:02:02Z</time>
</trkpt>
<trkpt lat="53.213764206" lon="48.564636251">
  <ele>90.817001</ele>
  <time>2010-07-31T05:02:03Z</time>
</trkpt>
<trkpt lat="53.213794716" lon="48.565036738">
  <ele>90.428001</ele>
  <time>2010-07-31T05:02:04Z</time>
</trkpt>
<trkpt lat="53.213825226" lon="48.565437309">
  <ele>90.209000</ele>
  <time>2010-07-31T05:02:05Z</time>
</trkpt>
<trkpt lat="53.213863363" lon="48.565830253">
  <ele>89.917000</ele>
  <time>2010-07-31T05:02:06Z</time>
</trkpt>
<trkpt lat="53.213897729" lon="48.566219341">
  <ele>89.642998</ele>
  <time>2010-07-31T05:02:07Z</time>
</trkpt>
<trkpt lat="53.213932011" lon="48.566604573">
  <ele>89.702003</ele>
  <time>2010-07-31T05:02:08Z</time>
</trkpt>
<trkpt lat="53.213966377" lon="48.566982262">
  <ele>89.656998</ele>
  <time>2010-07-31T05:02:09Z</time>
</trkpt>
<trkpt lat="53.214000743" lon="48.567348467">
  <ele>89.371002</ele>
  <time>2010-07-31T05:02:10Z</time>
</trkpt>
<trkpt lat="53.214035025" lon="48.567714673">
  <ele>89.140999</ele>
  <time>2010-07-31T05:02:11Z</time>
</trkpt>
<trkpt lat="53.214065535" lon="48.568073250">
  <ele>89.000999</ele>
  <time>2010-07-31T05:02:12Z</time>
</trkpt>
<trkpt lat="53.214099901" lon="48.568431828">
  <ele>88.569000</ele>
  <time>2010-07-31T05:02:13Z</time>
</trkpt>
<trkpt lat="53.214134183" lon="48.568790406">
  <ele>88.206001</ele>
  <time>2010-07-31T05:02:14Z</time>
</trkpt>
<trkpt lat="53.214168549" lon="48.569148984">
  <ele>87.973000</ele>
  <time>2010-07-31T05:02:15Z</time>
</trkpt>
<trkpt lat="53.214202914" lon="48.569511417">
  <ele>87.736000</ele>
  <time>2010-07-31T05:02:16Z</time>
</trkpt>
<trkpt lat="53.214237196" lon="48.569877623">
  <ele>87.445000</ele>
  <time>2010-07-31T05:02:17Z</time>
</trkpt>
<trkpt lat="53.214271562" lon="48.570247684">
  <ele>87.328003</ele>
  <time>2010-07-31T05:02:18Z</time>
</trkpt>
<trkpt lat="53.214309700" lon="48.570617661">
  <ele>86.947998</ele>
  <time>2010-07-31T05:02:19Z</time>
</trkpt>
<trkpt lat="53.214344066" lon="48.570983866">
  <ele>86.664001</ele>
  <time>2010-07-31T05:02:20Z</time>
</trkpt>
<trkpt lat="53.214378348" lon="48.571357699">
  <ele>86.473999</ele>
  <time>2010-07-31T05:02:21Z</time>
</trkpt>
<trkpt lat="53.214416485" lon="48.571723904">
  <ele>86.420998</ele>
  <time>2010-07-31T05:02:22Z</time>
</trkpt>
<trkpt lat="53.214450851" lon="48.572093965">
  <ele>86.203003</ele>
  <time>2010-07-31T05:02:23Z</time>
</trkpt>
<trkpt lat="53.214485133" lon="48.572467798">
  <ele>85.782997</ele>
  <time>2010-07-31T05:02:24Z</time>
</trkpt>
<trkpt lat="53.214523355" lon="48.572841631">
  <ele>85.539001</ele>
  <time>2010-07-31T05:02:25Z</time>
</trkpt>
<trkpt lat="53.214561492" lon="48.573215464">
  <ele>85.260002</ele>
  <time>2010-07-31T05:02:26Z</time>
</trkpt>
<trkpt lat="53.214595774" lon="48.573593153">
  <ele>84.879997</ele>
  <time>2010-07-31T05:02:27Z</time>
</trkpt>
<trkpt lat="53.214633912" lon="48.573966986">
  <ele>84.613998</ele>
  <time>2010-07-31T05:02:28Z</time>
</trkpt>
<trkpt lat="53.214672050" lon="48.574344674">
  <ele>84.245003</ele>
  <time>2010-07-31T05:02:29Z</time>
</trkpt>
<trkpt lat="53.214710271" lon="48.574718507">
  <ele>83.759003</ele>
  <time>2010-07-31T05:02:30Z</time>
</trkpt>
<trkpt lat="53.214748409" lon="48.575092340">
  <ele>83.459999</ele>
  <time>2010-07-31T05:02:31Z</time>
</trkpt>
<trkpt lat="53.214782691" lon="48.575462317">
  <ele>82.968002</ele>
  <time>2010-07-31T05:02:32Z</time>
</trkpt>
<trkpt lat="53.214817056" lon="48.575836150">
  <ele>82.592003</ele>
  <time>2010-07-31T05:02:33Z</time>
</trkpt>
<trkpt lat="53.214855194" lon="48.576209983">
  <ele>82.295998</ele>
  <time>2010-07-31T05:02:34Z</time>
</trkpt>
<trkpt lat="53.214889560" lon="48.576580044">
  <ele>82.039001</ele>
  <time>2010-07-31T05:02:35Z</time>
</trkpt>
<trkpt lat="53.214923842" lon="48.576946249">
  <ele>81.686996</ele>
  <time>2010-07-31T05:02:36Z</time>
</trkpt>
<trkpt lat="53.214958208" lon="48.577308683">
  <ele>81.300003</ele>
  <time>2010-07-31T05:02:37Z</time>
</trkpt>
<trkpt lat="53.214996345" lon="48.577674888">
  <ele>80.871002</ele>
  <time>2010-07-31T05:02:38Z</time>
</trkpt>
<trkpt lat="53.215034483" lon="48.578044865">
  <ele>80.553001</ele>
  <time>2010-07-31T05:02:39Z</time>
</trkpt>
<trkpt lat="53.215068849" lon="48.578414926">
  <ele>79.889000</ele>
  <time>2010-07-31T05:02:40Z</time>
</trkpt>
<trkpt lat="53.215103131" lon="48.578777276">
  <ele>79.574997</ele>
  <time>2010-07-31T05:02:41Z</time>
</trkpt>
<trkpt lat="53.215137497" lon="48.579139709">
  <ele>79.286003</ele>
  <time>2010-07-31T05:02:42Z</time>
</trkpt>
<trkpt lat="53.215171779" lon="48.579505915">
  <ele>79.139999</ele>
  <time>2010-07-31T05:02:43Z</time>
</trkpt>
<trkpt lat="53.215202373" lon="48.579868348">
  <ele>79.043999</ele>
  <time>2010-07-31T05:02:44Z</time>
</trkpt>
<trkpt lat="53.215236655" lon="48.580226926">
  <ele>78.903999</ele>
  <time>2010-07-31T05:02:45Z</time>
</trkpt>
<trkpt lat="53.215274792" lon="48.580585504">
  <ele>78.788002</ele>
  <time>2010-07-31T05:02:46Z</time>
</trkpt>
<trkpt lat="53.215309158" lon="48.580944082">
  <ele>78.647003</ele>
  <time>2010-07-31T05:02:47Z</time>
</trkpt>
<trkpt lat="53.215343440" lon="48.581306431">
  <ele>78.365997</ele>
  <time>2010-07-31T05:02:48Z</time>
</trkpt>
<trkpt lat="53.215381661" lon="48.581668865">
  <ele>77.879997</ele>
  <time>2010-07-31T05:02:49Z</time>
</trkpt>
<trkpt lat="53.215419799" lon="48.582038842">
  <ele>77.752998</ele>
  <time>2010-07-31T05:02:50Z</time>
</trkpt>
<trkpt lat="53.215454081" lon="48.582408903">
  <ele>77.636002</ele>
  <time>2010-07-31T05:02:51Z</time>
</trkpt>
<trkpt lat="53.215492219" lon="48.582778964">
  <ele>77.403999</ele>
  <time>2010-07-31T05:02:52Z</time>
</trkpt>
<trkpt lat="53.215526585" lon="48.583141314">
  <ele>77.177002</ele>
  <time>2010-07-31T05:02:53Z</time>
</trkpt>
<trkpt lat="53.215560950" lon="48.583503747">
  <ele>76.981003</ele>
  <time>2010-07-31T05:02:54Z</time>
</trkpt>
<trkpt lat="53.215595232" lon="48.583877580">
  <ele>76.962997</ele>
  <time>2010-07-31T05:02:55Z</time>
</trkpt>
<trkpt lat="53.215629598" lon="48.584259041">
  <ele>76.831001</ele>
  <time>2010-07-31T05:02:56Z</time>
</trkpt>
<trkpt lat="53.215667736" lon="48.584644357">
  <ele>76.570999</ele>
  <time>2010-07-31T05:02:57Z</time>
</trkpt>
<trkpt lat="53.215709645" lon="48.585033445">
  <ele>76.233002</ele>
  <time>2010-07-31T05:02:58Z</time>
</trkpt>
<trkpt lat="53.215751639" lon="48.585430160">
  <ele>75.998001</ele>
  <time>2010-07-31T05:02:59Z</time>
</trkpt>
<trkpt lat="53.215789776" lon="48.585826876">
  <ele>75.811996</ele>
  <time>2010-07-31T05:03:00Z</time>
</trkpt>
<trkpt lat="53.215827914" lon="48.586223591">
  <ele>75.749001</ele>
  <time>2010-07-31T05:03:01Z</time>
</trkpt>
<trkpt lat="53.215869907" lon="48.586616535">
  <ele>75.537003</ele>
  <time>2010-07-31T05:03:02Z</time>
</trkpt>
<trkpt lat="53.215911901" lon="48.587001767">
  <ele>75.139000</ele>
  <time>2010-07-31T05:03:03Z</time>
</trkpt>
<trkpt lat="53.215950038" lon="48.587383311">
  <ele>74.735001</ele>
  <time>2010-07-31T05:03:04Z</time>
</trkpt>
<trkpt lat="53.215988176" lon="48.587757144">
  <ele>74.425003</ele>
  <time>2010-07-31T05:03:05Z</time>
</trkpt>
<trkpt lat="53.216022458" lon="48.588130977">
  <ele>73.882004</ele>
  <time>2010-07-31T05:03:06Z</time>
</trkpt>
<trkpt lat="53.216052968" lon="48.588500954">
  <ele>73.406998</ele>
  <time>2010-07-31T05:03:07Z</time>
</trkpt>
<trkpt lat="53.216083562" lon="48.588863388">
  <ele>73.175003</ele>
  <time>2010-07-31T05:03:08Z</time>
</trkpt>
<trkpt lat="53.216110216" lon="48.589225737">
  <ele>72.919998</ele>
  <time>2010-07-31T05:03:09Z</time>
</trkpt>
<trkpt lat="53.216133099" lon="48.589584315">
  <ele>72.653999</ele>
  <time>2010-07-31T05:03:10Z</time>
</trkpt>
<trkpt lat="53.216155982" lon="48.589946749">
  <ele>72.307999</ele>
  <time>2010-07-31T05:03:11Z</time>
</trkpt>
<trkpt lat="53.216178864" lon="48.590309182">
  <ele>71.963997</ele>
  <time>2010-07-31T05:03:12Z</time>
</trkpt>
<trkpt lat="53.216197975" lon="48.590675388">
  <ele>71.477997</ele>
  <time>2010-07-31T05:03:13Z</time>
</trkpt>
<trkpt lat="53.216213230" lon="48.591037737">
  <ele>71.485001</ele>
  <time>2010-07-31T05:03:14Z</time>
</trkpt>
<trkpt lat="53.216224629" lon="48.591396315">
  <ele>71.282997</ele>
  <time>2010-07-31T05:03:15Z</time>
</trkpt>
<trkpt lat="53.216236113" lon="48.591751121">
  <ele>71.120003</ele>
  <time>2010-07-31T05:03:16Z</time>
</trkpt>
<trkpt lat="53.216247596" lon="48.592105843">
  <ele>70.805000</ele>
  <time>2010-07-31T05:03:17Z</time>
</trkpt>
<trkpt lat="53.216258995" lon="48.592460649">
  <ele>70.771004</ele>
  <time>2010-07-31T05:03:18Z</time>
</trkpt>
<trkpt lat="53.216270478" lon="48.592815371">
  <ele>70.442001</ele>
  <time>2010-07-31T05:03:19Z</time>
</trkpt>
<trkpt lat="53.216278106" lon="48.593162550">
  <ele>70.330002</ele>
  <time>2010-07-31T05:03:20Z</time>
</trkpt>
<trkpt lat="53.216285734" lon="48.593509644">
  <ele>70.051003</ele>
  <time>2010-07-31T05:03:21Z</time>
</trkpt>
<trkpt lat="53.216293361" lon="48.593845339">
  <ele>70.160004</ele>
  <time>2010-07-31T05:03:22Z</time>
</trkpt>
<trkpt lat="53.216297133" lon="48.594181035">
  <ele>69.980003</ele>
  <time>2010-07-31T05:03:23Z</time>
</trkpt>
<trkpt lat="53.216304760" lon="48.594512958">
  <ele>69.839996</ele>
  <time>2010-07-31T05:03:24Z</time>
</trkpt>
<trkpt lat="53.216308616" lon="48.594837170">
  <ele>69.568001</ele>
  <time>2010-07-31T05:03:25Z</time>
</trkpt>
<trkpt lat="53.216312388" lon="48.595161466">
  <ele>69.361000</ele>
  <time>2010-07-31T05:03:26Z</time>
</trkpt>
<trkpt lat="53.216312388" lon="48.595478050">
  <ele>69.132004</ele>
  <time>2010-07-31T05:03:27Z</time>
</trkpt>
<trkpt lat="53.216316244" lon="48.595790863">
  <ele>68.678001</ele>
  <time>2010-07-31T05:03:28Z</time>
</trkpt>
<trkpt lat="53.216316244" lon="48.596107448">
  <ele>68.341003</ele>
  <time>2010-07-31T05:03:29Z</time>
</trkpt>
<trkpt lat="53.216316244" lon="48.596424116">
  <ele>67.865997</ele>
  <time>2010-07-31T05:03:30Z</time>
</trkpt>
<trkpt lat="53.216316244" lon="48.596744556">
  <ele>67.319000</ele>
  <time>2010-07-31T05:03:31Z</time>
</trkpt>
<trkpt lat="53.216316244" lon="48.597057369">
  <ele>66.973999</ele>
  <time>2010-07-31T05:03:32Z</time>
</trkpt>
<trkpt lat="53.216316244" lon="48.597377809">
  <ele>66.608002</ele>
  <time>2010-07-31T05:03:33Z</time>
</trkpt>
<trkpt lat="53.216308616" lon="48.597698249">
  <ele>66.425003</ele>
  <time>2010-07-31T05:03:34Z</time>
</trkpt>
<trkpt lat="53.216308616" lon="48.598022461">
  <ele>66.209000</ele>
  <time>2010-07-31T05:03:35Z</time>
</trkpt>
<trkpt lat="53.216300989" lon="48.598346673">
  <ele>66.308998</ele>
  <time>2010-07-31T05:03:36Z</time>
</trkpt>
<trkpt lat="53.216297133" lon="48.598674741">
  <ele>66.473000</ele>
  <time>2010-07-31T05:03:37Z</time>
</trkpt>
<trkpt lat="53.216293361" lon="48.598995181">
  <ele>66.778000</ele>
  <time>2010-07-31T05:03:38Z</time>
</trkpt>
<trkpt lat="53.216289505" lon="48.599311849">
  <ele>67.024002</ele>
  <time>2010-07-31T05:03:39Z</time>
</trkpt>
<trkpt lat="53.216281878" lon="48.599624662">
  <ele>67.390999</ele>
  <time>2010-07-31T05:03:40Z</time>
</trkpt>
<trkpt lat="53.216278106" lon="48.599937474">
  <ele>67.834999</ele>
  <time>2010-07-31T05:03:41Z</time>
</trkpt>
<trkpt lat="53.216274250" lon="48.600250203">
  <ele>68.211998</ele>
  <time>2010-07-31T05:03:42Z</time>
</trkpt>
<trkpt lat="53.216266623" lon="48.600566871">
  <ele>68.619003</ele>
  <time>2010-07-31T05:03:43Z</time>
</trkpt>
<trkpt lat="53.216266623" lon="48.600891083">
  <ele>69.254997</ele>
  <time>2010-07-31T05:03:44Z</time>
</trkpt>
<trkpt lat="53.216262851" lon="48.601211524">
  <ele>69.920998</ele>
  <time>2010-07-31T05:03:45Z</time>
</trkpt>
<trkpt lat="53.216255223" lon="48.601539591">
  <ele>70.691002</ele>
  <time>2010-07-31T05:03:46Z</time>
</trkpt>
<trkpt lat="53.216251368" lon="48.601860031">
  <ele>71.804001</ele>
  <time>2010-07-31T05:03:47Z</time>
</trkpt>
<trkpt lat="53.216247596" lon="48.602180472">
  <ele>72.417000</ele>
  <time>2010-07-31T05:03:48Z</time>
</trkpt>
<trkpt lat="53.216247596" lon="48.602493284">
  <ele>73.003998</ele>
  <time>2010-07-31T05:03:49Z</time>
</trkpt>
<trkpt lat="53.216243740" lon="48.602809869">
  <ele>73.661003</ele>
  <time>2010-07-31T05:03:50Z</time>
</trkpt>
<trkpt lat="53.216239968" lon="48.603126537">
  <ele>74.140999</ele>
  <time>2010-07-31T05:03:51Z</time>
</trkpt>
<trkpt lat="53.216232341" lon="48.603435494">
  <ele>74.875999</ele>
  <time>2010-07-31T05:03:52Z</time>
</trkpt>
<trkpt lat="53.216232341" lon="48.603748307">
  <ele>75.765999</ele>
  <time>2010-07-31T05:03:53Z</time>
</trkpt>
<trkpt lat="53.216228485" lon="48.604053492">
  <ele>76.575996</ele>
  <time>2010-07-31T05:03:54Z</time>
</trkpt>
<trkpt lat="53.216228485" lon="48.604358677">
  <ele>77.600998</ele>
  <time>2010-07-31T05:03:55Z</time>
</trkpt>
<trkpt lat="53.216224629" lon="48.604663862">
  <ele>78.369003</ele>
  <time>2010-07-31T05:03:56Z</time>
</trkpt>
<trkpt lat="53.216217002" lon="48.604965191">
  <ele>79.431999</ele>
  <time>2010-07-31T05:03:57Z</time>
</trkpt>
<trkpt lat="53.216213230" lon="48.605266605">
  <ele>80.263000</ele>
  <time>2010-07-31T05:03:58Z</time>
</trkpt>
<trkpt lat="53.216213230" lon="48.605567934">
  <ele>81.030998</ele>
  <time>2010-07-31T05:03:59Z</time>
</trkpt>
<trkpt lat="53.216209374" lon="48.605865492">
  <ele>81.762001</ele>
  <time>2010-07-31T05:04:00Z</time>
</trkpt>
<trkpt lat="53.216209374" lon="48.606155422">
  <ele>82.615997</ele>
  <time>2010-07-31T05:04:01Z</time>
</trkpt>
<trkpt lat="53.216205603" lon="48.606449123">
  <ele>83.135002</ele>
  <time>2010-07-31T05:04:02Z</time>
</trkpt>
<trkpt lat="53.216201747" lon="48.606746681">
  <ele>83.837997</ele>
  <time>2010-07-31T05:04:03Z</time>
</trkpt>
<trkpt lat="53.216194119" lon="48.607040383">
  <ele>84.533997</ele>
  <time>2010-07-31T05:04:04Z</time>
</trkpt>
<trkpt lat="53.216194119" lon="48.607341796">
  <ele>84.973999</ele>
  <time>2010-07-31T05:04:05Z</time>
</trkpt>
<trkpt lat="53.216190347" lon="48.607635498">
  <ele>85.668999</ele>
  <time>2010-07-31T05:04:06Z</time>
</trkpt>
<trkpt lat="53.216186492" lon="48.607933056">
  <ele>86.288002</ele>
  <time>2010-07-31T05:04:07Z</time>
</trkpt>
<trkpt lat="53.216186492" lon="48.608226757">
  <ele>86.787003</ele>
  <time>2010-07-31T05:04:08Z</time>
</trkpt>
<trkpt lat="53.216186492" lon="48.608516688">
  <ele>87.344002</ele>
  <time>2010-07-31T05:04:09Z</time>
</trkpt>
<trkpt lat="53.216182720" lon="48.608802762">
  <ele>87.744003</ele>
  <time>2010-07-31T05:04:10Z</time>
</trkpt>
<trkpt lat="53.216182720" lon="48.609088920">
  <ele>88.027000</ele>
  <time>2010-07-31T05:04:11Z</time>
</trkpt>
<trkpt lat="53.216178864" lon="48.609374994">
  <ele>88.444000</ele>
  <time>2010-07-31T05:04:12Z</time>
</trkpt>
<trkpt lat="53.216178864" lon="48.609664924">
  <ele>88.753998</ele>
  <time>2010-07-31T05:04:13Z</time>
</trkpt>
<trkpt lat="53.216178864" lon="48.609954854">
  <ele>89.077003</ele>
  <time>2010-07-31T05:04:14Z</time>
</trkpt>
<trkpt lat="53.216175092" lon="48.610248556">
  <ele>89.226997</ele>
  <time>2010-07-31T05:04:15Z</time>
</trkpt>
<trkpt lat="53.216175092" lon="48.610538486">
  <ele>89.598000</ele>
  <time>2010-07-31T05:04:16Z</time>
</trkpt>
<trkpt lat="53.216171237" lon="48.610832188">
  <ele>89.928001</ele>
  <time>2010-07-31T05:04:17Z</time>
</trkpt>
<trkpt lat="53.216167465" lon="48.611133602">
  <ele>90.115997</ele>
  <time>2010-07-31T05:04:18Z</time>
</trkpt>
<trkpt lat="53.216167465" lon="48.611438787">
  <ele>90.212997</ele>
  <time>2010-07-31T05:04:19Z</time>
</trkpt>
<trkpt lat="53.216167465" lon="48.611743888">
  <ele>90.375000</ele>
  <time>2010-07-31T05:04:20Z</time>
</trkpt>
<trkpt lat="53.216163609" lon="48.612056701">
  <ele>90.540001</ele>
  <time>2010-07-31T05:04:21Z</time>
</trkpt>
<trkpt lat="53.216163609" lon="48.612369513">
  <ele>90.589996</ele>
  <time>2010-07-31T05:04:22Z</time>
</trkpt>
<trkpt lat="53.216159837" lon="48.612686181">
  <ele>90.754997</ele>
  <time>2010-07-31T05:04:23Z</time>
</trkpt>
<trkpt lat="53.216159837" lon="48.613010393">
  <ele>90.872002</ele>
  <time>2010-07-31T05:04:24Z</time>
</trkpt>
<trkpt lat="53.216155982" lon="48.613338461">
  <ele>90.889000</ele>
  <time>2010-07-31T05:04:25Z</time>
</trkpt>
<trkpt lat="53.216148354" lon="48.613670385">
  <ele>90.898003</ele>
  <time>2010-07-31T05:04:26Z</time>
</trkpt>
<trkpt lat="53.216148354" lon="48.614002224">
  <ele>90.625999</ele>
  <time>2010-07-31T05:04:27Z</time>
</trkpt>
<trkpt lat="53.216140727" lon="48.614341775">
  <ele>90.615997</ele>
  <time>2010-07-31T05:04:28Z</time>
</trkpt>
<trkpt lat="53.216133099" lon="48.614685098">
  <ele>90.486000</ele>
  <time>2010-07-31T05:04:29Z</time>
</trkpt>
<trkpt lat="53.216121700" lon="48.615036048">
  <ele>90.571999</ele>
  <time>2010-07-31T05:04:30Z</time>
</trkpt>
<trkpt lat="53.216110216" lon="48.615394626">
  <ele>90.460999</ele>
  <time>2010-07-31T05:04:31Z</time>
</trkpt>
<trkpt lat="53.216098817" lon="48.615753204">
  <ele>90.238998</ele>
  <time>2010-07-31T05:04:32Z</time>
</trkpt>
<trkpt lat="53.216091190" lon="48.616111781">
  <ele>90.007004</ele>
  <time>2010-07-31T05:04:33Z</time>
</trkpt>
<trkpt lat="53.216079706" lon="48.616470359">
  <ele>89.778000</ele>
  <time>2010-07-31T05:04:34Z</time>
</trkpt>
<trkpt lat="53.216068307" lon="48.616825081">
  <ele>89.570999</ele>
  <time>2010-07-31T05:04:35Z</time>
</trkpt>
<trkpt lat="53.216056824" lon="48.617179887">
  <ele>89.307999</ele>
  <time>2010-07-31T05:04:36Z</time>
</trkpt>
<trkpt lat="53.216041569" lon="48.617538465">
  <ele>89.295998</ele>
  <time>2010-07-31T05:04:37Z</time>
</trkpt>
<trkpt lat="53.216030085" lon="48.617897043">
  <ele>89.008003</ele>
  <time>2010-07-31T05:04:38Z</time>
</trkpt>
<trkpt lat="53.216014830" lon="48.618251765">
  <ele>89.045998</ele>
  <time>2010-07-31T05:04:39Z</time>
</trkpt>
<trkpt lat="53.215995803" lon="48.618606571">
  <ele>89.273003</ele>
  <time>2010-07-31T05:04:40Z</time>
</trkpt>
<trkpt lat="53.215976693" lon="48.618953666">
  <ele>89.529999</ele>
  <time>2010-07-31T05:04:41Z</time>
</trkpt>
<trkpt lat="53.215957666" lon="48.619308472">
  <ele>89.767998</ele>
  <time>2010-07-31T05:04:42Z</time>
</trkpt>
<trkpt lat="53.215946183" lon="48.619659422">
  <ele>90.127998</ele>
  <time>2010-07-31T05:04:43Z</time>
</trkpt>
<trkpt lat="53.215942411" lon="48.620014228">
  <ele>90.594002</ele>
  <time>2010-07-31T05:04:44Z</time>
</trkpt>
<trkpt lat="53.215938555" lon="48.620372806">
  <ele>91.158997</ele>
  <time>2010-07-31T05:04:45Z</time>
</trkpt>
<trkpt lat="53.215938555" lon="48.620735155">
  <ele>91.662003</ele>
  <time>2010-07-31T05:04:46Z</time>
</trkpt>
<trkpt lat="53.215938555" lon="48.621101361">
  <ele>92.084999</ele>
  <time>2010-07-31T05:04:47Z</time>
</trkpt>
<trkpt lat="53.215938555" lon="48.621471422">
  <ele>92.401001</ele>
  <time>2010-07-31T05:04:48Z</time>
</trkpt>
<trkpt lat="53.215938555" lon="48.621837627">
  <ele>92.820999</ele>
  <time>2010-07-31T05:04:49Z</time>
</trkpt>
<trkpt lat="53.215938555" lon="48.622196205">
  <ele>93.084999</ele>
  <time>2010-07-31T05:04:50Z</time>
</trkpt>
<trkpt lat="53.215938555" lon="48.622550927">
  <ele>93.426003</ele>
  <time>2010-07-31T05:04:51Z</time>
</trkpt>
<trkpt lat="53.215938555" lon="48.622913361">
  <ele>93.695999</ele>
  <time>2010-07-31T05:04:52Z</time>
</trkpt>
<trkpt lat="53.215938555" lon="48.623275794">
  <ele>94.091003</ele>
  <time>2010-07-31T05:04:53Z</time>
</trkpt>
<trkpt lat="53.215938555" lon="48.623641999">
  <ele>94.459999</ele>
  <time>2010-07-31T05:04:54Z</time>
</trkpt>
<trkpt lat="53.215938555" lon="48.624000577">
  <ele>94.716003</ele>
  <time>2010-07-31T05:04:55Z</time>
</trkpt>
<trkpt lat="53.215938555" lon="48.624362927">
  <ele>94.996002</ele>
  <time>2010-07-31T05:04:56Z</time>
</trkpt>
<trkpt lat="53.215938555" lon="48.624725360">
  <ele>95.251999</ele>
  <time>2010-07-31T05:04:57Z</time>
</trkpt>
<trkpt lat="53.215942411" lon="48.625091566">
  <ele>95.397003</ele>
  <time>2010-07-31T05:04:58Z</time>
</trkpt>
<trkpt lat="53.215942411" lon="48.625461543">
  <ele>95.879997</ele>
  <time>2010-07-31T05:04:59Z</time>
</trkpt>
<trkpt lat="53.215942411" lon="48.625831604">
  <ele>96.160004</ele>
  <time>2010-07-31T05:05:00Z</time>
</trkpt>
<trkpt lat="53.215946183" lon="48.626194037">
  <ele>96.547997</ele>
  <time>2010-07-31T05:05:01Z</time>
</trkpt>
<trkpt lat="53.215946183" lon="48.626548760">
  <ele>96.888000</ele>
  <time>2010-07-31T05:05:02Z</time>
</trkpt>
<trkpt lat="53.215946183" lon="48.626895938">
  <ele>97.503998</ele>
  <time>2010-07-31T05:05:03Z</time>
</trkpt>
<trkpt lat="53.215946183" lon="48.627231633">
  <ele>97.862999</ele>
  <time>2010-07-31T05:05:04Z</time>
</trkpt>
<trkpt lat="53.215946183" lon="48.627563473">
  <ele>98.098999</ele>
  <time>2010-07-31T05:05:05Z</time>
</trkpt>
<trkpt lat="53.215942411" lon="48.627887685">
  <ele>98.371002</ele>
  <time>2010-07-31T05:05:06Z</time>
</trkpt>
<trkpt lat="53.215942411" lon="48.628208125">
  <ele>98.718002</ele>
  <time>2010-07-31T05:05:07Z</time>
</trkpt>
<trkpt lat="53.215946183" lon="48.628528565">
  <ele>98.801003</ele>
  <time>2010-07-31T05:05:08Z</time>
</trkpt>
<trkpt lat="53.215946183" lon="48.628856633">
  <ele>98.964996</ele>
  <time>2010-07-31T05:05:09Z</time>
</trkpt>
<trkpt lat="53.215950038" lon="48.629184701">
  <ele>98.986000</ele>
  <time>2010-07-31T05:05:10Z</time>
</trkpt>
<trkpt lat="53.215950038" lon="48.629512768">
  <ele>98.974998</ele>
  <time>2010-07-31T05:05:11Z</time>
</trkpt>
<trkpt lat="53.215957666" lon="48.629840836">
  <ele>98.918999</ele>
  <time>2010-07-31T05:05:12Z</time>
</trkpt>
<trkpt lat="53.215961438" lon="48.630168904">
  <ele>98.969002</ele>
  <time>2010-07-31T05:05:13Z</time>
</trkpt>
<trkpt lat="53.215961438" lon="48.630493199">
  <ele>98.959000</ele>
  <time>2010-07-31T05:05:14Z</time>
</trkpt>
<trkpt lat="53.215961438" lon="48.630817411">
  <ele>99.144997</ele>
  <time>2010-07-31T05:05:15Z</time>
</trkpt>
<trkpt lat="53.215961438" lon="48.631137852">
  <ele>99.222000</ele>
  <time>2010-07-31T05:05:16Z</time>
</trkpt>
<trkpt lat="53.215961438" lon="48.631458292">
  <ele>99.386002</ele>
  <time>2010-07-31T05:05:17Z</time>
</trkpt>
<trkpt lat="53.215961438" lon="48.631774876">
  <ele>99.289001</ele>
  <time>2010-07-31T05:05:18Z</time>
</trkpt>
<trkpt lat="53.215965293" lon="48.632095316">
  <ele>99.295998</ele>
  <time>2010-07-31T05:05:19Z</time>
</trkpt>
<trkpt lat="53.215965293" lon="48.632419612">
  <ele>99.245003</ele>
  <time>2010-07-31T05:05:20Z</time>
</trkpt>
<trkpt lat="53.215961438" lon="48.632740052">
  <ele>99.122002</ele>
  <time>2010-07-31T05:05:21Z</time>
</trkpt>
<trkpt lat="53.215961438" lon="48.633049009">
  <ele>99.315002</ele>
  <time>2010-07-31T05:05:22Z</time>
</trkpt>
<trkpt lat="53.215961438" lon="48.633354194">
  <ele>99.209999</ele>
  <time>2010-07-31T05:05:23Z</time>
</trkpt>
<trkpt lat="53.215965293" lon="48.633659380">
  <ele>98.959999</ele>
  <time>2010-07-31T05:05:24Z</time>
</trkpt>
<trkpt lat="53.215965293" lon="48.633956937">
  <ele>98.748001</ele>
  <time>2010-07-31T05:05:25Z</time>
</trkpt>
<trkpt lat="53.215965293" lon="48.634250639">
  <ele>98.461998</ele>
  <time>2010-07-31T05:05:26Z</time>
</trkpt>
<trkpt lat="53.215969065" lon="48.634540569">
  <ele>98.138000</ele>
  <time>2010-07-31T05:05:27Z</time>
</trkpt>
<trkpt lat="53.215969065" lon="48.634826643">
  <ele>97.997002</ele>
  <time>2010-07-31T05:05:28Z</time>
</trkpt>
<trkpt lat="53.215972921" lon="48.635116573">
  <ele>97.752998</ele>
  <time>2010-07-31T05:05:29Z</time>
</trkpt>
<trkpt lat="53.215976693" lon="48.635421759">
  <ele>97.084999</ele>
  <time>2010-07-31T05:05:30Z</time>
</trkpt>
<trkpt lat="53.215976693" lon="48.635734571">
  <ele>96.468002</ele>
  <time>2010-07-31T05:05:31Z</time>
</trkpt>
<trkpt lat="53.215980548" lon="48.636047384">
  <ele>95.938004</ele>
  <time>2010-07-31T05:05:32Z</time>
</trkpt>
<trkpt lat="53.215980548" lon="48.636363968">
  <ele>95.198997</ele>
  <time>2010-07-31T05:05:33Z</time>
</trkpt>
<trkpt lat="53.215980548" lon="48.636684408">
  <ele>94.577003</ele>
  <time>2010-07-31T05:05:34Z</time>
</trkpt>
<trkpt lat="53.215984320" lon="48.637012476">
  <ele>93.929001</ele>
  <time>2010-07-31T05:05:35Z</time>
</trkpt>
<trkpt lat="53.215984320" lon="48.637340544">
  <ele>93.427002</ele>
  <time>2010-07-31T05:05:36Z</time>
</trkpt>
<trkpt lat="53.215988176" lon="48.637664756">
  <ele>92.797997</ele>
  <time>2010-07-31T05:05:37Z</time>
</trkpt>
<trkpt lat="53.215988176" lon="48.637992823">
  <ele>92.101997</ele>
  <time>2010-07-31T05:05:38Z</time>
</trkpt>
<trkpt lat="53.215988176" lon="48.638317119">
  <ele>91.453003</ele>
  <time>2010-07-31T05:05:39Z</time>
</trkpt>
<trkpt lat="53.215988176" lon="48.638641331">
  <ele>90.769997</ele>
  <time>2010-07-31T05:05:40Z</time>
</trkpt>
<trkpt lat="53.215988176" lon="48.638961772">
  <ele>90.290001</ele>
  <time>2010-07-31T05:05:41Z</time>
</trkpt>
<trkpt lat="53.215991948" lon="48.639282212">
  <ele>89.771004</ele>
  <time>2010-07-31T05:05:42Z</time>
</trkpt>
<trkpt lat="53.215991948" lon="48.639598880">
  <ele>89.360001</ele>
  <time>2010-07-31T05:05:43Z</time>
</trkpt>
<trkpt lat="53.215991948" lon="48.639919320">
  <ele>89.156998</ele>
  <time>2010-07-31T05:05:44Z</time>
</trkpt>
<trkpt lat="53.215991948" lon="48.640243532">
  <ele>88.834000</ele>
  <time>2010-07-31T05:05:45Z</time>
</trkpt>
<trkpt lat="53.215991948" lon="48.640571600">
  <ele>88.533997</ele>
  <time>2010-07-31T05:05:46Z</time>
</trkpt>
<trkpt lat="53.215991948" lon="48.640895812">
  <ele>88.509003</ele>
  <time>2010-07-31T05:05:47Z</time>
</trkpt>
<trkpt lat="53.215991948" lon="48.641220108">
  <ele>88.399002</ele>
  <time>2010-07-31T05:05:48Z</time>
</trkpt>
<trkpt lat="53.215991948" lon="48.641544320">
  <ele>88.220001</ele>
  <time>2010-07-31T05:05:49Z</time>
</trkpt>
<trkpt lat="53.215995803" lon="48.641868616">
  <ele>88.021004</ele>
  <time>2010-07-31T05:05:50Z</time>
</trkpt>
<trkpt lat="53.215995803" lon="48.642208083">
  <ele>87.930000</ele>
  <time>2010-07-31T05:05:51Z</time>
</trkpt>
<trkpt lat="53.215995803" lon="48.642543778">
  <ele>87.865997</ele>
  <time>2010-07-31T05:05:52Z</time>
</trkpt>
<trkpt lat="53.215999575" lon="48.642883329">
  <ele>87.934998</ele>
  <time>2010-07-31T05:05:53Z</time>
</trkpt>
<trkpt lat="53.215999575" lon="48.643230423">
  <ele>87.761002</ele>
  <time>2010-07-31T05:05:54Z</time>
</trkpt>
<trkpt lat="53.215999575" lon="48.643592857">
  <ele>87.711998</ele>
  <time>2010-07-31T05:05:55Z</time>
</trkpt>
<trkpt lat="53.215999575" lon="48.643959062">
  <ele>87.835999</ele>
  <time>2010-07-31T05:05:56Z</time>
</trkpt>
<trkpt lat="53.215999575" lon="48.644321412">
  <ele>87.780998</ele>
  <time>2010-07-31T05:05:57Z</time>
</trkpt>
<trkpt lat="53.215999575" lon="48.644679990">
  <ele>87.726997</ele>
  <time>2010-07-31T05:05:58Z</time>
</trkpt>
<trkpt lat="53.215995803" lon="48.645023312">
  <ele>88.041000</ele>
  <time>2010-07-31T05:05:59Z</time>
</trkpt>
<trkpt lat="53.215999575" lon="48.645347608">
  <ele>88.021004</ele>
  <time>2010-07-31T05:06:00Z</time>
</trkpt>
<trkpt lat="53.215999575" lon="48.645645166">
  <ele>88.347000</ele>
  <time>2010-07-31T05:06:01Z</time>
</trkpt>
<trkpt lat="53.215999575" lon="48.645919841">
  <ele>88.140999</ele>
  <time>2010-07-31T05:06:02Z</time>
</trkpt>
<trkpt lat="53.216003431" lon="48.646171549">
  <ele>88.271004</ele>
  <time>2010-07-31T05:06:03Z</time>
</trkpt>
<trkpt lat="53.216003431" lon="48.646411858">
  <ele>88.172997</ele>
  <time>2010-07-31T05:06:04Z</time>
</trkpt>
<trkpt lat="53.216003431" lon="48.646648396">
  <ele>88.010002</ele>
  <time>2010-07-31T05:06:05Z</time>
</trkpt>
<trkpt lat="53.216003431" lon="48.646888705">
  <ele>87.964996</ele>
  <time>2010-07-31T05:06:06Z</time>
</trkpt>
<trkpt lat="53.216003431" lon="48.647140497">
  <ele>88.125999</ele>
  <time>2010-07-31T05:06:07Z</time>
</trkpt>
<trkpt lat="53.216003431" lon="48.647392290">
  <ele>88.318001</ele>
  <time>2010-07-31T05:06:08Z</time>
</trkpt>
<trkpt lat="53.216003431" lon="48.647640226">
  <ele>88.625999</ele>
  <time>2010-07-31T05:06:09Z</time>
</trkpt>
<trkpt lat="53.216003431" lon="48.647895791">
  <ele>88.757004</ele>
  <time>2010-07-31T05:06:10Z</time>
</trkpt>
<trkpt lat="53.216007203" lon="48.648151439">
  <ele>88.678001</ele>
  <time>2010-07-31T05:06:11Z</time>
</trkpt>
<trkpt lat="53.216007203" lon="48.648407003">
  <ele>88.802002</ele>
  <time>2010-07-31T05:06:12Z</time>
</trkpt>
<trkpt lat="53.216007203" lon="48.648654940">
  <ele>88.917999</ele>
  <time>2010-07-31T05:06:13Z</time>
</trkpt>
<trkpt lat="53.216007203" lon="48.648902876">
  <ele>89.071999</ele>
  <time>2010-07-31T05:06:14Z</time>
</trkpt>
<trkpt lat="53.216007203" lon="48.649154669">
  <ele>89.226997</ele>
  <time>2010-07-31T05:06:15Z</time>
</trkpt>
<trkpt lat="53.216011059" lon="48.649402605">
  <ele>89.431999</ele>
  <time>2010-07-31T05:06:16Z</time>
</trkpt>
<trkpt lat="53.216011059" lon="48.649658170">
  <ele>89.658997</ele>
  <time>2010-07-31T05:06:17Z</time>
</trkpt>
<trkpt lat="53.216011059" lon="48.649917590">
  <ele>89.740997</ele>
  <time>2010-07-31T05:06:18Z</time>
</trkpt>
<trkpt lat="53.216011059" lon="48.650180781">
  <ele>89.766998</ele>
  <time>2010-07-31T05:06:19Z</time>
</trkpt>
<trkpt lat="53.216014830" lon="48.650436429">
  <ele>90.054001</ele>
  <time>2010-07-31T05:06:20Z</time>
</trkpt>
<trkpt lat="53.216014830" lon="48.650691994">
  <ele>90.491997</ele>
  <time>2010-07-31T05:06:21Z</time>
</trkpt>
<trkpt lat="53.216014830" lon="48.650951413">
  <ele>90.762001</ele>
  <time>2010-07-31T05:06:22Z</time>
</trkpt>
<trkpt lat="53.216014830" lon="48.651210750">
  <ele>90.794998</ele>
  <time>2010-07-31T05:06:23Z</time>
</trkpt>
<trkpt lat="53.216014830" lon="48.651466398">
  <ele>90.882004</ele>
  <time>2010-07-31T05:06:24Z</time>
</trkpt>
<trkpt lat="53.216018686" lon="48.651718106">
  <ele>91.035004</ele>
  <time>2010-07-31T05:06:25Z</time>
</trkpt>
<trkpt lat="53.216018686" lon="48.651962271">
  <ele>91.092003</ele>
  <time>2010-07-31T05:06:26Z</time>
</trkpt>
<trkpt lat="53.216022458" lon="48.652210208">
  <ele>91.172997</ele>
  <time>2010-07-31T05:06:27Z</time>
</trkpt>
<trkpt lat="53.216022458" lon="48.652458228">
  <ele>91.273003</ele>
  <time>2010-07-31T05:06:28Z</time>
</trkpt>
<trkpt lat="53.216026314" lon="48.652709937">
  <ele>91.318001</ele>
  <time>2010-07-31T05:06:29Z</time>
</trkpt>
<trkpt lat="53.216026314" lon="48.652961729">
  <ele>91.549004</ele>
  <time>2010-07-31T05:06:30Z</time>
</trkpt>
<trkpt lat="53.216026314" lon="48.653213521">
  <ele>91.677002</ele>
  <time>2010-07-31T05:06:31Z</time>
</trkpt>
<trkpt lat="53.216026314" lon="48.653472941">
  <ele>91.832001</ele>
  <time>2010-07-31T05:06:32Z</time>
</trkpt>
<trkpt lat="53.216026314" lon="48.653736133">
  <ele>91.762001</ele>
  <time>2010-07-31T05:06:33Z</time>
</trkpt>
<trkpt lat="53.216030085" lon="48.653995553">
  <ele>91.956001</ele>
  <time>2010-07-31T05:06:34Z</time>
</trkpt>
<trkpt lat="53.216030085" lon="48.654262517">
  <ele>92.100998</ele>
  <time>2010-07-31T05:06:35Z</time>
</trkpt>
<trkpt lat="53.216030085" lon="48.654533420">
  <ele>92.447998</ele>
  <time>2010-07-31T05:06:36Z</time>
</trkpt>
<trkpt lat="53.216033941" lon="48.654800383">
  <ele>92.764000</ele>
  <time>2010-07-31T05:06:37Z</time>
</trkpt>
<trkpt lat="53.216033941" lon="48.655075058">
  <ele>93.031998</ele>
  <time>2010-07-31T05:06:38Z</time>
</trkpt>
<trkpt lat="53.216033941" lon="48.655349733">
  <ele>93.273003</ele>
  <time>2010-07-31T05:06:39Z</time>
</trkpt>
<trkpt lat="53.216033941" lon="48.655628180">
  <ele>93.546997</ele>
  <time>2010-07-31T05:06:40Z</time>
</trkpt>
<trkpt lat="53.216033941" lon="48.655902855">
  <ele>93.853996</ele>
  <time>2010-07-31T05:06:41Z</time>
</trkpt>
<trkpt lat="53.216037713" lon="48.656173674">
  <ele>94.066002</ele>
  <time>2010-07-31T05:06:42Z</time>
</trkpt>
<trkpt lat="53.216041569" lon="48.656444578">
  <ele>94.350998</ele>
  <time>2010-07-31T05:06:43Z</time>
</trkpt>
<trkpt lat="53.216041569" lon="48.656711541">
  <ele>94.781998</ele>
  <time>2010-07-31T05:06:44Z</time>
</trkpt>
<trkpt lat="53.216041569" lon="48.656978589">
  <ele>95.053001</ele>
  <time>2010-07-31T05:06:45Z</time>
</trkpt>
<trkpt lat="53.216041569" lon="48.657241780">
  <ele>95.139000</ele>
  <time>2010-07-31T05:06:46Z</time>
</trkpt>
<trkpt lat="53.216045341" lon="48.657501200">
  <ele>95.396004</ele>
  <time>2010-07-31T05:06:47Z</time>
</trkpt>
<trkpt lat="53.216045341" lon="48.657756764">
  <ele>95.387001</ele>
  <time>2010-07-31T05:06:48Z</time>
</trkpt>
<trkpt lat="53.216049196" lon="48.658004785">
  <ele>95.565002</ele>
  <time>2010-07-31T05:06:49Z</time>
</trkpt>
<trkpt lat="53.216049196" lon="48.658248866">
  <ele>95.598000</ele>
  <time>2010-07-31T05:06:50Z</time>
</trkpt>
<trkpt lat="53.216045341" lon="48.658485403">
  <ele>95.818001</ele>
  <time>2010-07-31T05:06:51Z</time>
</trkpt>
<trkpt lat="53.216049196" lon="48.658721941">
  <ele>96.036003</ele>
  <time>2010-07-31T05:06:52Z</time>
</trkpt>
<trkpt lat="53.216049196" lon="48.658958394">
  <ele>96.332001</ele>
  <time>2010-07-31T05:06:53Z</time>
</trkpt>
<trkpt lat="53.216049196" lon="48.659202559">
  <ele>96.606003</ele>
  <time>2010-07-31T05:06:54Z</time>
</trkpt>
<trkpt lat="53.216052968" lon="48.659454351">
  <ele>96.751999</ele>
  <time>2010-07-31T05:06:55Z</time>
</trkpt>
<trkpt lat="53.216052968" lon="48.659713771">
  <ele>96.836998</ele>
  <time>2010-07-31T05:06:56Z</time>
</trkpt>
<trkpt lat="53.216052968" lon="48.659973107">
  <ele>97.137001</ele>
  <time>2010-07-31T05:06:57Z</time>
</trkpt>
<trkpt lat="53.216052968" lon="48.660232527">
  <ele>97.507004</ele>
  <time>2010-07-31T05:06:58Z</time>
</trkpt>
<trkpt lat="53.216052968" lon="48.660495719">
  <ele>97.723999</ele>
  <time>2010-07-31T05:06:59Z</time>
</trkpt>
<trkpt lat="53.216052968" lon="48.660762766">
  <ele>98.042999</ele>
  <time>2010-07-31T05:07:00Z</time>
</trkpt>
<trkpt lat="53.216056824" lon="48.661033669">
  <ele>98.417000</ele>
  <time>2010-07-31T05:07:01Z</time>
</trkpt>
<trkpt lat="53.216056824" lon="48.661296861">
  <ele>98.800003</ele>
  <time>2010-07-31T05:07:02Z</time>
</trkpt>
<trkpt lat="53.216056824" lon="48.661560053">
  <ele>99.278999</ele>
  <time>2010-07-31T05:07:03Z</time>
</trkpt>
<trkpt lat="53.216056824" lon="48.661827100">
  <ele>99.702003</ele>
  <time>2010-07-31T05:07:04Z</time>
</trkpt>
<trkpt lat="53.216056824" lon="48.662097920">
  <ele>100.209999</ele>
  <time>2010-07-31T05:07:05Z</time>
</trkpt>
<trkpt lat="53.216056824" lon="48.662364967">
  <ele>100.536003</ele>
  <time>2010-07-31T05:07:06Z</time>
</trkpt>
<trkpt lat="53.216056824" lon="48.662628159">
  <ele>100.764999</ele>
  <time>2010-07-31T05:07:07Z</time>
</trkpt>
<trkpt lat="53.216056824" lon="48.662895206">
  <ele>101.148003</ele>
  <time>2010-07-31T05:07:08Z</time>
</trkpt>
<trkpt lat="53.216056824" lon="48.663166026">
  <ele>101.504997</ele>
  <time>2010-07-31T05:07:09Z</time>
</trkpt>
<trkpt lat="53.216060679" lon="48.663436929">
  <ele>101.849998</ele>
  <time>2010-07-31T05:07:10Z</time>
</trkpt>
<trkpt lat="53.216060679" lon="48.663692493">
  <ele>102.302002</ele>
  <time>2010-07-31T05:07:11Z</time>
</trkpt>
<trkpt lat="53.216060679" lon="48.663944285">
  <ele>102.728996</ele>
  <time>2010-07-31T05:07:12Z</time>
</trkpt>
<trkpt lat="53.216060679" lon="48.664192222">
  <ele>103.218002</ele>
  <time>2010-07-31T05:07:13Z</time>
</trkpt>
<trkpt lat="53.216064451" lon="48.664443931">
  <ele>103.806000</ele>
  <time>2010-07-31T05:07:14Z</time>
</trkpt>
<trkpt lat="53.216064451" lon="48.664691951">
  <ele>104.648003</ele>
  <time>2010-07-31T05:07:15Z</time>
</trkpt>
<trkpt lat="53.216064451" lon="48.664928405">
  <ele>105.269997</ele>
  <time>2010-07-31T05:07:16Z</time>
</trkpt>
<trkpt lat="53.216064451" lon="48.665164942">
  <ele>105.907997</ele>
  <time>2010-07-31T05:07:17Z</time>
</trkpt>
<trkpt lat="53.216068307" lon="48.665393852">
  <ele>106.500000</ele>
  <time>2010-07-31T05:07:18Z</time>
</trkpt>
<trkpt lat="53.216068307" lon="48.665618906">
  <ele>107.081001</ele>
  <time>2010-07-31T05:07:19Z</time>
</trkpt>
<trkpt lat="53.216072079" lon="48.665840188">
  <ele>107.489998</ele>
  <time>2010-07-31T05:07:20Z</time>
</trkpt>
<trkpt lat="53.216072079" lon="48.666057615">
  <ele>107.916000</ele>
  <time>2010-07-31T05:07:21Z</time>
</trkpt>
<trkpt lat="53.216075934" lon="48.666267414">
  <ele>108.356003</ele>
  <time>2010-07-31T05:07:22Z</time>
</trkpt>
<trkpt lat="53.216075934" lon="48.666473357">
  <ele>108.893997</ele>
  <time>2010-07-31T05:07:23Z</time>
</trkpt>
<trkpt lat="53.216079706" lon="48.666683156">
  <ele>109.399002</ele>
  <time>2010-07-31T05:07:24Z</time>
</trkpt>
<trkpt lat="53.216079706" lon="48.666893039">
  <ele>109.730003</ele>
  <time>2010-07-31T05:07:25Z</time>
</trkpt>
<trkpt lat="53.216083562" lon="48.667095210">
  <ele>110.120003</ele>
  <time>2010-07-31T05:07:26Z</time>
</trkpt>
<trkpt lat="53.216087334" lon="48.667297382">
  <ele>110.624001</ele>
  <time>2010-07-31T05:07:27Z</time>
</trkpt>
<trkpt lat="53.216094961" lon="48.667499553">
  <ele>110.954002</ele>
  <time>2010-07-31T05:07:28Z</time>
</trkpt>
<trkpt lat="53.216106445" lon="48.667701725">
  <ele>111.268997</ele>
  <time>2010-07-31T05:07:29Z</time>
</trkpt>
<trkpt lat="53.216117844" lon="48.667900125">
  <ele>111.579002</ele>
  <time>2010-07-31T05:07:30Z</time>
</trkpt>
<trkpt lat="53.216125472" lon="48.668090813">
  <ele>111.911003</ele>
  <time>2010-07-31T05:07:31Z</time>
</trkpt>
<trkpt lat="53.216133099" lon="48.668277729">
  <ele>112.304001</ele>
  <time>2010-07-31T05:07:32Z</time>
</trkpt>
<trkpt lat="53.216144582" lon="48.668460874">
  <ele>112.587997</ele>
  <time>2010-07-31T05:07:33Z</time>
</trkpt>
<trkpt lat="53.216148354" lon="48.668640163">
  <ele>113.125000</ele>
  <time>2010-07-31T05:07:34Z</time>
</trkpt>
<trkpt lat="53.216155982" lon="48.668823224">
  <ele>113.574997</ele>
  <time>2010-07-31T05:07:35Z</time>
</trkpt>
<trkpt lat="53.216159837" lon="48.669006368">
  <ele>114.209000</ele>
  <time>2010-07-31T05:07:36Z</time>
</trkpt>
<trkpt lat="53.216163609" lon="48.669197056">
  <ele>114.903999</ele>
  <time>2010-07-31T05:07:37Z</time>
</trkpt>
<trkpt lat="53.216167465" lon="48.669387829">
  <ele>115.623001</ele>
  <time>2010-07-31T05:07:38Z</time>
</trkpt>
<trkpt lat="53.216175092" lon="48.669567117">
  <ele>116.123001</ele>
  <time>2010-07-31T05:07:39Z</time>
</trkpt>
<trkpt lat="53.216178864" lon="48.669742551">
  <ele>116.862999</ele>
  <time>2010-07-31T05:07:40Z</time>
</trkpt>
<trkpt lat="53.216182720" lon="48.669914212">
  <ele>117.611000</ele>
  <time>2010-07-31T05:07:41Z</time>
</trkpt>
<trkpt lat="53.216186492" lon="48.670093501">
  <ele>118.203003</ele>
  <time>2010-07-31T05:07:42Z</time>
</trkpt>
<trkpt lat="53.216190347" lon="48.670280417">
  <ele>118.688004</ele>
  <time>2010-07-31T05:07:43Z</time>
</trkpt>
<trkpt lat="53.216190347" lon="48.670463562">
  <ele>119.279999</ele>
  <time>2010-07-31T05:07:44Z</time>
</trkpt>
<trkpt lat="53.216190347" lon="48.670639079">
  <ele>119.853996</ele>
  <time>2010-07-31T05:07:45Z</time>
</trkpt>
<trkpt lat="53.216194119" lon="48.670806885">
  <ele>120.296997</ele>
  <time>2010-07-31T05:07:46Z</time>
</trkpt>
<trkpt lat="53.216194119" lon="48.670970919">
  <ele>120.611000</ele>
  <time>2010-07-31T05:07:47Z</time>
</trkpt>
<trkpt lat="53.216197975" lon="48.671131097">
  <ele>121.059998</ele>
  <time>2010-07-31T05:07:48Z</time>
</trkpt>
<trkpt lat="53.216201747" lon="48.671295131">
  <ele>121.366997</ele>
  <time>2010-07-31T05:07:49Z</time>
</trkpt>
<trkpt lat="53.216201747" lon="48.671455393">
  <ele>121.727997</ele>
  <time>2010-07-31T05:07:50Z</time>
</trkpt>
<trkpt lat="53.216205603" lon="48.671615571">
  <ele>122.003998</ele>
  <time>2010-07-31T05:07:51Z</time>
</trkpt>
<trkpt lat="53.216205603" lon="48.671771977">
  <ele>122.263000</ele>
  <time>2010-07-31T05:07:52Z</time>
</trkpt>
<trkpt lat="53.216209374" lon="48.671928383">
  <ele>122.767998</ele>
  <time>2010-07-31T05:07:53Z</time>
</trkpt>
<trkpt lat="53.216209374" lon="48.672081018">
  <ele>123.223999</ele>
  <time>2010-07-31T05:07:54Z</time>
</trkpt>
<trkpt lat="53.216209374" lon="48.672237424">
  <ele>123.680000</ele>
  <time>2010-07-31T05:07:55Z</time>
</trkpt>
<trkpt lat="53.216213230" lon="48.672397602">
  <ele>123.925003</ele>
  <time>2010-07-31T05:07:56Z</time>
</trkpt>
<trkpt lat="53.216213230" lon="48.672550237">
  <ele>124.214996</ele>
  <time>2010-07-31T05:07:57Z</time>
</trkpt>
<trkpt lat="53.216213230" lon="48.672699016">
  <ele>124.858002</ele>
  <time>2010-07-31T05:07:58Z</time>
</trkpt>
<trkpt lat="53.216213230" lon="48.672851566">
  <ele>125.087997</ele>
  <time>2010-07-31T05:07:59Z</time>
</trkpt>
<trkpt lat="53.216213230" lon="48.673000345">
  <ele>125.540001</ele>
  <time>2010-07-31T05:08:00Z</time>
</trkpt>
<trkpt lat="53.216217002" lon="48.673149124">
  <ele>125.712997</ele>
  <time>2010-07-31T05:08:01Z</time>
</trkpt>
<trkpt lat="53.216217002" lon="48.673309302">
  <ele>126.105003</ele>
  <time>2010-07-31T05:08:02Z</time>
</trkpt>
<trkpt lat="53.216220858" lon="48.673477191">
  <ele>126.638000</ele>
  <time>2010-07-31T05:08:03Z</time>
</trkpt>
<trkpt lat="53.216220858" lon="48.673656480">
  <ele>127.251999</ele>
  <time>2010-07-31T05:08:04Z</time>
</trkpt>
<trkpt lat="53.216224629" lon="48.673843397">
  <ele>127.739998</ele>
  <time>2010-07-31T05:08:05Z</time>
</trkpt>
<trkpt lat="53.216224629" lon="48.674030313">
  <ele>128.184998</ele>
  <time>2010-07-31T05:08:06Z</time>
</trkpt>
<trkpt lat="53.216224629" lon="48.674213374">
  <ele>128.654999</ele>
  <time>2010-07-31T05:08:07Z</time>
</trkpt>
<trkpt lat="53.216228485" lon="48.674392663">
  <ele>128.891006</ele>
  <time>2010-07-31T05:08:08Z</time>
</trkpt>
<trkpt lat="53.216228485" lon="48.674564324">
  <ele>129.235992</ele>
  <time>2010-07-31T05:08:09Z</time>
</trkpt>
<trkpt lat="53.216232341" lon="48.674735986">
  <ele>129.477005</ele>
  <time>2010-07-31T05:08:10Z</time>
</trkpt>
<trkpt lat="53.216232341" lon="48.674911503">
  <ele>129.839996</ele>
  <time>2010-07-31T05:08:11Z</time>
</trkpt>
<trkpt lat="53.216236113" lon="48.675098419">
  <ele>130.343002</ele>
  <time>2010-07-31T05:08:12Z</time>
</trkpt>
<trkpt lat="53.216236113" lon="48.675285336">
  <ele>130.897003</ele>
  <time>2010-07-31T05:08:13Z</time>
</trkpt>
<trkpt lat="53.216236113" lon="48.675472252">
  <ele>131.494003</ele>
  <time>2010-07-31T05:08:14Z</time>
</trkpt>
<trkpt lat="53.216239968" lon="48.675655397">
  <ele>132.009003</ele>
  <time>2010-07-31T05:08:15Z</time>
</trkpt>
<trkpt lat="53.216243740" lon="48.675846085">
  <ele>132.309006</ele>
  <time>2010-07-31T05:08:16Z</time>
</trkpt>
<trkpt lat="53.216243740" lon="48.676025374">
  <ele>133.005005</ele>
  <time>2010-07-31T05:08:17Z</time>
</trkpt>
<trkpt lat="53.216243740" lon="48.676200891">
  <ele>133.490005</ele>
  <time>2010-07-31T05:08:18Z</time>
</trkpt>
<trkpt lat="53.216247596" lon="48.676376324">
  <ele>133.955002</ele>
  <time>2010-07-31T05:08:19Z</time>
</trkpt>
<trkpt lat="53.216247596" lon="48.676547986">
  <ele>134.417007</ele>
  <time>2010-07-31T05:08:20Z</time>
</trkpt>
<trkpt lat="53.216251368" lon="48.676708248">
  <ele>134.921005</ele>
  <time>2010-07-31T05:08:21Z</time>
</trkpt>
<trkpt lat="53.216251368" lon="48.676868426">
  <ele>135.496994</ele>
  <time>2010-07-31T05:08:22Z</time>
</trkpt>
<trkpt lat="53.216251368" lon="48.677024832">
  <ele>136.082001</ele>
  <time>2010-07-31T05:08:23Z</time>
</trkpt>
<trkpt lat="53.216251368" lon="48.677173611">
  <ele>136.507996</ele>
  <time>2010-07-31T05:08:24Z</time>
</trkpt>
<trkpt lat="53.216251368" lon="48.677326161">
  <ele>136.970993</ele>
  <time>2010-07-31T05:08:25Z</time>
</trkpt>
<trkpt lat="53.216255223" lon="48.677478796">
  <ele>137.524002</ele>
  <time>2010-07-31T05:08:26Z</time>
</trkpt>
<trkpt lat="53.216255223" lon="48.677635202">
  <ele>138.016998</ele>
  <time>2010-07-31T05:08:27Z</time>
</trkpt>
<trkpt lat="53.216255223" lon="48.677780125">
  <ele>138.472000</ele>
  <time>2010-07-31T05:08:28Z</time>
</trkpt>
<trkpt lat="53.216255223" lon="48.677932760">
  <ele>139.050003</ele>
  <time>2010-07-31T05:08:29Z</time>
</trkpt>
<trkpt lat="53.216255223" lon="48.678089166">
  <ele>139.470001</ele>
  <time>2010-07-31T05:08:30Z</time>
</trkpt>
<trkpt lat="53.216258995" lon="48.678241717">
  <ele>139.848007</ele>
  <time>2010-07-31T05:08:31Z</time>
</trkpt>
<trkpt lat="53.216258995" lon="48.678390495">
  <ele>140.307999</ele>
  <time>2010-07-31T05:08:32Z</time>
</trkpt>
<trkpt lat="53.216258995" lon="48.678543130">
  <ele>140.996994</ele>
  <time>2010-07-31T05:08:33Z</time>
</trkpt>
<trkpt lat="53.216258995" lon="48.678695681">
  <ele>141.427002</ele>
  <time>2010-07-31T05:08:34Z</time>
</trkpt>
<trkpt lat="53.216258995" lon="48.678848231">
  <ele>141.800995</ele>
  <time>2010-07-31T05:08:35Z</time>
</trkpt>
<trkpt lat="53.216258995" lon="48.678997010">
  <ele>142.067001</ele>
  <time>2010-07-31T05:08:36Z</time>
</trkpt>
<trkpt lat="53.216262851" lon="48.679138161">
  <ele>142.339996</ele>
  <time>2010-07-31T05:08:37Z</time>
</trkpt>
<trkpt lat="53.216266623" lon="48.679283168">
  <ele>142.746994</ele>
  <time>2010-07-31T05:08:38Z</time>
</trkpt>
<trkpt lat="53.216266623" lon="48.679424319">
  <ele>143.160004</ele>
  <time>2010-07-31T05:08:39Z</time>
</trkpt>
<trkpt lat="53.216266623" lon="48.679573098">
  <ele>143.576004</ele>
  <time>2010-07-31T05:08:40Z</time>
</trkpt>
<trkpt lat="53.216266623" lon="48.679721793">
  <ele>143.828995</ele>
  <time>2010-07-31T05:08:41Z</time>
</trkpt>
<trkpt lat="53.216270478" lon="48.679878199">
  <ele>144.220993</ele>
  <time>2010-07-31T05:08:42Z</time>
</trkpt>
<trkpt lat="53.216274250" lon="48.680030834">
  <ele>144.520004</ele>
  <time>2010-07-31T05:08:43Z</time>
</trkpt>
<trkpt lat="53.216274250" lon="48.680183385">
  <ele>144.774994</ele>
  <time>2010-07-31T05:08:44Z</time>
</trkpt>
<trkpt lat="53.216274250" lon="48.680336019">
  <ele>145.139008</ele>
  <time>2010-07-31T05:08:45Z</time>
</trkpt>
<trkpt lat="53.216274250" lon="48.680496197">
  <ele>145.378998</ele>
  <time>2010-07-31T05:08:46Z</time>
</trkpt>
<trkpt lat="53.216274250" lon="48.680664087">
  <ele>145.634003</ele>
  <time>2010-07-31T05:08:47Z</time>
</trkpt>
<trkpt lat="53.216274250" lon="48.680831892">
  <ele>146.039993</ele>
  <time>2010-07-31T05:08:48Z</time>
</trkpt>
<trkpt lat="53.216274250" lon="48.680992154">
  <ele>146.507004</ele>
  <time>2010-07-31T05:08:49Z</time>
</trkpt>
<trkpt lat="53.216278106" lon="48.681159960">
  <ele>146.727005</ele>
  <time>2010-07-31T05:08:50Z</time>
</trkpt>
<trkpt lat="53.216278106" lon="48.681331621">
  <ele>147.048996</ele>
  <time>2010-07-31T05:08:51Z</time>
</trkpt>
<trkpt lat="53.216281878" lon="48.681503283">
  <ele>147.307007</ele>
  <time>2010-07-31T05:08:52Z</time>
</trkpt>
<trkpt lat="53.216281878" lon="48.681682572">
  <ele>147.604996</ele>
  <time>2010-07-31T05:08:53Z</time>
</trkpt>
<trkpt lat="53.216281878" lon="48.681865716">
  <ele>147.811996</ele>
  <time>2010-07-31T05:08:54Z</time>
</trkpt>
<trkpt lat="53.216285734" lon="48.682041150">
  <ele>148.188995</ele>
  <time>2010-07-31T05:08:55Z</time>
</trkpt>
<trkpt lat="53.216285734" lon="48.682216667">
  <ele>148.514999</ele>
  <time>2010-07-31T05:08:56Z</time>
</trkpt>
<trkpt lat="53.216289505" lon="48.682395956">
  <ele>148.643005</ele>
  <time>2010-07-31T05:08:57Z</time>
</trkpt>
<trkpt lat="53.216289505" lon="48.682579016">
  <ele>148.876999</ele>
  <time>2010-07-31T05:08:58Z</time>
</trkpt>
<trkpt lat="53.216293361" lon="48.682773560">
  <ele>149.216003</ele>
  <time>2010-07-31T05:08:59Z</time>
</trkpt>
<trkpt lat="53.216293361" lon="48.682968104">
  <ele>149.514999</ele>
  <time>2010-07-31T05:09:00Z</time>
</trkpt>
<trkpt lat="53.216293361" lon="48.683158876">
  <ele>149.774994</ele>
  <time>2010-07-31T05:09:01Z</time>
</trkpt>
<trkpt lat="53.216297133" lon="48.683345793">
  <ele>149.972000</ele>
  <time>2010-07-31T05:09:02Z</time>
</trkpt>
<trkpt lat="53.216297133" lon="48.683525082">
  <ele>150.246002</ele>
  <time>2010-07-31T05:09:03Z</time>
</trkpt>
<trkpt lat="53.216300989" lon="48.683700599">
  <ele>150.317993</ele>
  <time>2010-07-31T05:09:04Z</time>
</trkpt>
<trkpt lat="53.216304760" lon="48.683872260">
  <ele>150.376007</ele>
  <time>2010-07-31T05:09:05Z</time>
</trkpt>
<trkpt lat="53.216308616" lon="48.684043922">
  <ele>150.472000</ele>
  <time>2010-07-31T05:09:06Z</time>
</trkpt>
<trkpt lat="53.216312388" lon="48.684219355">
  <ele>150.546005</ele>
  <time>2010-07-31T05:09:07Z</time>
</trkpt>
<trkpt lat="53.216316244" lon="48.684406271">
  <ele>150.634003</ele>
  <time>2010-07-31T05:09:08Z</time>
</trkpt>
<trkpt lat="53.216316244" lon="48.684593188">
  <ele>150.751007</ele>
  <time>2010-07-31T05:09:09Z</time>
</trkpt>
<trkpt lat="53.216316244" lon="48.684787732">
  <ele>150.871002</ele>
  <time>2010-07-31T05:09:10Z</time>
</trkpt>
<trkpt lat="53.216316244" lon="48.684982276">
  <ele>151.029007</ele>
  <time>2010-07-31T05:09:11Z</time>
</trkpt>
<trkpt lat="53.216316244" lon="48.685176820">
  <ele>151.098999</ele>
  <time>2010-07-31T05:09:12Z</time>
</trkpt>
<trkpt lat="53.216320015" lon="48.685371364">
  <ele>151.173004</ele>
  <time>2010-07-31T05:09:13Z</time>
</trkpt>
<trkpt lat="53.216320015" lon="48.685569763">
  <ele>151.257996</ele>
  <time>2010-07-31T05:09:14Z</time>
</trkpt>
<trkpt lat="53.216320015" lon="48.685771935">
  <ele>151.356995</ele>
  <time>2010-07-31T05:09:15Z</time>
</trkpt>
<trkpt lat="53.216320015" lon="48.685989361">
  <ele>151.649002</ele>
  <time>2010-07-31T05:09:16Z</time>
</trkpt>
<trkpt lat="53.216323871" lon="48.686206788">
  <ele>151.686996</ele>
  <time>2010-07-31T05:09:17Z</time>
</trkpt>
<trkpt lat="53.216327643" lon="48.686431926">
  <ele>151.748993</ele>
  <time>2010-07-31T05:09:18Z</time>
</trkpt>
<trkpt lat="53.216331499" lon="48.686668379">
  <ele>151.811005</ele>
  <time>2010-07-31T05:09:19Z</time>
</trkpt>
<trkpt lat="53.216339126" lon="48.686927799">
  <ele>151.845001</ele>
  <time>2010-07-31T05:09:20Z</time>
</trkpt>
<trkpt lat="53.216350526" lon="48.687194847">
  <ele>151.850998</ele>
  <time>2010-07-31T05:09:21Z</time>
</trkpt>
<trkpt lat="53.216358153" lon="48.687473293">
  <ele>151.834000</ele>
  <time>2010-07-31T05:09:22Z</time>
</trkpt>
<trkpt lat="53.216362009" lon="48.687763223">
  <ele>151.828003</ele>
  <time>2010-07-31T05:09:23Z</time>
</trkpt>
<trkpt lat="53.216362009" lon="48.688056925">
  <ele>151.925995</ele>
  <time>2010-07-31T05:09:24Z</time>
</trkpt>
<trkpt lat="53.216362009" lon="48.688354483">
  <ele>151.957993</ele>
  <time>2010-07-31T05:09:25Z</time>
</trkpt>
<trkpt lat="53.216358153" lon="48.688663524">
  <ele>152.167007</ele>
  <time>2010-07-31T05:09:26Z</time>
</trkpt>
<trkpt lat="53.216354381" lon="48.688976252">
  <ele>152.470993</ele>
  <time>2010-07-31T05:09:27Z</time>
</trkpt>
<trkpt lat="53.216350526" lon="48.689281438">
  <ele>152.785995</ele>
  <time>2010-07-31T05:09:28Z</time>
</trkpt>
<trkpt lat="53.216350526" lon="48.689575223">
  <ele>153.020996</ele>
  <time>2010-07-31T05:09:29Z</time>
</trkpt>
<trkpt lat="53.216354381" lon="48.689872781">
  <ele>153.274002</ele>
  <time>2010-07-31T05:09:30Z</time>
</trkpt>
<trkpt lat="53.216354381" lon="48.690170255">
  <ele>153.589996</ele>
  <time>2010-07-31T05:09:31Z</time>
</trkpt>
<trkpt lat="53.216354381" lon="48.690467812">
  <ele>153.884003</ele>
  <time>2010-07-31T05:09:32Z</time>
</trkpt>
<trkpt lat="53.216358153" lon="48.690772997">
  <ele>154.223007</ele>
  <time>2010-07-31T05:09:33Z</time>
</trkpt>
<trkpt lat="53.216358153" lon="48.691078182">
  <ele>154.697006</ele>
  <time>2010-07-31T05:09:34Z</time>
</trkpt>
<trkpt lat="53.216362009" lon="48.691394767">
  <ele>155.091995</ele>
  <time>2010-07-31T05:09:35Z</time>
</trkpt>
<trkpt lat="53.216365781" lon="48.691715207">
  <ele>155.610001</ele>
  <time>2010-07-31T05:09:36Z</time>
</trkpt>
<trkpt lat="53.216373408" lon="48.692039503">
  <ele>156.065994</ele>
  <time>2010-07-31T05:09:37Z</time>
</trkpt>
<trkpt lat="53.216384891" lon="48.692375198">
  <ele>156.330994</ele>
  <time>2010-07-31T05:09:38Z</time>
</trkpt>
<trkpt lat="53.216392519" lon="48.692710893">
  <ele>156.653000</ele>
  <time>2010-07-31T05:09:39Z</time>
</trkpt>
<trkpt lat="53.216411630" lon="48.693050360">
  <ele>157.091995</ele>
  <time>2010-07-31T05:09:40Z</time>
</trkpt>
<trkpt lat="53.216438284" lon="48.693401311">
  <ele>157.617996</ele>
  <time>2010-07-31T05:09:41Z</time>
</trkpt>
<trkpt lat="53.216468794" lon="48.693752261">
  <ele>158.084000</ele>
  <time>2010-07-31T05:09:42Z</time>
</trkpt>
<trkpt lat="53.216503160" lon="48.694110839">
  <ele>158.440994</ele>
  <time>2010-07-31T05:09:43Z</time>
</trkpt>
<trkpt lat="53.216541298" lon="48.694473272">
  <ele>158.869995</ele>
  <time>2010-07-31T05:09:44Z</time>
</trkpt>
<trkpt lat="53.216575664" lon="48.694843333">
  <ele>159.244995</ele>
  <time>2010-07-31T05:09:45Z</time>
</trkpt>
<trkpt lat="53.216613801" lon="48.695209539">
  <ele>159.656998</ele>
  <time>2010-07-31T05:09:46Z</time>
</trkpt>
<trkpt lat="53.216651939" lon="48.695583371">
  <ele>160.028000</ele>
  <time>2010-07-31T05:09:47Z</time>
</trkpt>
<trkpt lat="53.216690077" lon="48.695960976">
  <ele>160.427994</ele>
  <time>2010-07-31T05:09:48Z</time>
</trkpt>
<trkpt lat="53.216728214" lon="48.696342437">
  <ele>160.798996</ele>
  <time>2010-07-31T05:09:49Z</time>
</trkpt>
<trkpt lat="53.216770208" lon="48.696727753">
  <ele>161.199997</ele>
  <time>2010-07-31T05:09:50Z</time>
</trkpt>
<trkpt lat="53.216812117" lon="48.697116841">
  <ele>161.550995</ele>
  <time>2010-07-31T05:09:51Z</time>
</trkpt>
<trkpt lat="53.216850255" lon="48.697498301">
  <ele>161.822006</ele>
  <time>2010-07-31T05:09:52Z</time>
</trkpt>
<trkpt lat="53.216892248" lon="48.697887389">
  <ele>162.141006</ele>
  <time>2010-07-31T05:09:53Z</time>
</trkpt>
<trkpt lat="53.216930386" lon="48.698276561">
  <ele>162.531006</ele>
  <time>2010-07-31T05:09:54Z</time>
</trkpt>
<trkpt lat="53.216968523" lon="48.698661793">
  <ele>162.878998</ele>
  <time>2010-07-31T05:09:55Z</time>
</trkpt>
<trkpt lat="53.217006661" lon="48.699054737">
  <ele>163.371994</ele>
  <time>2010-07-31T05:09:56Z</time>
</trkpt>
<trkpt lat="53.217048654" lon="48.699443825">
  <ele>163.731995</ele>
  <time>2010-07-31T05:09:57Z</time>
</trkpt>
<trkpt lat="53.217090648" lon="48.699836768">
  <ele>164.112000</ele>
  <time>2010-07-31T05:09:58Z</time>
</trkpt>
<trkpt lat="53.217132557" lon="48.700225856">
  <ele>164.501007</ele>
  <time>2010-07-31T05:09:59Z</time>
</trkpt>
<trkpt lat="53.217170695" lon="48.700618716">
  <ele>164.830002</ele>
  <time>2010-07-31T05:10:00Z</time>
</trkpt>
<trkpt lat="53.217212688" lon="48.701015431">
  <ele>165.332001</ele>
  <time>2010-07-31T05:10:01Z</time>
</trkpt>
<trkpt lat="53.217258453" lon="48.701412231">
  <ele>165.794998</ele>
  <time>2010-07-31T05:10:02Z</time>
</trkpt>
<trkpt lat="53.217300447" lon="48.701812718">
  <ele>166.001999</ele>
  <time>2010-07-31T05:10:03Z</time>
</trkpt>
<trkpt lat="53.217342356" lon="48.702213289">
  <ele>166.401001</ele>
  <time>2010-07-31T05:10:04Z</time>
</trkpt>
<trkpt lat="53.217384350" lon="48.702621488">
  <ele>166.856003</ele>
  <time>2010-07-31T05:10:05Z</time>
</trkpt>
<trkpt lat="53.217430115" lon="48.703025831">
  <ele>167.125000</ele>
  <time>2010-07-31T05:10:06Z</time>
</trkpt>
<trkpt lat="53.217472108" lon="48.703430174">
  <ele>167.542007</ele>
  <time>2010-07-31T05:10:07Z</time>
</trkpt>
<trkpt lat="53.217514018" lon="48.703842144">
  <ele>168.037003</ele>
  <time>2010-07-31T05:10:08Z</time>
</trkpt>
<trkpt lat="53.217559783" lon="48.704257971">
  <ele>168.326004</ele>
  <time>2010-07-31T05:10:09Z</time>
</trkpt>
<trkpt lat="53.217601776" lon="48.704673797">
  <ele>168.427002</ele>
  <time>2010-07-31T05:10:10Z</time>
</trkpt>
<trkpt lat="53.217643769" lon="48.705085767">
  <ele>168.570007</ele>
  <time>2010-07-31T05:10:11Z</time>
</trkpt>
<trkpt lat="53.217685679" lon="48.705497738">
  <ele>168.869003</ele>
  <time>2010-07-31T05:10:12Z</time>
</trkpt>
<trkpt lat="53.217727672" lon="48.705909709">
  <ele>169.212997</ele>
  <time>2010-07-31T05:10:13Z</time>
</trkpt>
<trkpt lat="53.217769582" lon="48.706321679">
  <ele>169.587006</ele>
  <time>2010-07-31T05:10:14Z</time>
</trkpt>
<trkpt lat="53.217811575" lon="48.706737505">
  <ele>170.035995</ele>
  <time>2010-07-31T05:10:15Z</time>
</trkpt>
<trkpt lat="53.217857340" lon="48.707153331">
  <ele>170.464996</ele>
  <time>2010-07-31T05:10:16Z</time>
</trkpt>
<trkpt lat="53.217903106" lon="48.707576785">
  <ele>170.910004</ele>
  <time>2010-07-31T05:10:17Z</time>
</trkpt>
<trkpt lat="53.217945099" lon="48.707992528">
  <ele>171.072998</ele>
  <time>2010-07-31T05:10:18Z</time>
</trkpt>
<trkpt lat="53.217994720" lon="48.708404582">
  <ele>171.223007</ele>
  <time>2010-07-31T05:10:19Z</time>
</trkpt>
<trkpt lat="53.218036629" lon="48.708808925">
  <ele>171.464005</ele>
  <time>2010-07-31T05:10:20Z</time>
</trkpt>
<trkpt lat="53.218074767" lon="48.709201785">
  <ele>171.731003</ele>
  <time>2010-07-31T05:10:21Z</time>
</trkpt>
<trkpt lat="53.218116760" lon="48.709590873">
  <ele>171.953995</ele>
  <time>2010-07-31T05:10:22Z</time>
</trkpt>
<trkpt lat="53.218154898" lon="48.709972417">
  <ele>172.195999</ele>
  <time>2010-07-31T05:10:23Z</time>
</trkpt>
<trkpt lat="53.218189264" lon="48.710350022">
  <ele>172.192001</ele>
  <time>2010-07-31T05:10:24Z</time>
</trkpt>
<trkpt lat="53.218231173" lon="48.710716227">
  <ele>172.554993</ele>
  <time>2010-07-31T05:10:25Z</time>
</trkpt>
<trkpt lat="53.218269311" lon="48.711074805">
  <ele>172.737000</ele>
  <time>2010-07-31T05:10:26Z</time>
</trkpt>
<trkpt lat="53.218307532" lon="48.711425755">
  <ele>172.962997</ele>
  <time>2010-07-31T05:10:27Z</time>
</trkpt>
<trkpt lat="53.218345670" lon="48.711772934">
  <ele>173.214005</ele>
  <time>2010-07-31T05:10:28Z</time>
</trkpt>
<trkpt lat="53.218379952" lon="48.712104773">
  <ele>173.703003</ele>
  <time>2010-07-31T05:10:29Z</time>
</trkpt>
<trkpt lat="53.218418090" lon="48.712436697">
  <ele>173.917007</ele>
  <time>2010-07-31T05:10:30Z</time>
</trkpt>
<trkpt lat="53.218452455" lon="48.712760909">
  <ele>174.268997</ele>
  <time>2010-07-31T05:10:31Z</time>
</trkpt>
<trkpt lat="53.218486821" lon="48.713081349">
  <ele>174.324997</ele>
  <time>2010-07-31T05:10:32Z</time>
</trkpt>
<trkpt lat="53.218521103" lon="48.713394161">
  <ele>174.664001</ele>
  <time>2010-07-31T05:10:33Z</time>
</trkpt>
<trkpt lat="53.218555469" lon="48.713710746">
  <ele>174.781006</ele>
  <time>2010-07-31T05:10:34Z</time>
</trkpt>
<trkpt lat="53.218589751" lon="48.714023558">
  <ele>174.932007</ele>
  <time>2010-07-31T05:10:35Z</time>
</trkpt>
<trkpt lat="53.218624117" lon="48.714340227">
  <ele>175.072006</ele>
  <time>2010-07-31T05:10:36Z</time>
</trkpt>
<trkpt lat="53.218654627" lon="48.714649184">
  <ele>175.304993</ele>
  <time>2010-07-31T05:10:37Z</time>
</trkpt>
<trkpt lat="53.218688993" lon="48.714961996">
  <ele>175.457001</ele>
  <time>2010-07-31T05:10:38Z</time>
</trkpt>
<trkpt lat="53.218727130" lon="48.715282436">
  <ele>175.662003</ele>
  <time>2010-07-31T05:10:39Z</time>
</trkpt>
<trkpt lat="53.218765268" lon="48.715610504">
  <ele>175.731995</ele>
  <time>2010-07-31T05:10:40Z</time>
</trkpt>
<trkpt lat="53.218803406" lon="48.715946199">
  <ele>175.867004</ele>
  <time>2010-07-31T05:10:41Z</time>
</trkpt>
<trkpt lat="53.218837772" lon="48.716285666">
  <ele>175.789001</ele>
  <time>2010-07-31T05:10:42Z</time>
</trkpt>
<trkpt lat="53.218875909" lon="48.716625217">
  <ele>175.768997</ele>
  <time>2010-07-31T05:10:43Z</time>
</trkpt>
<trkpt lat="53.218910191" lon="48.716957057">
  <ele>175.994003</ele>
  <time>2010-07-31T05:10:44Z</time>
</trkpt>
<trkpt lat="53.218948329" lon="48.717288980">
  <ele>176.048004</ele>
  <time>2010-07-31T05:10:45Z</time>
</trkpt>
<trkpt lat="53.218982695" lon="48.717620820">
  <ele>175.964005</ele>
  <time>2010-07-31T05:10:46Z</time>
</trkpt>
<trkpt lat="53.219017060" lon="48.717956515">
  <ele>175.899994</ele>
  <time>2010-07-31T05:10:47Z</time>
</trkpt>
<trkpt lat="53.219055198" lon="48.718303693">
  <ele>175.722000</ele>
  <time>2010-07-31T05:10:48Z</time>
</trkpt>
<trkpt lat="53.219093336" lon="48.718654644">
  <ele>175.598999</ele>
  <time>2010-07-31T05:10:49Z</time>
</trkpt>
<trkpt lat="53.219135245" lon="48.719013222">
  <ele>175.623001</ele>
  <time>2010-07-31T05:10:50Z</time>
</trkpt>
<trkpt lat="53.219184866" lon="48.719383199">
  <ele>175.800995</ele>
  <time>2010-07-31T05:10:51Z</time>
</trkpt>
<trkpt lat="53.219238259" lon="48.719764743">
  <ele>175.792999</ele>
  <time>2010-07-31T05:10:52Z</time>
</trkpt>
<trkpt lat="53.219284024" lon="48.720149975">
  <ele>175.901993</ele>
  <time>2010-07-31T05:10:53Z</time>
</trkpt>
<trkpt lat="53.219329873" lon="48.720550546">
  <ele>175.712997</ele>
  <time>2010-07-31T05:10:54Z</time>
</trkpt>
<trkpt lat="53.219371783" lon="48.720954889">
  <ele>175.684998</ele>
  <time>2010-07-31T05:10:55Z</time>
</trkpt>
<trkpt lat="53.219417548" lon="48.721359232">
  <ele>175.733002</ele>
  <time>2010-07-31T05:10:56Z</time>
</trkpt>
<trkpt lat="53.219459541" lon="48.721775059">
  <ele>175.675995</ele>
  <time>2010-07-31T05:10:57Z</time>
</trkpt>
<trkpt lat="53.219497679" lon="48.722198512">
  <ele>175.322006</ele>
  <time>2010-07-31T05:10:58Z</time>
</trkpt>
<trkpt lat="53.219532045" lon="48.722625738">
  <ele>175.220993</ele>
  <time>2010-07-31T05:10:59Z</time>
</trkpt>
<trkpt lat="53.219570182" lon="48.723060591">
  <ele>175.026993</ele>
  <time>2010-07-31T05:11:00Z</time>
</trkpt>
<trkpt lat="53.219608320" lon="48.723499300">
  <ele>174.912003</ele>
  <time>2010-07-31T05:11:01Z</time>
</trkpt>
<trkpt lat="53.219654085" lon="48.723941781">
  <ele>174.778000</ele>
  <time>2010-07-31T05:11:02Z</time>
</trkpt>
<trkpt lat="53.219699850" lon="48.724388117">
  <ele>174.916000</ele>
  <time>2010-07-31T05:11:03Z</time>
</trkpt>
<trkpt lat="53.219741844" lon="48.724834453">
  <ele>175.087997</ele>
  <time>2010-07-31T05:11:04Z</time>
</trkpt>
<trkpt lat="53.219787609" lon="48.725284562">
  <ele>175.222000</ele>
  <time>2010-07-31T05:11:05Z</time>
</trkpt>
<trkpt lat="53.219837230" lon="48.725730898">
  <ele>175.503998</ele>
  <time>2010-07-31T05:11:06Z</time>
</trkpt>
<trkpt lat="53.219886767" lon="48.726177234">
  <ele>175.766006</ele>
  <time>2010-07-31T05:11:07Z</time>
</trkpt>
<trkpt lat="53.219932532" lon="48.726623571">
  <ele>176.065002</ele>
  <time>2010-07-31T05:11:08Z</time>
</trkpt>
<trkpt lat="53.219978297" lon="48.727077451">
  <ele>176.490005</ele>
  <time>2010-07-31T05:11:09Z</time>
</trkpt>
<trkpt lat="53.220024146" lon="48.727531414">
  <ele>176.718002</ele>
  <time>2010-07-31T05:11:10Z</time>
</trkpt>
<trkpt lat="53.220069911" lon="48.727981606">
  <ele>176.822998</ele>
  <time>2010-07-31T05:11:11Z</time>
</trkpt>
<trkpt lat="53.220119448" lon="48.728427859">
  <ele>176.910004</ele>
  <time>2010-07-31T05:11:12Z</time>
</trkpt>
<trkpt lat="53.220161442" lon="48.728878051">
  <ele>177.104996</ele>
  <time>2010-07-31T05:11:13Z</time>
</trkpt>
<trkpt lat="53.220211063" lon="48.729328159">
  <ele>177.242004</ele>
  <time>2010-07-31T05:11:14Z</time>
</trkpt>
<trkpt lat="53.220256828" lon="48.729774496">
  <ele>177.626007</ele>
  <time>2010-07-31T05:11:15Z</time>
</trkpt>
<trkpt lat="53.220302593" lon="48.730216976">
  <ele>177.817001</ele>
  <time>2010-07-31T05:11:16Z</time>
</trkpt>
<trkpt lat="53.220348358" lon="48.730659457">
  <ele>178.013000</ele>
  <time>2010-07-31T05:11:17Z</time>
</trkpt>
<trkpt lat="53.220397979" lon="48.731094394">
  <ele>178.158005</ele>
  <time>2010-07-31T05:11:18Z</time>
</trkpt>
<trkpt lat="53.220439889" lon="48.731525391">
  <ele>178.132996</ele>
  <time>2010-07-31T05:11:19Z</time>
</trkpt>
<trkpt lat="53.220485654" lon="48.731956473">
  <ele>178.029999</ele>
  <time>2010-07-31T05:11:20Z</time>
</trkpt>
<trkpt lat="53.220531503" lon="48.732383698">
  <ele>178.098007</ele>
  <time>2010-07-31T05:11:21Z</time>
</trkpt>
<trkpt lat="53.220573412" lon="48.732803380">
  <ele>177.817001</ele>
  <time>2010-07-31T05:11:22Z</time>
</trkpt>
<trkpt lat="53.220619177" lon="48.733222978">
  <ele>177.707993</ele>
  <time>2010-07-31T05:11:23Z</time>
</trkpt>
<trkpt lat="53.220661171" lon="48.733638804">
  <ele>177.600998</ele>
  <time>2010-07-31T05:11:24Z</time>
</trkpt>
<trkpt lat="53.220703164" lon="48.734058402">
  <ele>177.626999</ele>
  <time>2010-07-31T05:11:25Z</time>
</trkpt>
<trkpt lat="53.220745074" lon="48.734470373">
  <ele>177.444000</ele>
  <time>2010-07-31T05:11:26Z</time>
</trkpt>
<trkpt lat="53.220790839" lon="48.734889971">
  <ele>177.302994</ele>
  <time>2010-07-31T05:11:27Z</time>
</trkpt>
<trkpt lat="53.220832832" lon="48.735305797">
  <ele>177.134995</ele>
  <time>2010-07-31T05:11:28Z</time>
</trkpt>
<trkpt lat="53.220874825" lon="48.735717768">
  <ele>177.136002</ele>
  <time>2010-07-31T05:11:29Z</time>
</trkpt>
<trkpt lat="53.220916735" lon="48.736129738">
  <ele>177.000000</ele>
  <time>2010-07-31T05:11:30Z</time>
</trkpt>
<trkpt lat="53.220962500" lon="48.736541709">
  <ele>176.837997</ele>
  <time>2010-07-31T05:11:31Z</time>
</trkpt>
<trkpt lat="53.221004494" lon="48.736953763">
  <ele>176.694000</ele>
  <time>2010-07-31T05:11:32Z</time>
</trkpt>
<trkpt lat="53.221050259" lon="48.737369506">
  <ele>176.677002</ele>
  <time>2010-07-31T05:11:33Z</time>
</trkpt>
<trkpt lat="53.221096024" lon="48.737781560">
  <ele>176.459000</ele>
  <time>2010-07-31T05:11:34Z</time>
</trkpt>
<trkpt lat="53.221138017" lon="48.738193531">
  <ele>176.320999</ele>
  <time>2010-07-31T05:11:35Z</time>
</trkpt>
<trkpt lat="53.221179927" lon="48.738605501">
  <ele>176.089005</ele>
  <time>2010-07-31T05:11:36Z</time>
</trkpt>
<trkpt lat="53.221225776" lon="48.739017472">
  <ele>175.813004</ele>
  <time>2010-07-31T05:11:37Z</time>
</trkpt>
<trkpt lat="53.221271541" lon="48.739433298">
  <ele>175.386993</ele>
  <time>2010-07-31T05:11:38Z</time>
</trkpt>
<trkpt lat="53.221313450" lon="48.739845268">
  <ele>175.306000</ele>
  <time>2010-07-31T05:11:39Z</time>
</trkpt>
<trkpt lat="53.221359216" lon="48.740264867">
  <ele>175.136993</ele>
  <time>2010-07-31T05:11:40Z</time>
</trkpt>
<trkpt lat="53.221405065" lon="48.740680693">
  <ele>174.759995</ele>
  <time>2010-07-31T05:11:41Z</time>
</trkpt>
<trkpt lat="53.221446974" lon="48.741096519">
  <ele>174.557007</ele>
  <time>2010-07-31T05:11:42Z</time>
</trkpt>
<trkpt lat="53.221492739" lon="48.741512261">
  <ele>174.268997</ele>
  <time>2010-07-31T05:11:43Z</time>
</trkpt>
<trkpt lat="53.221538505" lon="48.741924316">
  <ele>173.970993</ele>
  <time>2010-07-31T05:11:44Z</time>
</trkpt>
<trkpt lat="53.221580498" lon="48.742340058">
  <ele>173.567993</ele>
  <time>2010-07-31T05:11:45Z</time>
</trkpt>
<trkpt lat="53.221626263" lon="48.742752112">
  <ele>173.332993</ele>
  <time>2010-07-31T05:11:46Z</time>
</trkpt>
<trkpt lat="53.221668256" lon="48.743160227">
  <ele>173.016006</ele>
  <time>2010-07-31T05:11:47Z</time>
</trkpt>
<trkpt lat="53.221714022" lon="48.743568426">
  <ele>172.695999</ele>
  <time>2010-07-31T05:11:48Z</time>
</trkpt>
<trkpt lat="53.221756015" lon="48.743972769">
  <ele>172.470993</ele>
  <time>2010-07-31T05:11:49Z</time>
</trkpt>
<trkpt lat="53.221797924" lon="48.744377112">
  <ele>172.300995</ele>
  <time>2010-07-31T05:11:50Z</time>
</trkpt>
<trkpt lat="53.221839918" lon="48.744781455">
  <ele>172.154007</ele>
  <time>2010-07-31T05:11:51Z</time>
</trkpt>
<trkpt lat="53.221881827" lon="48.745189654">
  <ele>172.182007</ele>
  <time>2010-07-31T05:11:52Z</time>
</trkpt>
<trkpt lat="53.221927676" lon="48.745593997">
  <ele>172.371002</ele>
  <time>2010-07-31T05:11:53Z</time>
</trkpt>
<trkpt lat="53.221969586" lon="48.746002195">
  <ele>172.554993</ele>
  <time>2010-07-31T05:11:54Z</time>
</trkpt>
<trkpt lat="53.222011579" lon="48.746414166">
  <ele>172.781006</ele>
  <time>2010-07-31T05:11:55Z</time>
</trkpt>
<trkpt lat="53.222049717" lon="48.746829992">
  <ele>173.048996</ele>
  <time>2010-07-31T05:11:56Z</time>
</trkpt>
<trkpt lat="53.222087855" lon="48.747245818">
  <ele>173.313995</ele>
  <time>2010-07-31T05:11:57Z</time>
</trkpt>
<trkpt lat="53.222118365" lon="48.747661561">
  <ele>173.647003</ele>
  <time>2010-07-31T05:11:58Z</time>
</trkpt>
<trkpt lat="53.222145103" lon="48.748077387">
  <ele>173.936005</ele>
  <time>2010-07-31T05:11:59Z</time>
</trkpt>
<trkpt lat="53.222152730" lon="48.748496985">
  <ele>174.257996</ele>
  <time>2010-07-31T05:12:00Z</time>
</trkpt>
<trkpt lat="53.222148875" lon="48.748916667">
  <ele>174.378006</ele>
  <time>2010-07-31T05:12:01Z</time>
</trkpt>
<trkpt lat="53.222125992" lon="48.749328637">
  <ele>174.585007</ele>
  <time>2010-07-31T05:12:02Z</time>
</trkpt>
<trkpt lat="53.222087855" lon="48.749744380">
  <ele>174.822998</ele>
  <time>2010-07-31T05:12:03Z</time>
</trkpt>
<trkpt lat="53.222034462" lon="48.750160206">
  <ele>175.218994</ele>
  <time>2010-07-31T05:12:04Z</time>
</trkpt>
<trkpt lat="53.221969586" lon="48.750568405">
  <ele>175.283997</ele>
  <time>2010-07-31T05:12:05Z</time>
</trkpt>
<trkpt lat="53.221889455" lon="48.750968892">
  <ele>175.378998</ele>
  <time>2010-07-31T05:12:06Z</time>
</trkpt>
<trkpt lat="53.221801780" lon="48.751365691">
  <ele>175.585999</ele>
  <time>2010-07-31T05:12:07Z</time>
</trkpt>
<trkpt lat="53.221702538" lon="48.751758551">
  <ele>175.882004</ele>
  <time>2010-07-31T05:12:08Z</time>
</trkpt>
<trkpt lat="53.221588125" lon="48.752143867">
  <ele>176.227997</ele>
  <time>2010-07-31T05:12:09Z</time>
</trkpt>
<trkpt lat="53.221462229" lon="48.752513845">
  <ele>176.809998</ele>
  <time>2010-07-31T05:12:10Z</time>
</trkpt>
<trkpt lat="53.221324934" lon="48.752868650">
  <ele>177.001007</ele>
  <time>2010-07-31T05:12:11Z</time>
</trkpt>
<trkpt lat="53.221187554" lon="48.753219601">
  <ele>177.259003</ele>
  <time>2010-07-31T05:12:12Z</time>
</trkpt>
<trkpt lat="53.221046487" lon="48.753570551">
  <ele>177.556000</ele>
  <time>2010-07-31T05:12:13Z</time>
</trkpt>
<trkpt lat="53.220901480" lon="48.753917729">
  <ele>177.671997</ele>
  <time>2010-07-31T05:12:14Z</time>
</trkpt>
<trkpt lat="53.220756557" lon="48.754257197">
  <ele>177.731995</ele>
  <time>2010-07-31T05:12:15Z</time>
</trkpt>
<trkpt lat="53.220615406" lon="48.754596747">
  <ele>177.757996</ele>
  <time>2010-07-31T05:12:16Z</time>
</trkpt>
<trkpt lat="53.220481882" lon="48.754932443">
  <ele>177.863998</ele>
  <time>2010-07-31T05:12:17Z</time>
</trkpt>
<trkpt lat="53.220344502" lon="48.755268138">
  <ele>177.891998</ele>
  <time>2010-07-31T05:12:18Z</time>
</trkpt>
<trkpt lat="53.220207207" lon="48.755599977">
  <ele>177.973999</ele>
  <time>2010-07-31T05:12:19Z</time>
</trkpt>
<trkpt lat="53.220073683" lon="48.755931817">
  <ele>177.865997</ele>
  <time>2010-07-31T05:12:20Z</time>
</trkpt>
<trkpt lat="53.219944015" lon="48.756256113">
  <ele>177.671997</ele>
  <time>2010-07-31T05:12:21Z</time>
</trkpt>
<trkpt lat="53.219814263" lon="48.756572697">
  <ele>177.703003</ele>
  <time>2010-07-31T05:12:22Z</time>
</trkpt>
<trkpt lat="53.219688451" lon="48.756881738">
  <ele>177.800003</ele>
  <time>2010-07-31T05:12:23Z</time>
</trkpt>
<trkpt lat="53.219562555" lon="48.757198323">
  <ele>177.778000</ele>
  <time>2010-07-31T05:12:24Z</time>
</trkpt>
<trkpt lat="53.219436659" lon="48.757511135">
  <ele>177.600006</ele>
  <time>2010-07-31T05:12:25Z</time>
</trkpt>
<trkpt lat="53.219314534" lon="48.757820092">
  <ele>177.675003</ele>
  <time>2010-07-31T05:12:26Z</time>
</trkpt>
<trkpt lat="53.219184866" lon="48.758125277">
  <ele>177.806000</ele>
  <time>2010-07-31T05:12:27Z</time>
</trkpt>
<trkpt lat="53.219055198" lon="48.758438090">
  <ele>177.746002</ele>
  <time>2010-07-31T05:12:28Z</time>
</trkpt>
<trkpt lat="53.218925446" lon="48.758754758">
  <ele>177.658997</ele>
  <time>2010-07-31T05:12:29Z</time>
</trkpt>
<trkpt lat="53.218795778" lon="48.759078970">
  <ele>177.552002</ele>
  <time>2010-07-31T05:12:30Z</time>
</trkpt>
<trkpt lat="53.218662255" lon="48.759407038">
  <ele>177.533005</ele>
  <time>2010-07-31T05:12:31Z</time>
</trkpt>
<trkpt lat="53.218524959" lon="48.759738961">
  <ele>177.589005</ele>
  <time>2010-07-31T05:12:32Z</time>
</trkpt>
<trkpt lat="53.218395207" lon="48.760074656">
  <ele>177.761993</ele>
  <time>2010-07-31T05:12:33Z</time>
</trkpt>
<trkpt lat="53.218261683" lon="48.760406496">
  <ele>177.904007</ele>
  <time>2010-07-31T05:12:34Z</time>
</trkpt>
<trkpt lat="53.218128243" lon="48.760726936">
  <ele>178.110992</ele>
  <time>2010-07-31T05:12:35Z</time>
</trkpt>
<trkpt lat="53.218006119" lon="48.761032121">
  <ele>178.285004</ele>
  <time>2010-07-31T05:12:36Z</time>
</trkpt>
<trkpt lat="53.217887850" lon="48.761318196">
  <ele>178.694000</ele>
  <time>2010-07-31T05:12:37Z</time>
</trkpt>
<trkpt lat="53.217773438" lon="48.761589015">
  <ele>178.834000</ele>
  <time>2010-07-31T05:12:38Z</time>
</trkpt>
<trkpt lat="53.217670424" lon="48.761837035">
  <ele>179.065994</ele>
  <time>2010-07-31T05:12:39Z</time>
</trkpt>
<trkpt lat="53.217571266" lon="48.762073489">
  <ele>178.839005</ele>
  <time>2010-07-31T05:12:40Z</time>
</trkpt>
<trkpt lat="53.217472108" lon="48.762310026">
  <ele>178.899994</ele>
  <time>2010-07-31T05:12:41Z</time>
</trkpt>
<trkpt lat="53.217372866" lon="48.762550335">
  <ele>179.162994</ele>
  <time>2010-07-31T05:12:42Z</time>
</trkpt>
<trkpt lat="53.217269937" lon="48.762802128">
  <ele>178.895004</ele>
  <time>2010-07-31T05:12:43Z</time>
</trkpt>
<trkpt lat="53.217166923" lon="48.763069175">
  <ele>179.042999</ele>
  <time>2010-07-31T05:12:44Z</time>
</trkpt>
<trkpt lat="53.217067681" lon="48.763343850">
  <ele>178.891998</ele>
  <time>2010-07-31T05:12:45Z</time>
</trkpt>
<trkpt lat="53.216957124" lon="48.763633696">
  <ele>178.867996</ele>
  <time>2010-07-31T05:12:46Z</time>
</trkpt>
<trkpt lat="53.216842627" lon="48.763927482">
  <ele>178.940002</ele>
  <time>2010-07-31T05:12:47Z</time>
</trkpt>
<trkpt lat="53.216716731" lon="48.764225040">
  <ele>178.904007</ele>
  <time>2010-07-31T05:12:48Z</time>
</trkpt>
<trkpt lat="53.216587063" lon="48.764522513">
  <ele>178.979996</ele>
  <time>2010-07-31T05:12:49Z</time>
</trkpt>
<trkpt lat="53.216445912" lon="48.764823927">
  <ele>179.222000</ele>
  <time>2010-07-31T05:12:50Z</time>
</trkpt>
<trkpt lat="53.216304760" lon="48.765140511">
  <ele>179.294006</ele>
  <time>2010-07-31T05:12:51Z</time>
</trkpt>
<trkpt lat="53.216167465" lon="48.765472434">
  <ele>179.944000</ele>
  <time>2010-07-31T05:12:52Z</time>
</trkpt>
<trkpt lat="53.216030085" lon="48.765811902">
  <ele>180.347000</ele>
  <time>2010-07-31T05:12:53Z</time>
</trkpt>
<trkpt lat="53.215892790" lon="48.766155224">
  <ele>180.744995</ele>
  <time>2010-07-31T05:12:54Z</time>
</trkpt>
<trkpt lat="53.215751639" lon="48.766502403">
  <ele>181.016998</ele>
  <time>2010-07-31T05:12:55Z</time>
</trkpt>
<trkpt lat="53.215606716" lon="48.766853353">
  <ele>181.332001</ele>
  <time>2010-07-31T05:12:56Z</time>
</trkpt>
<trkpt lat="53.215461709" lon="48.767211931">
  <ele>181.436996</ele>
  <time>2010-07-31T05:12:57Z</time>
</trkpt>
<trkpt lat="53.215324413" lon="48.767574281">
  <ele>181.559998</ele>
  <time>2010-07-31T05:12:58Z</time>
</trkpt>
<trkpt lat="53.215179406" lon="48.767940486">
  <ele>181.393997</ele>
  <time>2010-07-31T05:12:59Z</time>
</trkpt>
<trkpt lat="53.215034483" lon="48.768302919">
  <ele>181.393997</ele>
  <time>2010-07-31T05:13:00Z</time>
</trkpt>
<trkpt lat="53.214885704" lon="48.768661497">
  <ele>181.339005</ele>
  <time>2010-07-31T05:13:01Z</time>
</trkpt>
<trkpt lat="53.214733154" lon="48.769031558">
  <ele>180.927994</ele>
  <time>2010-07-31T05:13:02Z</time>
</trkpt>
<trkpt lat="53.214584375" lon="48.769401535">
  <ele>180.503998</ele>
  <time>2010-07-31T05:13:03Z</time>
</trkpt>
<trkpt lat="53.214431740" lon="48.769775368">
  <ele>180.080994</ele>
  <time>2010-07-31T05:13:04Z</time>
</trkpt>
<trkpt lat="53.214275334" lon="48.770149201">
  <ele>179.764999</ele>
  <time>2010-07-31T05:13:05Z</time>
</trkpt>
<trkpt lat="53.214122783" lon="48.770526890">
  <ele>179.130997</ele>
  <time>2010-07-31T05:13:06Z</time>
</trkpt>
<trkpt lat="53.213966377" lon="48.770900723">
  <ele>178.632004</ele>
  <time>2010-07-31T05:13:07Z</time>
</trkpt>
<trkpt lat="53.213809971" lon="48.771278411">
  <ele>177.936005</ele>
  <time>2010-07-31T05:13:08Z</time>
</trkpt>
<trkpt lat="53.213653564" lon="48.771656016">
  <ele>177.371002</ele>
  <time>2010-07-31T05:13:09Z</time>
</trkpt>
<trkpt lat="53.213501014" lon="48.772041332">
  <ele>177.044006</ele>
  <time>2010-07-31T05:13:10Z</time>
</trkpt>
<trkpt lat="53.213348379" lon="48.772422792">
  <ele>176.332001</ele>
  <time>2010-07-31T05:13:11Z</time>
</trkpt>
<trkpt lat="53.213195829" lon="48.772800481">
  <ele>175.539001</ele>
  <time>2010-07-31T05:13:12Z</time>
</trkpt>
<trkpt lat="53.213047050" lon="48.773178086">
  <ele>174.660995</ele>
  <time>2010-07-31T05:13:13Z</time>
</trkpt>
<trkpt lat="53.212902043" lon="48.773551919">
  <ele>173.955994</ele>
  <time>2010-07-31T05:13:14Z</time>
</trkpt>
<trkpt lat="53.212753264" lon="48.773921980">
  <ele>173.442993</ele>
  <time>2010-07-31T05:13:15Z</time>
</trkpt>
<trkpt lat="53.212608341" lon="48.774288185">
  <ele>172.643005</ele>
  <time>2010-07-31T05:13:16Z</time>
</trkpt>
<trkpt lat="53.212463418" lon="48.774654390">
  <ele>171.875000</ele>
  <time>2010-07-31T05:13:17Z</time>
</trkpt>
<trkpt lat="53.212314639" lon="48.775016824">
  <ele>170.960007</ele>
  <time>2010-07-31T05:13:18Z</time>
</trkpt>
<trkpt lat="53.212169632" lon="48.775375402">
  <ele>170.171005</ele>
  <time>2010-07-31T05:13:19Z</time>
</trkpt>
<trkpt lat="53.212024709" lon="48.775733979">
  <ele>169.487000</ele>
  <time>2010-07-31T05:13:20Z</time>
</trkpt>
<trkpt lat="53.211883558" lon="48.776092557">
  <ele>168.751007</ele>
  <time>2010-07-31T05:13:21Z</time>
</trkpt>
<trkpt lat="53.211750034" lon="48.776454907">
  <ele>168.013000</ele>
  <time>2010-07-31T05:13:22Z</time>
</trkpt>
<trkpt lat="53.211616511" lon="48.776824968">
  <ele>167.466003</ele>
  <time>2010-07-31T05:13:23Z</time>
</trkpt>
<trkpt lat="53.211486842" lon="48.777194945">
  <ele>167.029007</ele>
  <time>2010-07-31T05:13:24Z</time>
</trkpt>
<trkpt lat="53.211364718" lon="48.777572634">
  <ele>166.516998</ele>
  <time>2010-07-31T05:13:25Z</time>
</trkpt>
<trkpt lat="53.211242678" lon="48.777954094">
  <ele>165.964005</ele>
  <time>2010-07-31T05:13:26Z</time>
</trkpt>
<trkpt lat="53.211128265" lon="48.778339410">
  <ele>165.421997</ele>
  <time>2010-07-31T05:13:27Z</time>
</trkpt>
<trkpt lat="53.211013768" lon="48.778728498">
  <ele>164.755005</ele>
  <time>2010-07-31T05:13:28Z</time>
</trkpt>
<trkpt lat="53.210903127" lon="48.779117586">
  <ele>164.354004</ele>
  <time>2010-07-31T05:13:29Z</time>
</trkpt>
<trkpt lat="53.210792569" lon="48.779514302">
  <ele>163.938995</ele>
  <time>2010-07-31T05:13:30Z</time>
</trkpt>
<trkpt lat="53.210685700" lon="48.779914873">
  <ele>163.475006</ele>
  <time>2010-07-31T05:13:31Z</time>
</trkpt>
<trkpt lat="53.210586542" lon="48.780315360">
  <ele>162.979004</ele>
  <time>2010-07-31T05:13:32Z</time>
</trkpt>
<trkpt lat="53.210483529" lon="48.780723559">
  <ele>162.434006</ele>
  <time>2010-07-31T05:13:33Z</time>
</trkpt>
<trkpt lat="53.210388143" lon="48.781127902">
  <ele>161.785004</ele>
  <time>2010-07-31T05:13:34Z</time>
</trkpt>
<trkpt lat="53.210296612" lon="48.781536100">
  <ele>161.128006</ele>
  <time>2010-07-31T05:13:35Z</time>
</trkpt>
<trkpt lat="53.210201226" lon="48.781944299">
  <ele>160.363007</ele>
  <time>2010-07-31T05:13:36Z</time>
</trkpt>
<trkpt lat="53.210109696" lon="48.782348642">
  <ele>159.718994</ele>
  <time>2010-07-31T05:13:37Z</time>
</trkpt>
<trkpt lat="53.210025793" lon="48.782756841">
  <ele>158.944000</ele>
  <time>2010-07-31T05:13:38Z</time>
</trkpt>
<trkpt lat="53.209945662" lon="48.783168811">
  <ele>158.257004</ele>
  <time>2010-07-31T05:13:39Z</time>
</trkpt>
<trkpt lat="53.209873158" lon="48.783584554">
  <ele>157.509995</ele>
  <time>2010-07-31T05:13:40Z</time>
</trkpt>
<trkpt lat="53.209808366" lon="48.784000380">
  <ele>156.701996</ele>
  <time>2010-07-31T05:13:41Z</time>
</trkpt>
<trkpt lat="53.209751118" lon="48.784419978">
  <ele>156.007996</ele>
  <time>2010-07-31T05:13:42Z</time>
</trkpt>
<trkpt lat="53.209693870" lon="48.784835804">
  <ele>155.223007</ele>
  <time>2010-07-31T05:13:43Z</time>
</trkpt>
<trkpt lat="53.209644333" lon="48.785251630">
  <ele>154.320999</ele>
  <time>2010-07-31T05:13:44Z</time>
</trkpt>
<trkpt lat="53.209598567" lon="48.785671229">
  <ele>153.563004</ele>
  <time>2010-07-31T05:13:45Z</time>
</trkpt>
<trkpt lat="53.209552802" lon="48.786087055">
  <ele>152.737000</ele>
  <time>2010-07-31T05:13:46Z</time>
</trkpt>
<trkpt lat="53.209510809" lon="48.786502797">
  <ele>151.733994</ele>
  <time>2010-07-31T05:13:47Z</time>
</trkpt>
<trkpt lat="53.209472671" lon="48.786918623">
  <ele>150.908005</ele>
  <time>2010-07-31T05:13:48Z</time>
</trkpt>
<trkpt lat="53.209438305" lon="48.787338221">
  <ele>150.033005</ele>
  <time>2010-07-31T05:13:49Z</time>
</trkpt>
<trkpt lat="53.209407795" lon="48.787757903">
  <ele>148.880005</ele>
  <time>2010-07-31T05:13:50Z</time>
</trkpt>
<trkpt lat="53.209377285" lon="48.788181273">
  <ele>147.869995</ele>
  <time>2010-07-31T05:13:51Z</time>
</trkpt>
<trkpt lat="53.209350547" lon="48.788608583">
  <ele>147.005005</ele>
  <time>2010-07-31T05:13:52Z</time>
</trkpt>
<trkpt lat="53.209323892" lon="48.789028181">
  <ele>145.973007</ele>
  <time>2010-07-31T05:13:53Z</time>
</trkpt>
<trkpt lat="53.209297154" lon="48.789451635">
  <ele>144.886993</ele>
  <time>2010-07-31T05:13:54Z</time>
</trkpt>
<trkpt lat="53.209274272" lon="48.789871233">
  <ele>143.746994</ele>
  <time>2010-07-31T05:13:55Z</time>
</trkpt>
<trkpt lat="53.209247617" lon="48.790294686">
  <ele>142.975998</ele>
  <time>2010-07-31T05:13:56Z</time>
</trkpt>
<trkpt lat="53.209220879" lon="48.790714284">
  <ele>142.179993</ele>
  <time>2010-07-31T05:13:57Z</time>
</trkpt>
<trkpt lat="53.209197996" lon="48.791130027">
  <ele>141.582993</ele>
  <time>2010-07-31T05:13:58Z</time>
</trkpt>
<trkpt lat="53.209175114" lon="48.791549709">
  <ele>140.904007</ele>
  <time>2010-07-31T05:13:59Z</time>
</trkpt>
<trkpt lat="53.209148375" lon="48.791961679">
  <ele>140.238007</ele>
  <time>2010-07-31T05:14:00Z</time>
</trkpt>
<trkpt lat="53.209125493" lon="48.792366022">
  <ele>139.470001</ele>
  <time>2010-07-31T05:14:01Z</time>
</trkpt>
<trkpt lat="53.209106466" lon="48.792766593">
  <ele>138.537994</ele>
  <time>2010-07-31T05:14:02Z</time>
</trkpt>
<trkpt lat="53.209083583" lon="48.793159453">
  <ele>137.807999</ele>
  <time>2010-07-31T05:14:03Z</time>
</trkpt>
<trkpt lat="53.209060701" lon="48.793552397">
  <ele>137.149994</ele>
  <time>2010-07-31T05:14:04Z</time>
</trkpt>
<trkpt lat="53.209037818" lon="48.793945340">
  <ele>136.468002</ele>
  <time>2010-07-31T05:14:05Z</time>
</trkpt>
<trkpt lat="53.209014852" lon="48.794345828">
  <ele>135.843002</ele>
  <time>2010-07-31T05:14:06Z</time>
</trkpt>
<trkpt lat="53.208995825" lon="48.794750255">
  <ele>135.343002</ele>
  <time>2010-07-31T05:14:07Z</time>
</trkpt>
<trkpt lat="53.208972942" lon="48.795158369">
  <ele>134.931000</ele>
  <time>2010-07-31T05:14:08Z</time>
</trkpt>
<trkpt lat="53.208950059" lon="48.795566568">
  <ele>134.604996</ele>
  <time>2010-07-31T05:14:09Z</time>
</trkpt>
<trkpt lat="53.208923321" lon="48.795970911">
  <ele>134.343994</ele>
  <time>2010-07-31T05:14:10Z</time>
</trkpt>
<trkpt lat="53.208904294" lon="48.796379110">
  <ele>133.848007</ele>
  <time>2010-07-31T05:14:11Z</time>
</trkpt>
<trkpt lat="53.208881412" lon="48.796791080">
  <ele>133.481003</ele>
  <time>2010-07-31T05:14:12Z</time>
</trkpt>
<trkpt lat="53.208858529" lon="48.797195423">
  <ele>133.108994</ele>
  <time>2010-07-31T05:14:13Z</time>
</trkpt>
<trkpt lat="53.208831791" lon="48.797603622">
  <ele>132.597000</ele>
  <time>2010-07-31T05:14:14Z</time>
</trkpt>
<trkpt lat="53.208808908" lon="48.798011821">
  <ele>132.216995</ele>
  <time>2010-07-31T05:14:15Z</time>
</trkpt>
<trkpt lat="53.208782170" lon="48.798423791">
  <ele>131.983994</ele>
  <time>2010-07-31T05:14:16Z</time>
</trkpt>
<trkpt lat="53.208759287" lon="48.798831906">
  <ele>131.580994</ele>
  <time>2010-07-31T05:14:17Z</time>
</trkpt>
<trkpt lat="53.208736405" lon="48.799240105">
  <ele>131.419006</ele>
  <time>2010-07-31T05:14:18Z</time>
</trkpt>
<trkpt lat="53.208713522" lon="48.799648304">
  <ele>131.324997</ele>
  <time>2010-07-31T05:14:19Z</time>
</trkpt>
<trkpt lat="53.208690640" lon="48.800056418">
  <ele>130.869995</ele>
  <time>2010-07-31T05:14:20Z</time>
</trkpt>
<trkpt lat="53.208667757" lon="48.800456990">
  <ele>130.878998</ele>
  <time>2010-07-31T05:14:21Z</time>
</trkpt>
<trkpt lat="53.208644874" lon="48.800861333">
  <ele>130.968994</ele>
  <time>2010-07-31T05:14:22Z</time>
</trkpt>
<trkpt lat="53.208618136" lon="48.801269531">
  <ele>130.996002</ele>
  <time>2010-07-31T05:14:23Z</time>
</trkpt>
<trkpt lat="53.208595254" lon="48.801681502">
  <ele>130.998993</ele>
  <time>2010-07-31T05:14:24Z</time>
</trkpt>
<trkpt lat="53.208568599" lon="48.802089700">
  <ele>131.147995</ele>
  <time>2010-07-31T05:14:25Z</time>
</trkpt>
<trkpt lat="53.208545716" lon="48.802501671">
  <ele>131.307007</ele>
  <time>2010-07-31T05:14:26Z</time>
</trkpt>
<trkpt lat="53.208522834" lon="48.802917497">
  <ele>131.542999</ele>
  <time>2010-07-31T05:14:27Z</time>
</trkpt>
<trkpt lat="53.208496096" lon="48.803329468">
  <ele>132.059006</ele>
  <time>2010-07-31T05:14:28Z</time>
</trkpt>
<trkpt lat="53.208473213" lon="48.803745294">
  <ele>132.117004</ele>
  <time>2010-07-31T05:14:29Z</time>
</trkpt>
<trkpt lat="53.208450330" lon="48.804157265">
  <ele>132.675995</ele>
  <time>2010-07-31T05:14:30Z</time>
</trkpt>
<trkpt lat="53.208431220" lon="48.804573091">
  <ele>133.074005</ele>
  <time>2010-07-31T05:14:31Z</time>
</trkpt>
<trkpt lat="53.208408337" lon="48.804985061">
  <ele>133.556000</ele>
  <time>2010-07-31T05:14:32Z</time>
</trkpt>
<trkpt lat="53.208381683" lon="48.805393260">
  <ele>134.143005</ele>
  <time>2010-07-31T05:14:33Z</time>
</trkpt>
<trkpt lat="53.208358800" lon="48.805797603">
  <ele>134.735001</ele>
  <time>2010-07-31T05:14:34Z</time>
</trkpt>
<trkpt lat="53.208335917" lon="48.806201946">
  <ele>135.225998</ele>
  <time>2010-07-31T05:14:35Z</time>
</trkpt>
<trkpt lat="53.208309179" lon="48.806598661">
  <ele>135.496002</ele>
  <time>2010-07-31T05:14:36Z</time>
</trkpt>
<trkpt lat="53.208286297" lon="48.806995377">
  <ele>135.985992</ele>
  <time>2010-07-31T05:14:37Z</time>
</trkpt>
<trkpt lat="53.208263414" lon="48.807388321">
  <ele>136.544998</ele>
  <time>2010-07-31T05:14:38Z</time>
</trkpt>
<trkpt lat="53.208236676" lon="48.807785036">
  <ele>137.112000</ele>
  <time>2010-07-31T05:14:39Z</time>
</trkpt>
<trkpt lat="53.208210021" lon="48.808177980">
  <ele>137.699005</ele>
  <time>2010-07-31T05:14:40Z</time>
</trkpt>
<trkpt lat="53.208190911" lon="48.808574695">
  <ele>138.380005</ele>
  <time>2010-07-31T05:14:41Z</time>
</trkpt>
<trkpt lat="53.208168028" lon="48.808967555">
  <ele>138.987000</ele>
  <time>2010-07-31T05:14:42Z</time>
</trkpt>
<trkpt lat="53.208145145" lon="48.809360499">
  <ele>139.865997</ele>
  <time>2010-07-31T05:14:43Z</time>
</trkpt>
<trkpt lat="53.208129890" lon="48.809749587">
  <ele>140.682007</ele>
  <time>2010-07-31T05:14:44Z</time>
</trkpt>
<trkpt lat="53.208114635" lon="48.810131047">
  <ele>141.494003</ele>
  <time>2010-07-31T05:14:45Z</time>
</trkpt>
<trkpt lat="53.208107008" lon="48.810504880">
  <ele>143.145996</ele>
  <time>2010-07-31T05:14:46Z</time>
</trkpt>
<trkpt lat="53.208099380" lon="48.810886424">
  <ele>144.011993</ele>
  <time>2010-07-31T05:14:47Z</time>
</trkpt>
<trkpt lat="53.208099380" lon="48.811264029">
  <ele>145.014999</ele>
  <time>2010-07-31T05:14:48Z</time>
</trkpt>
<trkpt lat="53.208099380" lon="48.811641717">
  <ele>145.785995</ele>
  <time>2010-07-31T05:14:49Z</time>
</trkpt>
<trkpt lat="53.208099380" lon="48.812015550">
  <ele>146.834000</ele>
  <time>2010-07-31T05:14:50Z</time>
</trkpt>
<trkpt lat="53.208103152" lon="48.812389383">
  <ele>148.001007</ele>
  <time>2010-07-31T05:14:51Z</time>
</trkpt>
<trkpt lat="53.208114635" lon="48.812763216">
  <ele>148.977997</ele>
  <time>2010-07-31T05:14:52Z</time>
</trkpt>
<trkpt lat="53.208122263" lon="48.813140905">
  <ele>149.774002</ele>
  <time>2010-07-31T05:14:53Z</time>
</trkpt>
<trkpt lat="53.208137518" lon="48.813514737">
  <ele>150.735992</ele>
  <time>2010-07-31T05:14:54Z</time>
</trkpt>
<trkpt lat="53.208148917" lon="48.813888570">
  <ele>151.522003</ele>
  <time>2010-07-31T05:14:55Z</time>
</trkpt>
<trkpt lat="53.208164256" lon="48.814262403">
  <ele>152.376007</ele>
  <time>2010-07-31T05:14:56Z</time>
</trkpt>
<trkpt lat="53.208183283" lon="48.814636236">
  <ele>153.335999</ele>
  <time>2010-07-31T05:14:57Z</time>
</trkpt>
<trkpt lat="53.208202394" lon="48.815010069">
  <ele>154.345001</ele>
  <time>2010-07-31T05:14:58Z</time>
</trkpt>
<trkpt lat="53.208229048" lon="48.815383902">
  <ele>155.067993</ele>
  <time>2010-07-31T05:14:59Z</time>
</trkpt>
<trkpt lat="53.208259558" lon="48.815757735">
  <ele>155.776001</ele>
  <time>2010-07-31T05:15:00Z</time>
</trkpt>
<trkpt lat="53.208297696" lon="48.816131568">
  <ele>156.546997</ele>
  <time>2010-07-31T05:15:01Z</time>
</trkpt>
<trkpt lat="53.208335917" lon="48.816513028">
  <ele>157.220001</ele>
  <time>2010-07-31T05:15:02Z</time>
</trkpt>
<trkpt lat="53.208377827" lon="48.816890717">
  <ele>158.311996</ele>
  <time>2010-07-31T05:15:03Z</time>
</trkpt>
<trkpt lat="53.208419820" lon="48.817264549">
  <ele>159.005005</ele>
  <time>2010-07-31T05:15:04Z</time>
</trkpt>
<trkpt lat="53.208465585" lon="48.817630755">
  <ele>159.759003</ele>
  <time>2010-07-31T05:15:05Z</time>
</trkpt>
<trkpt lat="53.208515206" lon="48.817989333">
  <ele>160.572998</ele>
  <time>2010-07-31T05:15:06Z</time>
</trkpt>
<trkpt lat="53.208564743" lon="48.818336511">
  <ele>161.112000</ele>
  <time>2010-07-31T05:15:07Z</time>
</trkpt>
<trkpt lat="53.208618136" lon="48.818675978">
  <ele>162.069000</ele>
  <time>2010-07-31T05:15:08Z</time>
</trkpt>
<trkpt lat="53.208679240" lon="48.819011673">
  <ele>162.641998</ele>
  <time>2010-07-31T05:15:09Z</time>
</trkpt>
<trkpt lat="53.208736405" lon="48.819351224">
  <ele>163.147003</ele>
  <time>2010-07-31T05:15:10Z</time>
</trkpt>
<trkpt lat="53.208789797" lon="48.819686919">
  <ele>163.485992</ele>
  <time>2010-07-31T05:15:11Z</time>
</trkpt>
<trkpt lat="53.208850902" lon="48.820026387">
  <ele>163.957993</ele>
  <time>2010-07-31T05:15:12Z</time>
</trkpt>
<trkpt lat="53.208911922" lon="48.820369709">
  <ele>164.541000</ele>
  <time>2010-07-31T05:15:13Z</time>
</trkpt>
<trkpt lat="53.208976714" lon="48.820713032">
  <ele>165.063004</ele>
  <time>2010-07-31T05:15:14Z</time>
</trkpt>
<trkpt lat="53.209041590" lon="48.821060210">
  <ele>165.490005</ele>
  <time>2010-07-31T05:15:15Z</time>
</trkpt>
<trkpt lat="53.209106466" lon="48.821407305">
  <ele>166.220001</ele>
  <time>2010-07-31T05:15:16Z</time>
</trkpt>
<trkpt lat="53.209178885" lon="48.821750628">
  <ele>166.811005</ele>
  <time>2010-07-31T05:15:17Z</time>
</trkpt>
<trkpt lat="53.209251389" lon="48.822086323">
  <ele>167.563995</ele>
  <time>2010-07-31T05:15:18Z</time>
</trkpt>
<trkpt lat="53.209323892" lon="48.822418246">
  <ele>168.201004</ele>
  <time>2010-07-31T05:15:19Z</time>
</trkpt>
<trkpt lat="53.209400168" lon="48.822750086">
  <ele>168.867004</ele>
  <time>2010-07-31T05:15:20Z</time>
</trkpt>
<trkpt lat="53.209476443" lon="48.823066670">
  <ele>169.332993</ele>
  <time>2010-07-31T05:15:21Z</time>
</trkpt>
<trkpt lat="53.209556574" lon="48.823387111">
  <ele>169.822006</ele>
  <time>2010-07-31T05:15:22Z</time>
</trkpt>
<trkpt lat="53.209640477" lon="48.823703779">
  <ele>170.011993</ele>
  <time>2010-07-31T05:15:23Z</time>
</trkpt>
<trkpt lat="53.209728235" lon="48.824020363">
  <ele>170.347000</ele>
  <time>2010-07-31T05:15:24Z</time>
</trkpt>
<trkpt lat="53.209815994" lon="48.824340804">
  <ele>170.444000</ele>
  <time>2010-07-31T05:15:25Z</time>
</trkpt>
<trkpt lat="53.209907524" lon="48.824665099">
  <ele>170.576996</ele>
  <time>2010-07-31T05:15:26Z</time>
</trkpt>
<trkpt lat="53.209999055" lon="48.824993167">
  <ele>170.781998</ele>
  <time>2010-07-31T05:15:27Z</time>
</trkpt>
<trkpt lat="53.210094441" lon="48.825325007">
  <ele>170.888000</ele>
  <time>2010-07-31T05:15:28Z</time>
</trkpt>
<trkpt lat="53.210189827" lon="48.825656930">
  <ele>170.970993</ele>
  <time>2010-07-31T05:15:29Z</time>
</trkpt>
<trkpt lat="53.210288985" lon="48.825984914">
  <ele>171.285995</ele>
  <time>2010-07-31T05:15:30Z</time>
</trkpt>
<trkpt lat="53.210384371" lon="48.826309210">
  <ele>171.317993</ele>
  <time>2010-07-31T05:15:31Z</time>
</trkpt>
<trkpt lat="53.210483529" lon="48.826637277">
  <ele>171.307999</ele>
  <time>2010-07-31T05:15:32Z</time>
</trkpt>
<trkpt lat="53.210578915" lon="48.826965345">
  <ele>171.404007</ele>
  <time>2010-07-31T05:15:33Z</time>
</trkpt>
<trkpt lat="53.210681928" lon="48.827285785">
  <ele>171.608994</ele>
  <time>2010-07-31T05:15:34Z</time>
</trkpt>
<trkpt lat="53.210777314" lon="48.827602370">
  <ele>171.787994</ele>
  <time>2010-07-31T05:15:35Z</time>
</trkpt>
<trkpt lat="53.210872617" lon="48.827922810">
  <ele>171.811996</ele>
  <time>2010-07-31T05:15:36Z</time>
</trkpt>
<trkpt lat="53.210968003" lon="48.828243250">
  <ele>172.197998</ele>
  <time>2010-07-31T05:15:37Z</time>
</trkpt>
<trkpt lat="53.211063389" lon="48.828567546">
  <ele>172.600998</ele>
  <time>2010-07-31T05:15:38Z</time>
</trkpt>
<trkpt lat="53.211158775" lon="48.828887902">
  <ele>172.858994</ele>
  <time>2010-07-31T05:15:39Z</time>
</trkpt>
<trkpt lat="53.211257933" lon="48.829212198">
  <ele>173.324005</ele>
  <time>2010-07-31T05:15:40Z</time>
</trkpt>
<trkpt lat="53.211357091" lon="48.829536410">
  <ele>173.705002</ele>
  <time>2010-07-31T05:15:41Z</time>
</trkpt>
<trkpt lat="53.211456332" lon="48.829860706">
  <ele>174.084000</ele>
  <time>2010-07-31T05:15:42Z</time>
</trkpt>
<trkpt lat="53.211555490" lon="48.830184918">
  <ele>174.220993</ele>
  <time>2010-07-31T05:15:43Z</time>
</trkpt>
<trkpt lat="53.211658504" lon="48.830516841">
  <ele>174.436005</ele>
  <time>2010-07-31T05:15:44Z</time>
</trkpt>
<trkpt lat="53.211757662" lon="48.830848681">
  <ele>174.658997</ele>
  <time>2010-07-31T05:15:45Z</time>
</trkpt>
<trkpt lat="53.211856820" lon="48.831180604">
  <ele>174.959000</ele>
  <time>2010-07-31T05:15:46Z</time>
</trkpt>
<trkpt lat="53.211959833" lon="48.831508672">
  <ele>175.141006</ele>
  <time>2010-07-31T05:15:47Z</time>
</trkpt>
<trkpt lat="53.212055219" lon="48.831836740">
  <ele>175.121994</ele>
  <time>2010-07-31T05:15:48Z</time>
</trkpt>
<trkpt lat="53.212158233" lon="48.832168579">
  <ele>175.035004</ele>
  <time>2010-07-31T05:15:49Z</time>
</trkpt>
<trkpt lat="53.212257391" lon="48.832496647">
  <ele>174.867004</ele>
  <time>2010-07-31T05:15:50Z</time>
</trkpt>
<trkpt lat="53.212356549" lon="48.832836114">
  <ele>174.929993</ele>
  <time>2010-07-31T05:15:51Z</time>
</trkpt>
<trkpt lat="53.212459562" lon="48.833175665">
  <ele>174.876007</ele>
  <time>2010-07-31T05:15:52Z</time>
</trkpt>
<trkpt lat="53.212562576" lon="48.833522759">
  <ele>174.695999</ele>
  <time>2010-07-31T05:15:53Z</time>
</trkpt>
<trkpt lat="53.212669361" lon="48.833869938">
  <ele>174.528000</ele>
  <time>2010-07-31T05:15:54Z</time>
</trkpt>
<trkpt lat="53.212780003" lon="48.834220888">
  <ele>174.376999</ele>
  <time>2010-07-31T05:15:55Z</time>
</trkpt>
<trkpt lat="53.212886788" lon="48.834571838">
  <ele>174.328995</ele>
  <time>2010-07-31T05:15:56Z</time>
</trkpt>
<trkpt lat="53.212993657" lon="48.834922789">
  <ele>174.302994</ele>
  <time>2010-07-31T05:15:57Z</time>
</trkpt>
<trkpt lat="53.213100443" lon="48.835269967">
  <ele>174.216995</ele>
  <time>2010-07-31T05:15:58Z</time>
</trkpt>
<trkpt lat="53.213207228" lon="48.835613290">
  <ele>174.173004</ele>
  <time>2010-07-31T05:15:59Z</time>
</trkpt>
<trkpt lat="53.213310242" lon="48.835960384">
  <ele>174.255997</ele>
  <time>2010-07-31T05:16:00Z</time>
</trkpt>
<trkpt lat="53.213413255" lon="48.836307563">
  <ele>174.585007</ele>
  <time>2010-07-31T05:16:01Z</time>
</trkpt>
<trkpt lat="53.213520041" lon="48.836650886">
  <ele>174.714005</ele>
  <time>2010-07-31T05:16:02Z</time>
</trkpt>
<trkpt lat="53.213623054" lon="48.836994208">
  <ele>174.921997</ele>
  <time>2010-07-31T05:16:03Z</time>
</trkpt>
<trkpt lat="53.213726068" lon="48.837337531">
  <ele>175.035004</ele>
  <time>2010-07-31T05:16:04Z</time>
</trkpt>
<trkpt lat="53.213829082" lon="48.837684626">
  <ele>175.082993</ele>
  <time>2010-07-31T05:16:05Z</time>
</trkpt>
<trkpt lat="53.213932011" lon="48.838024177">
  <ele>175.041000</ele>
  <time>2010-07-31T05:16:06Z</time>
</trkpt>
<trkpt lat="53.214035025" lon="48.838363644">
  <ele>174.891006</ele>
  <time>2010-07-31T05:16:07Z</time>
</trkpt>
<trkpt lat="53.214134183" lon="48.838699339">
  <ele>174.779007</ele>
  <time>2010-07-31T05:16:08Z</time>
</trkpt>
<trkpt lat="53.214237196" lon="48.839038890">
  <ele>174.873993</ele>
  <time>2010-07-31T05:16:09Z</time>
</trkpt>
<trkpt lat="53.214344066" lon="48.839382213">
  <ele>174.977005</ele>
  <time>2010-07-31T05:16:10Z</time>
</trkpt>
<trkpt lat="53.214446995" lon="48.839729307">
  <ele>175.207993</ele>
  <time>2010-07-31T05:16:11Z</time>
</trkpt>
<trkpt lat="53.214553865" lon="48.840080258">
  <ele>175.343994</ele>
  <time>2010-07-31T05:16:12Z</time>
</trkpt>
<trkpt lat="53.214664422" lon="48.840431208">
  <ele>175.367996</ele>
  <time>2010-07-31T05:16:13Z</time>
</trkpt>
<trkpt lat="53.214771291" lon="48.840782158">
  <ele>175.580002</ele>
  <time>2010-07-31T05:16:14Z</time>
</trkpt>
<trkpt lat="53.214878077" lon="48.841133108">
  <ele>175.755005</ele>
  <time>2010-07-31T05:16:15Z</time>
</trkpt>
<trkpt lat="53.214977235" lon="48.841472659">
  <ele>176.026993</ele>
  <time>2010-07-31T05:16:16Z</time>
</trkpt>
<trkpt lat="53.215080248" lon="48.841815982">
  <ele>176.212997</ele>
  <time>2010-07-31T05:16:17Z</time>
</trkpt>
<trkpt lat="53.215179406" lon="48.842155449">
  <ele>176.416000</ele>
  <time>2010-07-31T05:16:18Z</time>
</trkpt>
<trkpt lat="53.215282420" lon="48.842495000">
  <ele>176.544998</ele>
  <time>2010-07-31T05:16:19Z</time>
</trkpt>
<trkpt lat="53.215381661" lon="48.842830695">
  <ele>176.893997</ele>
  <time>2010-07-31T05:16:20Z</time>
</trkpt>
<trkpt lat="53.215480819" lon="48.843158763">
  <ele>177.237000</ele>
  <time>2010-07-31T05:16:21Z</time>
</trkpt>
<trkpt lat="53.215579977" lon="48.843490602">
  <ele>177.481995</ele>
  <time>2010-07-31T05:16:22Z</time>
</trkpt>
<trkpt lat="53.215675363" lon="48.843826298">
  <ele>177.651001</ele>
  <time>2010-07-31T05:16:23Z</time>
</trkpt>
<trkpt lat="53.215774521" lon="48.844161993">
  <ele>178.184998</ele>
  <time>2010-07-31T05:16:24Z</time>
</trkpt>
<trkpt lat="53.215873679" lon="48.844501460">
  <ele>178.421005</ele>
  <time>2010-07-31T05:16:25Z</time>
</trkpt>
<trkpt lat="53.215972921" lon="48.844837155">
  <ele>178.653000</ele>
  <time>2010-07-31T05:16:26Z</time>
</trkpt>
<trkpt lat="53.216072079" lon="48.845172850">
  <ele>178.832001</ele>
  <time>2010-07-31T05:16:27Z</time>
</trkpt>
<trkpt lat="53.216175092" lon="48.845512401">
  <ele>178.957993</ele>
  <time>2010-07-31T05:16:28Z</time>
</trkpt>
<trkpt lat="53.216281878" lon="48.845859496">
  <ele>178.949997</ele>
  <time>2010-07-31T05:16:29Z</time>
</trkpt>
<trkpt lat="53.216384891" lon="48.846206674">
  <ele>178.865005</ele>
  <time>2010-07-31T05:16:30Z</time>
</trkpt>
<trkpt lat="53.216487905" lon="48.846549997">
  <ele>178.994003</ele>
  <time>2010-07-31T05:16:31Z</time>
</trkpt>
<trkpt lat="53.216590919" lon="48.846897092">
  <ele>179.007996</ele>
  <time>2010-07-31T05:16:32Z</time>
</trkpt>
<trkpt lat="53.216690077" lon="48.847240414">
  <ele>178.975998</ele>
  <time>2010-07-31T05:16:33Z</time>
</trkpt>
<trkpt lat="53.216793090" lon="48.847579965">
  <ele>179.080994</ele>
  <time>2010-07-31T05:16:34Z</time>
</trkpt>
<trkpt lat="53.216896020" lon="48.847919432">
  <ele>179.128006</ele>
  <time>2010-07-31T05:16:35Z</time>
</trkpt>
<trkpt lat="53.216999033" lon="48.848255128">
  <ele>179.024002</ele>
  <time>2010-07-31T05:16:36Z</time>
</trkpt>
<trkpt lat="53.217105903" lon="48.848594679">
  <ele>178.841003</ele>
  <time>2010-07-31T05:16:37Z</time>
</trkpt>
<trkpt lat="53.217208833" lon="48.848930374">
  <ele>178.804001</ele>
  <time>2010-07-31T05:16:38Z</time>
</trkpt>
<trkpt lat="53.217311846" lon="48.849269841">
  <ele>178.578995</ele>
  <time>2010-07-31T05:16:39Z</time>
</trkpt>
<trkpt lat="53.217414860" lon="48.849609392">
  <ele>177.973999</ele>
  <time>2010-07-31T05:16:40Z</time>
</trkpt>
<trkpt lat="53.217517873" lon="48.849941231">
  <ele>177.276993</ele>
  <time>2010-07-31T05:16:41Z</time>
</trkpt>
<trkpt lat="53.217617031" lon="48.850273155">
  <ele>176.570007</ele>
  <time>2010-07-31T05:16:42Z</time>
</trkpt>
<trkpt lat="53.217720045" lon="48.850604994">
  <ele>175.899002</ele>
  <time>2010-07-31T05:16:43Z</time>
</trkpt>
<trkpt lat="53.217819203" lon="48.850933062">
  <ele>174.929993</ele>
  <time>2010-07-31T05:16:44Z</time>
</trkpt>
<trkpt lat="53.217918361" lon="48.851257358">
  <ele>173.858002</ele>
  <time>2010-07-31T05:16:45Z</time>
</trkpt>
<trkpt lat="53.218017602" lon="48.851585425">
  <ele>172.962006</ele>
  <time>2010-07-31T05:16:46Z</time>
</trkpt>
<trkpt lat="53.218112905" lon="48.851909637">
  <ele>172.029007</ele>
  <time>2010-07-31T05:16:47Z</time>
</trkpt>
<trkpt lat="53.218208291" lon="48.852230078">
  <ele>171.281998</ele>
  <time>2010-07-31T05:16:48Z</time>
</trkpt>
<trkpt lat="53.218299905" lon="48.852546662">
  <ele>170.535004</ele>
  <time>2010-07-31T05:16:49Z</time>
</trkpt>
<trkpt lat="53.218395207" lon="48.852870958">
  <ele>169.688995</ele>
  <time>2010-07-31T05:16:50Z</time>
</trkpt>
<trkpt lat="53.218494449" lon="48.853199026">
  <ele>168.615005</ele>
  <time>2010-07-31T05:16:51Z</time>
</trkpt>
<trkpt lat="53.218593607" lon="48.853527093">
  <ele>167.625000</ele>
  <time>2010-07-31T05:16:52Z</time>
</trkpt>
<trkpt lat="53.218688993" lon="48.853858933">
  <ele>166.432007</ele>
  <time>2010-07-31T05:16:53Z</time>
</trkpt>
<trkpt lat="53.218788151" lon="48.854194628">
  <ele>165.281006</ele>
  <time>2010-07-31T05:16:54Z</time>
</trkpt>
<trkpt lat="53.218887309" lon="48.854530323">
  <ele>164.056000</ele>
  <time>2010-07-31T05:16:55Z</time>
</trkpt>
<trkpt lat="53.218986550" lon="48.854866019">
  <ele>163.216995</ele>
  <time>2010-07-31T05:16:56Z</time>
</trkpt>
<trkpt lat="53.219085708" lon="48.855201714">
  <ele>162.309006</ele>
  <time>2010-07-31T05:16:57Z</time>
</trkpt>
<trkpt lat="53.219188722" lon="48.855541265">
  <ele>161.406998</ele>
  <time>2010-07-31T05:16:58Z</time>
</trkpt>
<trkpt lat="53.219295507" lon="48.855888359">
  <ele>160.584000</ele>
  <time>2010-07-31T05:16:59Z</time>
</trkpt>
<trkpt lat="53.219402293" lon="48.856239310">
  <ele>159.899002</ele>
  <time>2010-07-31T05:17:00Z</time>
</trkpt>
<trkpt lat="53.219509162" lon="48.856597887">
  <ele>159.391006</ele>
  <time>2010-07-31T05:17:01Z</time>
</trkpt>
<trkpt lat="53.219615947" lon="48.856948838">
  <ele>158.998001</ele>
  <time>2010-07-31T05:17:02Z</time>
</trkpt>
<trkpt lat="53.219722733" lon="48.857299788">
  <ele>158.639999</ele>
  <time>2010-07-31T05:17:03Z</time>
</trkpt>
<trkpt lat="53.219829518" lon="48.857658366">
  <ele>158.102997</ele>
  <time>2010-07-31T05:17:04Z</time>
</trkpt>
<trkpt lat="53.219940159" lon="48.858024571">
  <ele>157.748993</ele>
  <time>2010-07-31T05:17:05Z</time>
</trkpt>
<trkpt lat="53.220054656" lon="48.858398404">
  <ele>157.438004</ele>
  <time>2010-07-31T05:17:06Z</time>
</trkpt>
<trkpt lat="53.220165214" lon="48.858779948">
  <ele>157.082001</ele>
  <time>2010-07-31T05:17:07Z</time>
</trkpt>
<trkpt lat="53.220283482" lon="48.859161409">
  <ele>156.901001</ele>
  <time>2010-07-31T05:17:08Z</time>
</trkpt>
<trkpt lat="53.220394123" lon="48.859539013">
  <ele>156.744003</ele>
  <time>2010-07-31T05:17:09Z</time>
</trkpt>
<trkpt lat="53.220508536" lon="48.859912846">
  <ele>156.492004</ele>
  <time>2010-07-31T05:17:10Z</time>
</trkpt>
<trkpt lat="53.220611550" lon="48.860279052">
  <ele>156.229004</ele>
  <time>2010-07-31T05:17:11Z</time>
</trkpt>
<trkpt lat="53.220718419" lon="48.860641485">
  <ele>156.179001</ele>
  <time>2010-07-31T05:17:12Z</time>
</trkpt>
<trkpt lat="53.220828976" lon="48.861007690">
  <ele>156.132996</ele>
  <time>2010-07-31T05:17:13Z</time>
</trkpt>
<trkpt lat="53.220939618" lon="48.861366268">
  <ele>156.242996</ele>
  <time>2010-07-31T05:17:14Z</time>
</trkpt>
<trkpt lat="53.221046487" lon="48.861724846">
  <ele>156.341995</ele>
  <time>2010-07-31T05:17:15Z</time>
</trkpt>
<trkpt lat="53.221149417" lon="48.862079652">
  <ele>156.475006</ele>
  <time>2010-07-31T05:17:16Z</time>
</trkpt>
<trkpt lat="53.221252430" lon="48.862438230">
  <ele>156.470993</ele>
  <time>2010-07-31T05:17:17Z</time>
</trkpt>
<trkpt lat="53.221359216" lon="48.862792952">
  <ele>156.720993</ele>
  <time>2010-07-31T05:17:18Z</time>
</trkpt>
<trkpt lat="53.221466085" lon="48.863143902">
  <ele>156.841995</ele>
  <time>2010-07-31T05:17:19Z</time>
</trkpt>
<trkpt lat="53.221569099" lon="48.863494853">
  <ele>156.901001</ele>
  <time>2010-07-31T05:17:20Z</time>
</trkpt>
<trkpt lat="53.221679656" lon="48.863853430">
  <ele>156.994995</ele>
  <time>2010-07-31T05:17:21Z</time>
</trkpt>
<trkpt lat="53.221786525" lon="48.864208236">
  <ele>157.052994</ele>
  <time>2010-07-31T05:17:22Z</time>
</trkpt>
<trkpt lat="53.221893311" lon="48.864555331">
  <ele>157.093002</ele>
  <time>2010-07-31T05:17:23Z</time>
</trkpt>
<trkpt lat="53.222000096" lon="48.864902509">
  <ele>157.067001</ele>
  <time>2010-07-31T05:17:24Z</time>
</trkpt>
<trkpt lat="53.222103110" lon="48.865241976">
  <ele>157.181000</ele>
  <time>2010-07-31T05:17:25Z</time>
</trkpt>
<trkpt lat="53.222198496" lon="48.865577672">
  <ele>157.330994</ele>
  <time>2010-07-31T05:17:26Z</time>
</trkpt>
<trkpt lat="53.222297654" lon="48.865905739">
  <ele>157.145004</ele>
  <time>2010-07-31T05:17:27Z</time>
</trkpt>
<trkpt lat="53.222393040" lon="48.866230035">
  <ele>157.261993</ele>
  <time>2010-07-31T05:17:28Z</time>
</trkpt>
<trkpt lat="53.222488426" lon="48.866546620">
  <ele>157.238007</ele>
  <time>2010-07-31T05:17:29Z</time>
</trkpt>
<trkpt lat="53.222579956" lon="48.866863288">
  <ele>157.347000</ele>
  <time>2010-07-31T05:17:30Z</time>
</trkpt>
<trkpt lat="53.222675342" lon="48.867187500">
  <ele>157.270004</ele>
  <time>2010-07-31T05:17:31Z</time>
</trkpt>
<trkpt lat="53.222763101" lon="48.867511712">
  <ele>157.483002</ele>
  <time>2010-07-31T05:17:32Z</time>
</trkpt>
<trkpt lat="53.222843148" lon="48.867839780">
  <ele>157.417007</ele>
  <time>2010-07-31T05:17:33Z</time>
</trkpt>
<trkpt lat="53.222919423" lon="48.868164076">
  <ele>157.324997</ele>
  <time>2010-07-31T05:17:34Z</time>
</trkpt>
<trkpt lat="53.222995782" lon="48.868495915">
  <ele>157.095993</ele>
  <time>2010-07-31T05:17:35Z</time>
</trkpt>
<trkpt lat="53.223068202" lon="48.868831610">
  <ele>156.923004</ele>
  <time>2010-07-31T05:17:36Z</time>
</trkpt>
<trkpt lat="53.223144561" lon="48.869171161">
  <ele>156.567993</ele>
  <time>2010-07-31T05:17:37Z</time>
</trkpt>
<trkpt lat="53.223213209" lon="48.869514484">
  <ele>156.233002</ele>
  <time>2010-07-31T05:17:38Z</time>
</trkpt>
<trkpt lat="53.223278085" lon="48.869865434">
  <ele>156.139008</ele>
  <time>2010-07-31T05:17:39Z</time>
</trkpt>
<trkpt lat="53.223342877" lon="48.870220156">
  <ele>155.822006</ele>
  <time>2010-07-31T05:17:40Z</time>
</trkpt>
<trkpt lat="53.223403897" lon="48.870574962">
  <ele>155.576996</ele>
  <time>2010-07-31T05:17:41Z</time>
</trkpt>
<trkpt lat="53.223465001" lon="48.870933540">
  <ele>155.354996</ele>
  <time>2010-07-31T05:17:42Z</time>
</trkpt>
<trkpt lat="53.223522166" lon="48.871292118">
  <ele>155.220993</ele>
  <time>2010-07-31T05:17:43Z</time>
</trkpt>
<trkpt lat="53.223587042" lon="48.871650696">
  <ele>155.057007</ele>
  <time>2010-07-31T05:17:44Z</time>
</trkpt>
<trkpt lat="53.223651918" lon="48.872009274">
  <ele>154.834000</ele>
  <time>2010-07-31T05:17:45Z</time>
</trkpt>
<trkpt lat="53.223716710" lon="48.872371707">
  <ele>154.751999</ele>
  <time>2010-07-31T05:17:46Z</time>
</trkpt>
<trkpt lat="53.223781586" lon="48.872741684">
  <ele>154.567993</ele>
  <time>2010-07-31T05:17:47Z</time>
</trkpt>
<trkpt lat="53.223842606" lon="48.873107890">
  <ele>154.322998</ele>
  <time>2010-07-31T05:17:48Z</time>
</trkpt>
<trkpt lat="53.223907482" lon="48.873477951">
  <ele>154.130997</ele>
  <time>2010-07-31T05:17:49Z</time>
</trkpt>
<trkpt lat="53.223968502" lon="48.873851784">
  <ele>153.940002</ele>
  <time>2010-07-31T05:17:50Z</time>
</trkpt>
<trkpt lat="53.224033378" lon="48.874229472">
  <ele>153.544998</ele>
  <time>2010-07-31T05:17:51Z</time>
</trkpt>
<trkpt lat="53.224098170" lon="48.874614704">
  <ele>153.177994</ele>
  <time>2010-07-31T05:17:52Z</time>
</trkpt>
<trkpt lat="53.224166902" lon="48.875000020">
  <ele>152.604996</ele>
  <time>2010-07-31T05:17:53Z</time>
</trkpt>
<trkpt lat="53.224231694" lon="48.875381481">
  <ele>151.904007</ele>
  <time>2010-07-31T05:17:54Z</time>
</trkpt>
<trkpt lat="53.224300425" lon="48.875759086">
  <ele>151.317001</ele>
  <time>2010-07-31T05:17:55Z</time>
</trkpt>
<trkpt lat="53.224365218" lon="48.876140630">
  <ele>150.753998</ele>
  <time>2010-07-31T05:17:56Z</time>
</trkpt>
<trkpt lat="53.224430094" lon="48.876518235">
  <ele>150.292999</ele>
  <time>2010-07-31T05:17:57Z</time>
</trkpt>
<trkpt lat="53.224491114" lon="48.876888296">
  <ele>149.653000</ele>
  <time>2010-07-31T05:17:58Z</time>
</trkpt>
<trkpt lat="53.224552134" lon="48.877258273">
  <ele>149.285995</ele>
  <time>2010-07-31T05:17:59Z</time>
</trkpt>
<trkpt lat="53.224613154" lon="48.877620706">
  <ele>148.966995</ele>
  <time>2010-07-31T05:18:00Z</time>
</trkpt>
<trkpt lat="53.224674258" lon="48.877983056">
  <ele>148.574005</ele>
  <time>2010-07-31T05:18:01Z</time>
</trkpt>
<trkpt lat="53.224735279" lon="48.878345490">
  <ele>148.220993</ele>
  <time>2010-07-31T05:18:02Z</time>
</trkpt>
<trkpt lat="53.224800071" lon="48.878704067">
  <ele>147.787994</ele>
  <time>2010-07-31T05:18:03Z</time>
</trkpt>
<trkpt lat="53.224861175" lon="48.879058873">
  <ele>147.182999</ele>
  <time>2010-07-31T05:18:04Z</time>
</trkpt>
<trkpt lat="53.224922195" lon="48.879417451">
  <ele>146.858994</ele>
  <time>2010-07-31T05:18:05Z</time>
</trkpt>
<trkpt lat="53.224983215" lon="48.879768401">
  <ele>146.294998</ele>
  <time>2010-07-31T05:18:06Z</time>
</trkpt>
<trkpt lat="53.225040464" lon="48.880123124">
  <ele>145.820007</ele>
  <time>2010-07-31T05:18:07Z</time>
</trkpt>
<trkpt lat="53.225101484" lon="48.880477929">
  <ele>145.171997</ele>
  <time>2010-07-31T05:18:08Z</time>
</trkpt>
<trkpt lat="53.225162504" lon="48.880828880">
  <ele>144.386002</ele>
  <time>2010-07-31T05:18:09Z</time>
</trkpt>
<trkpt lat="53.225223524" lon="48.881179830">
  <ele>143.598007</ele>
  <time>2010-07-31T05:18:10Z</time>
</trkpt>
<trkpt lat="53.225288400" lon="48.881538408">
  <ele>142.856995</ele>
  <time>2010-07-31T05:18:11Z</time>
</trkpt>
<trkpt lat="53.225349421" lon="48.881893130">
  <ele>142.074997</ele>
  <time>2010-07-31T05:18:12Z</time>
</trkpt>
<trkpt lat="53.225410441" lon="48.882251708">
  <ele>141.233002</ele>
  <time>2010-07-31T05:18:13Z</time>
</trkpt>
<trkpt lat="53.225471461" lon="48.882610286">
  <ele>140.216995</ele>
  <time>2010-07-31T05:18:14Z</time>
</trkpt>
<trkpt lat="53.225532565" lon="48.882968863">
  <ele>139.309006</ele>
  <time>2010-07-31T05:18:15Z</time>
</trkpt>
<trkpt lat="53.225593586" lon="48.883327525">
  <ele>138.552994</ele>
  <time>2010-07-31T05:18:16Z</time>
</trkpt>
<trkpt lat="53.225658378" lon="48.883689875">
  <ele>137.843002</ele>
  <time>2010-07-31T05:18:17Z</time>
</trkpt>
<trkpt lat="53.225719482" lon="48.884052308">
  <ele>137.089996</ele>
  <time>2010-07-31T05:18:18Z</time>
</trkpt>
<trkpt lat="53.225780502" lon="48.884410886">
  <ele>136.406998</ele>
  <time>2010-07-31T05:18:19Z</time>
</trkpt>
<trkpt lat="53.225841522" lon="48.884769464">
  <ele>135.860992</ele>
  <time>2010-07-31T05:18:20Z</time>
</trkpt>
<trkpt lat="53.225906398" lon="48.885128042">
  <ele>135.384995</ele>
  <time>2010-07-31T05:18:21Z</time>
</trkpt>
<trkpt lat="53.225963563" lon="48.885482764">
  <ele>134.834000</ele>
  <time>2010-07-31T05:18:22Z</time>
</trkpt>
<trkpt lat="53.226028439" lon="48.885833714">
  <ele>134.358002</ele>
  <time>2010-07-31T05:18:23Z</time>
</trkpt>
<trkpt lat="53.226089459" lon="48.886192292">
  <ele>133.783997</ele>
  <time>2010-07-31T05:18:24Z</time>
</trkpt>
<trkpt lat="53.226150479" lon="48.886550870">
  <ele>133.345001</ele>
  <time>2010-07-31T05:18:25Z</time>
</trkpt>
<trkpt lat="53.226211583" lon="48.886909448">
  <ele>132.675003</ele>
  <time>2010-07-31T05:18:26Z</time>
</trkpt>
<trkpt lat="53.226276375" lon="48.887264254">
  <ele>132.199997</ele>
  <time>2010-07-31T05:18:27Z</time>
</trkpt>
<trkpt lat="53.226337396" lon="48.887619060">
  <ele>131.776001</ele>
  <time>2010-07-31T05:18:28Z</time>
</trkpt>
<trkpt lat="53.226398500" lon="48.887981409">
  <ele>131.460007</ele>
  <time>2010-07-31T05:18:29Z</time>
</trkpt>
<trkpt lat="53.226459520" lon="48.888339987">
  <ele>131.098007</ele>
  <time>2010-07-31T05:18:30Z</time>
</trkpt>
<trkpt lat="53.226516685" lon="48.888698565">
  <ele>130.916000</ele>
  <time>2010-07-31T05:18:31Z</time>
</trkpt>
<trkpt lat="53.226577789" lon="48.889049515">
  <ele>130.893997</ele>
  <time>2010-07-31T05:18:32Z</time>
</trkpt>
<trkpt lat="53.226638809" lon="48.889396694">
  <ele>130.985001</ele>
  <time>2010-07-31T05:18:33Z</time>
</trkpt>
<trkpt lat="53.226699829" lon="48.889747644">
  <ele>131.028000</ele>
  <time>2010-07-31T05:18:34Z</time>
</trkpt>
<trkpt lat="53.226757078" lon="48.890098594">
  <ele>131.151993</ele>
  <time>2010-07-31T05:18:35Z</time>
</trkpt>
<trkpt lat="53.226818098" lon="48.890441917">
  <ele>131.445007</ele>
  <time>2010-07-31T05:18:36Z</time>
</trkpt>
<trkpt lat="53.226875346" lon="48.890789011">
  <ele>131.910995</ele>
  <time>2010-07-31T05:18:37Z</time>
</trkpt>
<trkpt lat="53.226936366" lon="48.891136190">
  <ele>132.188995</ele>
  <time>2010-07-31T05:18:38Z</time>
</trkpt>
<trkpt lat="53.226993531" lon="48.891479513">
  <ele>132.354004</ele>
  <time>2010-07-31T05:18:39Z</time>
</trkpt>
<trkpt lat="53.227054635" lon="48.891815208">
  <ele>132.761002</ele>
  <time>2010-07-31T05:18:40Z</time>
</trkpt>
<trkpt lat="53.227111800" lon="48.892143276">
  <ele>133.231995</ele>
  <time>2010-07-31T05:18:41Z</time>
</trkpt>
<trkpt lat="53.227165192" lon="48.892467488">
  <ele>133.610001</ele>
  <time>2010-07-31T05:18:42Z</time>
</trkpt>
<trkpt lat="53.227218669" lon="48.892776528">
  <ele>133.947998</ele>
  <time>2010-07-31T05:18:43Z</time>
</trkpt>
<trkpt lat="53.227268206" lon="48.893077858">
  <ele>134.464005</ele>
  <time>2010-07-31T05:18:44Z</time>
</trkpt>
<trkpt lat="53.227317827" lon="48.893360160">
  <ele>134.884995</ele>
  <time>2010-07-31T05:18:45Z</time>
</trkpt>
<trkpt lat="53.227363592" lon="48.893638607">
  <ele>135.136993</ele>
  <time>2010-07-31T05:18:46Z</time>
</trkpt>
<trkpt lat="53.227409357" lon="48.893913282">
  <ele>135.479004</ele>
  <time>2010-07-31T05:18:47Z</time>
</trkpt>
<trkpt lat="53.227455122" lon="48.894191729">
  <ele>135.850006</ele>
  <time>2010-07-31T05:18:48Z</time>
</trkpt>
<trkpt lat="53.227504743" lon="48.894470176">
  <ele>136.173004</ele>
  <time>2010-07-31T05:18:49Z</time>
</trkpt>
<trkpt lat="53.227554280" lon="48.894752478">
  <ele>136.518997</ele>
  <time>2010-07-31T05:18:50Z</time>
</trkpt>
<trkpt lat="53.227600129" lon="48.895038636">
  <ele>136.865997</ele>
  <time>2010-07-31T05:18:51Z</time>
</trkpt>
<trkpt lat="53.227649666" lon="48.895324711">
  <ele>137.069000</ele>
  <time>2010-07-31T05:18:52Z</time>
</trkpt>
<trkpt lat="53.227699287" lon="48.895610785">
  <ele>137.188004</ele>
  <time>2010-07-31T05:18:53Z</time>
</trkpt>
<trkpt lat="53.227748908" lon="48.895896943">
  <ele>137.384995</ele>
  <time>2010-07-31T05:18:54Z</time>
</trkpt>
<trkpt lat="53.227798445" lon="48.896186789">
  <ele>137.520996</ele>
  <time>2010-07-31T05:18:55Z</time>
</trkpt>
<trkpt lat="53.227851838" lon="48.896480575">
  <ele>137.427994</ele>
  <time>2010-07-31T05:18:56Z</time>
</trkpt>
<trkpt lat="53.227901459" lon="48.896774277">
  <ele>137.309998</ele>
  <time>2010-07-31T05:18:57Z</time>
</trkpt>
<trkpt lat="53.227954851" lon="48.897064207">
  <ele>137.216003</ele>
  <time>2010-07-31T05:18:58Z</time>
</trkpt>
<trkpt lat="53.228004472" lon="48.897350281">
  <ele>137.296005</ele>
  <time>2010-07-31T05:18:59Z</time>
</trkpt>
<trkpt lat="53.228054009" lon="48.897628812">
  <ele>137.292999</ele>
  <time>2010-07-31T05:19:00Z</time>
</trkpt>
<trkpt lat="53.228103630" lon="48.897899631">
  <ele>137.494995</ele>
  <time>2010-07-31T05:19:01Z</time>
</trkpt>
<trkpt lat="53.228153251" lon="48.898170451">
  <ele>137.464005</ele>
  <time>2010-07-31T05:19:02Z</time>
</trkpt>
<trkpt lat="53.228199016" lon="48.898437498">
  <ele>137.535004</ele>
  <time>2010-07-31T05:19:03Z</time>
</trkpt>
<trkpt lat="53.228240926" lon="48.898704546">
  <ele>137.654007</ele>
  <time>2010-07-31T05:19:04Z</time>
</trkpt>
<trkpt lat="53.228286775" lon="48.898960110">
  <ele>137.839005</ele>
  <time>2010-07-31T05:19:05Z</time>
</trkpt>
<trkpt lat="53.228328684" lon="48.899211902">
  <ele>137.942993</ele>
  <time>2010-07-31T05:19:06Z</time>
</trkpt>
<trkpt lat="53.228374450" lon="48.899459839">
  <ele>138.179001</ele>
  <time>2010-07-31T05:19:07Z</time>
</trkpt>
<trkpt lat="53.228416443" lon="48.899704004">
  <ele>138.770004</ele>
  <time>2010-07-31T05:19:08Z</time>
</trkpt>
<trkpt lat="53.228458436" lon="48.899955712">
  <ele>139.169006</ele>
  <time>2010-07-31T05:19:09Z</time>
</trkpt>
<trkpt lat="53.228500346" lon="48.900207505">
  <ele>139.587997</ele>
  <time>2010-07-31T05:19:10Z</time>
</trkpt>
<trkpt lat="53.228542339" lon="48.900463069">
  <ele>140.041000</ele>
  <time>2010-07-31T05:19:11Z</time>
</trkpt>
<trkpt lat="53.228588104" lon="48.900722489">
  <ele>140.742004</ele>
  <time>2010-07-31T05:19:12Z</time>
</trkpt>
<trkpt lat="53.228630098" lon="48.900981909">
  <ele>141.608994</ele>
  <time>2010-07-31T05:19:13Z</time>
</trkpt>
<trkpt lat="53.228675863" lon="48.901245100">
  <ele>142.557007</ele>
  <time>2010-07-31T05:19:14Z</time>
</trkpt>
<trkpt lat="53.228721628" lon="48.901508292">
  <ele>143.464005</ele>
  <time>2010-07-31T05:19:15Z</time>
</trkpt>
<trkpt lat="53.228767393" lon="48.901775340">
  <ele>144.268005</ele>
  <time>2010-07-31T05:19:16Z</time>
</trkpt>
<trkpt lat="53.228813158" lon="48.902042387">
  <ele>145.238007</ele>
  <time>2010-07-31T05:19:17Z</time>
</trkpt>
<trkpt lat="53.228858924" lon="48.902309434">
  <ele>146.240005</ele>
  <time>2010-07-31T05:19:18Z</time>
</trkpt>
<trkpt lat="53.228908544" lon="48.902580254">
  <ele>147.095001</ele>
  <time>2010-07-31T05:19:19Z</time>
</trkpt>
<trkpt lat="53.228954310" lon="48.902847301">
  <ele>147.772003</ele>
  <time>2010-07-31T05:19:20Z</time>
</trkpt>
<trkpt lat="53.229000075" lon="48.903114349">
  <ele>148.522003</ele>
  <time>2010-07-31T05:19:21Z</time>
</trkpt>
<trkpt lat="53.229045840" lon="48.903381312">
  <ele>149.363007</ele>
  <time>2010-07-31T05:19:22Z</time>
</trkpt>
<trkpt lat="53.229091605" lon="48.903648360">
  <ele>150.050995</ele>
  <time>2010-07-31T05:19:23Z</time>
</trkpt>
<trkpt lat="53.229137454" lon="48.903911551">
  <ele>150.526993</ele>
  <time>2010-07-31T05:19:24Z</time>
</trkpt>
<trkpt lat="53.229183219" lon="48.904182455">
  <ele>151.061005</ele>
  <time>2010-07-31T05:19:25Z</time>
</trkpt>
<trkpt lat="53.229228985" lon="48.904453274">
  <ele>151.432999</ele>
  <time>2010-07-31T05:19:26Z</time>
</trkpt>
<trkpt lat="53.229274750" lon="48.904712694">
  <ele>151.742996</ele>
  <time>2010-07-31T05:19:27Z</time>
</trkpt>
<trkpt lat="53.229316743" lon="48.904968258">
  <ele>151.966003</ele>
  <time>2010-07-31T05:19:28Z</time>
</trkpt>
<trkpt lat="53.229362508" lon="48.905220050">
  <ele>152.320999</ele>
  <time>2010-07-31T05:19:29Z</time>
</trkpt>
<trkpt lat="53.229408273" lon="48.905475615">
  <ele>152.375000</ele>
  <time>2010-07-31T05:19:30Z</time>
</trkpt>
<trkpt lat="53.229450267" lon="48.905731179">
  <ele>152.459000</ele>
  <time>2010-07-31T05:19:31Z</time>
</trkpt>
<trkpt lat="53.229496032" lon="48.905990599">
  <ele>152.306000</ele>
  <time>2010-07-31T05:19:32Z</time>
</trkpt>
<trkpt lat="53.229541797" lon="48.906257646">
  <ele>152.378006</ele>
  <time>2010-07-31T05:19:33Z</time>
</trkpt>
<trkpt lat="53.229583707" lon="48.906532321">
  <ele>152.317001</ele>
  <time>2010-07-31T05:19:34Z</time>
</trkpt>
<trkpt lat="53.229629556" lon="48.906806912">
  <ele>152.259995</ele>
  <time>2010-07-31T05:19:35Z</time>
</trkpt>
<trkpt lat="53.229679093" lon="48.907085443">
  <ele>151.876999</ele>
  <time>2010-07-31T05:19:36Z</time>
</trkpt>
<trkpt lat="53.229724858" lon="48.907363890">
  <ele>151.520004</ele>
  <time>2010-07-31T05:19:37Z</time>
</trkpt>
<trkpt lat="53.229774479" lon="48.907646192">
  <ele>151.005997</ele>
  <time>2010-07-31T05:19:38Z</time>
</trkpt>
<trkpt lat="53.229820244" lon="48.907936122">
  <ele>150.447998</ele>
  <time>2010-07-31T05:19:39Z</time>
</trkpt>
<trkpt lat="53.229869865" lon="48.908226052">
  <ele>149.878006</ele>
  <time>2010-07-31T05:19:40Z</time>
</trkpt>
<trkpt lat="53.229919402" lon="48.908527382">
  <ele>149.287994</ele>
  <time>2010-07-31T05:19:41Z</time>
</trkpt>
<trkpt lat="53.229969023" lon="48.908832567">
  <ele>148.554993</ele>
  <time>2010-07-31T05:19:42Z</time>
</trkpt>
<trkpt lat="53.230018644" lon="48.909137752">
  <ele>147.626999</ele>
  <time>2010-07-31T05:19:43Z</time>
</trkpt>
<trkpt lat="53.230068181" lon="48.909450565">
  <ele>146.824997</ele>
  <time>2010-07-31T05:19:44Z</time>
</trkpt>
<trkpt lat="53.230121573" lon="48.909771005">
  <ele>145.903000</ele>
  <time>2010-07-31T05:19:45Z</time>
</trkpt>
<trkpt lat="53.230175050" lon="48.910095217">
  <ele>144.966003</ele>
  <time>2010-07-31T05:19:46Z</time>
</trkpt>
<trkpt lat="53.230232215" lon="48.910419429">
  <ele>144.070007</ele>
  <time>2010-07-31T05:19:47Z</time>
</trkpt>
<trkpt lat="53.230285607" lon="48.910743725">
  <ele>143.016006</ele>
  <time>2010-07-31T05:19:48Z</time>
</trkpt>
<trkpt lat="53.230342856" lon="48.911071792">
  <ele>142.141998</ele>
  <time>2010-07-31T05:19:49Z</time>
</trkpt>
<trkpt lat="53.230396248" lon="48.911396004">
  <ele>141.322006</ele>
  <time>2010-07-31T05:19:50Z</time>
</trkpt>
<trkpt lat="53.230453497" lon="48.911720300">
  <ele>140.345993</ele>
  <time>2010-07-31T05:19:51Z</time>
</trkpt>
<trkpt lat="53.230506890" lon="48.912052140">
  <ele>139.832993</ele>
  <time>2010-07-31T05:19:52Z</time>
</trkpt>
<trkpt lat="53.230560282" lon="48.912380207">
  <ele>138.983994</ele>
  <time>2010-07-31T05:19:53Z</time>
</trkpt>
<trkpt lat="53.230617531" lon="48.912712131">
  <ele>138.020004</ele>
  <time>2010-07-31T05:19:54Z</time>
</trkpt>
<trkpt lat="53.230670923" lon="48.913040198">
  <ele>137.246002</ele>
  <time>2010-07-31T05:19:55Z</time>
</trkpt>
<trkpt lat="53.230728172" lon="48.913368266">
  <ele>136.677002</ele>
  <time>2010-07-31T05:19:56Z</time>
</trkpt>
<trkpt lat="53.230781564" lon="48.913696250">
  <ele>136.212997</ele>
  <time>2010-07-31T05:19:57Z</time>
</trkpt>
<trkpt lat="53.230834957" lon="48.914020546">
  <ele>135.695007</ele>
  <time>2010-07-31T05:19:58Z</time>
</trkpt>
<trkpt lat="53.230888350" lon="48.914337130">
  <ele>135.123993</ele>
  <time>2010-07-31T05:19:59Z</time>
</trkpt>
<trkpt lat="53.230941743" lon="48.914657570">
  <ele>134.565002</ele>
  <time>2010-07-31T05:20:00Z</time>
</trkpt>
<trkpt lat="53.230995219" lon="48.914970383">
  <ele>133.865997</ele>
  <time>2010-07-31T05:20:01Z</time>
</trkpt>
<trkpt lat="53.231048612" lon="48.915279424">
  <ele>133.177994</ele>
  <time>2010-07-31T05:20:02Z</time>
</trkpt>
<trkpt lat="53.231102005" lon="48.915580753">
  <ele>132.781998</ele>
  <time>2010-07-31T05:20:03Z</time>
</trkpt>
<trkpt lat="53.231151542" lon="48.915870683">
  <ele>132.561005</ele>
  <time>2010-07-31T05:20:04Z</time>
</trkpt>
<trkpt lat="53.231205018" lon="48.916160613">
  <ele>132.276993</ele>
  <time>2010-07-31T05:20:05Z</time>
</trkpt>
<trkpt lat="53.231254555" lon="48.916446688">
  <ele>131.927994</ele>
  <time>2010-07-31T05:20:06Z</time>
</trkpt>
<trkpt lat="53.231304176" lon="48.916740390">
  <ele>131.552994</ele>
  <time>2010-07-31T05:20:07Z</time>
</trkpt>
<trkpt lat="53.231353797" lon="48.917041803">
  <ele>131.069000</ele>
  <time>2010-07-31T05:20:08Z</time>
</trkpt>
<trkpt lat="53.231403334" lon="48.917346988">
  <ele>130.733994</ele>
  <time>2010-07-31T05:20:09Z</time>
</trkpt>
<trkpt lat="53.231456727" lon="48.917648317">
  <ele>130.457001</ele>
  <time>2010-07-31T05:20:10Z</time>
</trkpt>
<trkpt lat="53.231506348" lon="48.917953502">
  <ele>130.154999</ele>
  <time>2010-07-31T05:20:11Z</time>
</trkpt>
<trkpt lat="53.231555969" lon="48.918254832">
  <ele>129.707001</ele>
  <time>2010-07-31T05:20:12Z</time>
</trkpt>
<trkpt lat="53.231605506" lon="48.918556245">
  <ele>129.319000</ele>
  <time>2010-07-31T05:20:13Z</time>
</trkpt>
<trkpt lat="53.231658898" lon="48.918857574">
  <ele>128.904999</ele>
  <time>2010-07-31T05:20:14Z</time>
</trkpt>
<trkpt lat="53.231708519" lon="48.919158904">
  <ele>128.638000</ele>
  <time>2010-07-31T05:20:15Z</time>
</trkpt>
<trkpt lat="53.231758140" lon="48.919456461">
  <ele>128.272995</ele>
  <time>2010-07-31T05:20:16Z</time>
</trkpt>
<trkpt lat="53.231811533" lon="48.919750247">
  <ele>128.089005</ele>
  <time>2010-07-31T05:20:17Z</time>
</trkpt>
<trkpt lat="53.231861154" lon="48.920040093">
  <ele>127.806999</ele>
  <time>2010-07-31T05:20:18Z</time>
</trkpt>
<trkpt lat="53.231914546" lon="48.920333879">
  <ele>127.455002</ele>
  <time>2010-07-31T05:20:19Z</time>
</trkpt>
<trkpt lat="53.231960312" lon="48.920623809">
  <ele>127.149002</ele>
  <time>2010-07-31T05:20:20Z</time>
</trkpt>
<trkpt lat="53.232013704" lon="48.920917511">
  <ele>126.963997</ele>
  <time>2010-07-31T05:20:21Z</time>
</trkpt>
<trkpt lat="53.232063325" lon="48.921211213">
  <ele>126.779999</ele>
  <time>2010-07-31T05:20:22Z</time>
</trkpt>
<trkpt lat="53.232112862" lon="48.921504999">
  <ele>126.778999</ele>
  <time>2010-07-31T05:20:23Z</time>
</trkpt>
<trkpt lat="53.232162483" lon="48.921794929">
  <ele>126.709000</ele>
  <time>2010-07-31T05:20:24Z</time>
</trkpt>
<trkpt lat="53.232208248" lon="48.922088630">
  <ele>126.764999</ele>
  <time>2010-07-31T05:20:25Z</time>
</trkpt>
<trkpt lat="53.232261641" lon="48.922389960">
  <ele>126.666000</ele>
  <time>2010-07-31T05:20:26Z</time>
</trkpt>
<trkpt lat="53.232315034" lon="48.922683746">
  <ele>126.566002</ele>
  <time>2010-07-31T05:20:27Z</time>
</trkpt>
<trkpt lat="53.232364655" lon="48.922985075">
  <ele>126.444000</ele>
  <time>2010-07-31T05:20:28Z</time>
</trkpt>
<trkpt lat="53.232414275" lon="48.923290260">
  <ele>126.307999</ele>
  <time>2010-07-31T05:20:29Z</time>
</trkpt>
<trkpt lat="53.232467668" lon="48.923595445">
  <ele>126.117996</ele>
  <time>2010-07-31T05:20:30Z</time>
</trkpt>
<trkpt lat="53.232517205" lon="48.923900630">
  <ele>125.773003</ele>
  <time>2010-07-31T05:20:31Z</time>
</trkpt>
<trkpt lat="53.232566826" lon="48.924205815">
  <ele>125.532997</ele>
  <time>2010-07-31T05:20:32Z</time>
</trkpt>
<trkpt lat="53.232620219" lon="48.924503289">
  <ele>125.313004</ele>
  <time>2010-07-31T05:20:33Z</time>
</trkpt>
<trkpt lat="53.232669840" lon="48.924800847">
  <ele>125.247002</ele>
  <time>2010-07-31T05:20:34Z</time>
</trkpt>
<trkpt lat="53.232719461" lon="48.925102260">
  <ele>125.166000</ele>
  <time>2010-07-31T05:20:35Z</time>
</trkpt>
<trkpt lat="53.232768998" lon="48.925407445">
  <ele>125.085999</ele>
  <time>2010-07-31T05:20:36Z</time>
</trkpt>
<trkpt lat="53.232822390" lon="48.925708774">
  <ele>124.931999</ele>
  <time>2010-07-31T05:20:37Z</time>
</trkpt>
<trkpt lat="53.232872011" lon="48.926010104">
  <ele>124.775002</ele>
  <time>2010-07-31T05:20:38Z</time>
</trkpt>
<trkpt lat="53.232921632" lon="48.926315289">
  <ele>124.577003</ele>
  <time>2010-07-31T05:20:39Z</time>
</trkpt>
<trkpt lat="53.232971169" lon="48.926609075">
  <ele>124.542000</ele>
  <time>2010-07-31T05:20:40Z</time>
</trkpt>
<trkpt lat="53.233020790" lon="48.926902777">
  <ele>124.514000</ele>
  <time>2010-07-31T05:20:41Z</time>
</trkpt>
<trkpt lat="53.233070411" lon="48.927200334">
  <ele>124.450996</ele>
  <time>2010-07-31T05:20:42Z</time>
</trkpt>
<trkpt lat="53.233119948" lon="48.927497892">
  <ele>124.397003</ele>
  <time>2010-07-31T05:20:43Z</time>
</trkpt>
<trkpt lat="53.233169569" lon="48.927791594">
  <ele>124.382004</ele>
  <time>2010-07-31T05:20:44Z</time>
</trkpt>
<trkpt lat="53.233215334" lon="48.928085295">
  <ele>124.384003</ele>
  <time>2010-07-31T05:20:45Z</time>
</trkpt>
<trkpt lat="53.233264955" lon="48.928379081">
  <ele>124.411003</ele>
  <time>2010-07-31T05:20:46Z</time>
</trkpt>
<trkpt lat="53.233310720" lon="48.928672783">
  <ele>124.280998</ele>
  <time>2010-07-31T05:20:47Z</time>
</trkpt>
<trkpt lat="53.233360257" lon="48.928962713">
  <ele>124.233002</ele>
  <time>2010-07-31T05:20:48Z</time>
</trkpt>
<trkpt lat="53.233409878" lon="48.929245016">
  <ele>123.875000</ele>
  <time>2010-07-31T05:20:49Z</time>
</trkpt>
<trkpt lat="53.233459499" lon="48.929527318">
  <ele>123.695999</ele>
  <time>2010-07-31T05:20:50Z</time>
</trkpt>
<trkpt lat="53.233509036" lon="48.929805765">
  <ele>123.323997</ele>
  <time>2010-07-31T05:20:51Z</time>
</trkpt>
<trkpt lat="53.233554801" lon="48.930091839">
  <ele>123.321999</ele>
  <time>2010-07-31T05:20:52Z</time>
</trkpt>
<trkpt lat="53.233600650" lon="48.930374142">
  <ele>123.287003</ele>
  <time>2010-07-31T05:20:53Z</time>
</trkpt>
<trkpt lat="53.233646415" lon="48.930660216">
  <ele>123.251999</ele>
  <time>2010-07-31T05:20:54Z</time>
</trkpt>
<trkpt lat="53.233688325" lon="48.930934891">
  <ele>123.124001</ele>
  <time>2010-07-31T05:20:55Z</time>
</trkpt>
<trkpt lat="53.233722690" lon="48.931201939">
  <ele>123.042999</ele>
  <time>2010-07-31T05:20:56Z</time>
</trkpt>
<trkpt lat="53.233760828" lon="48.931415593">
  <ele>122.746002</ele>
  <time>2010-07-31T05:20:57Z</time>
</trkpt>
<trkpt lat="53.233787566" lon="48.931579627">
  <ele>122.599998</ele>
  <time>2010-07-31T05:20:58Z</time>
</trkpt>
<trkpt lat="53.233791338" lon="48.931652047">
  <ele>123.054001</ele>
  <time>2010-07-31T05:20:59Z</time>
</trkpt>
<trkpt lat="53.233783711" lon="48.931705439">
  <ele>123.559998</ele>
  <time>2010-07-31T05:21:00Z</time>
</trkpt>
<trkpt lat="53.233768456" lon="48.931739805">
  <ele>122.995003</ele>
  <time>2010-07-31T05:21:01Z</time>
</trkpt>
<trkpt lat="53.233737946" lon="48.931751288">
  <ele>122.747002</ele>
  <time>2010-07-31T05:21:02Z</time>
</trkpt>
<trkpt lat="53.233699808" lon="48.931743661">
  <ele>122.511002</ele>
  <time>2010-07-31T05:21:03Z</time>
</trkpt>
<trkpt lat="53.233665442" lon="48.931736033">
  <ele>121.848000</ele>
  <time>2010-07-31T05:21:04Z</time>
</trkpt>
<trkpt lat="53.233634932" lon="48.931728322">
  <ele>121.439003</ele>
  <time>2010-07-31T05:21:05Z</time>
</trkpt>
<trkpt lat="53.233604422" lon="48.931716923">
  <ele>121.309998</ele>
  <time>2010-07-31T05:21:06Z</time>
</trkpt>
<trkpt lat="53.233573912" lon="48.931709295">
  <ele>121.500000</ele>
  <time>2010-07-31T05:21:07Z</time>
</trkpt>
<trkpt lat="53.233539546" lon="48.931694040">
  <ele>121.560997</ele>
  <time>2010-07-31T05:21:08Z</time>
</trkpt>
<trkpt lat="53.233501408" lon="48.931678785">
  <ele>121.664001</ele>
  <time>2010-07-31T05:21:09Z</time>
</trkpt>
<trkpt lat="53.233459499" lon="48.931663530">
  <ele>121.570000</ele>
  <time>2010-07-31T05:21:10Z</time>
</trkpt>
<trkpt lat="53.233421361" lon="48.931640647">
  <ele>121.696999</ele>
  <time>2010-07-31T05:21:11Z</time>
</trkpt>
<trkpt lat="53.233383140" lon="48.931621537">
  <ele>121.849998</ele>
  <time>2010-07-31T05:21:12Z</time>
</trkpt>
<trkpt lat="53.233348858" lon="48.931602510">
  <ele>121.818001</ele>
  <time>2010-07-31T05:21:13Z</time>
</trkpt>
<trkpt lat="53.233322119" lon="48.931594882">
  <ele>121.714996</ele>
  <time>2010-07-31T05:21:14Z</time>
</trkpt>
<trkpt lat="53.233295465" lon="48.931583399">
  <ele>121.587997</ele>
  <time>2010-07-31T05:21:15Z</time>
</trkpt>
<trkpt lat="53.233268727" lon="48.931575771">
  <ele>122.015999</ele>
  <time>2010-07-31T05:21:16Z</time>
</trkpt>
<trkpt lat="53.233245844" lon="48.931568144">
  <ele>121.761002</ele>
  <time>2010-07-31T05:21:17Z</time>
</trkpt>
<trkpt lat="53.233226817" lon="48.931556661">
  <ele>121.750000</ele>
  <time>2010-07-31T05:21:18Z</time>
</trkpt>
<trkpt lat="53.233203851" lon="48.931545261">
  <ele>121.867996</ele>
  <time>2010-07-31T05:21:19Z</time>
</trkpt>
<trkpt lat="53.233184824" lon="48.931533778">
  <ele>121.925003</ele>
  <time>2010-07-31T05:21:20Z</time>
</trkpt>
<trkpt lat="53.233169569" lon="48.931533778">
  <ele>121.764999</ele>
  <time>2010-07-31T05:21:21Z</time>
</trkpt>
</trkseg>
</trk>
</gpx>
