<?xml version="1.0" encoding="UTF-8"?>
<gpx
  version="1.0"
  creator="GPSBabel - http://www.gpsbabel.org"
  xmlns:xsi="http://www.w3.org/2001/XMLSchema-instance"
  xmlns="http://www.topografix.com/GPX/1/0"
  xsi:schemaLocation="http://www.topografix.com/GPX/1/0 http://www.topografix.com/GPX/1/0/gpx.xsd">
<time>2026-09-09T10:26:07Z</time>
<bounds minlat="53.541210210" minlon="50.502136219" maxlat="54.127944941" maxlon="52.573715206"/>
<trk>
  <name>Track 000</name>
<trkseg>
<trkpt lat="53.541210210" lon="50.502136219">
  <ele>47.755001</ele>
  <time>2010-07-31T07:27:48Z</time>
</trkpt>
<trkpt lat="53.541221609" lon="50.502159102">
  <ele>47.599998</ele>
  <time>2010-07-31T07:27:49Z</time>
</trkpt>
<trkpt lat="53.541236864" lon="50.502193468">
  <ele>47.555000</ele>
  <time>2010-07-31T07:27:50Z</time>
</trkpt>
<trkpt lat="53.541255975" lon="50.502243005">
  <ele>47.743999</ele>
  <time>2010-07-31T07:27:51Z</time>
</trkpt>
<trkpt lat="53.541275002" lon="50.502288854">
  <ele>47.900002</ele>
  <time>2010-07-31T07:27:52Z</time>
</trkpt>
<trkpt lat="53.541297885" lon="50.502338391">
  <ele>48.048000</ele>
  <time>2010-07-31T07:27:53Z</time>
</trkpt>
<trkpt lat="53.541324623" lon="50.502399411">
  <ele>47.923000</ele>
  <time>2010-07-31T07:27:54Z</time>
</trkpt>
<trkpt lat="53.541362761" lon="50.502475770">
  <ele>48.033001</ele>
  <time>2010-07-31T07:27:55Z</time>
</trkpt>
<trkpt lat="53.541408526" lon="50.502567301">
  <ele>48.113998</ele>
  <time>2010-07-31T07:27:56Z</time>
</trkpt>
<trkpt lat="53.541461919" lon="50.502681714">
  <ele>48.214001</ele>
  <time>2010-07-31T07:27:57Z</time>
</trkpt>
<trkpt lat="53.541522939" lon="50.502807610">
  <ele>48.187000</ele>
  <time>2010-07-31T07:27:58Z</time>
</trkpt>
<trkpt lat="53.541591670" lon="50.502956389">
  <ele>48.233002</ele>
  <time>2010-07-31T07:27:59Z</time>
</trkpt>
<trkpt lat="53.541667946" lon="50.503128050">
  <ele>48.344002</ele>
  <time>2010-07-31T07:28:00Z</time>
</trkpt>
<trkpt lat="53.541748077" lon="50.503311194">
  <ele>48.299999</ele>
  <time>2010-07-31T07:28:01Z</time>
</trkpt>
<trkpt lat="53.541831980" lon="50.503505738">
  <ele>48.349998</ele>
  <time>2010-07-31T07:28:02Z</time>
</trkpt>
<trkpt lat="53.541919738" lon="50.503707910">
  <ele>48.397999</ele>
  <time>2010-07-31T07:28:03Z</time>
</trkpt>
<trkpt lat="53.542015040" lon="50.503921481">
  <ele>48.511002</ele>
  <time>2010-07-31T07:28:04Z</time>
</trkpt>
<trkpt lat="53.542110426" lon="50.504146535">
  <ele>48.618000</ele>
  <time>2010-07-31T07:28:05Z</time>
</trkpt>
<trkpt lat="53.542209584" lon="50.504383072">
  <ele>48.519001</ele>
  <time>2010-07-31T07:28:06Z</time>
</trkpt>
<trkpt lat="53.542316454" lon="50.504623381">
  <ele>48.655998</ele>
  <time>2010-07-31T07:28:07Z</time>
</trkpt>
<trkpt lat="53.542423239" lon="50.504875174">
  <ele>48.560001</ele>
  <time>2010-07-31T07:28:08Z</time>
</trkpt>
<trkpt lat="53.542537652" lon="50.505134594">
  <ele>48.677002</ele>
  <time>2010-07-31T07:28:09Z</time>
</trkpt>
<trkpt lat="53.542652149" lon="50.505401641">
  <ele>48.748001</ele>
  <time>2010-07-31T07:28:10Z</time>
</trkpt>
<trkpt lat="53.542774189" lon="50.505672460">
  <ele>48.611000</ele>
  <time>2010-07-31T07:28:11Z</time>
</trkpt>
<trkpt lat="53.542896230" lon="50.505958535">
  <ele>48.460999</ele>
  <time>2010-07-31T07:28:12Z</time>
</trkpt>
<trkpt lat="53.543022126" lon="50.506248465">
  <ele>48.304001</ele>
  <time>2010-07-31T07:28:13Z</time>
</trkpt>
<trkpt lat="53.543151878" lon="50.506542167">
  <ele>48.157001</ele>
  <time>2010-07-31T07:28:14Z</time>
</trkpt>
<trkpt lat="53.543277774" lon="50.506839724">
  <ele>48.056999</ele>
  <time>2010-07-31T07:28:15Z</time>
</trkpt>
<trkpt lat="53.543407442" lon="50.507144909">
  <ele>48.247002</ele>
  <time>2010-07-31T07:28:16Z</time>
</trkpt>
<trkpt lat="53.543540966" lon="50.507450094">
  <ele>48.477001</ele>
  <time>2010-07-31T07:28:17Z</time>
</trkpt>
<trkpt lat="53.543674489" lon="50.507766763">
  <ele>48.706001</ele>
  <time>2010-07-31T07:28:18Z</time>
</trkpt>
<trkpt lat="53.543811785" lon="50.508083347">
  <ele>48.921001</ele>
  <time>2010-07-31T07:28:19Z</time>
</trkpt>
<trkpt lat="53.543949164" lon="50.508399932">
  <ele>48.855999</ele>
  <time>2010-07-31T07:28:20Z</time>
</trkpt>
<trkpt lat="53.544086460" lon="50.508724228">
  <ele>49.007999</ele>
  <time>2010-07-31T07:28:21Z</time>
</trkpt>
<trkpt lat="53.544227611" lon="50.509052295">
  <ele>49.228001</ele>
  <time>2010-07-31T07:28:22Z</time>
</trkpt>
<trkpt lat="53.544368763" lon="50.509384135">
  <ele>49.270000</ele>
  <time>2010-07-31T07:28:23Z</time>
</trkpt>
<trkpt lat="53.544513686" lon="50.509712202">
  <ele>49.574001</ele>
  <time>2010-07-31T07:28:24Z</time>
</trkpt>
<trkpt lat="53.544658693" lon="50.510047898">
  <ele>49.547001</ele>
  <time>2010-07-31T07:28:25Z</time>
</trkpt>
<trkpt lat="53.544803616" lon="50.510383593">
  <ele>49.519001</ele>
  <time>2010-07-31T07:28:26Z</time>
</trkpt>
<trkpt lat="53.544948539" lon="50.510726916">
  <ele>49.438000</ele>
  <time>2010-07-31T07:28:27Z</time>
</trkpt>
<trkpt lat="53.545101173" lon="50.511070238">
  <ele>49.609001</ele>
  <time>2010-07-31T07:28:28Z</time>
</trkpt>
<trkpt lat="53.545249952" lon="50.511413561">
  <ele>49.783001</ele>
  <time>2010-07-31T07:28:29Z</time>
</trkpt>
<trkpt lat="53.545402503" lon="50.511756884">
  <ele>49.660000</ele>
  <time>2010-07-31T07:28:30Z</time>
</trkpt>
<trkpt lat="53.545551281" lon="50.512100207">
  <ele>49.803001</ele>
  <time>2010-07-31T07:28:31Z</time>
</trkpt>
<trkpt lat="53.545700060" lon="50.512443529">
  <ele>49.747002</ele>
  <time>2010-07-31T07:28:32Z</time>
</trkpt>
<trkpt lat="53.545848839" lon="50.512790708">
  <ele>49.547001</ele>
  <time>2010-07-31T07:28:33Z</time>
</trkpt>
<trkpt lat="53.545993846" lon="50.513134031">
  <ele>49.305000</ele>
  <time>2010-07-31T07:28:34Z</time>
</trkpt>
<trkpt lat="53.546142541" lon="50.513473498">
  <ele>49.299000</ele>
  <time>2010-07-31T07:28:35Z</time>
</trkpt>
<trkpt lat="53.546291320" lon="50.513816820">
  <ele>49.387001</ele>
  <time>2010-07-31T07:28:36Z</time>
</trkpt>
<trkpt lat="53.546440098" lon="50.514156371">
  <ele>49.595001</ele>
  <time>2010-07-31T07:28:37Z</time>
</trkpt>
<trkpt lat="53.546585105" lon="50.514492067">
  <ele>49.693001</ele>
  <time>2010-07-31T07:28:38Z</time>
</trkpt>
<trkpt lat="53.546726257" lon="50.514827762">
  <ele>49.639000</ele>
  <time>2010-07-31T07:28:39Z</time>
</trkpt>
<trkpt lat="53.546871180" lon="50.515159601">
  <ele>49.553001</ele>
  <time>2010-07-31T07:28:40Z</time>
</trkpt>
<trkpt lat="53.547012331" lon="50.515491525">
  <ele>49.465000</ele>
  <time>2010-07-31T07:28:41Z</time>
</trkpt>
<trkpt lat="53.547153482" lon="50.515819509">
  <ele>49.436001</ele>
  <time>2010-07-31T07:28:42Z</time>
</trkpt>
<trkpt lat="53.547294633" lon="50.516147576">
  <ele>49.294998</ele>
  <time>2010-07-31T07:28:43Z</time>
</trkpt>
<trkpt lat="53.547435785" lon="50.516475644">
  <ele>49.035000</ele>
  <time>2010-07-31T07:28:44Z</time>
</trkpt>
<trkpt lat="53.547576936" lon="50.516803712">
  <ele>48.820999</ele>
  <time>2010-07-31T07:28:45Z</time>
</trkpt>
<trkpt lat="53.547721859" lon="50.517131779">
  <ele>48.608002</ele>
  <time>2010-07-31T07:28:46Z</time>
</trkpt>
<trkpt lat="53.547863010" lon="50.517463703">
  <ele>48.617001</ele>
  <time>2010-07-31T07:28:47Z</time>
</trkpt>
<trkpt lat="53.548004162" lon="50.517795542">
  <ele>48.404999</ele>
  <time>2010-07-31T07:28:48Z</time>
</trkpt>
<trkpt lat="53.548145313" lon="50.518123610">
  <ele>48.352001</ele>
  <time>2010-07-31T07:28:49Z</time>
</trkpt>
<trkpt lat="53.548286464" lon="50.518455533">
  <ele>48.338001</ele>
  <time>2010-07-31T07:28:50Z</time>
</trkpt>
<trkpt lat="53.548431387" lon="50.518787373">
  <ele>48.266998</ele>
  <time>2010-07-31T07:28:51Z</time>
</trkpt>
<trkpt lat="53.548576394" lon="50.519115441">
  <ele>48.140999</ele>
  <time>2010-07-31T07:28:52Z</time>
</trkpt>
<trkpt lat="53.548717462" lon="50.519443508">
  <ele>47.931000</ele>
  <time>2010-07-31T07:28:53Z</time>
</trkpt>
<trkpt lat="53.548862468" lon="50.519767720">
  <ele>47.554001</ele>
  <time>2010-07-31T07:28:54Z</time>
</trkpt>
<trkpt lat="53.549007392" lon="50.520095788">
  <ele>47.575001</ele>
  <time>2010-07-31T07:28:55Z</time>
</trkpt>
<trkpt lat="53.549148543" lon="50.520420084">
  <ele>47.535999</ele>
  <time>2010-07-31T07:28:56Z</time>
</trkpt>
<trkpt lat="53.549289694" lon="50.520751923">
  <ele>47.691002</ele>
  <time>2010-07-31T07:28:57Z</time>
</trkpt>
<trkpt lat="53.549430845" lon="50.521087619">
  <ele>47.490002</ele>
  <time>2010-07-31T07:28:58Z</time>
</trkpt>
<trkpt lat="53.549571997" lon="50.521419542">
  <ele>47.015999</ele>
  <time>2010-07-31T07:28:59Z</time>
</trkpt>
<trkpt lat="53.549713148" lon="50.521755237">
  <ele>46.499001</ele>
  <time>2010-07-31T07:29:00Z</time>
</trkpt>
<trkpt lat="53.549858071" lon="50.522087077">
  <ele>46.102001</ele>
  <time>2010-07-31T07:29:01Z</time>
</trkpt>
<trkpt lat="53.550003078" lon="50.522422772">
  <ele>45.835999</ele>
  <time>2010-07-31T07:29:02Z</time>
</trkpt>
<trkpt lat="53.550144229" lon="50.522758467">
  <ele>45.780998</ele>
  <time>2010-07-31T07:29:03Z</time>
</trkpt>
<trkpt lat="53.550289152" lon="50.523094162">
  <ele>45.813000</ele>
  <time>2010-07-31T07:29:04Z</time>
</trkpt>
<trkpt lat="53.550434075" lon="50.523429858">
  <ele>45.639000</ele>
  <time>2010-07-31T07:29:05Z</time>
</trkpt>
<trkpt lat="53.550579082" lon="50.523761781">
  <ele>45.250000</ele>
  <time>2010-07-31T07:29:06Z</time>
</trkpt>
<trkpt lat="53.550724005" lon="50.524093620">
  <ele>44.759998</ele>
  <time>2010-07-31T07:29:07Z</time>
</trkpt>
<trkpt lat="53.550869012" lon="50.524429316">
  <ele>44.598000</ele>
  <time>2010-07-31T07:29:08Z</time>
</trkpt>
<trkpt lat="53.551013935" lon="50.524765011">
  <ele>44.573002</ele>
  <time>2010-07-31T07:29:09Z</time>
</trkpt>
<trkpt lat="53.551162714" lon="50.525100706">
  <ele>44.615002</ele>
  <time>2010-07-31T07:29:10Z</time>
</trkpt>
<trkpt lat="53.551307637" lon="50.525436401">
  <ele>44.494999</ele>
  <time>2010-07-31T07:29:11Z</time>
</trkpt>
<trkpt lat="53.551456416" lon="50.525768241">
  <ele>44.278999</ele>
  <time>2010-07-31T07:29:12Z</time>
</trkpt>
<trkpt lat="53.551601423" lon="50.526103936">
  <ele>43.986000</ele>
  <time>2010-07-31T07:29:13Z</time>
</trkpt>
<trkpt lat="53.551746346" lon="50.526435860">
  <ele>43.898998</ele>
  <time>2010-07-31T07:29:14Z</time>
</trkpt>
<trkpt lat="53.551891353" lon="50.526767699">
  <ele>43.858002</ele>
  <time>2010-07-31T07:29:15Z</time>
</trkpt>
<trkpt lat="53.552032504" lon="50.527099622">
  <ele>43.803001</ele>
  <time>2010-07-31T07:29:16Z</time>
</trkpt>
<trkpt lat="53.552173655" lon="50.527427690">
  <ele>43.671001</ele>
  <time>2010-07-31T07:29:17Z</time>
</trkpt>
<trkpt lat="53.552314723" lon="50.527755758">
  <ele>43.830002</ele>
  <time>2010-07-31T07:29:18Z</time>
</trkpt>
<trkpt lat="53.552459730" lon="50.528087597">
  <ele>43.832001</ele>
  <time>2010-07-31T07:29:19Z</time>
</trkpt>
<trkpt lat="53.552600881" lon="50.528415665">
  <ele>43.851002</ele>
  <time>2010-07-31T07:29:20Z</time>
</trkpt>
<trkpt lat="53.552745804" lon="50.528743733">
  <ele>43.695000</ele>
  <time>2010-07-31T07:29:21Z</time>
</trkpt>
<trkpt lat="53.552890811" lon="50.529071800">
  <ele>43.477001</ele>
  <time>2010-07-31T07:29:22Z</time>
</trkpt>
<trkpt lat="53.553031962" lon="50.529407496">
  <ele>43.417999</ele>
  <time>2010-07-31T07:29:23Z</time>
</trkpt>
<trkpt lat="53.553176885" lon="50.529739419">
  <ele>43.244999</ele>
  <time>2010-07-31T07:29:24Z</time>
</trkpt>
<trkpt lat="53.553321809" lon="50.530075114">
  <ele>43.345001</ele>
  <time>2010-07-31T07:29:25Z</time>
</trkpt>
<trkpt lat="53.553466816" lon="50.530410726">
  <ele>43.361000</ele>
  <time>2010-07-31T07:29:26Z</time>
</trkpt>
<trkpt lat="53.553611739" lon="50.530746421">
  <ele>43.366001</ele>
  <time>2010-07-31T07:29:27Z</time>
</trkpt>
<trkpt lat="53.553756746" lon="50.531082116">
  <ele>43.379002</ele>
  <time>2010-07-31T07:29:28Z</time>
</trkpt>
<trkpt lat="53.553901669" lon="50.531421667">
  <ele>43.394001</ele>
  <time>2010-07-31T07:29:29Z</time>
</trkpt>
<trkpt lat="53.554046592" lon="50.531764990">
  <ele>43.403999</ele>
  <time>2010-07-31T07:29:30Z</time>
</trkpt>
<trkpt lat="53.554191599" lon="50.532104457">
  <ele>43.750999</ele>
  <time>2010-07-31T07:29:31Z</time>
</trkpt>
<trkpt lat="53.554336522" lon="50.532440152">
  <ele>43.780998</ele>
  <time>2010-07-31T07:29:32Z</time>
</trkpt>
<trkpt lat="53.554485301" lon="50.532783475">
  <ele>43.772999</ele>
  <time>2010-07-31T07:29:33Z</time>
</trkpt>
<trkpt lat="53.554630307" lon="50.533123026">
  <ele>43.988998</ele>
  <time>2010-07-31T07:29:34Z</time>
</trkpt>
<trkpt lat="53.554779086" lon="50.533462493">
  <ele>44.085999</ele>
  <time>2010-07-31T07:29:35Z</time>
</trkpt>
<trkpt lat="53.554927865" lon="50.533805816">
  <ele>43.994999</ele>
  <time>2010-07-31T07:29:36Z</time>
</trkpt>
<trkpt lat="53.555072788" lon="50.534145366">
  <ele>44.139999</ele>
  <time>2010-07-31T07:29:37Z</time>
</trkpt>
<trkpt lat="53.555221567" lon="50.534484833">
  <ele>44.366001</ele>
  <time>2010-07-31T07:29:38Z</time>
</trkpt>
<trkpt lat="53.555366490" lon="50.534824384">
  <ele>44.439999</ele>
  <time>2010-07-31T07:29:39Z</time>
</trkpt>
<trkpt lat="53.555515269" lon="50.535163851">
  <ele>44.500000</ele>
  <time>2010-07-31T07:29:40Z</time>
</trkpt>
<trkpt lat="53.555660276" lon="50.535503402">
  <ele>44.553001</ele>
  <time>2010-07-31T07:29:41Z</time>
</trkpt>
<trkpt lat="53.555809055" lon="50.535842869">
  <ele>44.675999</ele>
  <time>2010-07-31T07:29:42Z</time>
</trkpt>
<trkpt lat="53.555953978" lon="50.536178565">
  <ele>44.779999</ele>
  <time>2010-07-31T07:29:43Z</time>
</trkpt>
<trkpt lat="53.556098901" lon="50.536514260">
  <ele>44.955002</ele>
  <time>2010-07-31T07:29:44Z</time>
</trkpt>
<trkpt lat="53.556240052" lon="50.536846183">
  <ele>45.077000</ele>
  <time>2010-07-31T07:29:45Z</time>
</trkpt>
<trkpt lat="53.556385059" lon="50.537170395">
  <ele>45.380001</ele>
  <time>2010-07-31T07:29:46Z</time>
</trkpt>
<trkpt lat="53.556522354" lon="50.537498463">
  <ele>45.560001</ele>
  <time>2010-07-31T07:29:47Z</time>
</trkpt>
<trkpt lat="53.556663506" lon="50.537818903">
  <ele>45.806999</ele>
  <time>2010-07-31T07:29:48Z</time>
</trkpt>
<trkpt lat="53.556800801" lon="50.538139343">
  <ele>45.787998</ele>
  <time>2010-07-31T07:29:49Z</time>
</trkpt>
<trkpt lat="53.556938181" lon="50.538459783">
  <ele>45.965000</ele>
  <time>2010-07-31T07:29:50Z</time>
</trkpt>
<trkpt lat="53.557071704" lon="50.538776368">
  <ele>46.263000</ele>
  <time>2010-07-31T07:29:51Z</time>
</trkpt>
<trkpt lat="53.557205228" lon="50.539096808">
  <ele>46.341000</ele>
  <time>2010-07-31T07:29:52Z</time>
</trkpt>
<trkpt lat="53.557334896" lon="50.539413476">
  <ele>46.431999</ele>
  <time>2010-07-31T07:29:53Z</time>
</trkpt>
<trkpt lat="53.557468420" lon="50.539730061">
  <ele>46.750999</ele>
  <time>2010-07-31T07:29:54Z</time>
</trkpt>
<trkpt lat="53.557601944" lon="50.540042873">
  <ele>46.916000</ele>
  <time>2010-07-31T07:29:55Z</time>
</trkpt>
<trkpt lat="53.557735467" lon="50.540351830">
  <ele>46.848000</ele>
  <time>2010-07-31T07:29:56Z</time>
</trkpt>
<trkpt lat="53.557868991" lon="50.540660871">
  <ele>46.861000</ele>
  <time>2010-07-31T07:29:57Z</time>
</trkpt>
<trkpt lat="53.558002431" lon="50.540973684">
  <ele>47.021000</ele>
  <time>2010-07-31T07:29:58Z</time>
</trkpt>
<trkpt lat="53.558139810" lon="50.541282641">
  <ele>47.240002</ele>
  <time>2010-07-31T07:29:59Z</time>
</trkpt>
<trkpt lat="53.558273334" lon="50.541595453">
  <ele>47.437000</ele>
  <time>2010-07-31T07:30:00Z</time>
</trkpt>
<trkpt lat="53.558406858" lon="50.541912038">
  <ele>47.487999</ele>
  <time>2010-07-31T07:30:01Z</time>
</trkpt>
<trkpt lat="53.558540381" lon="50.542228706">
  <ele>47.435001</ele>
  <time>2010-07-31T07:30:02Z</time>
</trkpt>
<trkpt lat="53.558677677" lon="50.542545291">
  <ele>47.316002</ele>
  <time>2010-07-31T07:30:03Z</time>
</trkpt>
<trkpt lat="53.558818828" lon="50.542858103">
  <ele>47.105999</ele>
  <time>2010-07-31T07:30:04Z</time>
</trkpt>
<trkpt lat="53.558959980" lon="50.543167144">
  <ele>47.061001</ele>
  <time>2010-07-31T07:30:05Z</time>
</trkpt>
<trkpt lat="53.559101131" lon="50.543483729">
  <ele>47.116001</ele>
  <time>2010-07-31T07:30:06Z</time>
</trkpt>
<trkpt lat="53.559242282" lon="50.543804169">
  <ele>46.790001</ele>
  <time>2010-07-31T07:30:07Z</time>
</trkpt>
<trkpt lat="53.559379578" lon="50.544132236">
  <ele>46.846001</ele>
  <time>2010-07-31T07:30:08Z</time>
</trkpt>
<trkpt lat="53.559516873" lon="50.544456448">
  <ele>46.592999</ele>
  <time>2010-07-31T07:30:09Z</time>
</trkpt>
<trkpt lat="53.559658024" lon="50.544788372">
  <ele>46.435001</ele>
  <time>2010-07-31T07:30:10Z</time>
</trkpt>
<trkpt lat="53.559795404" lon="50.545120211">
  <ele>46.317001</ele>
  <time>2010-07-31T07:30:11Z</time>
</trkpt>
<trkpt lat="53.559936555" lon="50.545448279">
  <ele>46.120998</ele>
  <time>2010-07-31T07:30:12Z</time>
</trkpt>
<trkpt lat="53.560073851" lon="50.545783974">
  <ele>45.993999</ele>
  <time>2010-07-31T07:30:13Z</time>
</trkpt>
<trkpt lat="53.560211146" lon="50.546123525">
  <ele>46.042000</ele>
  <time>2010-07-31T07:30:14Z</time>
</trkpt>
<trkpt lat="53.560348526" lon="50.546462992">
  <ele>45.894001</ele>
  <time>2010-07-31T07:30:15Z</time>
</trkpt>
<trkpt lat="53.560485821" lon="50.546802543">
  <ele>45.936001</ele>
  <time>2010-07-31T07:30:16Z</time>
</trkpt>
<trkpt lat="53.560619345" lon="50.547145866">
  <ele>45.995998</ele>
  <time>2010-07-31T07:30:17Z</time>
</trkpt>
<trkpt lat="53.560752869" lon="50.547489189">
  <ele>46.134998</ele>
  <time>2010-07-31T07:30:18Z</time>
</trkpt>
<trkpt lat="53.560882537" lon="50.547836283">
  <ele>46.148998</ele>
  <time>2010-07-31T07:30:19Z</time>
</trkpt>
<trkpt lat="53.561016060" lon="50.548183462">
  <ele>46.335999</ele>
  <time>2010-07-31T07:30:20Z</time>
</trkpt>
<trkpt lat="53.561141957" lon="50.548530556">
  <ele>46.337002</ele>
  <time>2010-07-31T07:30:21Z</time>
</trkpt>
<trkpt lat="53.561271708" lon="50.548881507">
  <ele>46.430000</ele>
  <time>2010-07-31T07:30:22Z</time>
</trkpt>
<trkpt lat="53.561397521" lon="50.549232457">
  <ele>46.251999</ele>
  <time>2010-07-31T07:30:23Z</time>
</trkpt>
<trkpt lat="53.561523417" lon="50.549587263">
  <ele>46.290001</ele>
  <time>2010-07-31T07:30:24Z</time>
</trkpt>
<trkpt lat="53.561645541" lon="50.549938213">
  <ele>46.181000</ele>
  <time>2010-07-31T07:30:25Z</time>
</trkpt>
<trkpt lat="53.561771354" lon="50.550296791">
  <ele>45.863998</ele>
  <time>2010-07-31T07:30:26Z</time>
</trkpt>
<trkpt lat="53.561893478" lon="50.550651513">
  <ele>45.657001</ele>
  <time>2010-07-31T07:30:27Z</time>
</trkpt>
<trkpt lat="53.562011747" lon="50.551010091">
  <ele>45.374001</ele>
  <time>2010-07-31T07:30:28Z</time>
</trkpt>
<trkpt lat="53.562133787" lon="50.551364897">
  <ele>44.911999</ele>
  <time>2010-07-31T07:30:29Z</time>
</trkpt>
<trkpt lat="53.562252056" lon="50.551719703">
  <ele>44.587002</ele>
  <time>2010-07-31T07:30:30Z</time>
</trkpt>
<trkpt lat="53.562370325" lon="50.552070653">
  <ele>44.130001</ele>
  <time>2010-07-31T07:30:31Z</time>
</trkpt>
<trkpt lat="53.562492365" lon="50.552425375">
  <ele>43.799999</ele>
  <time>2010-07-31T07:30:32Z</time>
</trkpt>
<trkpt lat="53.562610634" lon="50.552776325">
  <ele>43.448002</ele>
  <time>2010-07-31T07:30:33Z</time>
</trkpt>
<trkpt lat="53.562732674" lon="50.553131131">
  <ele>43.298000</ele>
  <time>2010-07-31T07:30:34Z</time>
</trkpt>
<trkpt lat="53.562854799" lon="50.553482082">
  <ele>42.863998</ele>
  <time>2010-07-31T07:30:35Z</time>
</trkpt>
<trkpt lat="53.562976839" lon="50.553833032">
  <ele>42.568001</ele>
  <time>2010-07-31T07:30:36Z</time>
</trkpt>
<trkpt lat="53.563098880" lon="50.554183982">
  <ele>42.417999</ele>
  <time>2010-07-31T07:30:37Z</time>
</trkpt>
<trkpt lat="53.563221004" lon="50.554534933">
  <ele>42.188999</ele>
  <time>2010-07-31T07:30:38Z</time>
</trkpt>
<trkpt lat="53.563343044" lon="50.554889655">
  <ele>41.928001</ele>
  <time>2010-07-31T07:30:39Z</time>
</trkpt>
<trkpt lat="53.563461313" lon="50.555240605">
  <ele>41.741001</ele>
  <time>2010-07-31T07:30:40Z</time>
</trkpt>
<trkpt lat="53.563583354" lon="50.555591555">
  <ele>41.597000</ele>
  <time>2010-07-31T07:30:41Z</time>
</trkpt>
<trkpt lat="53.563701622" lon="50.555946361">
  <ele>41.562000</ele>
  <time>2010-07-31T07:30:42Z</time>
</trkpt>
<trkpt lat="53.563823663" lon="50.556293456">
  <ele>41.580002</ele>
  <time>2010-07-31T07:30:43Z</time>
</trkpt>
<trkpt lat="53.563941931" lon="50.556644406">
  <ele>41.391998</ele>
  <time>2010-07-31T07:30:44Z</time>
</trkpt>
<trkpt lat="53.564064056" lon="50.556991585">
  <ele>41.530998</ele>
  <time>2010-07-31T07:30:45Z</time>
</trkpt>
<trkpt lat="53.564182241" lon="50.557338679">
  <ele>41.595001</ele>
  <time>2010-07-31T07:30:46Z</time>
</trkpt>
<trkpt lat="53.564300509" lon="50.557685858">
  <ele>41.518002</ele>
  <time>2010-07-31T07:30:47Z</time>
</trkpt>
<trkpt lat="53.564418778" lon="50.558032952">
  <ele>41.451000</ele>
  <time>2010-07-31T07:30:48Z</time>
</trkpt>
<trkpt lat="53.564537046" lon="50.558380131">
  <ele>41.405998</ele>
  <time>2010-07-31T07:30:49Z</time>
</trkpt>
<trkpt lat="53.564655315" lon="50.558727225">
  <ele>41.299000</ele>
  <time>2010-07-31T07:30:50Z</time>
</trkpt>
<trkpt lat="53.564773584" lon="50.559074404">
  <ele>41.366001</ele>
  <time>2010-07-31T07:30:51Z</time>
</trkpt>
<trkpt lat="53.564891852" lon="50.559417726">
  <ele>41.410999</ele>
  <time>2010-07-31T07:30:52Z</time>
</trkpt>
<trkpt lat="53.565010037" lon="50.559761049">
  <ele>41.351002</ele>
  <time>2010-07-31T07:30:53Z</time>
</trkpt>
<trkpt lat="53.565132162" lon="50.560108144">
  <ele>41.382999</ele>
  <time>2010-07-31T07:30:54Z</time>
</trkpt>
<trkpt lat="53.565246575" lon="50.560447695">
  <ele>41.602001</ele>
  <time>2010-07-31T07:30:55Z</time>
</trkpt>
<trkpt lat="53.565364843" lon="50.560791017">
  <ele>41.837002</ele>
  <time>2010-07-31T07:30:56Z</time>
</trkpt>
<trkpt lat="53.565483112" lon="50.561134340">
  <ele>41.852001</ele>
  <time>2010-07-31T07:30:57Z</time>
</trkpt>
<trkpt lat="53.565601381" lon="50.561473807">
  <ele>41.859001</ele>
  <time>2010-07-31T07:30:58Z</time>
</trkpt>
<trkpt lat="53.565715794" lon="50.561813358">
  <ele>41.908001</ele>
  <time>2010-07-31T07:30:59Z</time>
</trkpt>
<trkpt lat="53.565830206" lon="50.562156681">
  <ele>42.183998</ele>
  <time>2010-07-31T07:31:00Z</time>
</trkpt>
<trkpt lat="53.565948475" lon="50.562500004">
  <ele>42.563000</ele>
  <time>2010-07-31T07:31:01Z</time>
</trkpt>
<trkpt lat="53.566062888" lon="50.562843326">
  <ele>42.910999</ele>
  <time>2010-07-31T07:31:02Z</time>
</trkpt>
<trkpt lat="53.566177385" lon="50.563179022">
  <ele>43.134998</ele>
  <time>2010-07-31T07:31:03Z</time>
</trkpt>
<trkpt lat="53.566291798" lon="50.563518489">
  <ele>43.389999</ele>
  <time>2010-07-31T07:31:04Z</time>
</trkpt>
<trkpt lat="53.566410067" lon="50.563858040">
  <ele>43.740002</ele>
  <time>2010-07-31T07:31:05Z</time>
</trkpt>
<trkpt lat="53.566528335" lon="50.564201362">
  <ele>44.027000</ele>
  <time>2010-07-31T07:31:06Z</time>
</trkpt>
<trkpt lat="53.566638976" lon="50.564537058">
  <ele>44.396999</ele>
  <time>2010-07-31T07:31:07Z</time>
</trkpt>
<trkpt lat="53.566753389" lon="50.564872753">
  <ele>44.875999</ele>
  <time>2010-07-31T07:31:08Z</time>
</trkpt>
<trkpt lat="53.566867802" lon="50.565204592">
  <ele>45.191002</ele>
  <time>2010-07-31T07:31:09Z</time>
</trkpt>
<trkpt lat="53.566982299" lon="50.565536516">
  <ele>45.418999</ele>
  <time>2010-07-31T07:31:10Z</time>
</trkpt>
<trkpt lat="53.567092856" lon="50.565868355">
  <ele>45.689999</ele>
  <time>2010-07-31T07:31:11Z</time>
</trkpt>
<trkpt lat="53.567203498" lon="50.566200279">
  <ele>46.066002</ele>
  <time>2010-07-31T07:31:12Z</time>
</trkpt>
<trkpt lat="53.567314139" lon="50.566532118">
  <ele>46.457001</ele>
  <time>2010-07-31T07:31:13Z</time>
</trkpt>
<trkpt lat="53.567424780" lon="50.566864042">
  <ele>46.751999</ele>
  <time>2010-07-31T07:31:14Z</time>
</trkpt>
<trkpt lat="53.567535421" lon="50.567192109">
  <ele>46.848999</ele>
  <time>2010-07-31T07:31:15Z</time>
</trkpt>
<trkpt lat="53.567649834" lon="50.567520177">
  <ele>46.931000</ele>
  <time>2010-07-31T07:31:16Z</time>
</trkpt>
<trkpt lat="53.567760475" lon="50.567852017">
  <ele>46.903000</ele>
  <time>2010-07-31T07:31:17Z</time>
</trkpt>
<trkpt lat="53.567871116" lon="50.568187712">
  <ele>46.756001</ele>
  <time>2010-07-31T07:31:18Z</time>
</trkpt>
<trkpt lat="53.567985529" lon="50.568523407">
  <ele>46.641998</ele>
  <time>2010-07-31T07:31:19Z</time>
</trkpt>
<trkpt lat="53.568099942" lon="50.568862874">
  <ele>46.466000</ele>
  <time>2010-07-31T07:31:20Z</time>
</trkpt>
<trkpt lat="53.568214439" lon="50.569202425">
  <ele>46.356998</ele>
  <time>2010-07-31T07:31:21Z</time>
</trkpt>
<trkpt lat="53.568328852" lon="50.569541892">
  <ele>46.314999</ele>
  <time>2010-07-31T07:31:22Z</time>
</trkpt>
<trkpt lat="53.568443265" lon="50.569885215">
  <ele>46.359001</ele>
  <time>2010-07-31T07:31:23Z</time>
</trkpt>
<trkpt lat="53.568557762" lon="50.570228538">
  <ele>46.091999</ele>
  <time>2010-07-31T07:31:24Z</time>
</trkpt>
<trkpt lat="53.568672175" lon="50.570571860">
  <ele>46.222000</ele>
  <time>2010-07-31T07:31:25Z</time>
</trkpt>
<trkpt lat="53.568790443" lon="50.570915183">
  <ele>46.201000</ele>
  <time>2010-07-31T07:31:26Z</time>
</trkpt>
<trkpt lat="53.568908712" lon="50.571258506">
  <ele>46.221001</ele>
  <time>2010-07-31T07:31:27Z</time>
</trkpt>
<trkpt lat="53.569023125" lon="50.571605684">
  <ele>46.400002</ele>
  <time>2010-07-31T07:31:28Z</time>
</trkpt>
<trkpt lat="53.569145165" lon="50.571952779">
  <ele>46.382000</ele>
  <time>2010-07-31T07:31:29Z</time>
</trkpt>
<trkpt lat="53.569263434" lon="50.572299957">
  <ele>46.566002</ele>
  <time>2010-07-31T07:31:30Z</time>
</trkpt>
<trkpt lat="53.569381703" lon="50.572643280">
  <ele>46.907001</ele>
  <time>2010-07-31T07:31:31Z</time>
</trkpt>
<trkpt lat="53.569496116" lon="50.572986603">
  <ele>46.945999</ele>
  <time>2010-07-31T07:31:32Z</time>
</trkpt>
<trkpt lat="53.569614384" lon="50.573329926">
  <ele>46.966999</ele>
  <time>2010-07-31T07:31:33Z</time>
</trkpt>
<trkpt lat="53.569728881" lon="50.573673248">
  <ele>47.082001</ele>
  <time>2010-07-31T07:31:34Z</time>
</trkpt>
<trkpt lat="53.569847066" lon="50.574020427">
  <ele>47.390999</ele>
  <time>2010-07-31T07:31:35Z</time>
</trkpt>
<trkpt lat="53.569961563" lon="50.574363749">
  <ele>47.466000</ele>
  <time>2010-07-31T07:31:36Z</time>
</trkpt>
<trkpt lat="53.570079831" lon="50.574707072">
  <ele>47.616001</ele>
  <time>2010-07-31T07:31:37Z</time>
</trkpt>
<trkpt lat="53.570198100" lon="50.575054167">
  <ele>47.777000</ele>
  <time>2010-07-31T07:31:38Z</time>
</trkpt>
<trkpt lat="53.570316285" lon="50.575401345">
  <ele>47.817001</ele>
  <time>2010-07-31T07:31:39Z</time>
</trkpt>
<trkpt lat="53.570434554" lon="50.575748440">
  <ele>48.016998</ele>
  <time>2010-07-31T07:31:40Z</time>
</trkpt>
<trkpt lat="53.570552822" lon="50.576091763">
  <ele>48.219002</ele>
  <time>2010-07-31T07:31:41Z</time>
</trkpt>
<trkpt lat="53.570671091" lon="50.576438941">
  <ele>48.209999</ele>
  <time>2010-07-31T07:31:42Z</time>
</trkpt>
<trkpt lat="53.570789360" lon="50.576786036">
  <ele>48.352001</ele>
  <time>2010-07-31T07:31:43Z</time>
</trkpt>
<trkpt lat="53.570903772" lon="50.577133214">
  <ele>48.391998</ele>
  <time>2010-07-31T07:31:44Z</time>
</trkpt>
<trkpt lat="53.571022041" lon="50.577476537">
  <ele>48.415001</ele>
  <time>2010-07-31T07:31:45Z</time>
</trkpt>
<trkpt lat="53.571140310" lon="50.577819860">
  <ele>48.452999</ele>
  <time>2010-07-31T07:31:46Z</time>
</trkpt>
<trkpt lat="53.571258578" lon="50.578163182">
  <ele>48.467999</ele>
  <time>2010-07-31T07:31:47Z</time>
</trkpt>
<trkpt lat="53.571376763" lon="50.578510277">
  <ele>48.480999</ele>
  <time>2010-07-31T07:31:48Z</time>
</trkpt>
<trkpt lat="53.571495032" lon="50.578857455">
  <ele>48.652000</ele>
  <time>2010-07-31T07:31:49Z</time>
</trkpt>
<trkpt lat="53.571613301" lon="50.579204550">
  <ele>48.535999</ele>
  <time>2010-07-31T07:31:50Z</time>
</trkpt>
<trkpt lat="53.571727714" lon="50.579551728">
  <ele>48.460999</ele>
  <time>2010-07-31T07:31:51Z</time>
</trkpt>
<trkpt lat="53.571849838" lon="50.579895051">
  <ele>48.563999</ele>
  <time>2010-07-31T07:31:52Z</time>
</trkpt>
<trkpt lat="53.571968107" lon="50.580246001">
  <ele>48.750000</ele>
  <time>2010-07-31T07:31:53Z</time>
</trkpt>
<trkpt lat="53.572090147" lon="50.580596952">
  <ele>48.869999</ele>
  <time>2010-07-31T07:31:54Z</time>
</trkpt>
<trkpt lat="53.572208416" lon="50.580947902">
  <ele>48.812000</ele>
  <time>2010-07-31T07:31:55Z</time>
</trkpt>
<trkpt lat="53.572330456" lon="50.581294997">
  <ele>48.893002</ele>
  <time>2010-07-31T07:31:56Z</time>
</trkpt>
<trkpt lat="53.572448725" lon="50.581649803">
  <ele>48.762001</ele>
  <time>2010-07-31T07:31:57Z</time>
</trkpt>
<trkpt lat="53.572566994" lon="50.582004525">
  <ele>48.737999</ele>
  <time>2010-07-31T07:31:58Z</time>
</trkpt>
<trkpt lat="53.572685262" lon="50.582355475">
  <ele>48.792000</ele>
  <time>2010-07-31T07:31:59Z</time>
</trkpt>
<trkpt lat="53.572803531" lon="50.582706425">
  <ele>48.873001</ele>
  <time>2010-07-31T07:32:00Z</time>
</trkpt>
<trkpt lat="53.572925571" lon="50.583057376">
  <ele>48.743999</ele>
  <time>2010-07-31T07:32:01Z</time>
</trkpt>
<trkpt lat="53.573043840" lon="50.583408326">
  <ele>48.791000</ele>
  <time>2010-07-31T07:32:02Z</time>
</trkpt>
<trkpt lat="53.573165881" lon="50.583755504">
  <ele>48.549000</ele>
  <time>2010-07-31T07:32:03Z</time>
</trkpt>
<trkpt lat="53.573284149" lon="50.584106455">
  <ele>48.352001</ele>
  <time>2010-07-31T07:32:04Z</time>
</trkpt>
<trkpt lat="53.573406190" lon="50.584453549">
  <ele>48.188000</ele>
  <time>2010-07-31T07:32:05Z</time>
</trkpt>
<trkpt lat="53.573528314" lon="50.584804500">
  <ele>48.000999</ele>
  <time>2010-07-31T07:32:06Z</time>
</trkpt>
<trkpt lat="53.573646583" lon="50.585151678">
  <ele>47.789001</ele>
  <time>2010-07-31T07:32:07Z</time>
</trkpt>
<trkpt lat="53.573772395" lon="50.585495001">
  <ele>48.058998</ele>
  <time>2010-07-31T07:32:08Z</time>
</trkpt>
<trkpt lat="53.573898291" lon="50.585838323">
  <ele>48.074001</ele>
  <time>2010-07-31T07:32:09Z</time>
</trkpt>
<trkpt lat="53.574031815" lon="50.586174019">
  <ele>47.846001</ele>
  <time>2010-07-31T07:32:10Z</time>
</trkpt>
<trkpt lat="53.574169194" lon="50.586509714">
  <ele>47.791000</ele>
  <time>2010-07-31T07:32:11Z</time>
</trkpt>
<trkpt lat="53.574310262" lon="50.586837782">
  <ele>47.716000</ele>
  <time>2010-07-31T07:32:12Z</time>
</trkpt>
<trkpt lat="53.574455269" lon="50.587165849">
  <ele>47.557999</ele>
  <time>2010-07-31T07:32:13Z</time>
</trkpt>
<trkpt lat="53.574600192" lon="50.587490061">
  <ele>47.456001</ele>
  <time>2010-07-31T07:32:14Z</time>
</trkpt>
<trkpt lat="53.574745199" lon="50.587814357">
  <ele>47.481998</ele>
  <time>2010-07-31T07:32:15Z</time>
</trkpt>
<trkpt lat="53.574897749" lon="50.588130942">
  <ele>47.605000</ele>
  <time>2010-07-31T07:32:16Z</time>
</trkpt>
<trkpt lat="53.575046528" lon="50.588443754">
  <ele>47.584999</ele>
  <time>2010-07-31T07:32:17Z</time>
</trkpt>
<trkpt lat="53.575199163" lon="50.588760339">
  <ele>47.324001</ele>
  <time>2010-07-31T07:32:18Z</time>
</trkpt>
<trkpt lat="53.575355569" lon="50.589073151">
  <ele>47.286999</ele>
  <time>2010-07-31T07:32:19Z</time>
</trkpt>
<trkpt lat="53.575511891" lon="50.589389820">
  <ele>47.410999</ele>
  <time>2010-07-31T07:32:20Z</time>
</trkpt>
<trkpt lat="53.575668298" lon="50.589702632">
  <ele>47.360001</ele>
  <time>2010-07-31T07:32:21Z</time>
</trkpt>
<trkpt lat="53.575824704" lon="50.590011589">
  <ele>47.455002</ele>
  <time>2010-07-31T07:32:22Z</time>
</trkpt>
<trkpt lat="53.575981110" lon="50.590324402">
  <ele>47.439999</ele>
  <time>2010-07-31T07:32:23Z</time>
</trkpt>
<trkpt lat="53.576133745" lon="50.590633359">
  <ele>47.646000</ele>
  <time>2010-07-31T07:32:24Z</time>
</trkpt>
<trkpt lat="53.576286295" lon="50.590938544">
  <ele>47.555000</ele>
  <time>2010-07-31T07:32:25Z</time>
</trkpt>
<trkpt lat="53.576438930" lon="50.591243729">
  <ele>47.623001</ele>
  <time>2010-07-31T07:32:26Z</time>
</trkpt>
<trkpt lat="53.576595336" lon="50.591548914">
  <ele>47.778999</ele>
  <time>2010-07-31T07:32:27Z</time>
</trkpt>
<trkpt lat="53.576747887" lon="50.591854099">
  <ele>47.813000</ele>
  <time>2010-07-31T07:32:28Z</time>
</trkpt>
<trkpt lat="53.576904293" lon="50.592159284">
  <ele>47.945999</ele>
  <time>2010-07-31T07:32:29Z</time>
</trkpt>
<trkpt lat="53.577056844" lon="50.592460614">
  <ele>47.852001</ele>
  <time>2010-07-31T07:32:30Z</time>
</trkpt>
<trkpt lat="53.577209478" lon="50.592765799">
  <ele>47.841000</ele>
  <time>2010-07-31T07:32:31Z</time>
</trkpt>
<trkpt lat="53.577358257" lon="50.593067128">
  <ele>48.126999</ele>
  <time>2010-07-31T07:32:32Z</time>
</trkpt>
<trkpt lat="53.577510808" lon="50.593368541">
  <ele>48.412998</ele>
  <time>2010-07-31T07:32:33Z</time>
</trkpt>
<trkpt lat="53.577659586" lon="50.593669871">
  <ele>48.695999</ele>
  <time>2010-07-31T07:32:34Z</time>
</trkpt>
<trkpt lat="53.577808365" lon="50.593967428">
  <ele>48.825001</ele>
  <time>2010-07-31T07:32:35Z</time>
</trkpt>
<trkpt lat="53.577953372" lon="50.594264986">
  <ele>48.622002</ele>
  <time>2010-07-31T07:32:36Z</time>
</trkpt>
<trkpt lat="53.578102151" lon="50.594566315">
  <ele>48.411999</ele>
  <time>2010-07-31T07:32:37Z</time>
</trkpt>
<trkpt lat="53.578254702" lon="50.594871501">
  <ele>48.326000</ele>
  <time>2010-07-31T07:32:38Z</time>
</trkpt>
<trkpt lat="53.578403480" lon="50.595176686">
  <ele>48.363998</ele>
  <time>2010-07-31T07:32:39Z</time>
</trkpt>
<trkpt lat="53.578552259" lon="50.595481871">
  <ele>48.466999</ele>
  <time>2010-07-31T07:32:40Z</time>
</trkpt>
<trkpt lat="53.578704810" lon="50.595787056">
  <ele>48.387001</ele>
  <time>2010-07-31T07:32:41Z</time>
</trkpt>
<trkpt lat="53.578853589" lon="50.596096013">
  <ele>48.250999</ele>
  <time>2010-07-31T07:32:42Z</time>
</trkpt>
<trkpt lat="53.579002367" lon="50.596401198">
  <ele>48.262001</ele>
  <time>2010-07-31T07:32:43Z</time>
</trkpt>
<trkpt lat="53.579155002" lon="50.596710239">
  <ele>48.092999</ele>
  <time>2010-07-31T07:32:44Z</time>
</trkpt>
<trkpt lat="53.579307552" lon="50.597011568">
  <ele>48.102001</ele>
  <time>2010-07-31T07:32:45Z</time>
</trkpt>
<trkpt lat="53.579456331" lon="50.597316753">
  <ele>48.169998</ele>
  <time>2010-07-31T07:32:46Z</time>
</trkpt>
<trkpt lat="53.579605110" lon="50.597621938">
  <ele>48.216000</ele>
  <time>2010-07-31T07:32:47Z</time>
</trkpt>
<trkpt lat="53.579753889" lon="50.597919496">
  <ele>48.153000</ele>
  <time>2010-07-31T07:32:48Z</time>
</trkpt>
<trkpt lat="53.579902668" lon="50.598216970">
  <ele>48.264000</ele>
  <time>2010-07-31T07:32:49Z</time>
</trkpt>
<trkpt lat="53.580043819" lon="50.598506900">
  <ele>48.202000</ele>
  <time>2010-07-31T07:32:50Z</time>
</trkpt>
<trkpt lat="53.580184970" lon="50.598796830">
  <ele>48.264000</ele>
  <time>2010-07-31T07:32:51Z</time>
</trkpt>
<trkpt lat="53.580326121" lon="50.599086760">
  <ele>48.331001</ele>
  <time>2010-07-31T07:32:52Z</time>
</trkpt>
<trkpt lat="53.580471044" lon="50.599376690">
  <ele>48.400002</ele>
  <time>2010-07-31T07:32:53Z</time>
</trkpt>
<trkpt lat="53.580612196" lon="50.599670392">
  <ele>48.383999</ele>
  <time>2010-07-31T07:32:54Z</time>
</trkpt>
<trkpt lat="53.580757119" lon="50.599960322">
  <ele>48.270000</ele>
  <time>2010-07-31T07:32:55Z</time>
</trkpt>
<trkpt lat="53.580905898" lon="50.600254023">
  <ele>48.287998</ele>
  <time>2010-07-31T07:32:56Z</time>
</trkpt>
<trkpt lat="53.581050904" lon="50.600551581">
  <ele>48.298000</ele>
  <time>2010-07-31T07:32:57Z</time>
</trkpt>
<trkpt lat="53.581199683" lon="50.600849139">
  <ele>48.208000</ele>
  <time>2010-07-31T07:32:58Z</time>
</trkpt>
<trkpt lat="53.581348378" lon="50.601150552">
  <ele>48.187000</ele>
  <time>2010-07-31T07:32:59Z</time>
</trkpt>
<trkpt lat="53.581497157" lon="50.601455653">
  <ele>48.348000</ele>
  <time>2010-07-31T07:33:00Z</time>
</trkpt>
<trkpt lat="53.581649791" lon="50.601768466">
  <ele>48.347000</ele>
  <time>2010-07-31T07:33:01Z</time>
</trkpt>
<trkpt lat="53.581802342" lon="50.602081278">
  <ele>48.430000</ele>
  <time>2010-07-31T07:33:02Z</time>
</trkpt>
<trkpt lat="53.581954977" lon="50.602397947">
  <ele>48.466999</ele>
  <time>2010-07-31T07:33:03Z</time>
</trkpt>
<trkpt lat="53.582103755" lon="50.602714531">
  <ele>48.646999</ele>
  <time>2010-07-31T07:33:04Z</time>
</trkpt>
<trkpt lat="53.582260162" lon="50.603034971">
  <ele>49.080002</ele>
  <time>2010-07-31T07:33:05Z</time>
</trkpt>
<trkpt lat="53.582416568" lon="50.603351556">
  <ele>49.528999</ele>
  <time>2010-07-31T07:33:06Z</time>
</trkpt>
<trkpt lat="53.582576746" lon="50.603668224">
  <ele>50.528999</ele>
  <time>2010-07-31T07:33:07Z</time>
</trkpt>
<trkpt lat="53.582733152" lon="50.603984809">
  <ele>51.539001</ele>
  <time>2010-07-31T07:33:08Z</time>
</trkpt>
<trkpt lat="53.582893331" lon="50.604297621">
  <ele>52.259998</ele>
  <time>2010-07-31T07:33:09Z</time>
</trkpt>
<trkpt lat="53.583053593" lon="50.604606662">
  <ele>53.063000</ele>
  <time>2010-07-31T07:33:10Z</time>
</trkpt>
<trkpt lat="53.583213771" lon="50.604915619">
  <ele>53.786999</ele>
  <time>2010-07-31T07:33:11Z</time>
</trkpt>
<trkpt lat="53.583374033" lon="50.605228432">
  <ele>54.437000</ele>
  <time>2010-07-31T07:33:12Z</time>
</trkpt>
<trkpt lat="53.583530439" lon="50.605545016">
  <ele>55.115002</ele>
  <time>2010-07-31T07:33:13Z</time>
</trkpt>
<trkpt lat="53.583690617" lon="50.605857829">
  <ele>55.819000</ele>
  <time>2010-07-31T07:33:14Z</time>
</trkpt>
<trkpt lat="53.583850879" lon="50.606174497">
  <ele>56.584000</ele>
  <time>2010-07-31T07:33:15Z</time>
</trkpt>
<trkpt lat="53.584007286" lon="50.606487310">
  <ele>57.307999</ele>
  <time>2010-07-31T07:33:16Z</time>
</trkpt>
<trkpt lat="53.584167464" lon="50.606803894">
  <ele>57.890999</ele>
  <time>2010-07-31T07:33:17Z</time>
</trkpt>
<trkpt lat="53.584323870" lon="50.607116707">
  <ele>58.486000</ele>
  <time>2010-07-31T07:33:18Z</time>
</trkpt>
<trkpt lat="53.584480276" lon="50.607433291">
  <ele>59.152000</ele>
  <time>2010-07-31T07:33:19Z</time>
</trkpt>
<trkpt lat="53.584640538" lon="50.607749959">
  <ele>59.848000</ele>
  <time>2010-07-31T07:33:20Z</time>
</trkpt>
<trkpt lat="53.584796945" lon="50.608066544">
  <ele>60.432999</ele>
  <time>2010-07-31T07:33:21Z</time>
</trkpt>
<trkpt lat="53.584953267" lon="50.608386984">
  <ele>60.981998</ele>
  <time>2010-07-31T07:33:22Z</time>
</trkpt>
<trkpt lat="53.585113529" lon="50.608707424">
  <ele>61.396000</ele>
  <time>2010-07-31T07:33:23Z</time>
</trkpt>
<trkpt lat="53.585269935" lon="50.609031636">
  <ele>61.889999</ele>
  <time>2010-07-31T07:33:24Z</time>
</trkpt>
<trkpt lat="53.585426342" lon="50.609348305">
  <ele>62.265999</ele>
  <time>2010-07-31T07:33:25Z</time>
</trkpt>
<trkpt lat="53.585586520" lon="50.609668745">
  <ele>62.764000</ele>
  <time>2010-07-31T07:33:26Z</time>
</trkpt>
<trkpt lat="53.585742926" lon="50.609985329">
  <ele>63.118999</ele>
  <time>2010-07-31T07:33:27Z</time>
</trkpt>
<trkpt lat="53.585899333" lon="50.610298142">
  <ele>63.436001</ele>
  <time>2010-07-31T07:33:28Z</time>
</trkpt>
<trkpt lat="53.586055739" lon="50.610610954">
  <ele>63.230000</ele>
  <time>2010-07-31T07:33:29Z</time>
</trkpt>
<trkpt lat="53.586216001" lon="50.610927623">
  <ele>63.201000</ele>
  <time>2010-07-31T07:33:30Z</time>
</trkpt>
<trkpt lat="53.586372407" lon="50.611240352">
  <ele>63.356998</ele>
  <time>2010-07-31T07:33:31Z</time>
</trkpt>
<trkpt lat="53.586536441" lon="50.611557020">
  <ele>63.458000</ele>
  <time>2010-07-31T07:33:32Z</time>
</trkpt>
<trkpt lat="53.586696619" lon="50.611877460">
  <ele>63.382999</ele>
  <time>2010-07-31T07:33:33Z</time>
</trkpt>
<trkpt lat="53.586864509" lon="50.612201672">
  <ele>63.243999</ele>
  <time>2010-07-31T07:33:34Z</time>
</trkpt>
<trkpt lat="53.587032314" lon="50.612529740">
  <ele>63.021999</ele>
  <time>2010-07-31T07:33:35Z</time>
</trkpt>
<trkpt lat="53.587200204" lon="50.612854036">
  <ele>62.587002</ele>
  <time>2010-07-31T07:33:36Z</time>
</trkpt>
<trkpt lat="53.587375637" lon="50.613189731">
  <ele>62.250999</ele>
  <time>2010-07-31T07:33:37Z</time>
</trkpt>
<trkpt lat="53.587551154" lon="50.613529198">
  <ele>61.720001</ele>
  <time>2010-07-31T07:33:38Z</time>
</trkpt>
<trkpt lat="53.587726587" lon="50.613876376">
  <ele>61.480000</ele>
  <time>2010-07-31T07:33:39Z</time>
</trkpt>
<trkpt lat="53.587902104" lon="50.614238726">
  <ele>61.222000</ele>
  <time>2010-07-31T07:33:40Z</time>
</trkpt>
<trkpt lat="53.588077538" lon="50.614616415">
  <ele>61.216999</ele>
  <time>2010-07-31T07:33:41Z</time>
</trkpt>
<trkpt lat="53.588249199" lon="50.614990247">
  <ele>61.217999</ele>
  <time>2010-07-31T07:33:42Z</time>
</trkpt>
<trkpt lat="53.588420860" lon="50.615367852">
  <ele>60.925999</ele>
  <time>2010-07-31T07:33:43Z</time>
</trkpt>
<trkpt lat="53.588600149" lon="50.615737913">
  <ele>60.811001</ele>
  <time>2010-07-31T07:33:44Z</time>
</trkpt>
<trkpt lat="53.588779438" lon="50.616104119">
  <ele>60.554001</ele>
  <time>2010-07-31T07:33:45Z</time>
</trkpt>
<trkpt lat="53.588962583" lon="50.616470324">
  <ele>60.283001</ele>
  <time>2010-07-31T07:33:46Z</time>
</trkpt>
<trkpt lat="53.589145644" lon="50.616836529">
  <ele>60.167999</ele>
  <time>2010-07-31T07:33:47Z</time>
</trkpt>
<trkpt lat="53.589328788" lon="50.617198963">
  <ele>60.020000</ele>
  <time>2010-07-31T07:33:48Z</time>
</trkpt>
<trkpt lat="53.589508077" lon="50.617557541">
  <ele>59.786999</ele>
  <time>2010-07-31T07:33:49Z</time>
</trkpt>
<trkpt lat="53.589691138" lon="50.617916118">
  <ele>59.605999</ele>
  <time>2010-07-31T07:33:50Z</time>
</trkpt>
<trkpt lat="53.589870427" lon="50.618270840">
  <ele>59.373001</ele>
  <time>2010-07-31T07:33:51Z</time>
</trkpt>
<trkpt lat="53.590049716" lon="50.618621791">
  <ele>59.458000</ele>
  <time>2010-07-31T07:33:52Z</time>
</trkpt>
<trkpt lat="53.590225233" lon="50.618972741">
  <ele>59.566002</ele>
  <time>2010-07-31T07:33:53Z</time>
</trkpt>
<trkpt lat="53.590393038" lon="50.619319919">
  <ele>59.583000</ele>
  <time>2010-07-31T07:33:54Z</time>
</trkpt>
<trkpt lat="53.590560928" lon="50.619651759">
  <ele>59.792999</ele>
  <time>2010-07-31T07:33:55Z</time>
</trkpt>
<trkpt lat="53.590721106" lon="50.619979827">
  <ele>59.831001</ele>
  <time>2010-07-31T07:33:56Z</time>
</trkpt>
<trkpt lat="53.590881368" lon="50.620296495">
  <ele>59.888000</ele>
  <time>2010-07-31T07:33:57Z</time>
</trkpt>
<trkpt lat="53.591033919" lon="50.620613080">
  <ele>59.987000</ele>
  <time>2010-07-31T07:33:58Z</time>
</trkpt>
<trkpt lat="53.591190325" lon="50.620925892">
  <ele>60.313000</ele>
  <time>2010-07-31T07:33:59Z</time>
</trkpt>
<trkpt lat="53.591346731" lon="50.621238705">
  <ele>60.577000</ele>
  <time>2010-07-31T07:34:00Z</time>
</trkpt>
<trkpt lat="53.591503138" lon="50.621547662">
  <ele>60.936001</ele>
  <time>2010-07-31T07:34:01Z</time>
</trkpt>
<trkpt lat="53.591655772" lon="50.621852847">
  <ele>61.301998</ele>
  <time>2010-07-31T07:34:02Z</time>
</trkpt>
<trkpt lat="53.591808323" lon="50.622158032">
  <ele>61.353001</ele>
  <time>2010-07-31T07:34:03Z</time>
</trkpt>
<trkpt lat="53.591960873" lon="50.622467073">
  <ele>61.362000</ele>
  <time>2010-07-31T07:34:04Z</time>
</trkpt>
<trkpt lat="53.592113508" lon="50.622779885">
  <ele>61.432999</ele>
  <time>2010-07-31T07:34:05Z</time>
</trkpt>
<trkpt lat="53.592269914" lon="50.623096470">
  <ele>61.417999</ele>
  <time>2010-07-31T07:34:06Z</time>
</trkpt>
<trkpt lat="53.592430092" lon="50.623413054">
  <ele>61.495998</ele>
  <time>2010-07-31T07:34:07Z</time>
</trkpt>
<trkpt lat="53.592594126" lon="50.623733494">
  <ele>61.491001</ele>
  <time>2010-07-31T07:34:08Z</time>
</trkpt>
<trkpt lat="53.592758160" lon="50.624053935">
  <ele>61.334000</ele>
  <time>2010-07-31T07:34:09Z</time>
</trkpt>
<trkpt lat="53.592929821" lon="50.624378230">
  <ele>61.098000</ele>
  <time>2010-07-31T07:34:10Z</time>
</trkpt>
<trkpt lat="53.593101483" lon="50.624710070">
  <ele>61.064999</ele>
  <time>2010-07-31T07:34:11Z</time>
</trkpt>
<trkpt lat="53.593273144" lon="50.625053393">
  <ele>60.740002</ele>
  <time>2010-07-31T07:34:12Z</time>
</trkpt>
<trkpt lat="53.593437178" lon="50.625404343">
  <ele>60.549000</ele>
  <time>2010-07-31T07:34:13Z</time>
</trkpt>
<trkpt lat="53.593597440" lon="50.625751521">
  <ele>60.397999</ele>
  <time>2010-07-31T07:34:14Z</time>
</trkpt>
<trkpt lat="53.593757618" lon="50.626094844">
  <ele>60.063000</ele>
  <time>2010-07-31T07:34:15Z</time>
</trkpt>
<trkpt lat="53.593921652" lon="50.626430539">
  <ele>59.652000</ele>
  <time>2010-07-31T07:34:16Z</time>
</trkpt>
<trkpt lat="53.594081914" lon="50.626762379">
  <ele>59.314999</ele>
  <time>2010-07-31T07:34:17Z</time>
</trkpt>
<trkpt lat="53.594245948" lon="50.627094302">
  <ele>58.999001</ele>
  <time>2010-07-31T07:34:18Z</time>
</trkpt>
<trkpt lat="53.594409982" lon="50.627418514">
  <ele>58.671001</ele>
  <time>2010-07-31T07:34:19Z</time>
</trkpt>
<trkpt lat="53.594566304" lon="50.627738954">
  <ele>58.380001</ele>
  <time>2010-07-31T07:34:20Z</time>
</trkpt>
<trkpt lat="53.594718939" lon="50.628059395">
  <ele>58.066002</ele>
  <time>2010-07-31T07:34:21Z</time>
</trkpt>
<trkpt lat="53.594871489" lon="50.628372207">
  <ele>58.000999</ele>
  <time>2010-07-31T07:34:22Z</time>
</trkpt>
<trkpt lat="53.595027896" lon="50.628685020">
  <ele>57.922001</ele>
  <time>2010-07-31T07:34:23Z</time>
</trkpt>
<trkpt lat="53.595184302" lon="50.628993977">
  <ele>57.992001</ele>
  <time>2010-07-31T07:34:24Z</time>
</trkpt>
<trkpt lat="53.595336936" lon="50.629306789">
  <ele>58.139999</ele>
  <time>2010-07-31T07:34:25Z</time>
</trkpt>
<trkpt lat="53.595493343" lon="50.629619602">
  <ele>58.414001</ele>
  <time>2010-07-31T07:34:26Z</time>
</trkpt>
<trkpt lat="53.595649749" lon="50.629932415">
  <ele>58.747002</ele>
  <time>2010-07-31T07:34:27Z</time>
</trkpt>
<trkpt lat="53.595806155" lon="50.630245227">
  <ele>59.278000</ele>
  <time>2010-07-31T07:34:28Z</time>
</trkpt>
<trkpt lat="53.595958706" lon="50.630554184">
  <ele>59.945000</ele>
  <time>2010-07-31T07:34:29Z</time>
</trkpt>
<trkpt lat="53.596115112" lon="50.630866997">
  <ele>60.551998</ele>
  <time>2010-07-31T07:34:30Z</time>
</trkpt>
<trkpt lat="53.596271519" lon="50.631179810">
  <ele>60.768002</ele>
  <time>2010-07-31T07:34:31Z</time>
</trkpt>
<trkpt lat="53.596427925" lon="50.631484995">
  <ele>61.053001</ele>
  <time>2010-07-31T07:34:32Z</time>
</trkpt>
<trkpt lat="53.596580476" lon="50.631793952">
  <ele>61.470001</ele>
  <time>2010-07-31T07:34:33Z</time>
</trkpt>
<trkpt lat="53.596736882" lon="50.632106764">
  <ele>62.080002</ele>
  <time>2010-07-31T07:34:34Z</time>
</trkpt>
<trkpt lat="53.596893288" lon="50.632415805">
  <ele>62.494999</ele>
  <time>2010-07-31T07:34:35Z</time>
</trkpt>
<trkpt lat="53.597049695" lon="50.632724762">
  <ele>63.025002</ele>
  <time>2010-07-31T07:34:36Z</time>
</trkpt>
<trkpt lat="53.597202329" lon="50.633033719">
  <ele>63.457001</ele>
  <time>2010-07-31T07:34:37Z</time>
</trkpt>
<trkpt lat="53.597354880" lon="50.633346532">
  <ele>63.661999</ele>
  <time>2010-07-31T07:34:38Z</time>
</trkpt>
<trkpt lat="53.597507514" lon="50.633651717">
  <ele>63.895000</ele>
  <time>2010-07-31T07:34:39Z</time>
</trkpt>
<trkpt lat="53.597660065" lon="50.633956902">
  <ele>64.084999</ele>
  <time>2010-07-31T07:34:40Z</time>
</trkpt>
<trkpt lat="53.597816471" lon="50.634262087">
  <ele>64.221001</ele>
  <time>2010-07-31T07:34:41Z</time>
</trkpt>
<trkpt lat="53.597972877" lon="50.634571044">
  <ele>64.367996</ele>
  <time>2010-07-31T07:34:42Z</time>
</trkpt>
<trkpt lat="53.598121656" lon="50.634876229">
  <ele>64.380997</ele>
  <time>2010-07-31T07:34:43Z</time>
</trkpt>
<trkpt lat="53.598274207" lon="50.635181414">
  <ele>64.490997</ele>
  <time>2010-07-31T07:34:44Z</time>
</trkpt>
<trkpt lat="53.598426841" lon="50.635486599">
  <ele>64.609001</ele>
  <time>2010-07-31T07:34:45Z</time>
</trkpt>
<trkpt lat="53.598579392" lon="50.635791784">
  <ele>64.713997</ele>
  <time>2010-07-31T07:34:46Z</time>
</trkpt>
<trkpt lat="53.598728171" lon="50.636096969">
  <ele>64.819000</ele>
  <time>2010-07-31T07:34:47Z</time>
</trkpt>
<trkpt lat="53.598880805" lon="50.636398299">
  <ele>64.671997</ele>
  <time>2010-07-31T07:34:48Z</time>
</trkpt>
<trkpt lat="53.599033356" lon="50.636703484">
  <ele>64.796997</ele>
  <time>2010-07-31T07:34:49Z</time>
</trkpt>
<trkpt lat="53.599178279" lon="50.637008669">
  <ele>64.755997</ele>
  <time>2010-07-31T07:34:50Z</time>
</trkpt>
<trkpt lat="53.599327058" lon="50.637313854">
  <ele>64.827003</ele>
  <time>2010-07-31T07:34:51Z</time>
</trkpt>
<trkpt lat="53.599475836" lon="50.637626667">
  <ele>64.639999</ele>
  <time>2010-07-31T07:34:52Z</time>
</trkpt>
<trkpt lat="53.599628471" lon="50.637935624">
  <ele>64.332001</ele>
  <time>2010-07-31T07:34:53Z</time>
</trkpt>
<trkpt lat="53.599777250" lon="50.638248436">
  <ele>64.214996</ele>
  <time>2010-07-31T07:34:54Z</time>
</trkpt>
<trkpt lat="53.599929800" lon="50.638557393">
  <ele>63.823002</ele>
  <time>2010-07-31T07:34:55Z</time>
</trkpt>
<trkpt lat="53.600086207" lon="50.638874061">
  <ele>63.558998</ele>
  <time>2010-07-31T07:34:56Z</time>
</trkpt>
<trkpt lat="53.600242613" lon="50.639194502">
  <ele>63.180000</ele>
  <time>2010-07-31T07:34:57Z</time>
</trkpt>
<trkpt lat="53.600399019" lon="50.639514942">
  <ele>62.916000</ele>
  <time>2010-07-31T07:34:58Z</time>
</trkpt>
<trkpt lat="53.600559197" lon="50.639835382">
  <ele>62.962002</ele>
  <time>2010-07-31T07:34:59Z</time>
</trkpt>
<trkpt lat="53.600723231" lon="50.640155822">
  <ele>62.896000</ele>
  <time>2010-07-31T07:35:00Z</time>
</trkpt>
<trkpt lat="53.600879638" lon="50.640480034">
  <ele>62.827000</ele>
  <time>2010-07-31T07:35:01Z</time>
</trkpt>
<trkpt lat="53.601036044" lon="50.640811957">
  <ele>62.777000</ele>
  <time>2010-07-31T07:35:02Z</time>
</trkpt>
<trkpt lat="53.601184823" lon="50.641140025">
  <ele>62.896999</ele>
  <time>2010-07-31T07:35:03Z</time>
</trkpt>
<trkpt lat="53.601337457" lon="50.641471865">
  <ele>63.141998</ele>
  <time>2010-07-31T07:35:04Z</time>
</trkpt>
<trkpt lat="53.601486236" lon="50.641807560">
  <ele>63.477001</ele>
  <time>2010-07-31T07:35:05Z</time>
</trkpt>
<trkpt lat="53.601635015" lon="50.642139399">
  <ele>63.608002</ele>
  <time>2010-07-31T07:35:06Z</time>
</trkpt>
<trkpt lat="53.601779938" lon="50.642463695">
  <ele>63.950001</ele>
  <time>2010-07-31T07:35:07Z</time>
</trkpt>
<trkpt lat="53.601924861" lon="50.642795535">
  <ele>64.268997</ele>
  <time>2010-07-31T07:35:08Z</time>
</trkpt>
<trkpt lat="53.602069868" lon="50.643127458">
  <ele>64.442001</ele>
  <time>2010-07-31T07:35:09Z</time>
</trkpt>
<trkpt lat="53.602214791" lon="50.643459298">
  <ele>64.574997</ele>
  <time>2010-07-31T07:35:10Z</time>
</trkpt>
<trkpt lat="53.602359798" lon="50.643794993">
  <ele>64.601997</ele>
  <time>2010-07-31T07:35:11Z</time>
</trkpt>
<trkpt lat="53.602500949" lon="50.644130688">
  <ele>64.737000</ele>
  <time>2010-07-31T07:35:12Z</time>
</trkpt>
<trkpt lat="53.602645872" lon="50.644466383">
  <ele>64.913002</ele>
  <time>2010-07-31T07:35:13Z</time>
</trkpt>
<trkpt lat="53.602790795" lon="50.644805934">
  <ele>65.028999</ele>
  <time>2010-07-31T07:35:14Z</time>
</trkpt>
<trkpt lat="53.602935802" lon="50.645149257">
  <ele>64.864998</ele>
  <time>2010-07-31T07:35:15Z</time>
</trkpt>
<trkpt lat="53.603080725" lon="50.645488724">
  <ele>64.684998</ele>
  <time>2010-07-31T07:35:16Z</time>
</trkpt>
<trkpt lat="53.603225732" lon="50.645835903">
  <ele>64.605003</ele>
  <time>2010-07-31T07:35:17Z</time>
</trkpt>
<trkpt lat="53.603378283" lon="50.646182997">
  <ele>64.658997</ele>
  <time>2010-07-31T07:35:18Z</time>
</trkpt>
<trkpt lat="53.603523290" lon="50.646533947">
  <ele>64.672997</ele>
  <time>2010-07-31T07:35:19Z</time>
</trkpt>
<trkpt lat="53.603675840" lon="50.646884898">
  <ele>64.706001</ele>
  <time>2010-07-31T07:35:20Z</time>
</trkpt>
<trkpt lat="53.603824619" lon="50.647228220">
  <ele>64.487999</ele>
  <time>2010-07-31T07:35:21Z</time>
</trkpt>
<trkpt lat="53.603973398" lon="50.647571543">
  <ele>64.265999</ele>
  <time>2010-07-31T07:35:22Z</time>
</trkpt>
<trkpt lat="53.604118321" lon="50.647914866">
  <ele>64.268997</ele>
  <time>2010-07-31T07:35:23Z</time>
</trkpt>
<trkpt lat="53.604267100" lon="50.648258189">
  <ele>64.181999</ele>
  <time>2010-07-31T07:35:24Z</time>
</trkpt>
<trkpt lat="53.604412107" lon="50.648593884">
  <ele>64.040001</ele>
  <time>2010-07-31T07:35:25Z</time>
</trkpt>
<trkpt lat="53.604553258" lon="50.648929579">
  <ele>63.903000</ele>
  <time>2010-07-31T07:35:26Z</time>
</trkpt>
<trkpt lat="53.604698181" lon="50.649269130">
  <ele>63.924000</ele>
  <time>2010-07-31T07:35:27Z</time>
</trkpt>
<trkpt lat="53.604843104" lon="50.649608597">
  <ele>63.827999</ele>
  <time>2010-07-31T07:35:28Z</time>
</trkpt>
<trkpt lat="53.604988111" lon="50.649951920">
  <ele>63.904999</ele>
  <time>2010-07-31T07:35:29Z</time>
</trkpt>
<trkpt lat="53.605133034" lon="50.650291471">
  <ele>64.042000</ele>
  <time>2010-07-31T07:35:30Z</time>
</trkpt>
<trkpt lat="53.605274186" lon="50.650627166">
  <ele>64.233002</ele>
  <time>2010-07-31T07:35:31Z</time>
</trkpt>
<trkpt lat="53.605419192" lon="50.650966633">
  <ele>64.360001</ele>
  <time>2010-07-31T07:35:32Z</time>
</trkpt>
<trkpt lat="53.605564116" lon="50.651306184">
  <ele>64.717003</ele>
  <time>2010-07-31T07:35:33Z</time>
</trkpt>
<trkpt lat="53.605709039" lon="50.651649507">
  <ele>64.802002</ele>
  <time>2010-07-31T07:35:34Z</time>
</trkpt>
<trkpt lat="53.605850190" lon="50.651988974">
  <ele>65.073997</ele>
  <time>2010-07-31T07:35:35Z</time>
</trkpt>
<trkpt lat="53.605987569" lon="50.652320897">
  <ele>65.360001</ele>
  <time>2010-07-31T07:35:36Z</time>
</trkpt>
<trkpt lat="53.606121093" lon="50.652641337">
  <ele>65.747002</ele>
  <time>2010-07-31T07:35:37Z</time>
</trkpt>
<trkpt lat="53.606258389" lon="50.652950294">
  <ele>66.110001</ele>
  <time>2010-07-31T07:35:38Z</time>
</trkpt>
<trkpt lat="53.606388057" lon="50.653255479">
  <ele>66.377998</ele>
  <time>2010-07-31T07:35:39Z</time>
</trkpt>
<trkpt lat="53.606521580" lon="50.653564436">
  <ele>66.712997</ele>
  <time>2010-07-31T07:35:40Z</time>
</trkpt>
<trkpt lat="53.606651332" lon="50.653873477">
  <ele>66.842003</ele>
  <time>2010-07-31T07:35:41Z</time>
</trkpt>
<trkpt lat="53.606784856" lon="50.654182434">
  <ele>67.069000</ele>
  <time>2010-07-31T07:35:42Z</time>
</trkpt>
<trkpt lat="53.606918296" lon="50.654487619">
  <ele>67.135002</ele>
  <time>2010-07-31T07:35:43Z</time>
</trkpt>
<trkpt lat="53.607051820" lon="50.654796576">
  <ele>67.268997</ele>
  <time>2010-07-31T07:35:44Z</time>
</trkpt>
<trkpt lat="53.607189199" lon="50.655105617">
  <ele>67.306999</ele>
  <time>2010-07-31T07:35:45Z</time>
</trkpt>
<trkpt lat="53.607326495" lon="50.655418430">
  <ele>67.330002</ele>
  <time>2010-07-31T07:35:46Z</time>
</trkpt>
<trkpt lat="53.607467646" lon="50.655738870">
  <ele>67.306000</ele>
  <time>2010-07-31T07:35:47Z</time>
</trkpt>
<trkpt lat="53.607608797" lon="50.656063082">
  <ele>67.337997</ele>
  <time>2010-07-31T07:35:48Z</time>
</trkpt>
<trkpt lat="53.607749948" lon="50.656391149">
  <ele>67.291000</ele>
  <time>2010-07-31T07:35:49Z</time>
</trkpt>
<trkpt lat="53.607891100" lon="50.656722989">
  <ele>67.334000</ele>
  <time>2010-07-31T07:35:50Z</time>
</trkpt>
<trkpt lat="53.608032251" lon="50.657054912">
  <ele>67.230003</ele>
  <time>2010-07-31T07:35:51Z</time>
</trkpt>
<trkpt lat="53.608173402" lon="50.657390608">
  <ele>67.277000</ele>
  <time>2010-07-31T07:35:52Z</time>
</trkpt>
<trkpt lat="53.608322181" lon="50.657730075">
  <ele>67.406998</ele>
  <time>2010-07-31T07:35:53Z</time>
</trkpt>
<trkpt lat="53.608467104" lon="50.658073397">
  <ele>67.625000</ele>
  <time>2010-07-31T07:35:54Z</time>
</trkpt>
<trkpt lat="53.608615883" lon="50.658416720">
  <ele>67.940002</ele>
  <time>2010-07-31T07:35:55Z</time>
</trkpt>
<trkpt lat="53.608760806" lon="50.658756271">
  <ele>68.204002</ele>
  <time>2010-07-31T07:35:56Z</time>
</trkpt>
<trkpt lat="53.608905813" lon="50.659095738">
  <ele>68.807999</ele>
  <time>2010-07-31T07:35:57Z</time>
</trkpt>
<trkpt lat="53.609050736" lon="50.659435289">
  <ele>69.180000</ele>
  <time>2010-07-31T07:35:58Z</time>
</trkpt>
<trkpt lat="53.609195743" lon="50.659774756">
  <ele>69.553001</ele>
  <time>2010-07-31T07:35:59Z</time>
</trkpt>
<trkpt lat="53.609340666" lon="50.660110451">
  <ele>70.040001</ele>
  <time>2010-07-31T07:36:00Z</time>
</trkpt>
<trkpt lat="53.609485589" lon="50.660450002">
  <ele>70.741997</ele>
  <time>2010-07-31T07:36:01Z</time>
</trkpt>
<trkpt lat="53.609630596" lon="50.660789469">
  <ele>71.379997</ele>
  <time>2010-07-31T07:36:02Z</time>
</trkpt>
<trkpt lat="53.609775519" lon="50.661125164">
  <ele>72.000999</ele>
  <time>2010-07-31T07:36:03Z</time>
</trkpt>
<trkpt lat="53.609916670" lon="50.661460860">
  <ele>72.649002</ele>
  <time>2010-07-31T07:36:04Z</time>
</trkpt>
<trkpt lat="53.610061677" lon="50.661796555">
  <ele>73.391998</ele>
  <time>2010-07-31T07:36:05Z</time>
</trkpt>
<trkpt lat="53.610206600" lon="50.662128478">
  <ele>73.621002</ele>
  <time>2010-07-31T07:36:06Z</time>
</trkpt>
<trkpt lat="53.610351523" lon="50.662460318">
  <ele>73.883003</ele>
  <time>2010-07-31T07:36:07Z</time>
</trkpt>
<trkpt lat="53.610496530" lon="50.662792241">
  <ele>74.349998</ele>
  <time>2010-07-31T07:36:08Z</time>
</trkpt>
<trkpt lat="53.610641453" lon="50.663127936">
  <ele>74.970001</ele>
  <time>2010-07-31T07:36:09Z</time>
</trkpt>
<trkpt lat="53.610782605" lon="50.663459776">
  <ele>75.397003</ele>
  <time>2010-07-31T07:36:10Z</time>
</trkpt>
<trkpt lat="53.610923756" lon="50.663787844">
  <ele>75.735001</ele>
  <time>2010-07-31T07:36:11Z</time>
</trkpt>
<trkpt lat="53.611061135" lon="50.664108284">
  <ele>75.961998</ele>
  <time>2010-07-31T07:36:12Z</time>
</trkpt>
<trkpt lat="53.611198431" lon="50.664424868">
  <ele>76.248001</ele>
  <time>2010-07-31T07:36:13Z</time>
</trkpt>
<trkpt lat="53.611331955" lon="50.664737681">
  <ele>76.492996</ele>
  <time>2010-07-31T07:36:14Z</time>
</trkpt>
<trkpt lat="53.611461623" lon="50.665042866">
  <ele>76.664001</ele>
  <time>2010-07-31T07:36:15Z</time>
</trkpt>
<trkpt lat="53.611591375" lon="50.665340424">
  <ele>76.934998</ele>
  <time>2010-07-31T07:36:16Z</time>
</trkpt>
<trkpt lat="53.611717187" lon="50.665637981">
  <ele>77.070999</ele>
  <time>2010-07-31T07:36:17Z</time>
</trkpt>
<trkpt lat="53.611846939" lon="50.665927911">
  <ele>77.224998</ele>
  <time>2010-07-31T07:36:18Z</time>
</trkpt>
<trkpt lat="53.611968979" lon="50.666213986">
  <ele>77.453003</ele>
  <time>2010-07-31T07:36:19Z</time>
</trkpt>
<trkpt lat="53.612087248" lon="50.666496288">
  <ele>77.436996</ele>
  <time>2010-07-31T07:36:20Z</time>
</trkpt>
<trkpt lat="53.612209288" lon="50.666774735">
  <ele>77.528999</ele>
  <time>2010-07-31T07:36:21Z</time>
</trkpt>
<trkpt lat="53.612327557" lon="50.667049410">
  <ele>77.723999</ele>
  <time>2010-07-31T07:36:22Z</time>
</trkpt>
<trkpt lat="53.612442054" lon="50.667320229">
  <ele>77.940002</ele>
  <time>2010-07-31T07:36:23Z</time>
</trkpt>
<trkpt lat="53.612560239" lon="50.667587277">
  <ele>78.283997</ele>
  <time>2010-07-31T07:36:24Z</time>
</trkpt>
<trkpt lat="53.612678507" lon="50.667858096">
  <ele>78.165001</ele>
  <time>2010-07-31T07:36:25Z</time>
</trkpt>
<trkpt lat="53.612796776" lon="50.668128999">
  <ele>78.047997</ele>
  <time>2010-07-31T07:36:26Z</time>
</trkpt>
<trkpt lat="53.612915045" lon="50.668407446">
  <ele>78.063004</ele>
  <time>2010-07-31T07:36:27Z</time>
</trkpt>
<trkpt lat="53.613033313" lon="50.668689748">
  <ele>78.056000</ele>
  <time>2010-07-31T07:36:28Z</time>
</trkpt>
<trkpt lat="53.613159209" lon="50.668968195">
  <ele>77.968002</ele>
  <time>2010-07-31T07:36:29Z</time>
</trkpt>
<trkpt lat="53.613281250" lon="50.669250498">
  <ele>77.926003</ele>
  <time>2010-07-31T07:36:30Z</time>
</trkpt>
<trkpt lat="53.613407146" lon="50.669540428">
  <ele>77.906998</ele>
  <time>2010-07-31T07:36:31Z</time>
</trkpt>
<trkpt lat="53.613536814" lon="50.669841757">
  <ele>77.735001</ele>
  <time>2010-07-31T07:36:32Z</time>
</trkpt>
<trkpt lat="53.613666566" lon="50.670143086">
  <ele>77.755997</ele>
  <time>2010-07-31T07:36:33Z</time>
</trkpt>
<trkpt lat="53.613800090" lon="50.670452127">
  <ele>77.885002</ele>
  <time>2010-07-31T07:36:34Z</time>
</trkpt>
<trkpt lat="53.613933530" lon="50.670757312">
  <ele>77.753998</ele>
  <time>2010-07-31T07:36:35Z</time>
</trkpt>
<trkpt lat="53.614063282" lon="50.671062497">
  <ele>77.933998</ele>
  <time>2010-07-31T07:36:36Z</time>
</trkpt>
<trkpt lat="53.614192950" lon="50.671367683">
  <ele>78.085999</ele>
  <time>2010-07-31T07:36:37Z</time>
</trkpt>
<trkpt lat="53.614322701" lon="50.671672784">
  <ele>78.294998</ele>
  <time>2010-07-31T07:36:38Z</time>
</trkpt>
<trkpt lat="53.614448514" lon="50.671977969">
  <ele>78.555000</ele>
  <time>2010-07-31T07:36:39Z</time>
</trkpt>
<trkpt lat="53.614574410" lon="50.672271755">
  <ele>78.674004</ele>
  <time>2010-07-31T07:36:40Z</time>
</trkpt>
<trkpt lat="53.614696534" lon="50.672557829">
  <ele>78.898003</ele>
  <time>2010-07-31T07:36:41Z</time>
</trkpt>
<trkpt lat="53.614822347" lon="50.672836276">
  <ele>79.349998</ele>
  <time>2010-07-31T07:36:42Z</time>
</trkpt>
<trkpt lat="53.614944471" lon="50.673110951">
  <ele>79.688004</ele>
  <time>2010-07-31T07:36:43Z</time>
</trkpt>
<trkpt lat="53.615062740" lon="50.673389398">
  <ele>79.769997</ele>
  <time>2010-07-31T07:36:44Z</time>
</trkpt>
<trkpt lat="53.615188636" lon="50.673667928">
  <ele>80.064003</ele>
  <time>2010-07-31T07:36:45Z</time>
</trkpt>
<trkpt lat="53.615318304" lon="50.673957858">
  <ele>80.291000</ele>
  <time>2010-07-31T07:36:46Z</time>
</trkpt>
<trkpt lat="53.615447972" lon="50.674251560">
  <ele>80.593002</ele>
  <time>2010-07-31T07:36:47Z</time>
</trkpt>
<trkpt lat="53.615585351" lon="50.674556745">
  <ele>80.731003</ele>
  <time>2010-07-31T07:36:48Z</time>
</trkpt>
<trkpt lat="53.615722647" lon="50.674873330">
  <ele>80.802002</ele>
  <time>2010-07-31T07:36:49Z</time>
</trkpt>
<trkpt lat="53.615856171" lon="50.675193770">
  <ele>80.976997</ele>
  <time>2010-07-31T07:36:50Z</time>
</trkpt>
<trkpt lat="53.615985839" lon="50.675518066">
  <ele>81.242996</ele>
  <time>2010-07-31T07:36:51Z</time>
</trkpt>
<trkpt lat="53.616111735" lon="50.675834650">
  <ele>81.475998</ele>
  <time>2010-07-31T07:36:52Z</time>
</trkpt>
<trkpt lat="53.616233859" lon="50.676147463">
  <ele>81.601997</ele>
  <time>2010-07-31T07:36:53Z</time>
</trkpt>
<trkpt lat="53.616363527" lon="50.676452648">
  <ele>81.685997</ele>
  <time>2010-07-31T07:36:54Z</time>
</trkpt>
<trkpt lat="53.616489423" lon="50.676750205">
  <ele>81.873001</ele>
  <time>2010-07-31T07:36:55Z</time>
</trkpt>
<trkpt lat="53.616615320" lon="50.677043907">
  <ele>82.008003</ele>
  <time>2010-07-31T07:36:56Z</time>
</trkpt>
<trkpt lat="53.616741216" lon="50.677329982">
  <ele>82.085999</ele>
  <time>2010-07-31T07:36:57Z</time>
</trkpt>
<trkpt lat="53.616863256" lon="50.677619912">
  <ele>82.198997</ele>
  <time>2010-07-31T07:36:58Z</time>
</trkpt>
<trkpt lat="53.616981525" lon="50.677906070">
  <ele>82.305000</ele>
  <time>2010-07-31T07:36:59Z</time>
</trkpt>
<trkpt lat="53.617103565" lon="50.678188289">
  <ele>82.429001</ele>
  <time>2010-07-31T07:37:00Z</time>
</trkpt>
<trkpt lat="53.617229462" lon="50.678470591">
  <ele>82.601997</ele>
  <time>2010-07-31T07:37:01Z</time>
</trkpt>
<trkpt lat="53.617355358" lon="50.678756749">
  <ele>82.888000</ele>
  <time>2010-07-31T07:37:02Z</time>
</trkpt>
<trkpt lat="53.617481254" lon="50.679046595">
  <ele>83.242996</ele>
  <time>2010-07-31T07:37:03Z</time>
</trkpt>
<trkpt lat="53.617603295" lon="50.679344153">
  <ele>83.427002</ele>
  <time>2010-07-31T07:37:04Z</time>
</trkpt>
<trkpt lat="53.617725335" lon="50.679637939">
  <ele>83.391998</ele>
  <time>2010-07-31T07:37:05Z</time>
</trkpt>
<trkpt lat="53.617858859" lon="50.679927785">
  <ele>83.685997</ele>
  <time>2010-07-31T07:37:06Z</time>
</trkpt>
<trkpt lat="53.617988611" lon="50.680229198">
  <ele>84.074997</ele>
  <time>2010-07-31T07:37:07Z</time>
</trkpt>
<trkpt lat="53.618118279" lon="50.680530528">
  <ele>84.321999</ele>
  <time>2010-07-31T07:37:08Z</time>
</trkpt>
<trkpt lat="53.618244175" lon="50.680831941">
  <ele>84.250999</ele>
  <time>2010-07-31T07:37:09Z</time>
</trkpt>
<trkpt lat="53.618370071" lon="50.681125643">
  <ele>84.230003</ele>
  <time>2010-07-31T07:37:10Z</time>
</trkpt>
<trkpt lat="53.618492112" lon="50.681411717">
  <ele>84.260002</ele>
  <time>2010-07-31T07:37:11Z</time>
</trkpt>
<trkpt lat="53.618610380" lon="50.681690248">
  <ele>84.415001</ele>
  <time>2010-07-31T07:37:12Z</time>
</trkpt>
<trkpt lat="53.618724793" lon="50.681964839">
  <ele>84.458000</ele>
  <time>2010-07-31T07:37:13Z</time>
</trkpt>
<trkpt lat="53.618835434" lon="50.682239514">
  <ele>84.481003</ele>
  <time>2010-07-31T07:37:14Z</time>
</trkpt>
<trkpt lat="53.618946075" lon="50.682506561">
  <ele>84.502998</ele>
  <time>2010-07-31T07:37:15Z</time>
</trkpt>
<trkpt lat="53.619056717" lon="50.682769753">
  <ele>84.724998</ele>
  <time>2010-07-31T07:37:16Z</time>
</trkpt>
<trkpt lat="53.619167358" lon="50.683025401">
  <ele>85.169998</ele>
  <time>2010-07-31T07:37:17Z</time>
</trkpt>
<trkpt lat="53.619277915" lon="50.683284737">
  <ele>85.140999</ele>
  <time>2010-07-31T07:37:18Z</time>
</trkpt>
<trkpt lat="53.619384784" lon="50.683544157">
  <ele>85.218002</ele>
  <time>2010-07-31T07:37:19Z</time>
</trkpt>
<trkpt lat="53.619491570" lon="50.683799721">
  <ele>85.220001</ele>
  <time>2010-07-31T07:37:20Z</time>
</trkpt>
<trkpt lat="53.619602211" lon="50.684055369">
  <ele>85.250000</ele>
  <time>2010-07-31T07:37:21Z</time>
</trkpt>
<trkpt lat="53.619708996" lon="50.684307078">
  <ele>85.182999</ele>
  <time>2010-07-31T07:37:22Z</time>
</trkpt>
<trkpt lat="53.619819637" lon="50.684558870">
  <ele>85.100998</ele>
  <time>2010-07-31T07:37:23Z</time>
</trkpt>
<trkpt lat="53.619930279" lon="50.684814434">
  <ele>84.906998</ele>
  <time>2010-07-31T07:37:24Z</time>
</trkpt>
<trkpt lat="53.620044691" lon="50.685069999">
  <ele>84.658997</ele>
  <time>2010-07-31T07:37:25Z</time>
</trkpt>
<trkpt lat="53.620151561" lon="50.685321791">
  <ele>84.438004</ele>
  <time>2010-07-31T07:37:26Z</time>
</trkpt>
<trkpt lat="53.620262118" lon="50.685577355">
  <ele>84.084000</ele>
  <time>2010-07-31T07:37:27Z</time>
</trkpt>
<trkpt lat="53.620372759" lon="50.685836775">
  <ele>83.707001</ele>
  <time>2010-07-31T07:37:28Z</time>
</trkpt>
<trkpt lat="53.620483400" lon="50.686092339">
  <ele>83.211998</ele>
  <time>2010-07-31T07:37:29Z</time>
</trkpt>
<trkpt lat="53.620594041" lon="50.686347988">
  <ele>82.613998</ele>
  <time>2010-07-31T07:37:30Z</time>
</trkpt>
<trkpt lat="53.620708454" lon="50.686607324">
  <ele>82.024002</ele>
  <time>2010-07-31T07:37:31Z</time>
</trkpt>
<trkpt lat="53.620819096" lon="50.686866743">
  <ele>81.500000</ele>
  <time>2010-07-31T07:37:32Z</time>
</trkpt>
<trkpt lat="53.620929737" lon="50.687129935">
  <ele>81.228996</ele>
  <time>2010-07-31T07:37:33Z</time>
</trkpt>
<trkpt lat="53.621036522" lon="50.687385583">
  <ele>80.748001</ele>
  <time>2010-07-31T07:37:34Z</time>
</trkpt>
<trkpt lat="53.621150935" lon="50.687644919">
  <ele>80.156998</ele>
  <time>2010-07-31T07:37:35Z</time>
</trkpt>
<trkpt lat="53.621261576" lon="50.687896712">
  <ele>79.495003</ele>
  <time>2010-07-31T07:37:36Z</time>
</trkpt>
<trkpt lat="53.621372217" lon="50.688152276">
  <ele>78.487999</ele>
  <time>2010-07-31T07:37:37Z</time>
</trkpt>
<trkpt lat="53.621479003" lon="50.688411696">
  <ele>77.593002</ele>
  <time>2010-07-31T07:37:38Z</time>
</trkpt>
<trkpt lat="53.621589644" lon="50.688674888">
  <ele>76.960999</ele>
  <time>2010-07-31T07:37:39Z</time>
</trkpt>
<trkpt lat="53.621704141" lon="50.688938163">
  <ele>76.347000</ele>
  <time>2010-07-31T07:37:40Z</time>
</trkpt>
<trkpt lat="53.621814698" lon="50.689201355">
  <ele>75.473000</ele>
  <time>2010-07-31T07:37:41Z</time>
</trkpt>
<trkpt lat="53.621925339" lon="50.689464547">
  <ele>74.287003</ele>
  <time>2010-07-31T07:37:42Z</time>
</trkpt>
<trkpt lat="53.622039836" lon="50.689727822">
  <ele>73.331001</ele>
  <time>2010-07-31T07:37:43Z</time>
</trkpt>
<trkpt lat="53.622150393" lon="50.689987158">
  <ele>72.559998</ele>
  <time>2010-07-31T07:37:44Z</time>
</trkpt>
<trkpt lat="53.622264890" lon="50.690246578">
  <ele>71.914001</ele>
  <time>2010-07-31T07:37:45Z</time>
</trkpt>
<trkpt lat="53.622375447" lon="50.690505998">
  <ele>71.157997</ele>
  <time>2010-07-31T07:37:46Z</time>
</trkpt>
<trkpt lat="53.622482317" lon="50.690765418">
  <ele>70.211998</ele>
  <time>2010-07-31T07:37:47Z</time>
</trkpt>
<trkpt lat="53.622592958" lon="50.691028610">
  <ele>69.329002</ele>
  <time>2010-07-31T07:37:48Z</time>
</trkpt>
<trkpt lat="53.622703515" lon="50.691288030">
  <ele>68.653999</ele>
  <time>2010-07-31T07:37:49Z</time>
</trkpt>
<trkpt lat="53.622818012" lon="50.691543594">
  <ele>67.992996</ele>
  <time>2010-07-31T07:37:50Z</time>
</trkpt>
<trkpt lat="53.622932425" lon="50.691806786">
  <ele>67.362999</ele>
  <time>2010-07-31T07:37:51Z</time>
</trkpt>
<trkpt lat="53.623046838" lon="50.692073833">
  <ele>66.900002</ele>
  <time>2010-07-31T07:37:52Z</time>
</trkpt>
<trkpt lat="53.623161335" lon="50.692344652">
  <ele>66.362999</ele>
  <time>2010-07-31T07:37:53Z</time>
</trkpt>
<trkpt lat="53.623275748" lon="50.692611700">
  <ele>65.777000</ele>
  <time>2010-07-31T07:37:54Z</time>
</trkpt>
<trkpt lat="53.623394016" lon="50.692886375">
  <ele>65.023003</ele>
  <time>2010-07-31T07:37:55Z</time>
</trkpt>
<trkpt lat="53.623508429" lon="50.693157194">
  <ele>64.503998</ele>
  <time>2010-07-31T07:37:56Z</time>
</trkpt>
<trkpt lat="53.623626698" lon="50.693431869">
  <ele>63.870998</ele>
  <time>2010-07-31T07:37:57Z</time>
</trkpt>
<trkpt lat="53.623744966" lon="50.693706544">
  <ele>63.505001</ele>
  <time>2010-07-31T07:37:58Z</time>
</trkpt>
<trkpt lat="53.623859379" lon="50.693977363">
  <ele>62.932999</ele>
  <time>2010-07-31T07:37:59Z</time>
</trkpt>
<trkpt lat="53.623973876" lon="50.694255810">
  <ele>62.368000</ele>
  <time>2010-07-31T07:38:00Z</time>
</trkpt>
<trkpt lat="53.624092061" lon="50.694530485">
  <ele>61.816002</ele>
  <time>2010-07-31T07:38:01Z</time>
</trkpt>
<trkpt lat="53.624214185" lon="50.694801304">
  <ele>61.278000</ele>
  <time>2010-07-31T07:38:02Z</time>
</trkpt>
<trkpt lat="53.624332454" lon="50.695068352">
  <ele>60.853001</ele>
  <time>2010-07-31T07:38:03Z</time>
</trkpt>
<trkpt lat="53.624446867" lon="50.695343027">
  <ele>60.519001</ele>
  <time>2010-07-31T07:38:04Z</time>
</trkpt>
<trkpt lat="53.624565136" lon="50.695610074">
  <ele>60.091999</ele>
  <time>2010-07-31T07:38:05Z</time>
</trkpt>
<trkpt lat="53.624675777" lon="50.695877038">
  <ele>59.754002</ele>
  <time>2010-07-31T07:38:06Z</time>
</trkpt>
<trkpt lat="53.624786418" lon="50.696144085">
  <ele>59.554001</ele>
  <time>2010-07-31T07:38:07Z</time>
</trkpt>
<trkpt lat="53.624896975" lon="50.696407277">
  <ele>59.470001</ele>
  <time>2010-07-31T07:38:08Z</time>
</trkpt>
<trkpt lat="53.625011472" lon="50.696670553">
  <ele>59.028000</ele>
  <time>2010-07-31T07:38:09Z</time>
</trkpt>
<trkpt lat="53.625122029" lon="50.696937600">
  <ele>58.692001</ele>
  <time>2010-07-31T07:38:10Z</time>
</trkpt>
<trkpt lat="53.625236526" lon="50.697204564">
  <ele>58.262001</ele>
  <time>2010-07-31T07:38:11Z</time>
</trkpt>
<trkpt lat="53.625350939" lon="50.697471611">
  <ele>57.974998</ele>
  <time>2010-07-31T07:38:12Z</time>
</trkpt>
<trkpt lat="53.625469208" lon="50.697746286">
  <ele>57.638000</ele>
  <time>2010-07-31T07:38:13Z</time>
</trkpt>
<trkpt lat="53.625591248" lon="50.698024733">
  <ele>57.379002</ele>
  <time>2010-07-31T07:38:14Z</time>
</trkpt>
<trkpt lat="53.625721000" lon="50.698310891">
  <ele>57.272999</ele>
  <time>2010-07-31T07:38:15Z</time>
</trkpt>
<trkpt lat="53.625854524" lon="50.698604593">
  <ele>57.203999</ele>
  <time>2010-07-31T07:38:16Z</time>
</trkpt>
<trkpt lat="53.625991819" lon="50.698905922">
  <ele>57.022999</ele>
  <time>2010-07-31T07:38:17Z</time>
</trkpt>
<trkpt lat="53.626129115" lon="50.699214963">
  <ele>57.094002</ele>
  <time>2010-07-31T07:38:18Z</time>
</trkpt>
<trkpt lat="53.626270266" lon="50.699523920">
  <ele>57.351002</ele>
  <time>2010-07-31T07:38:19Z</time>
</trkpt>
<trkpt lat="53.626411417" lon="50.699840505">
  <ele>57.231998</ele>
  <time>2010-07-31T07:38:20Z</time>
</trkpt>
<trkpt lat="53.626548797" lon="50.700164801">
  <ele>57.491001</ele>
  <time>2010-07-31T07:38:21Z</time>
</trkpt>
<trkpt lat="53.626689948" lon="50.700496640">
  <ele>57.519001</ele>
  <time>2010-07-31T07:38:22Z</time>
</trkpt>
<trkpt lat="53.626831016" lon="50.700832335">
  <ele>57.882000</ele>
  <time>2010-07-31T07:38:23Z</time>
</trkpt>
<trkpt lat="53.626968395" lon="50.701175658">
  <ele>57.931000</ele>
  <time>2010-07-31T07:38:24Z</time>
</trkpt>
<trkpt lat="53.627105691" lon="50.701518981">
  <ele>58.042999</ele>
  <time>2010-07-31T07:38:25Z</time>
</trkpt>
<trkpt lat="53.627246842" lon="50.701862304">
  <ele>58.345001</ele>
  <time>2010-07-31T07:38:26Z</time>
</trkpt>
<trkpt lat="53.627384221" lon="50.702201854">
  <ele>58.296001</ele>
  <time>2010-07-31T07:38:27Z</time>
</trkpt>
<trkpt lat="53.627525289" lon="50.702533694">
  <ele>58.300999</ele>
  <time>2010-07-31T07:38:28Z</time>
</trkpt>
<trkpt lat="53.627670296" lon="50.702869389">
  <ele>57.960999</ele>
  <time>2010-07-31T07:38:29Z</time>
</trkpt>
<trkpt lat="53.627815219" lon="50.703208940">
  <ele>57.915001</ele>
  <time>2010-07-31T07:38:30Z</time>
</trkpt>
<trkpt lat="53.627960226" lon="50.703548407">
  <ele>57.751999</ele>
  <time>2010-07-31T07:38:31Z</time>
</trkpt>
<trkpt lat="53.628105149" lon="50.703884102">
  <ele>57.500999</ele>
  <time>2010-07-31T07:38:32Z</time>
</trkpt>
<trkpt lat="53.628250156" lon="50.704223653">
  <ele>56.819000</ele>
  <time>2010-07-31T07:38:33Z</time>
</trkpt>
<trkpt lat="53.628398934" lon="50.704555493">
  <ele>56.303001</ele>
  <time>2010-07-31T07:38:34Z</time>
</trkpt>
<trkpt lat="53.628540002" lon="50.704891188">
  <ele>55.556999</ele>
  <time>2010-07-31T07:38:35Z</time>
</trkpt>
<trkpt lat="53.628685009" lon="50.705226883">
  <ele>54.938999</ele>
  <time>2010-07-31T07:38:36Z</time>
</trkpt>
<trkpt lat="53.628829932" lon="50.705558807">
  <ele>54.577000</ele>
  <time>2010-07-31T07:38:37Z</time>
</trkpt>
<trkpt lat="53.628971083" lon="50.705890646">
  <ele>54.257999</ele>
  <time>2010-07-31T07:38:38Z</time>
</trkpt>
<trkpt lat="53.629112234" lon="50.706214942">
  <ele>54.018002</ele>
  <time>2010-07-31T07:38:39Z</time>
</trkpt>
<trkpt lat="53.629253386" lon="50.706543010">
  <ele>53.917000</ele>
  <time>2010-07-31T07:38:40Z</time>
</trkpt>
<trkpt lat="53.629390681" lon="50.706863366">
  <ele>53.657001</ele>
  <time>2010-07-31T07:38:41Z</time>
</trkpt>
<trkpt lat="53.629524205" lon="50.707183806">
  <ele>53.419998</ele>
  <time>2010-07-31T07:38:42Z</time>
</trkpt>
<trkpt lat="53.629661584" lon="50.707500475">
  <ele>52.889999</ele>
  <time>2010-07-31T07:38:43Z</time>
</trkpt>
<trkpt lat="53.629795108" lon="50.707813287">
  <ele>52.736000</ele>
  <time>2010-07-31T07:38:44Z</time>
</trkpt>
<trkpt lat="53.629928548" lon="50.708129872">
  <ele>52.873001</ele>
  <time>2010-07-31T07:38:45Z</time>
</trkpt>
<trkpt lat="53.630058300" lon="50.708438912">
  <ele>53.168999</ele>
  <time>2010-07-31T07:38:46Z</time>
</trkpt>
<trkpt lat="53.630187968" lon="50.708747869">
  <ele>53.171001</ele>
  <time>2010-07-31T07:38:47Z</time>
</trkpt>
<trkpt lat="53.630317720" lon="50.709056826">
  <ele>53.369999</ele>
  <time>2010-07-31T07:38:48Z</time>
</trkpt>
<trkpt lat="53.630443532" lon="50.709358240">
  <ele>53.287998</ele>
  <time>2010-07-31T07:38:49Z</time>
</trkpt>
<trkpt lat="53.630569428" lon="50.709663425">
  <ele>53.384998</ele>
  <time>2010-07-31T07:38:50Z</time>
</trkpt>
<trkpt lat="53.630695324" lon="50.709964754">
  <ele>53.554001</ele>
  <time>2010-07-31T07:38:51Z</time>
</trkpt>
<trkpt lat="53.630821221" lon="50.710269939">
  <ele>53.591000</ele>
  <time>2010-07-31T07:38:52Z</time>
</trkpt>
<trkpt lat="53.630950889" lon="50.710575124">
  <ele>53.818001</ele>
  <time>2010-07-31T07:38:53Z</time>
</trkpt>
<trkpt lat="53.631076785" lon="50.710880309">
  <ele>54.053001</ele>
  <time>2010-07-31T07:38:54Z</time>
</trkpt>
<trkpt lat="53.631206537" lon="50.711181639">
  <ele>54.563999</ele>
  <time>2010-07-31T07:38:55Z</time>
</trkpt>
<trkpt lat="53.631332433" lon="50.711490596">
  <ele>55.294998</ele>
  <time>2010-07-31T07:38:56Z</time>
</trkpt>
<trkpt lat="53.631462101" lon="50.711799636">
  <ele>56.051998</ele>
  <time>2010-07-31T07:38:57Z</time>
</trkpt>
<trkpt lat="53.631591769" lon="50.712104822">
  <ele>56.946999</ele>
  <time>2010-07-31T07:38:58Z</time>
</trkpt>
<trkpt lat="53.631721521" lon="50.712410007">
  <ele>57.874001</ele>
  <time>2010-07-31T07:38:59Z</time>
</trkpt>
<trkpt lat="53.631851189" lon="50.712718964">
  <ele>58.757000</ele>
  <time>2010-07-31T07:39:00Z</time>
</trkpt>
<trkpt lat="53.631980857" lon="50.713024149">
  <ele>59.651001</ele>
  <time>2010-07-31T07:39:01Z</time>
</trkpt>
<trkpt lat="53.632114381" lon="50.713329334">
  <ele>60.805000</ele>
  <time>2010-07-31T07:39:02Z</time>
</trkpt>
<trkpt lat="53.632247904" lon="50.713626891">
  <ele>61.714001</ele>
  <time>2010-07-31T07:39:03Z</time>
</trkpt>
<trkpt lat="53.632377656" lon="50.713932076">
  <ele>62.710999</ele>
  <time>2010-07-31T07:39:04Z</time>
</trkpt>
<trkpt lat="53.632511180" lon="50.714229550">
  <ele>63.838001</ele>
  <time>2010-07-31T07:39:05Z</time>
</trkpt>
<trkpt lat="53.632644620" lon="50.714527108">
  <ele>64.747002</ele>
  <time>2010-07-31T07:39:06Z</time>
</trkpt>
<trkpt lat="53.632778144" lon="50.714824665">
  <ele>65.471001</ele>
  <time>2010-07-31T07:39:07Z</time>
</trkpt>
<trkpt lat="53.632907895" lon="50.715126079">
  <ele>66.047997</ele>
  <time>2010-07-31T07:39:08Z</time>
</trkpt>
<trkpt lat="53.633037563" lon="50.715435036">
  <ele>66.598000</ele>
  <time>2010-07-31T07:39:09Z</time>
</trkpt>
<trkpt lat="53.633171087" lon="50.715743992">
  <ele>67.129997</ele>
  <time>2010-07-31T07:39:10Z</time>
</trkpt>
<trkpt lat="53.633304611" lon="50.716056805">
  <ele>67.536003</ele>
  <time>2010-07-31T07:39:11Z</time>
</trkpt>
<trkpt lat="53.633438135" lon="50.716373473">
  <ele>67.958000</ele>
  <time>2010-07-31T07:39:12Z</time>
</trkpt>
<trkpt lat="53.633567803" lon="50.716686286">
  <ele>68.382004</ele>
  <time>2010-07-31T07:39:13Z</time>
</trkpt>
<trkpt lat="53.633705098" lon="50.716991387">
  <ele>68.919998</ele>
  <time>2010-07-31T07:39:14Z</time>
</trkpt>
<trkpt lat="53.633834850" lon="50.717300428">
  <ele>69.507004</ele>
  <time>2010-07-31T07:39:15Z</time>
</trkpt>
<trkpt lat="53.633968374" lon="50.717605613">
  <ele>70.130997</ele>
  <time>2010-07-31T07:39:16Z</time>
</trkpt>
<trkpt lat="53.634101897" lon="50.717918426">
  <ele>71.001999</ele>
  <time>2010-07-31T07:39:17Z</time>
</trkpt>
<trkpt lat="53.634235421" lon="50.718223611">
  <ele>71.927002</ele>
  <time>2010-07-31T07:39:18Z</time>
</trkpt>
<trkpt lat="53.634368861" lon="50.718532568">
  <ele>72.933998</ele>
  <time>2010-07-31T07:39:19Z</time>
</trkpt>
<trkpt lat="53.634498613" lon="50.718841525">
  <ele>74.028999</ele>
  <time>2010-07-31T07:39:20Z</time>
</trkpt>
<trkpt lat="53.634624509" lon="50.719139082">
  <ele>75.396004</ele>
  <time>2010-07-31T07:39:21Z</time>
</trkpt>
<trkpt lat="53.634750405" lon="50.719429012">
  <ele>76.503998</ele>
  <time>2010-07-31T07:39:22Z</time>
</trkpt>
<trkpt lat="53.634872446" lon="50.719711315">
  <ele>77.641998</ele>
  <time>2010-07-31T07:39:23Z</time>
</trkpt>
<trkpt lat="53.634990714" lon="50.719989762">
  <ele>78.771004</ele>
  <time>2010-07-31T07:39:24Z</time>
</trkpt>
<trkpt lat="53.635105127" lon="50.720256809">
  <ele>80.218002</ele>
  <time>2010-07-31T07:39:25Z</time>
</trkpt>
<trkpt lat="53.635215769" lon="50.720520001">
  <ele>81.364998</ele>
  <time>2010-07-31T07:39:26Z</time>
</trkpt>
<trkpt lat="53.635322554" lon="50.720771793">
  <ele>82.212997</ele>
  <time>2010-07-31T07:39:27Z</time>
</trkpt>
<trkpt lat="53.635429423" lon="50.721012102">
  <ele>83.024002</ele>
  <time>2010-07-31T07:39:28Z</time>
</trkpt>
<trkpt lat="53.635528581" lon="50.721244784">
  <ele>83.797997</ele>
  <time>2010-07-31T07:39:29Z</time>
</trkpt>
<trkpt lat="53.635623967" lon="50.721462211">
  <ele>84.621002</ele>
  <time>2010-07-31T07:39:30Z</time>
</trkpt>
<trkpt lat="53.635707870" lon="50.721664466">
  <ele>85.272003</ele>
  <time>2010-07-31T07:39:31Z</time>
</trkpt>
<trkpt lat="53.635788001" lon="50.721843755">
  <ele>86.044998</ele>
  <time>2010-07-31T07:39:32Z</time>
</trkpt>
<trkpt lat="53.635864276" lon="50.722015416">
  <ele>86.788002</ele>
  <time>2010-07-31T07:39:33Z</time>
</trkpt>
<trkpt lat="53.635936696" lon="50.722183222">
  <ele>87.192001</ele>
  <time>2010-07-31T07:39:34Z</time>
</trkpt>
<trkpt lat="53.636005428" lon="50.722347256">
  <ele>87.573997</ele>
  <time>2010-07-31T07:39:35Z</time>
</trkpt>
<trkpt lat="53.636074075" lon="50.722515145">
  <ele>87.997002</ele>
  <time>2010-07-31T07:39:36Z</time>
</trkpt>
<trkpt lat="53.636146579" lon="50.722675323">
  <ele>88.567001</ele>
  <time>2010-07-31T07:39:37Z</time>
</trkpt>
<trkpt lat="53.636218999" lon="50.722843129">
  <ele>89.111000</ele>
  <time>2010-07-31T07:39:38Z</time>
</trkpt>
<trkpt lat="53.636291502" lon="50.723003391">
  <ele>89.500000</ele>
  <time>2010-07-31T07:39:39Z</time>
</trkpt>
<trkpt lat="53.636356378" lon="50.723163569">
  <ele>89.685997</ele>
  <time>2010-07-31T07:39:40Z</time>
</trkpt>
<trkpt lat="53.636425026" lon="50.723316204">
  <ele>89.901001</ele>
  <time>2010-07-31T07:39:41Z</time>
</trkpt>
<trkpt lat="53.636486046" lon="50.723464983">
  <ele>90.125999</ele>
  <time>2010-07-31T07:39:42Z</time>
</trkpt>
<trkpt lat="53.636550922" lon="50.723609906">
  <ele>90.344002</ele>
  <time>2010-07-31T07:39:43Z</time>
</trkpt>
<trkpt lat="53.636615714" lon="50.723758684">
  <ele>90.751999</ele>
  <time>2010-07-31T07:39:44Z</time>
</trkpt>
<trkpt lat="53.636684446" lon="50.723915091">
  <ele>91.205002</ele>
  <time>2010-07-31T07:39:45Z</time>
</trkpt>
<trkpt lat="53.636753093" lon="50.724071497">
  <ele>91.608002</ele>
  <time>2010-07-31T07:39:46Z</time>
</trkpt>
<trkpt lat="53.636825597" lon="50.724231759">
  <ele>92.147003</ele>
  <time>2010-07-31T07:39:47Z</time>
</trkpt>
<trkpt lat="53.636901872" lon="50.724391937">
  <ele>92.545998</ele>
  <time>2010-07-31T07:39:48Z</time>
</trkpt>
<trkpt lat="53.636978148" lon="50.724548344">
  <ele>93.014999</ele>
  <time>2010-07-31T07:39:49Z</time>
</trkpt>
<trkpt lat="53.637062050" lon="50.724712377">
  <ele>93.262001</ele>
  <time>2010-07-31T07:39:50Z</time>
</trkpt>
<trkpt lat="53.637146037" lon="50.724876411">
  <ele>93.494003</ele>
  <time>2010-07-31T07:39:51Z</time>
</trkpt>
<trkpt lat="53.637233712" lon="50.725044217">
  <ele>93.750000</ele>
  <time>2010-07-31T07:39:52Z</time>
</trkpt>
<trkpt lat="53.637321470" lon="50.725215878">
  <ele>93.786003</ele>
  <time>2010-07-31T07:39:53Z</time>
</trkpt>
<trkpt lat="53.637416856" lon="50.725387540">
  <ele>93.771004</ele>
  <time>2010-07-31T07:39:54Z</time>
</trkpt>
<trkpt lat="53.637512242" lon="50.725563057">
  <ele>94.107002</ele>
  <time>2010-07-31T07:39:55Z</time>
</trkpt>
<trkpt lat="53.637615172" lon="50.725738490">
  <ele>94.039001</ele>
  <time>2010-07-31T07:39:56Z</time>
</trkpt>
<trkpt lat="53.637718186" lon="50.725910151">
  <ele>93.896004</ele>
  <time>2010-07-31T07:39:57Z</time>
</trkpt>
<trkpt lat="53.637821199" lon="50.726081813">
  <ele>93.877998</ele>
  <time>2010-07-31T07:39:58Z</time>
</trkpt>
<trkpt lat="53.637927985" lon="50.726253474">
  <ele>93.989998</ele>
  <time>2010-07-31T07:39:59Z</time>
</trkpt>
<trkpt lat="53.638034854" lon="50.726425136">
  <ele>93.908997</ele>
  <time>2010-07-31T07:40:00Z</time>
</trkpt>
<trkpt lat="53.638141640" lon="50.726596797">
  <ele>93.998001</ele>
  <time>2010-07-31T07:40:01Z</time>
</trkpt>
<trkpt lat="53.638252281" lon="50.726776086">
  <ele>94.051003</ele>
  <time>2010-07-31T07:40:02Z</time>
</trkpt>
<trkpt lat="53.638366694" lon="50.726951603">
  <ele>93.994003</ele>
  <time>2010-07-31T07:40:03Z</time>
</trkpt>
<trkpt lat="53.638481107" lon="50.727127036">
  <ele>93.723999</ele>
  <time>2010-07-31T07:40:04Z</time>
</trkpt>
<trkpt lat="53.638595603" lon="50.727302553">
  <ele>93.502998</ele>
  <time>2010-07-31T07:40:05Z</time>
</trkpt>
<trkpt lat="53.638713872" lon="50.727477986">
  <ele>93.311996</ele>
  <time>2010-07-31T07:40:06Z</time>
</trkpt>
<trkpt lat="53.638828285" lon="50.727649648">
  <ele>93.238998</ele>
  <time>2010-07-31T07:40:07Z</time>
</trkpt>
<trkpt lat="53.638946554" lon="50.727821309">
  <ele>93.183998</ele>
  <time>2010-07-31T07:40:08Z</time>
</trkpt>
<trkpt lat="53.639064822" lon="50.727992970">
  <ele>93.204002</ele>
  <time>2010-07-31T07:40:09Z</time>
</trkpt>
<trkpt lat="53.639183007" lon="50.728157004">
  <ele>93.343002</ele>
  <time>2010-07-31T07:40:10Z</time>
</trkpt>
<trkpt lat="53.639297504" lon="50.728321038">
  <ele>93.299004</ele>
  <time>2010-07-31T07:40:11Z</time>
</trkpt>
<trkpt lat="53.639415773" lon="50.728488928">
  <ele>93.039001</ele>
  <time>2010-07-31T07:40:12Z</time>
</trkpt>
<trkpt lat="53.639533957" lon="50.728656733">
  <ele>93.138000</ele>
  <time>2010-07-31T07:40:13Z</time>
</trkpt>
<trkpt lat="53.639652226" lon="50.728813140">
  <ele>93.211998</ele>
  <time>2010-07-31T07:40:14Z</time>
</trkpt>
<trkpt lat="53.639778122" lon="50.728965774">
  <ele>93.207001</ele>
  <time>2010-07-31T07:40:15Z</time>
</trkpt>
<trkpt lat="53.639900247" lon="50.729122180">
  <ele>93.102997</ele>
  <time>2010-07-31T07:40:16Z</time>
</trkpt>
<trkpt lat="53.640029915" lon="50.729282359">
  <ele>92.945000</ele>
  <time>2010-07-31T07:40:17Z</time>
</trkpt>
<trkpt lat="53.640163438" lon="50.729442621">
  <ele>92.893997</ele>
  <time>2010-07-31T07:40:18Z</time>
</trkpt>
<trkpt lat="53.640293106" lon="50.729606654">
  <ele>93.025002</ele>
  <time>2010-07-31T07:40:19Z</time>
</trkpt>
<trkpt lat="53.640426630" lon="50.729766833">
  <ele>93.046997</ele>
  <time>2010-07-31T07:40:20Z</time>
</trkpt>
<trkpt lat="53.640563926" lon="50.729938494">
  <ele>92.871002</ele>
  <time>2010-07-31T07:40:21Z</time>
</trkpt>
<trkpt lat="53.640701305" lon="50.730106384">
  <ele>92.486000</ele>
  <time>2010-07-31T07:40:22Z</time>
</trkpt>
<trkpt lat="53.640838601" lon="50.730278045">
  <ele>92.358002</ele>
  <time>2010-07-31T07:40:23Z</time>
</trkpt>
<trkpt lat="53.640979752" lon="50.730453478">
  <ele>92.161003</ele>
  <time>2010-07-31T07:40:24Z</time>
</trkpt>
<trkpt lat="53.641120903" lon="50.730625140">
  <ele>92.043999</ele>
  <time>2010-07-31T07:40:25Z</time>
</trkpt>
<trkpt lat="53.641262054" lon="50.730800657">
  <ele>91.796997</ele>
  <time>2010-07-31T07:40:26Z</time>
</trkpt>
<trkpt lat="53.641403206" lon="50.730972318">
  <ele>91.619003</ele>
  <time>2010-07-31T07:40:27Z</time>
</trkpt>
<trkpt lat="53.641551984" lon="50.731143979">
  <ele>91.374001</ele>
  <time>2010-07-31T07:40:28Z</time>
</trkpt>
<trkpt lat="53.641696908" lon="50.731319413">
  <ele>91.009003</ele>
  <time>2010-07-31T07:40:29Z</time>
</trkpt>
<trkpt lat="53.641841915" lon="50.731494930">
  <ele>90.621002</ele>
  <time>2010-07-31T07:40:30Z</time>
</trkpt>
<trkpt lat="53.641990693" lon="50.731666591">
  <ele>90.373001</ele>
  <time>2010-07-31T07:40:31Z</time>
</trkpt>
<trkpt lat="53.642139472" lon="50.731845880">
  <ele>90.116997</ele>
  <time>2010-07-31T07:40:32Z</time>
</trkpt>
<trkpt lat="53.642284395" lon="50.732028941">
  <ele>89.898003</ele>
  <time>2010-07-31T07:40:33Z</time>
</trkpt>
<trkpt lat="53.642433174" lon="50.732208230">
  <ele>89.702003</ele>
  <time>2010-07-31T07:40:34Z</time>
</trkpt>
<trkpt lat="53.642578097" lon="50.732387519">
  <ele>89.717003</ele>
  <time>2010-07-31T07:40:35Z</time>
</trkpt>
<trkpt lat="53.642723104" lon="50.732563036">
  <ele>89.651001</ele>
  <time>2010-07-31T07:40:36Z</time>
</trkpt>
<trkpt lat="53.642868027" lon="50.732738469">
  <ele>89.684998</ele>
  <time>2010-07-31T07:40:37Z</time>
</trkpt>
<trkpt lat="53.643016806" lon="50.732913986">
  <ele>89.599998</ele>
  <time>2010-07-31T07:40:38Z</time>
</trkpt>
<trkpt lat="53.643165585" lon="50.733100902">
  <ele>89.507004</ele>
  <time>2010-07-31T07:40:39Z</time>
</trkpt>
<trkpt lat="53.643318135" lon="50.733287819">
  <ele>89.693001</ele>
  <time>2010-07-31T07:40:40Z</time>
</trkpt>
<trkpt lat="53.643474542" lon="50.733474735">
  <ele>89.495003</ele>
  <time>2010-07-31T07:40:41Z</time>
</trkpt>
<trkpt lat="53.643627176" lon="50.733657796">
  <ele>89.335999</ele>
  <time>2010-07-31T07:40:42Z</time>
</trkpt>
<trkpt lat="53.643783582" lon="50.733837169">
  <ele>89.314003</ele>
  <time>2010-07-31T07:40:43Z</time>
</trkpt>
<trkpt lat="53.643939989" lon="50.734024085">
  <ele>89.192001</ele>
  <time>2010-07-31T07:40:44Z</time>
</trkpt>
<trkpt lat="53.644100167" lon="50.734214773">
  <ele>88.976997</ele>
  <time>2010-07-31T07:40:45Z</time>
</trkpt>
<trkpt lat="53.644260429" lon="50.734405546">
  <ele>88.829002</ele>
  <time>2010-07-31T07:40:46Z</time>
</trkpt>
<trkpt lat="53.644424463" lon="50.734603861">
  <ele>88.952003</ele>
  <time>2010-07-31T07:40:47Z</time>
</trkpt>
<trkpt lat="53.644580869" lon="50.734798405">
  <ele>88.906998</ele>
  <time>2010-07-31T07:40:48Z</time>
</trkpt>
<trkpt lat="53.644737275" lon="50.734992949">
  <ele>88.931999</ele>
  <time>2010-07-31T07:40:49Z</time>
</trkpt>
<trkpt lat="53.644889826" lon="50.735179866">
  <ele>88.778999</ele>
  <time>2010-07-31T07:40:50Z</time>
</trkpt>
<trkpt lat="53.645042460" lon="50.735363010">
  <ele>88.406998</ele>
  <time>2010-07-31T07:40:51Z</time>
</trkpt>
<trkpt lat="53.645195011" lon="50.735546071">
  <ele>88.232002</ele>
  <time>2010-07-31T07:40:52Z</time>
</trkpt>
<trkpt lat="53.645339934" lon="50.735721588">
  <ele>88.012001</ele>
  <time>2010-07-31T07:40:53Z</time>
</trkpt>
<trkpt lat="53.645484941" lon="50.735900877">
  <ele>88.004997</ele>
  <time>2010-07-31T07:40:54Z</time>
</trkpt>
<trkpt lat="53.645626092" lon="50.736080166">
  <ele>87.968002</ele>
  <time>2010-07-31T07:40:55Z</time>
</trkpt>
<trkpt lat="53.645767244" lon="50.736251827">
  <ele>87.726997</ele>
  <time>2010-07-31T07:40:56Z</time>
</trkpt>
<trkpt lat="53.645912167" lon="50.736427344">
  <ele>87.644997</ele>
  <time>2010-07-31T07:40:57Z</time>
</trkpt>
<trkpt lat="53.646053318" lon="50.736606633">
  <ele>87.540001</ele>
  <time>2010-07-31T07:40:58Z</time>
</trkpt>
<trkpt lat="53.646198241" lon="50.736778295">
  <ele>87.367996</ele>
  <time>2010-07-31T07:40:59Z</time>
</trkpt>
<trkpt lat="53.646343248" lon="50.736953728">
  <ele>87.014999</ele>
  <time>2010-07-31T07:41:00Z</time>
</trkpt>
<trkpt lat="53.646488171" lon="50.737133017">
  <ele>86.663002</ele>
  <time>2010-07-31T07:41:01Z</time>
</trkpt>
<trkpt lat="53.646633178" lon="50.737308534">
  <ele>86.638000</ele>
  <time>2010-07-31T07:41:02Z</time>
</trkpt>
<trkpt lat="53.646785729" lon="50.737483967">
  <ele>86.772003</ele>
  <time>2010-07-31T07:41:03Z</time>
</trkpt>
<trkpt lat="53.646938363" lon="50.737659484">
  <ele>86.707001</ele>
  <time>2010-07-31T07:41:04Z</time>
</trkpt>
<trkpt lat="53.647094686" lon="50.737838773">
  <ele>86.374001</ele>
  <time>2010-07-31T07:41:05Z</time>
</trkpt>
<trkpt lat="53.647247320" lon="50.738025689">
  <ele>86.055000</ele>
  <time>2010-07-31T07:41:06Z</time>
</trkpt>
<trkpt lat="53.647399871" lon="50.738220233">
  <ele>85.963997</ele>
  <time>2010-07-31T07:41:07Z</time>
</trkpt>
<trkpt lat="53.647552505" lon="50.738410922">
  <ele>86.011002</ele>
  <time>2010-07-31T07:41:08Z</time>
</trkpt>
<trkpt lat="53.647705056" lon="50.738601694">
  <ele>85.842003</ele>
  <time>2010-07-31T07:41:09Z</time>
</trkpt>
<trkpt lat="53.647861462" lon="50.738788610">
  <ele>85.619003</ele>
  <time>2010-07-31T07:41:10Z</time>
</trkpt>
<trkpt lat="53.648017868" lon="50.738983154">
  <ele>85.473000</ele>
  <time>2010-07-31T07:41:11Z</time>
</trkpt>
<trkpt lat="53.648181902" lon="50.739173926">
  <ele>85.238998</ele>
  <time>2010-07-31T07:41:12Z</time>
</trkpt>
<trkpt lat="53.648345936" lon="50.739368470">
  <ele>85.164001</ele>
  <time>2010-07-31T07:41:13Z</time>
</trkpt>
<trkpt lat="53.648521453" lon="50.739563014">
  <ele>84.959000</ele>
  <time>2010-07-31T07:41:14Z</time>
</trkpt>
<trkpt lat="53.648700742" lon="50.739761330">
  <ele>84.794998</ele>
  <time>2010-07-31T07:41:15Z</time>
</trkpt>
<trkpt lat="53.648883803" lon="50.739971129">
  <ele>84.656998</ele>
  <time>2010-07-31T07:41:16Z</time>
</trkpt>
<trkpt lat="53.649074575" lon="50.740192411">
  <ele>84.336998</ele>
  <time>2010-07-31T07:41:17Z</time>
</trkpt>
<trkpt lat="53.649261491" lon="50.740425093">
  <ele>84.077003</ele>
  <time>2010-07-31T07:41:18Z</time>
</trkpt>
<trkpt lat="53.649459807" lon="50.740661630">
  <ele>83.902000</ele>
  <time>2010-07-31T07:41:19Z</time>
</trkpt>
<trkpt lat="53.649654351" lon="50.740898168">
  <ele>83.299004</ele>
  <time>2010-07-31T07:41:20Z</time>
</trkpt>
<trkpt lat="53.649848979" lon="50.741142249">
  <ele>83.015999</ele>
  <time>2010-07-31T07:41:21Z</time>
</trkpt>
<trkpt lat="53.650047295" lon="50.741397897">
  <ele>82.833000</ele>
  <time>2010-07-31T07:41:22Z</time>
</trkpt>
<trkpt lat="53.650249466" lon="50.741657233">
  <ele>82.671997</ele>
  <time>2010-07-31T07:41:23Z</time>
</trkpt>
<trkpt lat="53.650451638" lon="50.741920508">
  <ele>82.622002</ele>
  <time>2010-07-31T07:41:24Z</time>
</trkpt>
<trkpt lat="53.650653809" lon="50.742187472">
  <ele>82.346001</ele>
  <time>2010-07-31T07:41:25Z</time>
</trkpt>
<trkpt lat="53.650855981" lon="50.742446892">
  <ele>81.986000</ele>
  <time>2010-07-31T07:41:26Z</time>
</trkpt>
<trkpt lat="53.651065864" lon="50.742702456">
  <ele>81.797997</ele>
  <time>2010-07-31T07:41:27Z</time>
</trkpt>
<trkpt lat="53.651275663" lon="50.742950477">
  <ele>81.896004</ele>
  <time>2010-07-31T07:41:28Z</time>
</trkpt>
<trkpt lat="53.651481606" lon="50.743198413">
  <ele>81.903000</ele>
  <time>2010-07-31T07:41:29Z</time>
</trkpt>
<trkpt lat="53.651691405" lon="50.743453978">
  <ele>81.714996</ele>
  <time>2010-07-31T07:41:30Z</time>
</trkpt>
<trkpt lat="53.651897432" lon="50.743705770">
  <ele>81.415001</ele>
  <time>2010-07-31T07:41:31Z</time>
</trkpt>
<trkpt lat="53.652103459" lon="50.743961334">
  <ele>81.280998</ele>
  <time>2010-07-31T07:41:32Z</time>
</trkpt>
<trkpt lat="53.652309403" lon="50.744213127">
  <ele>81.157997</ele>
  <time>2010-07-31T07:41:33Z</time>
</trkpt>
<trkpt lat="53.652519202" lon="50.744464835">
  <ele>81.035004</ele>
  <time>2010-07-31T07:41:34Z</time>
</trkpt>
<trkpt lat="53.652725229" lon="50.744716628">
  <ele>80.790001</ele>
  <time>2010-07-31T07:41:35Z</time>
</trkpt>
<trkpt lat="53.652935028" lon="50.744968420">
  <ele>80.554001</ele>
  <time>2010-07-31T07:41:36Z</time>
</trkpt>
<trkpt lat="53.653137200" lon="50.745227840">
  <ele>80.446999</ele>
  <time>2010-07-31T07:41:37Z</time>
</trkpt>
<trkpt lat="53.653343227" lon="50.745483404">
  <ele>80.591003</ele>
  <time>2010-07-31T07:41:38Z</time>
</trkpt>
<trkpt lat="53.653549170" lon="50.745731341">
  <ele>80.808998</ele>
  <time>2010-07-31T07:41:39Z</time>
</trkpt>
<trkpt lat="53.653755197" lon="50.745979277">
  <ele>80.565002</ele>
  <time>2010-07-31T07:41:40Z</time>
</trkpt>
<trkpt lat="53.653961141" lon="50.746227298">
  <ele>80.443001</ele>
  <time>2010-07-31T07:41:41Z</time>
</trkpt>
<trkpt lat="53.654167168" lon="50.746475235">
  <ele>80.365997</ele>
  <time>2010-07-31T07:41:42Z</time>
</trkpt>
<trkpt lat="53.654373195" lon="50.746723171">
  <ele>80.509003</ele>
  <time>2010-07-31T07:41:43Z</time>
</trkpt>
<trkpt lat="53.654575367" lon="50.746971108">
  <ele>80.414001</ele>
  <time>2010-07-31T07:41:44Z</time>
</trkpt>
<trkpt lat="53.654781310" lon="50.747222900">
  <ele>80.235001</ele>
  <time>2010-07-31T07:41:45Z</time>
</trkpt>
<trkpt lat="53.654987337" lon="50.747470837">
  <ele>80.152000</ele>
  <time>2010-07-31T07:41:46Z</time>
</trkpt>
<trkpt lat="53.655193364" lon="50.747722629">
  <ele>80.121002</ele>
  <time>2010-07-31T07:41:47Z</time>
</trkpt>
<trkpt lat="53.655399308" lon="50.747974422">
  <ele>79.887001</ele>
  <time>2010-07-31T07:41:48Z</time>
</trkpt>
<trkpt lat="53.655605335" lon="50.748229986">
  <ele>79.858002</ele>
  <time>2010-07-31T07:41:49Z</time>
</trkpt>
<trkpt lat="53.655815134" lon="50.748485550">
  <ele>79.888000</ele>
  <time>2010-07-31T07:41:50Z</time>
</trkpt>
<trkpt lat="53.656024933" lon="50.748741115">
  <ele>79.724998</ele>
  <time>2010-07-31T07:41:51Z</time>
</trkpt>
<trkpt lat="53.656238588" lon="50.748996763">
  <ele>79.625999</ele>
  <time>2010-07-31T07:41:52Z</time>
</trkpt>
<trkpt lat="53.656452158" lon="50.749252327">
  <ele>79.503998</ele>
  <time>2010-07-31T07:41:53Z</time>
</trkpt>
<trkpt lat="53.656665813" lon="50.749507891">
  <ele>79.266998</ele>
  <time>2010-07-31T07:41:54Z</time>
</trkpt>
<trkpt lat="53.656875612" lon="50.749767311">
  <ele>79.126999</ele>
  <time>2010-07-31T07:41:55Z</time>
</trkpt>
<trkpt lat="53.657089267" lon="50.750026731">
  <ele>79.066002</ele>
  <time>2010-07-31T07:41:56Z</time>
</trkpt>
<trkpt lat="53.657302838" lon="50.750282295">
  <ele>78.794998</ele>
  <time>2010-07-31T07:41:57Z</time>
</trkpt>
<trkpt lat="53.657516493" lon="50.750541715">
  <ele>78.890999</ele>
  <time>2010-07-31T07:41:58Z</time>
</trkpt>
<trkpt lat="53.657730063" lon="50.750801051">
  <ele>79.085999</ele>
  <time>2010-07-31T07:41:59Z</time>
</trkpt>
<trkpt lat="53.657943718" lon="50.751056699">
  <ele>79.359001</ele>
  <time>2010-07-31T07:42:00Z</time>
</trkpt>
<trkpt lat="53.658161145" lon="50.751316035">
  <ele>79.556000</ele>
  <time>2010-07-31T07:42:01Z</time>
</trkpt>
<trkpt lat="53.658374799" lon="50.751571683">
  <ele>79.730003</ele>
  <time>2010-07-31T07:42:02Z</time>
</trkpt>
<trkpt lat="53.658588370" lon="50.751834875">
  <ele>79.932999</ele>
  <time>2010-07-31T07:42:03Z</time>
</trkpt>
<trkpt lat="53.658805881" lon="50.752098067">
  <ele>80.447998</ele>
  <time>2010-07-31T07:42:04Z</time>
</trkpt>
<trkpt lat="53.659023307" lon="50.752361258">
  <ele>80.809998</ele>
  <time>2010-07-31T07:42:05Z</time>
</trkpt>
<trkpt lat="53.659236878" lon="50.752620678">
  <ele>81.406998</ele>
  <time>2010-07-31T07:42:06Z</time>
</trkpt>
<trkpt lat="53.659454305" lon="50.752883870">
  <ele>81.771004</ele>
  <time>2010-07-31T07:42:07Z</time>
</trkpt>
<trkpt lat="53.659671815" lon="50.753143290">
  <ele>82.051003</ele>
  <time>2010-07-31T07:42:08Z</time>
</trkpt>
<trkpt lat="53.659885386" lon="50.753402710">
  <ele>82.411003</ele>
  <time>2010-07-31T07:42:09Z</time>
</trkpt>
<trkpt lat="53.660099041" lon="50.753658274">
  <ele>82.805000</ele>
  <time>2010-07-31T07:42:10Z</time>
</trkpt>
<trkpt lat="53.660308840" lon="50.753913838">
  <ele>83.017998</ele>
  <time>2010-07-31T07:42:11Z</time>
</trkpt>
<trkpt lat="53.660518639" lon="50.754173258">
  <ele>83.339996</ele>
  <time>2010-07-31T07:42:12Z</time>
</trkpt>
<trkpt lat="53.660728438" lon="50.754428823">
  <ele>83.986000</ele>
  <time>2010-07-31T07:42:13Z</time>
</trkpt>
<trkpt lat="53.660934465" lon="50.754684471">
  <ele>84.593002</ele>
  <time>2010-07-31T07:42:14Z</time>
</trkpt>
<trkpt lat="53.661140408" lon="50.754932407">
  <ele>85.241997</ele>
  <time>2010-07-31T07:42:15Z</time>
</trkpt>
<trkpt lat="53.661342580" lon="50.755180344">
  <ele>85.836998</ele>
  <time>2010-07-31T07:42:16Z</time>
</trkpt>
<trkpt lat="53.661544835" lon="50.755428281">
  <ele>86.391998</ele>
  <time>2010-07-31T07:42:17Z</time>
</trkpt>
<trkpt lat="53.661747007" lon="50.755676301">
  <ele>87.197998</ele>
  <time>2010-07-31T07:42:18Z</time>
</trkpt>
<trkpt lat="53.661949178" lon="50.755924238">
  <ele>87.760002</ele>
  <time>2010-07-31T07:42:19Z</time>
</trkpt>
<trkpt lat="53.662151350" lon="50.756172175">
  <ele>88.358002</ele>
  <time>2010-07-31T07:42:20Z</time>
</trkpt>
<trkpt lat="53.662353521" lon="50.756420111">
  <ele>88.971001</ele>
  <time>2010-07-31T07:42:21Z</time>
</trkpt>
<trkpt lat="53.662559548" lon="50.756660420">
  <ele>89.719002</ele>
  <time>2010-07-31T07:42:22Z</time>
</trkpt>
<trkpt lat="53.662761720" lon="50.756908441">
  <ele>90.262001</ele>
  <time>2010-07-31T07:42:23Z</time>
</trkpt>
<trkpt lat="53.662963891" lon="50.757156378">
  <ele>90.925003</ele>
  <time>2010-07-31T07:42:24Z</time>
</trkpt>
<trkpt lat="53.663169835" lon="50.757400542">
  <ele>91.592003</ele>
  <time>2010-07-31T07:42:25Z</time>
</trkpt>
<trkpt lat="53.663372006" lon="50.757648479">
  <ele>92.359001</ele>
  <time>2010-07-31T07:42:26Z</time>
</trkpt>
<trkpt lat="53.663574178" lon="50.757896416">
  <ele>93.289001</ele>
  <time>2010-07-31T07:42:27Z</time>
</trkpt>
<trkpt lat="53.663776433" lon="50.758144353">
  <ele>94.029999</ele>
  <time>2010-07-31T07:42:28Z</time>
</trkpt>
<trkpt lat="53.663978605" lon="50.758396145">
  <ele>94.660004</ele>
  <time>2010-07-31T07:42:29Z</time>
</trkpt>
<trkpt lat="53.664180776" lon="50.758644082">
  <ele>95.248001</ele>
  <time>2010-07-31T07:42:30Z</time>
</trkpt>
<trkpt lat="53.664386719" lon="50.758888246">
  <ele>95.992996</ele>
  <time>2010-07-31T07:42:31Z</time>
</trkpt>
<trkpt lat="53.664588891" lon="50.759132411">
  <ele>96.686996</ele>
  <time>2010-07-31T07:42:32Z</time>
</trkpt>
<trkpt lat="53.664794918" lon="50.759376492">
  <ele>97.266998</ele>
  <time>2010-07-31T07:42:33Z</time>
</trkpt>
<trkpt lat="53.665000945" lon="50.759624513">
  <ele>97.961998</ele>
  <time>2010-07-31T07:42:34Z</time>
</trkpt>
<trkpt lat="53.665206889" lon="50.759872450">
  <ele>98.556000</ele>
  <time>2010-07-31T07:42:35Z</time>
</trkpt>
<trkpt lat="53.665409060" lon="50.760116614">
  <ele>99.043999</ele>
  <time>2010-07-31T07:42:36Z</time>
</trkpt>
<trkpt lat="53.665615087" lon="50.760368323">
  <ele>99.551003</ele>
  <time>2010-07-31T07:42:37Z</time>
</trkpt>
<trkpt lat="53.665824886" lon="50.760616343">
  <ele>100.204002</ele>
  <time>2010-07-31T07:42:38Z</time>
</trkpt>
<trkpt lat="53.666030914" lon="50.760868052">
  <ele>100.662003</ele>
  <time>2010-07-31T07:42:39Z</time>
</trkpt>
<trkpt lat="53.666236857" lon="50.761119844">
  <ele>101.147003</ele>
  <time>2010-07-31T07:42:40Z</time>
</trkpt>
<trkpt lat="53.666446656" lon="50.761371637">
  <ele>101.647003</ele>
  <time>2010-07-31T07:42:41Z</time>
</trkpt>
<trkpt lat="53.666656455" lon="50.761623345">
  <ele>101.828003</ele>
  <time>2010-07-31T07:42:42Z</time>
</trkpt>
<trkpt lat="53.666866338" lon="50.761878993">
  <ele>102.124001</ele>
  <time>2010-07-31T07:42:43Z</time>
</trkpt>
<trkpt lat="53.667079909" lon="50.762134558">
  <ele>102.445000</ele>
  <time>2010-07-31T07:42:44Z</time>
</trkpt>
<trkpt lat="53.667293563" lon="50.762393977">
  <ele>102.677002</ele>
  <time>2010-07-31T07:42:45Z</time>
</trkpt>
<trkpt lat="53.667503363" lon="50.762653314">
  <ele>103.168999</ele>
  <time>2010-07-31T07:42:46Z</time>
</trkpt>
<trkpt lat="53.667720789" lon="50.762916589">
  <ele>103.356003</ele>
  <time>2010-07-31T07:42:47Z</time>
</trkpt>
<trkpt lat="53.667938216" lon="50.763183553">
  <ele>103.734001</ele>
  <time>2010-07-31T07:42:48Z</time>
</trkpt>
<trkpt lat="53.668155642" lon="50.763450600">
  <ele>104.119003</ele>
  <time>2010-07-31T07:42:49Z</time>
</trkpt>
<trkpt lat="53.668376924" lon="50.763713876">
  <ele>104.309998</ele>
  <time>2010-07-31T07:42:50Z</time>
</trkpt>
<trkpt lat="53.668590579" lon="50.763973212">
  <ele>104.577003</ele>
  <time>2010-07-31T07:42:51Z</time>
</trkpt>
<trkpt lat="53.668808006" lon="50.764232632">
  <ele>104.875000</ele>
  <time>2010-07-31T07:42:52Z</time>
</trkpt>
<trkpt lat="53.669021577" lon="50.764492052">
  <ele>105.080002</ele>
  <time>2010-07-31T07:42:53Z</time>
</trkpt>
<trkpt lat="53.669235231" lon="50.764751472">
  <ele>105.385002</ele>
  <time>2010-07-31T07:42:54Z</time>
</trkpt>
<trkpt lat="53.669448886" lon="50.765010808">
  <ele>105.639999</ele>
  <time>2010-07-31T07:42:55Z</time>
</trkpt>
<trkpt lat="53.669666313" lon="50.765270228">
  <ele>106.032997</ele>
  <time>2010-07-31T07:42:56Z</time>
</trkpt>
<trkpt lat="53.669879884" lon="50.765533419">
  <ele>106.346001</ele>
  <time>2010-07-31T07:42:57Z</time>
</trkpt>
<trkpt lat="53.670101166" lon="50.765796695">
  <ele>106.747002</ele>
  <time>2010-07-31T07:42:58Z</time>
</trkpt>
<trkpt lat="53.670322448" lon="50.766056031">
  <ele>106.903999</ele>
  <time>2010-07-31T07:42:59Z</time>
</trkpt>
<trkpt lat="53.670551274" lon="50.766319307">
  <ele>107.163002</ele>
  <time>2010-07-31T07:43:00Z</time>
</trkpt>
<trkpt lat="53.670776328" lon="50.766578643">
  <ele>107.487999</ele>
  <time>2010-07-31T07:43:01Z</time>
</trkpt>
<trkpt lat="53.670997610" lon="50.766841918">
  <ele>107.773003</ele>
  <time>2010-07-31T07:43:02Z</time>
</trkpt>
<trkpt lat="53.671215037" lon="50.767101254">
  <ele>107.945999</ele>
  <time>2010-07-31T07:43:03Z</time>
</trkpt>
<trkpt lat="53.671428692" lon="50.767356902">
  <ele>108.230003</ele>
  <time>2010-07-31T07:43:04Z</time>
</trkpt>
<trkpt lat="53.671638491" lon="50.767612467">
  <ele>108.175003</ele>
  <time>2010-07-31T07:43:05Z</time>
</trkpt>
<trkpt lat="53.671848290" lon="50.767879514">
  <ele>108.193001</ele>
  <time>2010-07-31T07:43:06Z</time>
</trkpt>
<trkpt lat="53.672050461" lon="50.768146478">
  <ele>108.041000</ele>
  <time>2010-07-31T07:43:07Z</time>
</trkpt>
<trkpt lat="53.672256488" lon="50.768413525">
  <ele>108.237999</ele>
  <time>2010-07-31T07:43:08Z</time>
</trkpt>
<trkpt lat="53.672454804" lon="50.768676717">
  <ele>108.102997</ele>
  <time>2010-07-31T07:43:09Z</time>
</trkpt>
<trkpt lat="53.672656976" lon="50.768936137">
  <ele>108.091003</ele>
  <time>2010-07-31T07:43:10Z</time>
</trkpt>
<trkpt lat="53.672863003" lon="50.769195557">
  <ele>107.849998</ele>
  <time>2010-07-31T07:43:11Z</time>
</trkpt>
<trkpt lat="53.673065174" lon="50.769454977">
  <ele>107.599998</ele>
  <time>2010-07-31T07:43:12Z</time>
</trkpt>
<trkpt lat="53.673267346" lon="50.769706685">
  <ele>107.393997</ele>
  <time>2010-07-31T07:43:13Z</time>
</trkpt>
<trkpt lat="53.673465746" lon="50.769954706">
  <ele>106.953003</ele>
  <time>2010-07-31T07:43:14Z</time>
</trkpt>
<trkpt lat="53.673660289" lon="50.770198787">
  <ele>106.430000</ele>
  <time>2010-07-31T07:43:15Z</time>
</trkpt>
<trkpt lat="53.673854833" lon="50.770439180">
  <ele>106.321999</ele>
  <time>2010-07-31T07:43:16Z</time>
</trkpt>
<trkpt lat="53.674045522" lon="50.770679489">
  <ele>105.864998</ele>
  <time>2010-07-31T07:43:17Z</time>
</trkpt>
<trkpt lat="53.674232522" lon="50.770916026">
  <ele>105.487999</ele>
  <time>2010-07-31T07:43:18Z</time>
</trkpt>
<trkpt lat="53.674419438" lon="50.771152480">
  <ele>105.220001</ele>
  <time>2010-07-31T07:43:19Z</time>
</trkpt>
<trkpt lat="53.674606355" lon="50.771389017">
  <ele>104.880997</ele>
  <time>2010-07-31T07:43:20Z</time>
</trkpt>
<trkpt lat="53.674789416" lon="50.771625554">
  <ele>104.443001</ele>
  <time>2010-07-31T07:43:21Z</time>
</trkpt>
<trkpt lat="53.674972560" lon="50.771858236">
  <ele>104.079002</ele>
  <time>2010-07-31T07:43:22Z</time>
</trkpt>
<trkpt lat="53.675151849" lon="50.772094689">
  <ele>103.584999</ele>
  <time>2010-07-31T07:43:23Z</time>
</trkpt>
<trkpt lat="53.675327282" lon="50.772323599">
  <ele>102.958000</ele>
  <time>2010-07-31T07:43:24Z</time>
</trkpt>
<trkpt lat="53.675502799" lon="50.772552509">
  <ele>102.522003</ele>
  <time>2010-07-31T07:43:25Z</time>
</trkpt>
<trkpt lat="53.675678233" lon="50.772781335">
  <ele>101.908997</ele>
  <time>2010-07-31T07:43:26Z</time>
</trkpt>
<trkpt lat="53.675849894" lon="50.773010245">
  <ele>101.165001</ele>
  <time>2010-07-31T07:43:27Z</time>
</trkpt>
<trkpt lat="53.676021555" lon="50.773239154">
  <ele>100.674004</ele>
  <time>2010-07-31T07:43:28Z</time>
</trkpt>
<trkpt lat="53.676193217" lon="50.773464208">
  <ele>100.181000</ele>
  <time>2010-07-31T07:43:29Z</time>
</trkpt>
<trkpt lat="53.676364878" lon="50.773689263">
  <ele>99.471001</ele>
  <time>2010-07-31T07:43:30Z</time>
</trkpt>
<trkpt lat="53.676540395" lon="50.773914317">
  <ele>98.758003</ele>
  <time>2010-07-31T07:43:31Z</time>
</trkpt>
<trkpt lat="53.676719684" lon="50.774143226">
  <ele>97.928001</ele>
  <time>2010-07-31T07:43:32Z</time>
</trkpt>
<trkpt lat="53.676902745" lon="50.774383536">
  <ele>96.862999</ele>
  <time>2010-07-31T07:43:33Z</time>
</trkpt>
<trkpt lat="53.677082034" lon="50.774627700">
  <ele>96.163002</ele>
  <time>2010-07-31T07:43:34Z</time>
</trkpt>
<trkpt lat="53.677261323" lon="50.774879493">
  <ele>95.242996</ele>
  <time>2010-07-31T07:43:35Z</time>
</trkpt>
<trkpt lat="53.677436840" lon="50.775135057">
  <ele>94.417000</ele>
  <time>2010-07-31T07:43:36Z</time>
</trkpt>
<trkpt lat="53.677612273" lon="50.775390621">
  <ele>93.290001</ele>
  <time>2010-07-31T07:43:37Z</time>
</trkpt>
<trkpt lat="53.677791562" lon="50.775642414">
  <ele>92.341003</ele>
  <time>2010-07-31T07:43:38Z</time>
</trkpt>
<trkpt lat="53.677974707" lon="50.775890350">
  <ele>91.428001</ele>
  <time>2010-07-31T07:43:39Z</time>
</trkpt>
<trkpt lat="53.678153995" lon="50.776138287">
  <ele>90.376999</ele>
  <time>2010-07-31T07:43:40Z</time>
</trkpt>
<trkpt lat="53.678333284" lon="50.776378596">
  <ele>89.528000</ele>
  <time>2010-07-31T07:43:41Z</time>
</trkpt>
<trkpt lat="53.678508718" lon="50.776618989">
  <ele>88.597000</ele>
  <time>2010-07-31T07:43:42Z</time>
</trkpt>
<trkpt lat="53.678688090" lon="50.776859298">
  <ele>87.738998</ele>
  <time>2010-07-31T07:43:43Z</time>
</trkpt>
<trkpt lat="53.678863524" lon="50.777099608">
  <ele>86.917999</ele>
  <time>2010-07-31T07:43:44Z</time>
</trkpt>
<trkpt lat="53.679042812" lon="50.777339917">
  <ele>86.117996</ele>
  <time>2010-07-31T07:43:45Z</time>
</trkpt>
<trkpt lat="53.679218329" lon="50.777580226">
  <ele>85.403999</ele>
  <time>2010-07-31T07:43:46Z</time>
</trkpt>
<trkpt lat="53.679393763" lon="50.777816763">
  <ele>84.727997</ele>
  <time>2010-07-31T07:43:47Z</time>
</trkpt>
<trkpt lat="53.679569280" lon="50.778057072">
  <ele>84.219002</ele>
  <time>2010-07-31T07:43:48Z</time>
</trkpt>
<trkpt lat="53.679740941" lon="50.778301237">
  <ele>83.461998</ele>
  <time>2010-07-31T07:43:49Z</time>
</trkpt>
<trkpt lat="53.679916374" lon="50.778541546">
  <ele>83.042000</ele>
  <time>2010-07-31T07:43:50Z</time>
</trkpt>
<trkpt lat="53.680091891" lon="50.778778084">
  <ele>82.473999</ele>
  <time>2010-07-31T07:43:51Z</time>
</trkpt>
<trkpt lat="53.680271180" lon="50.779014621">
  <ele>82.084000</ele>
  <time>2010-07-31T07:43:52Z</time>
</trkpt>
<trkpt lat="53.680446614" lon="50.779251074">
  <ele>81.704002</ele>
  <time>2010-07-31T07:43:53Z</time>
</trkpt>
<trkpt lat="53.680625902" lon="50.779495239">
  <ele>81.388000</ele>
  <time>2010-07-31T07:43:54Z</time>
</trkpt>
<trkpt lat="53.680805191" lon="50.779735548">
  <ele>81.202003</ele>
  <time>2010-07-31T07:43:55Z</time>
</trkpt>
<trkpt lat="53.680980708" lon="50.779979713">
  <ele>80.912003</ele>
  <time>2010-07-31T07:43:56Z</time>
</trkpt>
<trkpt lat="53.681156142" lon="50.780223878">
  <ele>80.669998</ele>
  <time>2010-07-31T07:43:57Z</time>
</trkpt>
<trkpt lat="53.681331659" lon="50.780464187">
  <ele>80.598999</ele>
  <time>2010-07-31T07:43:58Z</time>
</trkpt>
<trkpt lat="53.681510948" lon="50.780708352">
  <ele>80.635002</ele>
  <time>2010-07-31T07:43:59Z</time>
</trkpt>
<trkpt lat="53.681690237" lon="50.780944806">
  <ele>80.565002</ele>
  <time>2010-07-31T07:44:00Z</time>
</trkpt>
<trkpt lat="53.681865670" lon="50.781181343">
  <ele>80.589996</ele>
  <time>2010-07-31T07:44:01Z</time>
</trkpt>
<trkpt lat="53.682041187" lon="50.781417880">
  <ele>80.193001</ele>
  <time>2010-07-31T07:44:02Z</time>
</trkpt>
<trkpt lat="53.682216620" lon="50.781658189">
  <ele>80.001999</ele>
  <time>2010-07-31T07:44:03Z</time>
</trkpt>
<trkpt lat="53.682388281" lon="50.781894643">
  <ele>79.599998</ele>
  <time>2010-07-31T07:44:04Z</time>
</trkpt>
<trkpt lat="53.682559943" lon="50.782135036">
  <ele>79.174004</ele>
  <time>2010-07-31T07:44:05Z</time>
</trkpt>
<trkpt lat="53.682731604" lon="50.782367717">
  <ele>78.722000</ele>
  <time>2010-07-31T07:44:06Z</time>
</trkpt>
<trkpt lat="53.682903266" lon="50.782604255">
  <ele>78.193001</ele>
  <time>2010-07-31T07:44:07Z</time>
</trkpt>
<trkpt lat="53.683071155" lon="50.782836936">
  <ele>77.790001</ele>
  <time>2010-07-31T07:44:08Z</time>
</trkpt>
<trkpt lat="53.683242816" lon="50.783073390">
  <ele>77.363998</ele>
  <time>2010-07-31T07:44:09Z</time>
</trkpt>
<trkpt lat="53.683418250" lon="50.783309927">
  <ele>76.899002</ele>
  <time>2010-07-31T07:44:10Z</time>
</trkpt>
<trkpt lat="53.683589911" lon="50.783542609">
  <ele>76.463997</ele>
  <time>2010-07-31T07:44:11Z</time>
</trkpt>
<trkpt lat="53.683761572" lon="50.783779146">
  <ele>76.148003</ele>
  <time>2010-07-31T07:44:12Z</time>
</trkpt>
<trkpt lat="53.683937090" lon="50.784015683">
  <ele>75.664001</ele>
  <time>2010-07-31T07:44:13Z</time>
</trkpt>
<trkpt lat="53.684112523" lon="50.784255993">
  <ele>75.237999</ele>
  <time>2010-07-31T07:44:14Z</time>
</trkpt>
<trkpt lat="53.684288040" lon="50.784488674">
  <ele>74.655998</ele>
  <time>2010-07-31T07:44:15Z</time>
</trkpt>
<trkpt lat="53.684463473" lon="50.784725212">
  <ele>74.337997</ele>
  <time>2010-07-31T07:44:16Z</time>
</trkpt>
<trkpt lat="53.684635134" lon="50.784957893">
  <ele>73.647003</ele>
  <time>2010-07-31T07:44:17Z</time>
</trkpt>
<trkpt lat="53.684806796" lon="50.785194431">
  <ele>73.164001</ele>
  <time>2010-07-31T07:44:18Z</time>
</trkpt>
<trkpt lat="53.684978457" lon="50.785427112">
  <ele>72.399002</ele>
  <time>2010-07-31T07:44:19Z</time>
</trkpt>
<trkpt lat="53.685146347" lon="50.785663566">
  <ele>71.674004</ele>
  <time>2010-07-31T07:44:20Z</time>
</trkpt>
<trkpt lat="53.685314152" lon="50.785896331">
  <ele>71.028999</ele>
  <time>2010-07-31T07:44:21Z</time>
</trkpt>
<trkpt lat="53.685482042" lon="50.786129013">
  <ele>70.539001</ele>
  <time>2010-07-31T07:44:22Z</time>
</trkpt>
<trkpt lat="53.685653703" lon="50.786357839">
  <ele>70.152000</ele>
  <time>2010-07-31T07:44:23Z</time>
</trkpt>
<trkpt lat="53.685821509" lon="50.786586748">
  <ele>69.863998</ele>
  <time>2010-07-31T07:44:24Z</time>
</trkpt>
<trkpt lat="53.685985543" lon="50.786815658">
  <ele>69.702003</ele>
  <time>2010-07-31T07:44:25Z</time>
</trkpt>
<trkpt lat="53.686153432" lon="50.787036857">
  <ele>69.367996</ele>
  <time>2010-07-31T07:44:26Z</time>
</trkpt>
<trkpt lat="53.686313611" lon="50.787261995">
  <ele>68.878998</ele>
  <time>2010-07-31T07:44:27Z</time>
</trkpt>
<trkpt lat="53.686477644" lon="50.787483193">
  <ele>68.267998</ele>
  <time>2010-07-31T07:44:28Z</time>
</trkpt>
<trkpt lat="53.686641678" lon="50.787700620">
  <ele>67.698997</ele>
  <time>2010-07-31T07:44:29Z</time>
</trkpt>
<trkpt lat="53.686798085" lon="50.787914274">
  <ele>67.364998</ele>
  <time>2010-07-31T07:44:30Z</time>
</trkpt>
<trkpt lat="53.686958347" lon="50.788127929">
  <ele>66.983002</ele>
  <time>2010-07-31T07:44:31Z</time>
</trkpt>
<trkpt lat="53.687110897" lon="50.788341500">
  <ele>66.570999</ele>
  <time>2010-07-31T07:44:32Z</time>
</trkpt>
<trkpt lat="53.687263448" lon="50.788551299">
  <ele>66.022003</ele>
  <time>2010-07-31T07:44:33Z</time>
</trkpt>
<trkpt lat="53.687419854" lon="50.788757326">
  <ele>65.670998</ele>
  <time>2010-07-31T07:44:34Z</time>
</trkpt>
<trkpt lat="53.687572489" lon="50.788963353">
  <ele>65.154999</ele>
  <time>2010-07-31T07:44:35Z</time>
</trkpt>
<trkpt lat="53.687725039" lon="50.789169297">
  <ele>64.425003</ele>
  <time>2010-07-31T07:44:36Z</time>
</trkpt>
<trkpt lat="53.687873818" lon="50.789371468">
  <ele>63.731998</ele>
  <time>2010-07-31T07:44:37Z</time>
</trkpt>
<trkpt lat="53.688014969" lon="50.789566012">
  <ele>63.139999</ele>
  <time>2010-07-31T07:44:38Z</time>
</trkpt>
<trkpt lat="53.688152349" lon="50.789752929">
  <ele>62.449001</ele>
  <time>2010-07-31T07:44:39Z</time>
</trkpt>
<trkpt lat="53.688289644" lon="50.789936073">
  <ele>61.750000</ele>
  <time>2010-07-31T07:44:40Z</time>
</trkpt>
<trkpt lat="53.688423168" lon="50.790111506">
  <ele>61.200001</ele>
  <time>2010-07-31T07:44:41Z</time>
</trkpt>
<trkpt lat="53.688556692" lon="50.790290795">
  <ele>60.778000</ele>
  <time>2010-07-31T07:44:42Z</time>
</trkpt>
<trkpt lat="53.688690215" lon="50.790470084">
  <ele>59.956001</ele>
  <time>2010-07-31T07:44:43Z</time>
</trkpt>
<trkpt lat="53.688823739" lon="50.790653229">
  <ele>59.175999</ele>
  <time>2010-07-31T07:44:44Z</time>
</trkpt>
<trkpt lat="53.688957179" lon="50.790840145">
  <ele>58.639999</ele>
  <time>2010-07-31T07:44:45Z</time>
</trkpt>
<trkpt lat="53.689090703" lon="50.791019434">
  <ele>58.189999</ele>
  <time>2010-07-31T07:44:46Z</time>
</trkpt>
<trkpt lat="53.689224226" lon="50.791202579">
  <ele>57.785999</ele>
  <time>2010-07-31T07:44:47Z</time>
</trkpt>
<trkpt lat="53.689361606" lon="50.791385639">
  <ele>57.382000</ele>
  <time>2010-07-31T07:44:48Z</time>
</trkpt>
<trkpt lat="53.689498901" lon="50.791576412">
  <ele>56.957001</ele>
  <time>2010-07-31T07:44:49Z</time>
</trkpt>
<trkpt lat="53.689640053" lon="50.791770956">
  <ele>56.681000</ele>
  <time>2010-07-31T07:44:50Z</time>
</trkpt>
<trkpt lat="53.689784976" lon="50.791965500">
  <ele>56.346001</ele>
  <time>2010-07-31T07:44:51Z</time>
</trkpt>
<trkpt lat="53.689926127" lon="50.792163815">
  <ele>56.000000</ele>
  <time>2010-07-31T07:44:52Z</time>
</trkpt>
<trkpt lat="53.690067278" lon="50.792365987">
  <ele>55.490002</ele>
  <time>2010-07-31T07:44:53Z</time>
</trkpt>
<trkpt lat="53.690208429" lon="50.792572014">
  <ele>54.950001</ele>
  <time>2010-07-31T07:44:54Z</time>
</trkpt>
<trkpt lat="53.690357208" lon="50.792781813">
  <ele>54.632999</ele>
  <time>2010-07-31T07:44:55Z</time>
</trkpt>
<trkpt lat="53.690502131" lon="50.792991612">
  <ele>54.026001</ele>
  <time>2010-07-31T07:44:56Z</time>
</trkpt>
<trkpt lat="53.690654766" lon="50.793209039">
  <ele>53.841999</ele>
  <time>2010-07-31T07:44:57Z</time>
</trkpt>
<trkpt lat="53.690807316" lon="50.793422693">
  <ele>53.966000</ele>
  <time>2010-07-31T07:44:58Z</time>
</trkpt>
<trkpt lat="53.690959951" lon="50.793636348">
  <ele>54.264000</ele>
  <time>2010-07-31T07:44:59Z</time>
</trkpt>
<trkpt lat="53.691116357" lon="50.793849919">
  <ele>54.563000</ele>
  <time>2010-07-31T07:45:00Z</time>
</trkpt>
<trkpt lat="53.691268908" lon="50.794059718">
  <ele>54.726002</ele>
  <time>2010-07-31T07:45:01Z</time>
</trkpt>
<trkpt lat="53.691421542" lon="50.794261973">
  <ele>54.851002</ele>
  <time>2010-07-31T07:45:02Z</time>
</trkpt>
<trkpt lat="53.691570321" lon="50.794464145">
  <ele>54.886002</ele>
  <time>2010-07-31T07:45:03Z</time>
</trkpt>
<trkpt lat="53.691726644" lon="50.794666316">
  <ele>55.292000</ele>
  <time>2010-07-31T07:45:04Z</time>
</trkpt>
<trkpt lat="53.691883050" lon="50.794872260">
  <ele>55.995998</ele>
  <time>2010-07-31T07:45:05Z</time>
</trkpt>
<trkpt lat="53.692035684" lon="50.795074431">
  <ele>56.841000</ele>
  <time>2010-07-31T07:45:06Z</time>
</trkpt>
<trkpt lat="53.692192091" lon="50.795276603">
  <ele>57.653999</ele>
  <time>2010-07-31T07:45:07Z</time>
</trkpt>
<trkpt lat="53.692348497" lon="50.795478858">
  <ele>58.730000</ele>
  <time>2010-07-31T07:45:08Z</time>
</trkpt>
<trkpt lat="53.692501048" lon="50.795677174">
  <ele>59.904999</ele>
  <time>2010-07-31T07:45:09Z</time>
</trkpt>
<trkpt lat="53.692657454" lon="50.795879345">
  <ele>61.113998</ele>
  <time>2010-07-31T07:45:10Z</time>
</trkpt>
<trkpt lat="53.692810088" lon="50.796081517">
  <ele>62.016998</ele>
  <time>2010-07-31T07:45:11Z</time>
</trkpt>
<trkpt lat="53.692962639" lon="50.796279917">
  <ele>62.886002</ele>
  <time>2010-07-31T07:45:12Z</time>
</trkpt>
<trkpt lat="53.693115273" lon="50.796485860">
  <ele>63.785999</ele>
  <time>2010-07-31T07:45:13Z</time>
</trkpt>
<trkpt lat="53.693271596" lon="50.796684260">
  <ele>64.949997</ele>
  <time>2010-07-31T07:45:14Z</time>
</trkpt>
<trkpt lat="53.693424230" lon="50.796882659">
  <ele>66.251999</ele>
  <time>2010-07-31T07:45:15Z</time>
</trkpt>
<trkpt lat="53.693576781" lon="50.797080975">
  <ele>67.639000</ele>
  <time>2010-07-31T07:45:16Z</time>
</trkpt>
<trkpt lat="53.693733187" lon="50.797275519">
  <ele>68.675003</ele>
  <time>2010-07-31T07:45:17Z</time>
</trkpt>
<trkpt lat="53.693885822" lon="50.797470063">
  <ele>69.637001</ele>
  <time>2010-07-31T07:45:18Z</time>
</trkpt>
<trkpt lat="53.694038372" lon="50.797664607">
  <ele>70.803001</ele>
  <time>2010-07-31T07:45:19Z</time>
</trkpt>
<trkpt lat="53.694191007" lon="50.797859151">
  <ele>71.822998</ele>
  <time>2010-07-31T07:45:20Z</time>
</trkpt>
<trkpt lat="53.694343558" lon="50.798049923">
  <ele>72.852997</ele>
  <time>2010-07-31T07:45:21Z</time>
</trkpt>
<trkpt lat="53.694499964" lon="50.798236839">
  <ele>73.939003</ele>
  <time>2010-07-31T07:45:22Z</time>
</trkpt>
<trkpt lat="53.694652598" lon="50.798423756">
  <ele>75.202003</ele>
  <time>2010-07-31T07:45:23Z</time>
</trkpt>
<trkpt lat="53.694805149" lon="50.798614528">
  <ele>76.356003</ele>
  <time>2010-07-31T07:45:24Z</time>
</trkpt>
<trkpt lat="53.694953928" lon="50.798805216">
  <ele>77.449997</ele>
  <time>2010-07-31T07:45:25Z</time>
</trkpt>
<trkpt lat="53.695106478" lon="50.798984505">
  <ele>78.334000</ele>
  <time>2010-07-31T07:45:26Z</time>
</trkpt>
<trkpt lat="53.695259113" lon="50.799163794">
  <ele>79.074997</ele>
  <time>2010-07-31T07:45:27Z</time>
</trkpt>
<trkpt lat="53.695411664" lon="50.799339311">
  <ele>79.865997</ele>
  <time>2010-07-31T07:45:28Z</time>
</trkpt>
<trkpt lat="53.695560442" lon="50.799518600">
  <ele>80.772003</ele>
  <time>2010-07-31T07:45:29Z</time>
</trkpt>
<trkpt lat="53.695713077" lon="50.799690261">
  <ele>81.844002</ele>
  <time>2010-07-31T07:45:30Z</time>
</trkpt>
<trkpt lat="53.695861856" lon="50.799865695">
  <ele>82.722000</ele>
  <time>2010-07-31T07:45:31Z</time>
</trkpt>
<trkpt lat="53.696010550" lon="50.800033584">
  <ele>83.678001</ele>
  <time>2010-07-31T07:45:32Z</time>
</trkpt>
<trkpt lat="53.696155557" lon="50.800189991">
  <ele>84.411003</ele>
  <time>2010-07-31T07:45:33Z</time>
</trkpt>
<trkpt lat="53.696292853" lon="50.800334914">
  <ele>85.370003</ele>
  <time>2010-07-31T07:45:34Z</time>
</trkpt>
<trkpt lat="53.696418749" lon="50.800468437">
  <ele>86.377998</ele>
  <time>2010-07-31T07:45:35Z</time>
</trkpt>
<trkpt lat="53.696537018" lon="50.800594334">
  <ele>87.307999</ele>
  <time>2010-07-31T07:45:36Z</time>
</trkpt>
<trkpt lat="53.696643803" lon="50.800704975">
  <ele>88.004997</ele>
  <time>2010-07-31T07:45:37Z</time>
</trkpt>
<trkpt lat="53.696743045" lon="50.800811760">
  <ele>88.901001</ele>
  <time>2010-07-31T07:45:38Z</time>
</trkpt>
<trkpt lat="53.696826948" lon="50.800910918">
  <ele>89.353996</ele>
  <time>2010-07-31T07:45:39Z</time>
</trkpt>
<trkpt lat="53.696903223" lon="50.800994905">
  <ele>89.976997</ele>
  <time>2010-07-31T07:45:40Z</time>
</trkpt>
<trkpt lat="53.696971871" lon="50.801063552">
  <ele>90.269997</ele>
  <time>2010-07-31T07:45:41Z</time>
</trkpt>
<trkpt lat="53.697036747" lon="50.801132200">
  <ele>90.397003</ele>
  <time>2010-07-31T07:45:42Z</time>
</trkpt>
<trkpt lat="53.697097767" lon="50.801197076">
  <ele>90.584999</ele>
  <time>2010-07-31T07:45:43Z</time>
</trkpt>
<trkpt lat="53.697155016" lon="50.801261868">
  <ele>90.793999</ele>
  <time>2010-07-31T07:45:44Z</time>
</trkpt>
<trkpt lat="53.697216036" lon="50.801326744">
  <ele>91.366997</ele>
  <time>2010-07-31T07:45:45Z</time>
</trkpt>
<trkpt lat="53.697277056" lon="50.801391620">
  <ele>91.766998</ele>
  <time>2010-07-31T07:45:46Z</time>
</trkpt>
<trkpt lat="53.697338076" lon="50.801460268">
  <ele>92.082001</ele>
  <time>2010-07-31T07:45:47Z</time>
</trkpt>
<trkpt lat="53.697406808" lon="50.801528916">
  <ele>92.460999</ele>
  <time>2010-07-31T07:45:48Z</time>
</trkpt>
<trkpt lat="53.697471600" lon="50.801601419">
  <ele>92.850998</ele>
  <time>2010-07-31T07:45:49Z</time>
</trkpt>
<trkpt lat="53.697540248" lon="50.801670067">
  <ele>93.623001</ele>
  <time>2010-07-31T07:45:50Z</time>
</trkpt>
<trkpt lat="53.697612751" lon="50.801746342">
  <ele>94.191002</ele>
  <time>2010-07-31T07:45:51Z</time>
</trkpt>
<trkpt lat="53.697685255" lon="50.801822701">
  <ele>94.629997</ele>
  <time>2010-07-31T07:45:52Z</time>
</trkpt>
<trkpt lat="53.697753903" lon="50.801902749">
  <ele>94.975998</ele>
  <time>2010-07-31T07:45:53Z</time>
</trkpt>
<trkpt lat="53.697826406" lon="50.801975252">
  <ele>95.195999</ele>
  <time>2010-07-31T07:45:54Z</time>
</trkpt>
<trkpt lat="53.697895054" lon="50.802047756">
  <ele>95.873001</ele>
  <time>2010-07-31T07:45:55Z</time>
</trkpt>
<trkpt lat="53.697959930" lon="50.802116403">
  <ele>96.439003</ele>
  <time>2010-07-31T07:45:56Z</time>
</trkpt>
<trkpt lat="53.698028577" lon="50.802188907">
  <ele>96.831001</ele>
  <time>2010-07-31T07:45:57Z</time>
</trkpt>
<trkpt lat="53.698093453" lon="50.802265182">
  <ele>97.074997</ele>
  <time>2010-07-31T07:45:58Z</time>
</trkpt>
<trkpt lat="53.698158246" lon="50.802337686">
  <ele>97.361000</ele>
  <time>2010-07-31T07:45:59Z</time>
</trkpt>
<trkpt lat="53.698219266" lon="50.802406333">
  <ele>97.806999</ele>
  <time>2010-07-31T07:46:00Z</time>
</trkpt>
<trkpt lat="53.698280370" lon="50.802474981">
  <ele>98.393997</ele>
  <time>2010-07-31T07:46:01Z</time>
</trkpt>
<trkpt lat="53.698341390" lon="50.802539857">
  <ele>98.806999</ele>
  <time>2010-07-31T07:46:02Z</time>
</trkpt>
<trkpt lat="53.698402410" lon="50.802604649">
  <ele>99.142998</ele>
  <time>2010-07-31T07:46:03Z</time>
</trkpt>
<trkpt lat="53.698463431" lon="50.802669525">
  <ele>99.663002</ele>
  <time>2010-07-31T07:46:04Z</time>
</trkpt>
<trkpt lat="53.698524451" lon="50.802734401">
  <ele>100.134003</ele>
  <time>2010-07-31T07:46:05Z</time>
</trkpt>
<trkpt lat="53.698589327" lon="50.802803049">
  <ele>100.480003</ele>
  <time>2010-07-31T07:46:06Z</time>
</trkpt>
<trkpt lat="53.698654203" lon="50.802871697">
  <ele>100.908997</ele>
  <time>2010-07-31T07:46:07Z</time>
</trkpt>
<trkpt lat="53.698722851" lon="50.802940344">
  <ele>101.333000</ele>
  <time>2010-07-31T07:46:08Z</time>
</trkpt>
<trkpt lat="53.698791498" lon="50.803012848">
  <ele>101.700996</ele>
  <time>2010-07-31T07:46:09Z</time>
</trkpt>
<trkpt lat="53.698860146" lon="50.803085351">
  <ele>102.079002</ele>
  <time>2010-07-31T07:46:10Z</time>
</trkpt>
<trkpt lat="53.698928794" lon="50.803161627">
  <ele>102.518997</ele>
  <time>2010-07-31T07:46:11Z</time>
</trkpt>
<trkpt lat="53.698997525" lon="50.803230274">
  <ele>103.083000</ele>
  <time>2010-07-31T07:46:12Z</time>
</trkpt>
<trkpt lat="53.699066173" lon="50.803302778">
  <ele>103.792000</ele>
  <time>2010-07-31T07:46:13Z</time>
</trkpt>
<trkpt lat="53.699134821" lon="50.803375281">
  <ele>104.179001</ele>
  <time>2010-07-31T07:46:14Z</time>
</trkpt>
<trkpt lat="53.699203469" lon="50.803451557">
  <ele>104.846001</ele>
  <time>2010-07-31T07:46:15Z</time>
</trkpt>
<trkpt lat="53.699268345" lon="50.803527832">
  <ele>105.397003</ele>
  <time>2010-07-31T07:46:16Z</time>
</trkpt>
<trkpt lat="53.699333221" lon="50.803600335">
  <ele>105.704002</ele>
  <time>2010-07-31T07:46:17Z</time>
</trkpt>
<trkpt lat="53.699394241" lon="50.803668983">
  <ele>106.153000</ele>
  <time>2010-07-31T07:46:18Z</time>
</trkpt>
<trkpt lat="53.699459117" lon="50.803741487">
  <ele>106.815002</ele>
  <time>2010-07-31T07:46:19Z</time>
</trkpt>
<trkpt lat="53.699523909" lon="50.803817762">
  <ele>107.177002</ele>
  <time>2010-07-31T07:46:20Z</time>
</trkpt>
<trkpt lat="53.699592557" lon="50.803890266">
  <ele>107.431999</ele>
  <time>2010-07-31T07:46:21Z</time>
</trkpt>
<trkpt lat="53.699657433" lon="50.803966541">
  <ele>107.719002</ele>
  <time>2010-07-31T07:46:22Z</time>
</trkpt>
<trkpt lat="53.699726081" lon="50.804042816">
  <ele>108.177002</ele>
  <time>2010-07-31T07:46:23Z</time>
</trkpt>
<trkpt lat="53.699794728" lon="50.804115320">
  <ele>108.740997</ele>
  <time>2010-07-31T07:46:24Z</time>
</trkpt>
<trkpt lat="53.699863460" lon="50.804187739">
  <ele>109.182999</ele>
  <time>2010-07-31T07:46:25Z</time>
</trkpt>
<trkpt lat="53.699932108" lon="50.804264098">
  <ele>109.644997</ele>
  <time>2010-07-31T07:46:26Z</time>
</trkpt>
<trkpt lat="53.700004611" lon="50.804336518">
  <ele>110.124001</ele>
  <time>2010-07-31T07:46:27Z</time>
</trkpt>
<trkpt lat="53.700073259" lon="50.804412877">
  <ele>110.745003</ele>
  <time>2010-07-31T07:46:28Z</time>
</trkpt>
<trkpt lat="53.700145762" lon="50.804485297">
  <ele>111.214996</ele>
  <time>2010-07-31T07:46:29Z</time>
</trkpt>
<trkpt lat="53.700210555" lon="50.804557800">
  <ele>111.636002</ele>
  <time>2010-07-31T07:46:30Z</time>
</trkpt>
<trkpt lat="53.700275430" lon="50.804630304">
  <ele>112.046997</ele>
  <time>2010-07-31T07:46:31Z</time>
</trkpt>
<trkpt lat="53.700340306" lon="50.804698952">
  <ele>112.635002</ele>
  <time>2010-07-31T07:46:32Z</time>
</trkpt>
<trkpt lat="53.700397471" lon="50.804767599">
  <ele>113.016998</ele>
  <time>2010-07-31T07:46:33Z</time>
</trkpt>
<trkpt lat="53.700454719" lon="50.804828620">
  <ele>113.290001</ele>
  <time>2010-07-31T07:46:34Z</time>
</trkpt>
<trkpt lat="53.700508112" lon="50.804889640">
  <ele>113.480003</ele>
  <time>2010-07-31T07:46:35Z</time>
</trkpt>
<trkpt lat="53.700561505" lon="50.804946888">
  <ele>113.862000</ele>
  <time>2010-07-31T07:46:36Z</time>
</trkpt>
<trkpt lat="53.700614898" lon="50.805007908">
  <ele>114.373001</ele>
  <time>2010-07-31T07:46:37Z</time>
</trkpt>
<trkpt lat="53.700668374" lon="50.805065157">
  <ele>114.726997</ele>
  <time>2010-07-31T07:46:38Z</time>
</trkpt>
<trkpt lat="53.700721767" lon="50.805126177">
  <ele>115.155998</ele>
  <time>2010-07-31T07:46:39Z</time>
</trkpt>
<trkpt lat="53.700778931" lon="50.805187197">
  <ele>115.519997</ele>
  <time>2010-07-31T07:46:40Z</time>
</trkpt>
<trkpt lat="53.700840035" lon="50.805248301">
  <ele>115.922997</ele>
  <time>2010-07-31T07:46:41Z</time>
</trkpt>
<trkpt lat="53.700893428" lon="50.805309322">
  <ele>116.454002</ele>
  <time>2010-07-31T07:46:42Z</time>
</trkpt>
<trkpt lat="53.700946821" lon="50.805366486">
  <ele>116.935997</ele>
  <time>2010-07-31T07:46:43Z</time>
</trkpt>
<trkpt lat="53.701000214" lon="50.805423735">
  <ele>117.377998</ele>
  <time>2010-07-31T07:46:44Z</time>
</trkpt>
<trkpt lat="53.701053606" lon="50.805480983">
  <ele>117.425003</ele>
  <time>2010-07-31T07:46:45Z</time>
</trkpt>
<trkpt lat="53.701103227" lon="50.805534376">
  <ele>117.550003</ele>
  <time>2010-07-31T07:46:46Z</time>
</trkpt>
<trkpt lat="53.701148992" lon="50.805583913">
  <ele>117.886002</ele>
  <time>2010-07-31T07:46:47Z</time>
</trkpt>
<trkpt lat="53.701194758" lon="50.805633534">
  <ele>118.233002</ele>
  <time>2010-07-31T07:46:48Z</time>
</trkpt>
<trkpt lat="53.701240523" lon="50.805686926">
  <ele>118.587997</ele>
  <time>2010-07-31T07:46:49Z</time>
</trkpt>
<trkpt lat="53.701290144" lon="50.805740319">
  <ele>118.816002</ele>
  <time>2010-07-31T07:46:50Z</time>
</trkpt>
<trkpt lat="53.701339681" lon="50.805793796">
  <ele>119.125000</ele>
  <time>2010-07-31T07:46:51Z</time>
</trkpt>
<trkpt lat="53.701389302" lon="50.805847188">
  <ele>119.444000</ele>
  <time>2010-07-31T07:46:52Z</time>
</trkpt>
<trkpt lat="53.701438922" lon="50.805900581">
  <ele>119.866997</ele>
  <time>2010-07-31T07:46:53Z</time>
</trkpt>
<trkpt lat="53.701488459" lon="50.805950202">
  <ele>120.108002</ele>
  <time>2010-07-31T07:46:54Z</time>
</trkpt>
<trkpt lat="53.701538080" lon="50.806003595">
  <ele>120.296997</ele>
  <time>2010-07-31T07:46:55Z</time>
</trkpt>
<trkpt lat="53.701583846" lon="50.806053132">
  <ele>120.468002</ele>
  <time>2010-07-31T07:46:56Z</time>
</trkpt>
<trkpt lat="53.701637238" lon="50.806106608">
  <ele>120.561996</ele>
  <time>2010-07-31T07:46:57Z</time>
</trkpt>
<trkpt lat="53.701698342" lon="50.806171400">
  <ele>120.680000</ele>
  <time>2010-07-31T07:46:58Z</time>
</trkpt>
<trkpt lat="53.701763134" lon="50.806236276">
  <ele>120.940002</ele>
  <time>2010-07-31T07:46:59Z</time>
</trkpt>
<trkpt lat="53.701824155" lon="50.806304924">
  <ele>121.289001</ele>
  <time>2010-07-31T07:47:00Z</time>
</trkpt>
<trkpt lat="53.701889031" lon="50.806377428">
  <ele>121.596001</ele>
  <time>2010-07-31T07:47:01Z</time>
</trkpt>
<trkpt lat="53.701957678" lon="50.806449931">
  <ele>121.727997</ele>
  <time>2010-07-31T07:47:02Z</time>
</trkpt>
<trkpt lat="53.702022554" lon="50.806522351">
  <ele>121.850998</ele>
  <time>2010-07-31T07:47:03Z</time>
</trkpt>
<trkpt lat="53.702091202" lon="50.806590999">
  <ele>122.023003</ele>
  <time>2010-07-31T07:47:04Z</time>
</trkpt>
<trkpt lat="53.702156078" lon="50.806663502">
  <ele>122.388000</ele>
  <time>2010-07-31T07:47:05Z</time>
</trkpt>
<trkpt lat="53.702217098" lon="50.806728378">
  <ele>122.351997</ele>
  <time>2010-07-31T07:47:06Z</time>
</trkpt>
<trkpt lat="53.702278119" lon="50.806800881">
  <ele>122.533997</ele>
  <time>2010-07-31T07:47:07Z</time>
</trkpt>
<trkpt lat="53.702339139" lon="50.806865674">
  <ele>122.630997</ele>
  <time>2010-07-31T07:47:08Z</time>
</trkpt>
<trkpt lat="53.702400243" lon="50.806926694">
  <ele>122.845001</ele>
  <time>2010-07-31T07:47:09Z</time>
</trkpt>
<trkpt lat="53.702461263" lon="50.806991570">
  <ele>122.835999</ele>
  <time>2010-07-31T07:47:10Z</time>
</trkpt>
<trkpt lat="53.702518428" lon="50.807056446">
  <ele>123.022003</ele>
  <time>2010-07-31T07:47:11Z</time>
</trkpt>
<trkpt lat="53.702575676" lon="50.807121238">
  <ele>123.031998</ele>
  <time>2010-07-31T07:47:12Z</time>
</trkpt>
<trkpt lat="53.702636696" lon="50.807186114">
  <ele>122.981003</ele>
  <time>2010-07-31T07:47:13Z</time>
</trkpt>
<trkpt lat="53.702693945" lon="50.807254761">
  <ele>123.060997</ele>
  <time>2010-07-31T07:47:14Z</time>
</trkpt>
<trkpt lat="53.702758821" lon="50.807327265">
  <ele>123.348999</ele>
  <time>2010-07-31T07:47:15Z</time>
</trkpt>
<trkpt lat="53.702827469" lon="50.807403540">
  <ele>123.540001</ele>
  <time>2010-07-31T07:47:16Z</time>
</trkpt>
<trkpt lat="53.702899972" lon="50.807483671">
  <ele>123.763000</ele>
  <time>2010-07-31T07:47:17Z</time>
</trkpt>
<trkpt lat="53.702968620" lon="50.807559947">
  <ele>123.983002</ele>
  <time>2010-07-31T07:47:18Z</time>
</trkpt>
<trkpt lat="53.703033412" lon="50.807632450">
  <ele>124.184998</ele>
  <time>2010-07-31T07:47:19Z</time>
</trkpt>
<trkpt lat="53.703098288" lon="50.807704953">
  <ele>124.362999</ele>
  <time>2010-07-31T07:47:20Z</time>
</trkpt>
<trkpt lat="53.703166936" lon="50.807781229">
  <ele>124.639000</ele>
  <time>2010-07-31T07:47:21Z</time>
</trkpt>
<trkpt lat="53.703235667" lon="50.807853732">
  <ele>124.987000</ele>
  <time>2010-07-31T07:47:22Z</time>
</trkpt>
<trkpt lat="53.703308087" lon="50.807930008">
  <ele>125.222000</ele>
  <time>2010-07-31T07:47:23Z</time>
</trkpt>
<trkpt lat="53.703380590" lon="50.808010139">
  <ele>125.644997</ele>
  <time>2010-07-31T07:47:24Z</time>
</trkpt>
<trkpt lat="53.703456866" lon="50.808094041">
  <ele>125.912003</ele>
  <time>2010-07-31T07:47:25Z</time>
</trkpt>
<trkpt lat="53.703529369" lon="50.808181800">
  <ele>126.383003</ele>
  <time>2010-07-31T07:47:26Z</time>
</trkpt>
<trkpt lat="53.703601873" lon="50.808261847">
  <ele>126.612000</ele>
  <time>2010-07-31T07:47:27Z</time>
</trkpt>
<trkpt lat="53.703670520" lon="50.808345834">
  <ele>126.926003</ele>
  <time>2010-07-31T07:47:28Z</time>
</trkpt>
<trkpt lat="53.703742940" lon="50.808422109">
  <ele>127.268997</ele>
  <time>2010-07-31T07:47:29Z</time>
</trkpt>
<trkpt lat="53.703811672" lon="50.808494529">
  <ele>127.774002</ele>
  <time>2010-07-31T07:47:30Z</time>
</trkpt>
<trkpt lat="53.703872692" lon="50.808563260">
  <ele>128.130997</ele>
  <time>2010-07-31T07:47:31Z</time>
</trkpt>
<trkpt lat="53.703933712" lon="50.808631908">
  <ele>128.481003</ele>
  <time>2010-07-31T07:47:32Z</time>
</trkpt>
<trkpt lat="53.703994732" lon="50.808700556">
  <ele>128.934006</ele>
  <time>2010-07-31T07:47:33Z</time>
</trkpt>
<trkpt lat="53.704059608" lon="50.808773059">
  <ele>129.225006</ele>
  <time>2010-07-31T07:47:34Z</time>
</trkpt>
<trkpt lat="53.704120629" lon="50.808841707">
  <ele>129.768997</ele>
  <time>2010-07-31T07:47:35Z</time>
</trkpt>
<trkpt lat="53.704181649" lon="50.808910355">
  <ele>130.328995</ele>
  <time>2010-07-31T07:47:36Z</time>
</trkpt>
<trkpt lat="53.704246525" lon="50.808982858">
  <ele>130.947006</ele>
  <time>2010-07-31T07:47:37Z</time>
</trkpt>
<trkpt lat="53.704315173" lon="50.809051506">
  <ele>131.470001</ele>
  <time>2010-07-31T07:47:38Z</time>
</trkpt>
<trkpt lat="53.704372421" lon="50.809124010">
  <ele>131.733994</ele>
  <time>2010-07-31T07:47:39Z</time>
</trkpt>
<trkpt lat="53.704433441" lon="50.809192657">
  <ele>131.968002</ele>
  <time>2010-07-31T07:47:40Z</time>
</trkpt>
<trkpt lat="53.704498317" lon="50.809261305">
  <ele>132.505997</ele>
  <time>2010-07-31T07:47:41Z</time>
</trkpt>
<trkpt lat="53.704555482" lon="50.809326181">
  <ele>132.985001</ele>
  <time>2010-07-31T07:47:42Z</time>
</trkpt>
<trkpt lat="53.704616586" lon="50.809391057">
  <ele>133.289993</ele>
  <time>2010-07-31T07:47:43Z</time>
</trkpt>
<trkpt lat="53.704677606" lon="50.809455849">
  <ele>133.582001</ele>
  <time>2010-07-31T07:47:44Z</time>
</trkpt>
<trkpt lat="53.704734771" lon="50.809520725">
  <ele>133.949997</ele>
  <time>2010-07-31T07:47:45Z</time>
</trkpt>
<trkpt lat="53.704795875" lon="50.809585601">
  <ele>134.199997</ele>
  <time>2010-07-31T07:47:46Z</time>
</trkpt>
<trkpt lat="53.704856895" lon="50.809650393">
  <ele>134.552994</ele>
  <time>2010-07-31T07:47:47Z</time>
</trkpt>
<trkpt lat="53.704917915" lon="50.809722897">
  <ele>134.643997</ele>
  <time>2010-07-31T07:47:48Z</time>
</trkpt>
<trkpt lat="53.704982791" lon="50.809795400">
  <ele>134.908005</ele>
  <time>2010-07-31T07:47:49Z</time>
</trkpt>
<trkpt lat="53.705055211" lon="50.809871675">
  <ele>135.322006</ele>
  <time>2010-07-31T07:47:50Z</time>
</trkpt>
<trkpt lat="53.705127714" lon="50.809951806">
  <ele>135.819000</ele>
  <time>2010-07-31T07:47:51Z</time>
</trkpt>
<trkpt lat="53.705203990" lon="50.810035709">
  <ele>136.227997</ele>
  <time>2010-07-31T07:47:52Z</time>
</trkpt>
<trkpt lat="53.705284121" lon="50.810119612">
  <ele>136.651993</ele>
  <time>2010-07-31T07:47:53Z</time>
</trkpt>
<trkpt lat="53.705368023" lon="50.810207371">
  <ele>137.018997</ele>
  <time>2010-07-31T07:47:54Z</time>
</trkpt>
<trkpt lat="53.705448154" lon="50.810295129">
  <ele>137.173996</ele>
  <time>2010-07-31T07:47:55Z</time>
</trkpt>
<trkpt lat="53.705528285" lon="50.810386660">
  <ele>137.509995</ele>
  <time>2010-07-31T07:47:56Z</time>
</trkpt>
<trkpt lat="53.705604561" lon="50.810470562">
  <ele>137.722000</ele>
  <time>2010-07-31T07:47:57Z</time>
</trkpt>
<trkpt lat="53.705680836" lon="50.810550693">
  <ele>137.901993</ele>
  <time>2010-07-31T07:47:58Z</time>
</trkpt>
<trkpt lat="53.705757111" lon="50.810630824">
  <ele>138.242996</ele>
  <time>2010-07-31T07:47:59Z</time>
</trkpt>
<trkpt lat="53.705829615" lon="50.810707100">
  <ele>138.522003</ele>
  <time>2010-07-31T07:48:00Z</time>
</trkpt>
<trkpt lat="53.705898263" lon="50.810783375">
  <ele>138.481003</ele>
  <time>2010-07-31T07:48:01Z</time>
</trkpt>
<trkpt lat="53.705966910" lon="50.810859650">
  <ele>138.617004</ele>
  <time>2010-07-31T07:48:02Z</time>
</trkpt>
<trkpt lat="53.706039414" lon="50.810936010">
  <ele>138.641006</ele>
  <time>2010-07-31T07:48:03Z</time>
</trkpt>
<trkpt lat="53.706111917" lon="50.811016057">
  <ele>138.813004</ele>
  <time>2010-07-31T07:48:04Z</time>
</trkpt>
<trkpt lat="53.706192048" lon="50.811096188">
  <ele>138.983994</ele>
  <time>2010-07-31T07:48:05Z</time>
</trkpt>
<trkpt lat="53.706268324" lon="50.811180091">
  <ele>139.145004</ele>
  <time>2010-07-31T07:48:06Z</time>
</trkpt>
<trkpt lat="53.706348455" lon="50.811264077">
  <ele>139.207993</ele>
  <time>2010-07-31T07:48:07Z</time>
</trkpt>
<trkpt lat="53.706424730" lon="50.811351752">
  <ele>139.162003</ele>
  <time>2010-07-31T07:48:08Z</time>
</trkpt>
<trkpt lat="53.706501005" lon="50.811435739">
  <ele>139.460007</ele>
  <time>2010-07-31T07:48:09Z</time>
</trkpt>
<trkpt lat="53.706577281" lon="50.811519641">
  <ele>139.742004</ele>
  <time>2010-07-31T07:48:10Z</time>
</trkpt>
<trkpt lat="53.706653556" lon="50.811603544">
  <ele>140.070007</ele>
  <time>2010-07-31T07:48:11Z</time>
</trkpt>
<trkpt lat="53.706726059" lon="50.811683675">
  <ele>140.210999</ele>
  <time>2010-07-31T07:48:12Z</time>
</trkpt>
<trkpt lat="53.706802335" lon="50.811763722">
  <ele>140.412003</ele>
  <time>2010-07-31T07:48:13Z</time>
</trkpt>
<trkpt lat="53.706874838" lon="50.811840082">
  <ele>140.533005</ele>
  <time>2010-07-31T07:48:14Z</time>
</trkpt>
<trkpt lat="53.706943486" lon="50.811923984">
  <ele>140.634995</ele>
  <time>2010-07-31T07:48:15Z</time>
</trkpt>
<trkpt lat="53.707015989" lon="50.812004115">
  <ele>141.007996</ele>
  <time>2010-07-31T07:48:16Z</time>
</trkpt>
<trkpt lat="53.707092265" lon="50.812088018">
  <ele>141.341995</ele>
  <time>2010-07-31T07:48:17Z</time>
</trkpt>
<trkpt lat="53.707172396" lon="50.812171921">
  <ele>141.520004</ele>
  <time>2010-07-31T07:48:18Z</time>
</trkpt>
<trkpt lat="53.707252527" lon="50.812259680">
  <ele>141.798004</ele>
  <time>2010-07-31T07:48:19Z</time>
</trkpt>
<trkpt lat="53.707332574" lon="50.812347438">
  <ele>142.126999</ele>
  <time>2010-07-31T07:48:20Z</time>
</trkpt>
<trkpt lat="53.707412705" lon="50.812431341">
  <ele>142.565994</ele>
  <time>2010-07-31T07:48:21Z</time>
</trkpt>
<trkpt lat="53.707488980" lon="50.812515244">
  <ele>142.841995</ele>
  <time>2010-07-31T07:48:22Z</time>
</trkpt>
<trkpt lat="53.707565339" lon="50.812595375">
  <ele>143.214005</ele>
  <time>2010-07-31T07:48:23Z</time>
</trkpt>
<trkpt lat="53.707637759" lon="50.812671650">
  <ele>143.449997</ele>
  <time>2010-07-31T07:48:24Z</time>
</trkpt>
<trkpt lat="53.707710262" lon="50.812751781">
  <ele>143.929993</ele>
  <time>2010-07-31T07:48:25Z</time>
</trkpt>
<trkpt lat="53.707782766" lon="50.812831912">
  <ele>144.072006</ele>
  <time>2010-07-31T07:48:26Z</time>
</trkpt>
<trkpt lat="53.707855185" lon="50.812911959">
  <ele>144.184006</ele>
  <time>2010-07-31T07:48:27Z</time>
</trkpt>
<trkpt lat="53.707931545" lon="50.812992090">
  <ele>144.503006</ele>
  <time>2010-07-31T07:48:28Z</time>
</trkpt>
<trkpt lat="53.708003964" lon="50.813072221">
  <ele>144.695007</ele>
  <time>2010-07-31T07:48:29Z</time>
</trkpt>
<trkpt lat="53.708080323" lon="50.813156124">
  <ele>145.098999</ele>
  <time>2010-07-31T07:48:30Z</time>
</trkpt>
<trkpt lat="53.708156599" lon="50.813240027">
  <ele>145.382004</ele>
  <time>2010-07-31T07:48:31Z</time>
</trkpt>
<trkpt lat="53.708236730" lon="50.813324014">
  <ele>145.654007</ele>
  <time>2010-07-31T07:48:32Z</time>
</trkpt>
<trkpt lat="53.708313005" lon="50.813407917">
  <ele>145.914993</ele>
  <time>2010-07-31T07:48:33Z</time>
</trkpt>
<trkpt lat="53.708389280" lon="50.813488048">
  <ele>146.248001</ele>
  <time>2010-07-31T07:48:34Z</time>
</trkpt>
<trkpt lat="53.708461784" lon="50.813568095">
  <ele>146.391006</ele>
  <time>2010-07-31T07:48:35Z</time>
</trkpt>
<trkpt lat="53.708538059" lon="50.813648226">
  <ele>146.621002</ele>
  <time>2010-07-31T07:48:36Z</time>
</trkpt>
<trkpt lat="53.708606707" lon="50.813732129">
  <ele>146.796997</ele>
  <time>2010-07-31T07:48:37Z</time>
</trkpt>
<trkpt lat="53.708682982" lon="50.813812260">
  <ele>147.011993</ele>
  <time>2010-07-31T07:48:38Z</time>
</trkpt>
<trkpt lat="53.708763113" lon="50.813896162">
  <ele>147.315002</ele>
  <time>2010-07-31T07:48:39Z</time>
</trkpt>
<trkpt lat="53.708843244" lon="50.813987693">
  <ele>147.567993</ele>
  <time>2010-07-31T07:48:40Z</time>
</trkpt>
<trkpt lat="53.708934775" lon="50.814083079">
  <ele>147.966995</ele>
  <time>2010-07-31T07:48:41Z</time>
</trkpt>
<trkpt lat="53.709026305" lon="50.814182321">
  <ele>148.298004</ele>
  <time>2010-07-31T07:48:42Z</time>
</trkpt>
<trkpt lat="53.709121691" lon="50.814285250">
  <ele>148.529007</ele>
  <time>2010-07-31T07:48:43Z</time>
</trkpt>
<trkpt lat="53.709213221" lon="50.814388264">
  <ele>148.850998</ele>
  <time>2010-07-31T07:48:44Z</time>
</trkpt>
<trkpt lat="53.709308608" lon="50.814491278">
  <ele>149.054001</ele>
  <time>2010-07-31T07:48:45Z</time>
</trkpt>
<trkpt lat="53.709400138" lon="50.814586664">
  <ele>149.283005</ele>
  <time>2010-07-31T07:48:46Z</time>
</trkpt>
<trkpt lat="53.709491752" lon="50.814689677">
  <ele>149.470001</ele>
  <time>2010-07-31T07:48:47Z</time>
</trkpt>
<trkpt lat="53.709583282" lon="50.814788835">
  <ele>149.511002</ele>
  <time>2010-07-31T07:48:48Z</time>
</trkpt>
<trkpt lat="53.709671041" lon="50.814887993">
  <ele>149.714996</ele>
  <time>2010-07-31T07:48:49Z</time>
</trkpt>
<trkpt lat="53.709754944" lon="50.814979523">
  <ele>149.964005</ele>
  <time>2010-07-31T07:48:50Z</time>
</trkpt>
<trkpt lat="53.709842702" lon="50.815074909">
  <ele>150.007996</ele>
  <time>2010-07-31T07:48:51Z</time>
</trkpt>
<trkpt lat="53.709930461" lon="50.815170296">
  <ele>150.188995</ele>
  <time>2010-07-31T07:48:52Z</time>
</trkpt>
<trkpt lat="53.710018136" lon="50.815265682">
  <ele>150.270004</ele>
  <time>2010-07-31T07:48:53Z</time>
</trkpt>
<trkpt lat="53.710105894" lon="50.815364840">
  <ele>150.391998</ele>
  <time>2010-07-31T07:48:54Z</time>
</trkpt>
<trkpt lat="53.710193653" lon="50.815460226">
  <ele>150.462006</ele>
  <time>2010-07-31T07:48:55Z</time>
</trkpt>
<trkpt lat="53.710281411" lon="50.815555612">
  <ele>150.539993</ele>
  <time>2010-07-31T07:48:56Z</time>
</trkpt>
<trkpt lat="53.710372942" lon="50.815654770">
  <ele>150.522003</ele>
  <time>2010-07-31T07:48:57Z</time>
</trkpt>
<trkpt lat="53.710464472" lon="50.815757783">
  <ele>150.613998</ele>
  <time>2010-07-31T07:48:58Z</time>
</trkpt>
<trkpt lat="53.710563630" lon="50.815868340">
  <ele>150.516998</ele>
  <time>2010-07-31T07:48:59Z</time>
</trkpt>
<trkpt lat="53.710659016" lon="50.815975210">
  <ele>150.453995</ele>
  <time>2010-07-31T07:49:00Z</time>
</trkpt>
<trkpt lat="53.710758174" lon="50.816085851">
  <ele>150.401001</ele>
  <time>2010-07-31T07:49:01Z</time>
</trkpt>
<trkpt lat="53.710861187" lon="50.816200264">
  <ele>150.322006</ele>
  <time>2010-07-31T07:49:02Z</time>
</trkpt>
<trkpt lat="53.710968057" lon="50.816318532">
  <ele>150.242996</ele>
  <time>2010-07-31T07:49:03Z</time>
</trkpt>
<trkpt lat="53.711078614" lon="50.816440573">
  <ele>150.231995</ele>
  <time>2010-07-31T07:49:04Z</time>
</trkpt>
<trkpt lat="53.711193111" lon="50.816570241">
  <ele>150.332001</ele>
  <time>2010-07-31T07:49:05Z</time>
</trkpt>
<trkpt lat="53.711311379" lon="50.816699993">
  <ele>150.289001</ele>
  <time>2010-07-31T07:49:06Z</time>
</trkpt>
<trkpt lat="53.711433420" lon="50.816833517">
  <ele>150.440002</ele>
  <time>2010-07-31T07:49:07Z</time>
</trkpt>
<trkpt lat="53.711547833" lon="50.816963185">
  <ele>150.436005</ele>
  <time>2010-07-31T07:49:08Z</time>
</trkpt>
<trkpt lat="53.711666102" lon="50.817096708">
  <ele>150.404999</ele>
  <time>2010-07-31T07:49:09Z</time>
</trkpt>
<trkpt lat="53.711784370" lon="50.817218749">
  <ele>150.408997</ele>
  <time>2010-07-31T07:49:10Z</time>
</trkpt>
<trkpt lat="53.711898783" lon="50.817344645">
  <ele>150.468002</ele>
  <time>2010-07-31T07:49:11Z</time>
</trkpt>
<trkpt lat="53.712009424" lon="50.817466769">
  <ele>150.395996</ele>
  <time>2010-07-31T07:49:12Z</time>
</trkpt>
<trkpt lat="53.712120065" lon="50.817588810">
  <ele>150.367996</ele>
  <time>2010-07-31T07:49:13Z</time>
</trkpt>
<trkpt lat="53.712230707" lon="50.817714706">
  <ele>150.317001</ele>
  <time>2010-07-31T07:49:14Z</time>
</trkpt>
<trkpt lat="53.712341348" lon="50.817836747">
  <ele>150.561996</ele>
  <time>2010-07-31T07:49:15Z</time>
</trkpt>
<trkpt lat="53.712448133" lon="50.817955015">
  <ele>150.737000</ele>
  <time>2010-07-31T07:49:16Z</time>
</trkpt>
<trkpt lat="53.712558774" lon="50.818077056">
  <ele>150.908997</ele>
  <time>2010-07-31T07:49:17Z</time>
</trkpt>
<trkpt lat="53.712665560" lon="50.818191553">
  <ele>151.244003</ele>
  <time>2010-07-31T07:49:18Z</time>
</trkpt>
<trkpt lat="53.712776201" lon="50.818305966">
  <ele>151.544998</ele>
  <time>2010-07-31T07:49:19Z</time>
</trkpt>
<trkpt lat="53.712886842" lon="50.818428006">
  <ele>151.720993</ele>
  <time>2010-07-31T07:49:20Z</time>
</trkpt>
<trkpt lat="53.713001255" lon="50.818550130">
  <ele>151.917999</ele>
  <time>2010-07-31T07:49:21Z</time>
</trkpt>
<trkpt lat="53.713115668" lon="50.818676027">
  <ele>152.093002</ele>
  <time>2010-07-31T07:49:22Z</time>
</trkpt>
<trkpt lat="53.713230165" lon="50.818801839">
  <ele>152.358994</ele>
  <time>2010-07-31T07:49:23Z</time>
</trkpt>
<trkpt lat="53.713344578" lon="50.818923963">
  <ele>152.492004</ele>
  <time>2010-07-31T07:49:24Z</time>
</trkpt>
<trkpt lat="53.713458991" lon="50.819046004">
  <ele>152.886993</ele>
  <time>2010-07-31T07:49:25Z</time>
</trkpt>
<trkpt lat="53.713569632" lon="50.819164272">
  <ele>153.292007</ele>
  <time>2010-07-31T07:49:26Z</time>
</trkpt>
<trkpt lat="53.713680273" lon="50.819282541">
  <ele>153.789001</ele>
  <time>2010-07-31T07:49:27Z</time>
</trkpt>
<trkpt lat="53.713787058" lon="50.819404582">
  <ele>154.035004</ele>
  <time>2010-07-31T07:49:28Z</time>
</trkpt>
<trkpt lat="53.713897699" lon="50.819526706">
  <ele>154.352997</ele>
  <time>2010-07-31T07:49:29Z</time>
</trkpt>
<trkpt lat="53.714012112" lon="50.819648746">
  <ele>154.580002</ele>
  <time>2010-07-31T07:49:30Z</time>
</trkpt>
<trkpt lat="53.714126609" lon="50.819774643">
  <ele>154.947006</ele>
  <time>2010-07-31T07:49:31Z</time>
</trkpt>
<trkpt lat="53.714237250" lon="50.819896683">
  <ele>155.074997</ele>
  <time>2010-07-31T07:49:32Z</time>
</trkpt>
<trkpt lat="53.714351663" lon="50.820018807">
  <ele>155.358002</ele>
  <time>2010-07-31T07:49:33Z</time>
</trkpt>
<trkpt lat="53.714462304" lon="50.820144620">
  <ele>155.740997</ele>
  <time>2010-07-31T07:49:34Z</time>
</trkpt>
<trkpt lat="53.714576717" lon="50.820270516">
  <ele>156.097000</ele>
  <time>2010-07-31T07:49:35Z</time>
</trkpt>
<trkpt lat="53.714694986" lon="50.820400268">
  <ele>156.264999</ele>
  <time>2010-07-31T07:49:36Z</time>
</trkpt>
<trkpt lat="53.714813255" lon="50.820526164">
  <ele>156.292007</ele>
  <time>2010-07-31T07:49:37Z</time>
</trkpt>
<trkpt lat="53.714931523" lon="50.820655832">
  <ele>156.326996</ele>
  <time>2010-07-31T07:49:38Z</time>
</trkpt>
<trkpt lat="53.715045936" lon="50.820781728">
  <ele>156.464996</ele>
  <time>2010-07-31T07:49:39Z</time>
</trkpt>
<trkpt lat="53.715164205" lon="50.820907624">
  <ele>156.429993</ele>
  <time>2010-07-31T07:49:40Z</time>
</trkpt>
<trkpt lat="53.715282474" lon="50.821041148">
  <ele>156.593002</ele>
  <time>2010-07-31T07:49:41Z</time>
</trkpt>
<trkpt lat="53.715400659" lon="50.821174588">
  <ele>156.600006</ele>
  <time>2010-07-31T07:49:42Z</time>
</trkpt>
<trkpt lat="53.715518927" lon="50.821308112">
  <ele>156.738007</ele>
  <time>2010-07-31T07:49:43Z</time>
</trkpt>
<trkpt lat="53.715637196" lon="50.821437864">
  <ele>156.520996</ele>
  <time>2010-07-31T07:49:44Z</time>
</trkpt>
<trkpt lat="53.715755465" lon="50.821563760">
  <ele>156.414993</ele>
  <time>2010-07-31T07:49:45Z</time>
</trkpt>
<trkpt lat="53.715873733" lon="50.821689572">
  <ele>156.343002</ele>
  <time>2010-07-31T07:49:46Z</time>
</trkpt>
<trkpt lat="53.715995774" lon="50.821819324">
  <ele>156.186005</ele>
  <time>2010-07-31T07:49:47Z</time>
</trkpt>
<trkpt lat="53.716121670" lon="50.821948992">
  <ele>156.181000</ele>
  <time>2010-07-31T07:49:48Z</time>
</trkpt>
<trkpt lat="53.716247566" lon="50.822082516">
  <ele>156.156006</ele>
  <time>2010-07-31T07:49:49Z</time>
</trkpt>
<trkpt lat="53.716373462" lon="50.822219811">
  <ele>156.128006</ele>
  <time>2010-07-31T07:49:50Z</time>
</trkpt>
<trkpt lat="53.716499358" lon="50.822353335">
  <ele>156.001999</ele>
  <time>2010-07-31T07:49:51Z</time>
</trkpt>
<trkpt lat="53.716625255" lon="50.822490714">
  <ele>155.981995</ele>
  <time>2010-07-31T07:49:52Z</time>
</trkpt>
<trkpt lat="53.716747295" lon="50.822624238">
  <ele>156.052994</ele>
  <time>2010-07-31T07:49:53Z</time>
</trkpt>
<trkpt lat="53.716869336" lon="50.822761534">
  <ele>156.233002</ele>
  <time>2010-07-31T07:49:54Z</time>
</trkpt>
<trkpt lat="53.716991460" lon="50.822895057">
  <ele>156.417007</ele>
  <time>2010-07-31T07:49:55Z</time>
</trkpt>
<trkpt lat="53.717113500" lon="50.823028581">
  <ele>156.673004</ele>
  <time>2010-07-31T07:49:56Z</time>
</trkpt>
<trkpt lat="53.717235541" lon="50.823169732">
  <ele>156.744995</ele>
  <time>2010-07-31T07:49:57Z</time>
</trkpt>
<trkpt lat="53.717353810" lon="50.823314656">
  <ele>156.822998</ele>
  <time>2010-07-31T07:49:58Z</time>
</trkpt>
<trkpt lat="53.717475850" lon="50.823455807">
  <ele>156.841995</ele>
  <time>2010-07-31T07:49:59Z</time>
</trkpt>
<trkpt lat="53.717597974" lon="50.823596958">
  <ele>156.959000</ele>
  <time>2010-07-31T07:50:00Z</time>
</trkpt>
<trkpt lat="53.717720015" lon="50.823741881">
  <ele>156.953995</ele>
  <time>2010-07-31T07:50:01Z</time>
</trkpt>
<trkpt lat="53.717842139" lon="50.823890660">
  <ele>157.026993</ele>
  <time>2010-07-31T07:50:02Z</time>
</trkpt>
<trkpt lat="53.717964180" lon="50.824035667">
  <ele>156.848999</ele>
  <time>2010-07-31T07:50:03Z</time>
</trkpt>
<trkpt lat="53.718082448" lon="50.824184446">
  <ele>156.565002</ele>
  <time>2010-07-31T07:50:04Z</time>
</trkpt>
<trkpt lat="53.718204489" lon="50.824333224">
  <ele>156.468994</ele>
  <time>2010-07-31T07:50:05Z</time>
</trkpt>
<trkpt lat="53.718326529" lon="50.824489631">
  <ele>156.444000</ele>
  <time>2010-07-31T07:50:06Z</time>
</trkpt>
<trkpt lat="53.718448654" lon="50.824646037">
  <ele>156.501999</ele>
  <time>2010-07-31T07:50:07Z</time>
</trkpt>
<trkpt lat="53.718574550" lon="50.824802360">
  <ele>156.600998</ele>
  <time>2010-07-31T07:50:08Z</time>
</trkpt>
<trkpt lat="53.718700446" lon="50.824962622">
  <ele>156.667007</ele>
  <time>2010-07-31T07:50:09Z</time>
</trkpt>
<trkpt lat="53.718826259" lon="50.825115172">
  <ele>156.408997</ele>
  <time>2010-07-31T07:50:10Z</time>
</trkpt>
<trkpt lat="53.718952155" lon="50.825271579">
  <ele>156.167999</ele>
  <time>2010-07-31T07:50:11Z</time>
</trkpt>
<trkpt lat="53.719078051" lon="50.825435612">
  <ele>155.751999</ele>
  <time>2010-07-31T07:50:12Z</time>
</trkpt>
<trkpt lat="53.719203947" lon="50.825603502">
  <ele>155.274994</ele>
  <time>2010-07-31T07:50:13Z</time>
</trkpt>
<trkpt lat="53.719333615" lon="50.825771308">
  <ele>154.770996</ele>
  <time>2010-07-31T07:50:14Z</time>
</trkpt>
<trkpt lat="53.719467139" lon="50.825946825">
  <ele>154.300003</ele>
  <time>2010-07-31T07:50:15Z</time>
</trkpt>
<trkpt lat="53.719600663" lon="50.826122258">
  <ele>153.856995</ele>
  <time>2010-07-31T07:50:16Z</time>
</trkpt>
<trkpt lat="53.719741814" lon="50.826301547">
  <ele>153.567001</ele>
  <time>2010-07-31T07:50:17Z</time>
</trkpt>
<trkpt lat="53.719879109" lon="50.826480836">
  <ele>153.216995</ele>
  <time>2010-07-31T07:50:18Z</time>
</trkpt>
<trkpt lat="53.720020261" lon="50.826663980">
  <ele>152.667007</ele>
  <time>2010-07-31T07:50:19Z</time>
</trkpt>
<trkpt lat="53.720157640" lon="50.826847041">
  <ele>152.175995</ele>
  <time>2010-07-31T07:50:20Z</time>
</trkpt>
<trkpt lat="53.720294936" lon="50.827033957">
  <ele>151.772003</ele>
  <time>2010-07-31T07:50:21Z</time>
</trkpt>
<trkpt lat="53.720436087" lon="50.827220958">
  <ele>151.455994</ele>
  <time>2010-07-31T07:50:22Z</time>
</trkpt>
<trkpt lat="53.720584866" lon="50.827419274">
  <ele>151.251007</ele>
  <time>2010-07-31T07:50:23Z</time>
</trkpt>
<trkpt lat="53.720745128" lon="50.827621445">
  <ele>150.945007</ele>
  <time>2010-07-31T07:50:24Z</time>
</trkpt>
<trkpt lat="53.720901450" lon="50.827835100">
  <ele>150.494995</ele>
  <time>2010-07-31T07:50:25Z</time>
</trkpt>
<trkpt lat="53.721065484" lon="50.828052526">
  <ele>150.063004</ele>
  <time>2010-07-31T07:50:26Z</time>
</trkpt>
<trkpt lat="53.721225746" lon="50.828269953">
  <ele>149.673004</ele>
  <time>2010-07-31T07:50:27Z</time>
</trkpt>
<trkpt lat="53.721382152" lon="50.828483608">
  <ele>149.220993</ele>
  <time>2010-07-31T07:50:28Z</time>
</trkpt>
<trkpt lat="53.721538559" lon="50.828693407">
  <ele>148.630997</ele>
  <time>2010-07-31T07:50:29Z</time>
</trkpt>
<trkpt lat="53.721694965" lon="50.828903206">
  <ele>148.110992</ele>
  <time>2010-07-31T07:50:30Z</time>
</trkpt>
<trkpt lat="53.721851371" lon="50.829116860">
  <ele>147.699997</ele>
  <time>2010-07-31T07:50:31Z</time>
</trkpt>
<trkpt lat="53.722011549" lon="50.829334287">
  <ele>147.216003</ele>
  <time>2010-07-31T07:50:32Z</time>
</trkpt>
<trkpt lat="53.722167956" lon="50.829547858">
  <ele>146.774002</ele>
  <time>2010-07-31T07:50:33Z</time>
</trkpt>
<trkpt lat="53.722324362" lon="50.829757657">
  <ele>146.177994</ele>
  <time>2010-07-31T07:50:34Z</time>
</trkpt>
<trkpt lat="53.722476996" lon="50.829971312">
  <ele>145.630997</ele>
  <time>2010-07-31T07:50:35Z</time>
</trkpt>
<trkpt lat="53.722633403" lon="50.830184966">
  <ele>145.315002</ele>
  <time>2010-07-31T07:50:36Z</time>
</trkpt>
<trkpt lat="53.722785953" lon="50.830394765">
  <ele>145.112000</ele>
  <time>2010-07-31T07:50:37Z</time>
</trkpt>
<trkpt lat="53.722942360" lon="50.830600709">
  <ele>144.876007</ele>
  <time>2010-07-31T07:50:38Z</time>
</trkpt>
<trkpt lat="53.723098766" lon="50.830806736">
  <ele>144.681000</ele>
  <time>2010-07-31T07:50:39Z</time>
</trkpt>
<trkpt lat="53.723258944" lon="50.831016535">
  <ele>144.414993</ele>
  <time>2010-07-31T07:50:40Z</time>
</trkpt>
<trkpt lat="53.723415351" lon="50.831230190">
  <ele>144.104004</ele>
  <time>2010-07-31T07:50:41Z</time>
</trkpt>
<trkpt lat="53.723575613" lon="50.831443761">
  <ele>143.932999</ele>
  <time>2010-07-31T07:50:42Z</time>
</trkpt>
<trkpt lat="53.723735791" lon="50.831661187">
  <ele>143.619995</ele>
  <time>2010-07-31T07:50:43Z</time>
</trkpt>
<trkpt lat="53.723896053" lon="50.831874842">
  <ele>143.311005</ele>
  <time>2010-07-31T07:50:44Z</time>
</trkpt>
<trkpt lat="53.724056231" lon="50.832088497">
  <ele>142.865005</ele>
  <time>2010-07-31T07:50:45Z</time>
</trkpt>
<trkpt lat="53.724227892" lon="50.832309695">
  <ele>142.417007</ele>
  <time>2010-07-31T07:50:46Z</time>
</trkpt>
<trkpt lat="53.724403409" lon="50.832527122">
  <ele>142.304001</ele>
  <time>2010-07-31T07:50:47Z</time>
</trkpt>
<trkpt lat="53.724586470" lon="50.832759887">
  <ele>142.007004</ele>
  <time>2010-07-31T07:50:48Z</time>
</trkpt>
<trkpt lat="53.724773386" lon="50.833000196">
  <ele>141.623993</ele>
  <time>2010-07-31T07:50:49Z</time>
</trkpt>
<trkpt lat="53.724964159" lon="50.833255760">
  <ele>141.201004</ele>
  <time>2010-07-31T07:50:50Z</time>
</trkpt>
<trkpt lat="53.725158703" lon="50.833515180">
  <ele>140.876007</ele>
  <time>2010-07-31T07:50:51Z</time>
</trkpt>
<trkpt lat="53.725357018" lon="50.833778372">
  <ele>140.492996</ele>
  <time>2010-07-31T07:50:52Z</time>
</trkpt>
<trkpt lat="53.725555418" lon="50.834041564">
  <ele>140.257004</ele>
  <time>2010-07-31T07:50:53Z</time>
</trkpt>
<trkpt lat="53.725757590" lon="50.834308611">
  <ele>139.914001</ele>
  <time>2010-07-31T07:50:54Z</time>
</trkpt>
<trkpt lat="53.725963617" lon="50.834583286">
  <ele>139.753006</ele>
  <time>2010-07-31T07:50:55Z</time>
</trkpt>
<trkpt lat="53.726173416" lon="50.834861733">
  <ele>139.580994</ele>
  <time>2010-07-31T07:50:56Z</time>
</trkpt>
<trkpt lat="53.726383215" lon="50.835147891">
  <ele>139.483002</ele>
  <time>2010-07-31T07:50:57Z</time>
</trkpt>
<trkpt lat="53.726596870" lon="50.835437737">
  <ele>139.291000</ele>
  <time>2010-07-31T07:50:58Z</time>
</trkpt>
<trkpt lat="53.726806669" lon="50.835723896">
  <ele>139.070007</ele>
  <time>2010-07-31T07:50:59Z</time>
</trkpt>
<trkpt lat="53.727024095" lon="50.836021453">
  <ele>138.699005</ele>
  <time>2010-07-31T07:51:00Z</time>
</trkpt>
<trkpt lat="53.727241522" lon="50.836315155">
  <ele>138.514999</ele>
  <time>2010-07-31T07:51:01Z</time>
</trkpt>
<trkpt lat="53.727458948" lon="50.836616484">
  <ele>138.488007</ele>
  <time>2010-07-31T07:51:02Z</time>
</trkpt>
<trkpt lat="53.727668747" lon="50.836917898">
  <ele>138.192993</ele>
  <time>2010-07-31T07:51:03Z</time>
</trkpt>
<trkpt lat="53.727882402" lon="50.837211600">
  <ele>137.785995</ele>
  <time>2010-07-31T07:51:04Z</time>
</trkpt>
<trkpt lat="53.728088345" lon="50.837497674">
  <ele>137.565994</ele>
  <time>2010-07-31T07:51:05Z</time>
</trkpt>
<trkpt lat="53.728294373" lon="50.837779976">
  <ele>137.233002</ele>
  <time>2010-07-31T07:51:06Z</time>
</trkpt>
<trkpt lat="53.728496544" lon="50.838054651">
  <ele>137.063995</ele>
  <time>2010-07-31T07:51:07Z</time>
</trkpt>
<trkpt lat="53.728694944" lon="50.838329326">
  <ele>136.848999</ele>
  <time>2010-07-31T07:51:08Z</time>
</trkpt>
<trkpt lat="53.728893260" lon="50.838600146">
  <ele>136.725998</ele>
  <time>2010-07-31T07:51:09Z</time>
</trkpt>
<trkpt lat="53.729087804" lon="50.838859566">
  <ele>136.514008</ele>
  <time>2010-07-31T07:51:10Z</time>
</trkpt>
<trkpt lat="53.729267092" lon="50.839107502">
  <ele>136.151993</ele>
  <time>2010-07-31T07:51:11Z</time>
</trkpt>
<trkpt lat="53.729442609" lon="50.839347811">
  <ele>136.057999</ele>
  <time>2010-07-31T07:51:12Z</time>
</trkpt>
<trkpt lat="53.729614271" lon="50.839576721">
  <ele>135.912994</ele>
  <time>2010-07-31T07:51:13Z</time>
</trkpt>
<trkpt lat="53.729782077" lon="50.839801775">
  <ele>135.789993</ele>
  <time>2010-07-31T07:51:14Z</time>
</trkpt>
<trkpt lat="53.729949966" lon="50.840026829">
  <ele>136.044998</ele>
  <time>2010-07-31T07:51:15Z</time>
</trkpt>
<trkpt lat="53.730110144" lon="50.840244256">
  <ele>136.427002</ele>
  <time>2010-07-31T07:51:16Z</time>
</trkpt>
<trkpt lat="53.730270406" lon="50.840457911">
  <ele>136.835999</ele>
  <time>2010-07-31T07:51:17Z</time>
</trkpt>
<trkpt lat="53.730426813" lon="50.840667710">
  <ele>137.345993</ele>
  <time>2010-07-31T07:51:18Z</time>
</trkpt>
<trkpt lat="53.730583219" lon="50.840881364">
  <ele>138.154007</ele>
  <time>2010-07-31T07:51:19Z</time>
</trkpt>
<trkpt lat="53.730735769" lon="50.841091163">
  <ele>139.095993</ele>
  <time>2010-07-31T07:51:20Z</time>
</trkpt>
<trkpt lat="53.730892176" lon="50.841297191">
  <ele>140.468002</ele>
  <time>2010-07-31T07:51:21Z</time>
</trkpt>
<trkpt lat="53.731044810" lon="50.841506990">
  <ele>141.638000</ele>
  <time>2010-07-31T07:51:22Z</time>
</trkpt>
<trkpt lat="53.731193505" lon="50.841712933">
  <ele>142.927002</ele>
  <time>2010-07-31T07:51:23Z</time>
</trkpt>
<trkpt lat="53.731346140" lon="50.841918960">
  <ele>144.270996</ele>
  <time>2010-07-31T07:51:24Z</time>
</trkpt>
<trkpt lat="53.731498690" lon="50.842121132">
  <ele>145.514008</ele>
  <time>2010-07-31T07:51:25Z</time>
</trkpt>
<trkpt lat="53.731651325" lon="50.842323303">
  <ele>146.615997</ele>
  <time>2010-07-31T07:51:26Z</time>
</trkpt>
<trkpt lat="53.731800104" lon="50.842521703">
  <ele>147.966003</ele>
  <time>2010-07-31T07:51:27Z</time>
</trkpt>
<trkpt lat="53.731941255" lon="50.842712391">
  <ele>148.962997</ele>
  <time>2010-07-31T07:51:28Z</time>
</trkpt>
<trkpt lat="53.732078550" lon="50.842895536">
  <ele>149.998001</ele>
  <time>2010-07-31T07:51:29Z</time>
</trkpt>
<trkpt lat="53.732208218" lon="50.843078597">
  <ele>150.927994</ele>
  <time>2010-07-31T07:51:30Z</time>
</trkpt>
<trkpt lat="53.732330343" lon="50.843246486">
  <ele>152.044006</ele>
  <time>2010-07-31T07:51:31Z</time>
</trkpt>
<trkpt lat="53.732444756" lon="50.843399037">
  <ele>153.147003</ele>
  <time>2010-07-31T07:51:32Z</time>
</trkpt>
<trkpt lat="53.732547769" lon="50.843540188">
  <ele>153.865997</ele>
  <time>2010-07-31T07:51:33Z</time>
</trkpt>
<trkpt lat="53.732646927" lon="50.843673712">
  <ele>154.464005</ele>
  <time>2010-07-31T07:51:34Z</time>
</trkpt>
<trkpt lat="53.732749941" lon="50.843803380">
  <ele>155.492996</ele>
  <time>2010-07-31T07:51:35Z</time>
</trkpt>
<trkpt lat="53.732849099" lon="50.843933132">
  <ele>156.076996</ele>
  <time>2010-07-31T07:51:36Z</time>
</trkpt>
<trkpt lat="53.732948340" lon="50.844066655">
  <ele>156.835007</ele>
  <time>2010-07-31T07:51:37Z</time>
</trkpt>
<trkpt lat="53.733047498" lon="50.844196323">
  <ele>157.175003</ele>
  <time>2010-07-31T07:51:38Z</time>
</trkpt>
<trkpt lat="53.733142884" lon="50.844322219">
  <ele>157.531006</ele>
  <time>2010-07-31T07:51:39Z</time>
</trkpt>
<trkpt lat="53.733238187" lon="50.844444260">
  <ele>157.992996</ele>
  <time>2010-07-31T07:51:40Z</time>
</trkpt>
<trkpt lat="53.733325945" lon="50.844558757">
  <ele>158.334000</ele>
  <time>2010-07-31T07:51:41Z</time>
</trkpt>
<trkpt lat="53.733417476" lon="50.844680797">
  <ele>158.531998</ele>
  <time>2010-07-31T07:51:42Z</time>
</trkpt>
<trkpt lat="53.733512862" lon="50.844806693">
  <ele>158.919006</ele>
  <time>2010-07-31T07:51:43Z</time>
</trkpt>
<trkpt lat="53.733608248" lon="50.844932590">
  <ele>159.362000</ele>
  <time>2010-07-31T07:51:44Z</time>
</trkpt>
<trkpt lat="53.733707406" lon="50.845058402">
  <ele>159.746002</ele>
  <time>2010-07-31T07:51:45Z</time>
</trkpt>
<trkpt lat="53.733802792" lon="50.845188154">
  <ele>159.985992</ele>
  <time>2010-07-31T07:51:46Z</time>
</trkpt>
<trkpt lat="53.733901950" lon="50.845317822">
  <ele>160.416000</ele>
  <time>2010-07-31T07:51:47Z</time>
</trkpt>
<trkpt lat="53.734001191" lon="50.845451346">
  <ele>160.632996</ele>
  <time>2010-07-31T07:51:48Z</time>
</trkpt>
<trkpt lat="53.734100349" lon="50.845584869">
  <ele>160.630997</ele>
  <time>2010-07-31T07:51:49Z</time>
</trkpt>
<trkpt lat="53.734203363" lon="50.845718393">
  <ele>161.054001</ele>
  <time>2010-07-31T07:51:50Z</time>
</trkpt>
<trkpt lat="53.734298665" lon="50.845851917">
  <ele>161.285995</ele>
  <time>2010-07-31T07:51:51Z</time>
</trkpt>
<trkpt lat="53.734397907" lon="50.845985441">
  <ele>161.466003</ele>
  <time>2010-07-31T07:51:52Z</time>
</trkpt>
<trkpt lat="53.734500920" lon="50.846122736">
  <ele>161.567001</ele>
  <time>2010-07-31T07:51:53Z</time>
</trkpt>
<trkpt lat="53.734603850" lon="50.846260032">
  <ele>161.679993</ele>
  <time>2010-07-31T07:51:54Z</time>
</trkpt>
<trkpt lat="53.734706864" lon="50.846401183">
  <ele>161.949997</ele>
  <time>2010-07-31T07:51:55Z</time>
</trkpt>
<trkpt lat="53.734813649" lon="50.846538562">
  <ele>162.100998</ele>
  <time>2010-07-31T07:51:56Z</time>
</trkpt>
<trkpt lat="53.734920518" lon="50.846679714">
  <ele>162.151993</ele>
  <time>2010-07-31T07:51:57Z</time>
</trkpt>
<trkpt lat="53.735031160" lon="50.846824637">
  <ele>162.259003</ele>
  <time>2010-07-31T07:51:58Z</time>
</trkpt>
<trkpt lat="53.735141717" lon="50.846969644">
  <ele>162.483994</ele>
  <time>2010-07-31T07:51:59Z</time>
</trkpt>
<trkpt lat="53.735252358" lon="50.847114567">
  <ele>162.679993</ele>
  <time>2010-07-31T07:52:00Z</time>
</trkpt>
<trkpt lat="53.735362999" lon="50.847259490">
  <ele>162.729996</ele>
  <time>2010-07-31T07:52:01Z</time>
</trkpt>
<trkpt lat="53.735481268" lon="50.847412124">
  <ele>162.929993</ele>
  <time>2010-07-31T07:52:02Z</time>
</trkpt>
<trkpt lat="53.735599536" lon="50.847572302">
  <ele>162.854004</ele>
  <time>2010-07-31T07:52:03Z</time>
</trkpt>
<trkpt lat="53.735721577" lon="50.847740192">
  <ele>162.839005</ele>
  <time>2010-07-31T07:52:04Z</time>
</trkpt>
<trkpt lat="53.735855101" lon="50.847911853">
  <ele>162.945999</ele>
  <time>2010-07-31T07:52:05Z</time>
</trkpt>
<trkpt lat="53.735984769" lon="50.848087287">
  <ele>163.218994</ele>
  <time>2010-07-31T07:52:06Z</time>
</trkpt>
<trkpt lat="53.736122148" lon="50.848266575">
  <ele>163.212997</ele>
  <time>2010-07-31T07:52:07Z</time>
</trkpt>
<trkpt lat="53.736251816" lon="50.848442093">
  <ele>162.962997</ele>
  <time>2010-07-31T07:52:08Z</time>
</trkpt>
<trkpt lat="53.736385340" lon="50.848617526">
  <ele>162.815994</ele>
  <time>2010-07-31T07:52:09Z</time>
</trkpt>
<trkpt lat="53.736526491" lon="50.848793043">
  <ele>162.764999</ele>
  <time>2010-07-31T07:52:10Z</time>
</trkpt>
<trkpt lat="53.736671414" lon="50.848976104">
  <ele>162.722000</ele>
  <time>2010-07-31T07:52:11Z</time>
</trkpt>
<trkpt lat="53.736820193" lon="50.849174503">
  <ele>162.841003</ele>
  <time>2010-07-31T07:52:12Z</time>
</trkpt>
<trkpt lat="53.736972827" lon="50.849380530">
  <ele>162.921997</ele>
  <time>2010-07-31T07:52:13Z</time>
</trkpt>
<trkpt lat="53.737129234" lon="50.849594101">
  <ele>162.964005</ele>
  <time>2010-07-31T07:52:14Z</time>
</trkpt>
<trkpt lat="53.737293268" lon="50.849815384">
  <ele>163.209000</ele>
  <time>2010-07-31T07:52:15Z</time>
</trkpt>
<trkpt lat="53.737464929" lon="50.850048065">
  <ele>163.225006</ele>
  <time>2010-07-31T07:52:16Z</time>
</trkpt>
<trkpt lat="53.737640362" lon="50.850284602">
  <ele>163.246002</ele>
  <time>2010-07-31T07:52:17Z</time>
</trkpt>
<trkpt lat="53.737819651" lon="50.850528684">
  <ele>163.255005</ele>
  <time>2010-07-31T07:52:18Z</time>
</trkpt>
<trkpt lat="53.737998940" lon="50.850780476">
  <ele>163.302002</ele>
  <time>2010-07-31T07:52:19Z</time>
</trkpt>
<trkpt lat="53.738182085" lon="50.851039896">
  <ele>162.910995</ele>
  <time>2010-07-31T07:52:20Z</time>
</trkpt>
<trkpt lat="53.738365145" lon="50.851306943">
  <ele>162.570007</ele>
  <time>2010-07-31T07:52:21Z</time>
</trkpt>
<trkpt lat="53.738552062" lon="50.851570135">
  <ele>162.365997</ele>
  <time>2010-07-31T07:52:22Z</time>
</trkpt>
<trkpt lat="53.738742834" lon="50.851837182">
  <ele>162.352005</ele>
  <time>2010-07-31T07:52:23Z</time>
</trkpt>
<trkpt lat="53.738937378" lon="50.852096519">
  <ele>162.042999</ele>
  <time>2010-07-31T07:52:24Z</time>
</trkpt>
<trkpt lat="53.739135778" lon="50.852352167">
  <ele>161.610992</ele>
  <time>2010-07-31T07:52:25Z</time>
</trkpt>
<trkpt lat="53.739337949" lon="50.852615358">
  <ele>161.294998</ele>
  <time>2010-07-31T07:52:26Z</time>
</trkpt>
<trkpt lat="53.739536265" lon="50.852878550">
  <ele>160.841003</ele>
  <time>2010-07-31T07:52:27Z</time>
</trkpt>
<trkpt lat="53.739734665" lon="50.853141826">
  <ele>160.289001</ele>
  <time>2010-07-31T07:52:28Z</time>
</trkpt>
<trkpt lat="53.739932980" lon="50.853405017">
  <ele>159.770996</ele>
  <time>2010-07-31T07:52:29Z</time>
</trkpt>
<trkpt lat="53.740127524" lon="50.853664437">
  <ele>159.481003</ele>
  <time>2010-07-31T07:52:30Z</time>
</trkpt>
<trkpt lat="53.740325924" lon="50.853927629">
  <ele>158.981003</ele>
  <time>2010-07-31T07:52:31Z</time>
</trkpt>
<trkpt lat="53.740524324" lon="50.854198448">
  <ele>158.720001</ele>
  <time>2010-07-31T07:52:32Z</time>
</trkpt>
<trkpt lat="53.740722639" lon="50.854469268">
  <ele>158.445999</ele>
  <time>2010-07-31T07:52:33Z</time>
</trkpt>
<trkpt lat="53.740924811" lon="50.854740171">
  <ele>158.320999</ele>
  <time>2010-07-31T07:52:34Z</time>
</trkpt>
<trkpt lat="53.741126982" lon="50.855010990">
  <ele>158.018005</ele>
  <time>2010-07-31T07:52:35Z</time>
</trkpt>
<trkpt lat="53.741333010" lon="50.855285665">
  <ele>157.671997</ele>
  <time>2010-07-31T07:52:36Z</time>
</trkpt>
<trkpt lat="53.741539037" lon="50.855560340">
  <ele>157.382996</ele>
  <time>2010-07-31T07:52:37Z</time>
</trkpt>
<trkpt lat="53.741748836" lon="50.855838787">
  <ele>157.173996</ele>
  <time>2010-07-31T07:52:38Z</time>
</trkpt>
<trkpt lat="53.741958635" lon="50.856117234">
  <ele>157.141006</ele>
  <time>2010-07-31T07:52:39Z</time>
</trkpt>
<trkpt lat="53.742164578" lon="50.856399536">
  <ele>156.807999</ele>
  <time>2010-07-31T07:52:40Z</time>
</trkpt>
<trkpt lat="53.742370605" lon="50.856677983">
  <ele>156.908997</ele>
  <time>2010-07-31T07:52:41Z</time>
</trkpt>
<trkpt lat="53.742576633" lon="50.856952658">
  <ele>156.695007</ele>
  <time>2010-07-31T07:52:42Z</time>
</trkpt>
<trkpt lat="53.742778804" lon="50.857231105">
  <ele>156.287003</ele>
  <time>2010-07-31T07:52:43Z</time>
</trkpt>
<trkpt lat="53.742984748" lon="50.857505780">
  <ele>156.042007</ele>
  <time>2010-07-31T07:52:44Z</time>
</trkpt>
<trkpt lat="53.743183147" lon="50.857780455">
  <ele>155.841995</ele>
  <time>2010-07-31T07:52:45Z</time>
</trkpt>
<trkpt lat="53.743381463" lon="50.858055130">
  <ele>155.488998</ele>
  <time>2010-07-31T07:52:46Z</time>
</trkpt>
<trkpt lat="53.743579863" lon="50.858318321">
  <ele>154.945007</ele>
  <time>2010-07-31T07:52:47Z</time>
</trkpt>
<trkpt lat="53.743774407" lon="50.858585369">
  <ele>154.423004</ele>
  <time>2010-07-31T07:52:48Z</time>
</trkpt>
<trkpt lat="53.743968951" lon="50.858848561">
  <ele>153.837997</ele>
  <time>2010-07-31T07:52:49Z</time>
</trkpt>
<trkpt lat="53.744167350" lon="50.859111752">
  <ele>153.098007</ele>
  <time>2010-07-31T07:52:50Z</time>
</trkpt>
<trkpt lat="53.744369522" lon="50.859371172">
  <ele>152.350998</ele>
  <time>2010-07-31T07:52:51Z</time>
</trkpt>
<trkpt lat="53.744564066" lon="50.859630592">
  <ele>151.453003</ele>
  <time>2010-07-31T07:52:52Z</time>
</trkpt>
<trkpt lat="53.744750982" lon="50.859893784">
  <ele>150.369995</ele>
  <time>2010-07-31T07:52:53Z</time>
</trkpt>
<trkpt lat="53.744937899" lon="50.860153204">
  <ele>149.087006</ele>
  <time>2010-07-31T07:52:54Z</time>
</trkpt>
<trkpt lat="53.745128671" lon="50.860408768">
  <ele>148.020996</ele>
  <time>2010-07-31T07:52:55Z</time>
</trkpt>
<trkpt lat="53.745319359" lon="50.860671960">
  <ele>146.727005</ele>
  <time>2010-07-31T07:52:56Z</time>
</trkpt>
<trkpt lat="53.745513903" lon="50.860931380">
  <ele>145.371994</ele>
  <time>2010-07-31T07:52:57Z</time>
</trkpt>
<trkpt lat="53.745708447" lon="50.861194571">
  <ele>144.229004</ele>
  <time>2010-07-31T07:52:58Z</time>
</trkpt>
<trkpt lat="53.745899219" lon="50.861453991">
  <ele>143.518005</ele>
  <time>2010-07-31T07:52:59Z</time>
</trkpt>
<trkpt lat="53.746093763" lon="50.861713411">
  <ele>142.904999</ele>
  <time>2010-07-31T07:53:00Z</time>
</trkpt>
<trkpt lat="53.746288307" lon="50.861968976">
  <ele>142.289993</ele>
  <time>2010-07-31T07:53:01Z</time>
</trkpt>
<trkpt lat="53.746478995" lon="50.862224540">
  <ele>141.992004</ele>
  <time>2010-07-31T07:53:02Z</time>
</trkpt>
<trkpt lat="53.746673623" lon="50.862483960">
  <ele>141.791000</ele>
  <time>2010-07-31T07:53:03Z</time>
</trkpt>
<trkpt lat="53.746864311" lon="50.862743380">
  <ele>141.763000</ele>
  <time>2010-07-31T07:53:04Z</time>
</trkpt>
<trkpt lat="53.747055084" lon="50.863002799">
  <ele>141.341995</ele>
  <time>2010-07-31T07:53:05Z</time>
</trkpt>
<trkpt lat="53.747245772" lon="50.863262136">
  <ele>140.992996</ele>
  <time>2010-07-31T07:53:06Z</time>
</trkpt>
<trkpt lat="53.747440316" lon="50.863521555">
  <ele>140.692001</ele>
  <time>2010-07-31T07:53:07Z</time>
</trkpt>
<trkpt lat="53.747634860" lon="50.863788603">
  <ele>139.830002</ele>
  <time>2010-07-31T07:53:08Z</time>
</trkpt>
<trkpt lat="53.747829404" lon="50.864048023">
  <ele>139.210007</ele>
  <time>2010-07-31T07:53:09Z</time>
</trkpt>
<trkpt lat="53.748023948" lon="50.864311215">
  <ele>138.615997</ele>
  <time>2010-07-31T07:53:10Z</time>
</trkpt>
<trkpt lat="53.748222347" lon="50.864570634">
  <ele>137.931000</ele>
  <time>2010-07-31T07:53:11Z</time>
</trkpt>
<trkpt lat="53.748424519" lon="50.864830054">
  <ele>137.160004</ele>
  <time>2010-07-31T07:53:12Z</time>
</trkpt>
<trkpt lat="53.748622919" lon="50.865097018">
  <ele>136.024994</ele>
  <time>2010-07-31T07:53:13Z</time>
</trkpt>
<trkpt lat="53.748821234" lon="50.865367921">
  <ele>134.845001</ele>
  <time>2010-07-31T07:53:14Z</time>
</trkpt>
<trkpt lat="53.749023406" lon="50.865642512">
  <ele>133.748993</ele>
  <time>2010-07-31T07:53:15Z</time>
</trkpt>
<trkpt lat="53.749225577" lon="50.865917187">
  <ele>132.837997</ele>
  <time>2010-07-31T07:53:16Z</time>
</trkpt>
<trkpt lat="53.749431605" lon="50.866191862">
  <ele>131.813004</ele>
  <time>2010-07-31T07:53:17Z</time>
</trkpt>
<trkpt lat="53.749637632" lon="50.866470309">
  <ele>130.404999</ele>
  <time>2010-07-31T07:53:18Z</time>
</trkpt>
<trkpt lat="53.749851203" lon="50.866748840">
  <ele>129.386993</ele>
  <time>2010-07-31T07:53:19Z</time>
</trkpt>
<trkpt lat="53.750064857" lon="50.867031058">
  <ele>128.442001</ele>
  <time>2010-07-31T07:53:20Z</time>
</trkpt>
<trkpt lat="53.750278512" lon="50.867313361">
  <ele>127.348000</ele>
  <time>2010-07-31T07:53:21Z</time>
</trkpt>
<trkpt lat="53.750488311" lon="50.867599519">
  <ele>126.661003</ele>
  <time>2010-07-31T07:53:22Z</time>
</trkpt>
<trkpt lat="53.750701882" lon="50.867889365">
  <ele>125.945000</ele>
  <time>2010-07-31T07:53:23Z</time>
</trkpt>
<trkpt lat="53.750911681" lon="50.868175523">
  <ele>125.584999</ele>
  <time>2010-07-31T07:53:24Z</time>
</trkpt>
<trkpt lat="53.751125336" lon="50.868461598">
  <ele>125.569000</ele>
  <time>2010-07-31T07:53:25Z</time>
</trkpt>
<trkpt lat="53.751338990" lon="50.868751528">
  <ele>125.805000</ele>
  <time>2010-07-31T07:53:26Z</time>
</trkpt>
<trkpt lat="53.751548789" lon="50.869037602">
  <ele>126.033997</ele>
  <time>2010-07-31T07:53:27Z</time>
</trkpt>
<trkpt lat="53.751758588" lon="50.869323760">
  <ele>126.400002</ele>
  <time>2010-07-31T07:53:28Z</time>
</trkpt>
<trkpt lat="53.751972159" lon="50.869609835">
  <ele>126.531998</ele>
  <time>2010-07-31T07:53:29Z</time>
</trkpt>
<trkpt lat="53.752182042" lon="50.869888281">
  <ele>126.935997</ele>
  <time>2010-07-31T07:53:30Z</time>
</trkpt>
<trkpt lat="53.752395613" lon="50.870170584">
  <ele>127.291000</ele>
  <time>2010-07-31T07:53:31Z</time>
</trkpt>
<trkpt lat="53.752605412" lon="50.870449031">
  <ele>127.335999</ele>
  <time>2010-07-31T07:53:32Z</time>
</trkpt>
<trkpt lat="53.752815211" lon="50.870731333">
  <ele>127.167000</ele>
  <time>2010-07-31T07:53:33Z</time>
</trkpt>
<trkpt lat="53.753025094" lon="50.871009864">
  <ele>126.899002</ele>
  <time>2010-07-31T07:53:34Z</time>
</trkpt>
<trkpt lat="53.753234893" lon="50.871284455">
  <ele>126.772003</ele>
  <time>2010-07-31T07:53:35Z</time>
</trkpt>
<trkpt lat="53.753448464" lon="50.871559130">
  <ele>126.579002</ele>
  <time>2010-07-31T07:53:36Z</time>
</trkpt>
<trkpt lat="53.753658263" lon="50.871841433">
  <ele>126.318001</ele>
  <time>2010-07-31T07:53:37Z</time>
</trkpt>
<trkpt lat="53.753864290" lon="50.872123735">
  <ele>125.774002</ele>
  <time>2010-07-31T07:53:38Z</time>
</trkpt>
<trkpt lat="53.754074089" lon="50.872406038">
  <ele>125.436996</ele>
  <time>2010-07-31T07:53:39Z</time>
</trkpt>
<trkpt lat="53.754287744" lon="50.872688256">
  <ele>124.711998</ele>
  <time>2010-07-31T07:53:40Z</time>
</trkpt>
<trkpt lat="53.754497543" lon="50.872974414">
  <ele>124.291000</ele>
  <time>2010-07-31T07:53:41Z</time>
</trkpt>
<trkpt lat="53.754707342" lon="50.873252861">
  <ele>124.036003</ele>
  <time>2010-07-31T07:53:42Z</time>
</trkpt>
<trkpt lat="53.754917141" lon="50.873535164">
  <ele>123.620003</ele>
  <time>2010-07-31T07:53:43Z</time>
</trkpt>
<trkpt lat="53.755123168" lon="50.873813611">
  <ele>123.372002</ele>
  <time>2010-07-31T07:53:44Z</time>
</trkpt>
<trkpt lat="53.755321484" lon="50.874092141">
  <ele>123.194000</ele>
  <time>2010-07-31T07:53:45Z</time>
</trkpt>
<trkpt lat="53.755519884" lon="50.874366732">
  <ele>122.873001</ele>
  <time>2010-07-31T07:53:46Z</time>
</trkpt>
<trkpt lat="53.755718200" lon="50.874630008">
  <ele>122.661003</ele>
  <time>2010-07-31T07:53:47Z</time>
</trkpt>
<trkpt lat="53.755912744" lon="50.874893200">
  <ele>122.272003</ele>
  <time>2010-07-31T07:53:48Z</time>
</trkpt>
<trkpt lat="53.756107371" lon="50.875156391">
  <ele>121.670998</ele>
  <time>2010-07-31T07:53:49Z</time>
</trkpt>
<trkpt lat="53.756301915" lon="50.875419583">
  <ele>121.484001</ele>
  <time>2010-07-31T07:53:50Z</time>
</trkpt>
<trkpt lat="53.756492604" lon="50.875679003">
  <ele>121.485001</ele>
  <time>2010-07-31T07:53:51Z</time>
</trkpt>
<trkpt lat="53.756687148" lon="50.875942195">
  <ele>121.189003</ele>
  <time>2010-07-31T07:53:52Z</time>
</trkpt>
<trkpt lat="53.756881692" lon="50.876201615">
  <ele>121.064003</ele>
  <time>2010-07-31T07:53:53Z</time>
</trkpt>
<trkpt lat="53.757076235" lon="50.876464806">
  <ele>120.911003</ele>
  <time>2010-07-31T07:53:54Z</time>
</trkpt>
<trkpt lat="53.757267008" lon="50.876724226">
  <ele>120.661003</ele>
  <time>2010-07-31T07:53:55Z</time>
</trkpt>
<trkpt lat="53.757461552" lon="50.876987418">
  <ele>120.269997</ele>
  <time>2010-07-31T07:53:56Z</time>
</trkpt>
<trkpt lat="53.757652324" lon="50.877250694">
  <ele>119.870003</ele>
  <time>2010-07-31T07:53:57Z</time>
</trkpt>
<trkpt lat="53.757846868" lon="50.877513885">
  <ele>119.441002</ele>
  <time>2010-07-31T07:53:58Z</time>
</trkpt>
<trkpt lat="53.758045183" lon="50.877780933">
  <ele>119.001999</ele>
  <time>2010-07-31T07:53:59Z</time>
</trkpt>
<trkpt lat="53.758239727" lon="50.878047980">
  <ele>118.717003</ele>
  <time>2010-07-31T07:54:00Z</time>
</trkpt>
<trkpt lat="53.758434271" lon="50.878314944">
  <ele>118.217003</ele>
  <time>2010-07-31T07:54:01Z</time>
</trkpt>
<trkpt lat="53.758628815" lon="50.878581991">
  <ele>117.737999</ele>
  <time>2010-07-31T07:54:02Z</time>
</trkpt>
<trkpt lat="53.758827215" lon="50.878849039">
  <ele>117.174004</ele>
  <time>2010-07-31T07:54:03Z</time>
</trkpt>
<trkpt lat="53.759021759" lon="50.879112231">
  <ele>116.541000</ele>
  <time>2010-07-31T07:54:04Z</time>
</trkpt>
<trkpt lat="53.759220159" lon="50.879379278">
  <ele>115.847000</ele>
  <time>2010-07-31T07:54:05Z</time>
</trkpt>
<trkpt lat="53.759414703" lon="50.879638698">
  <ele>114.829002</ele>
  <time>2010-07-31T07:54:06Z</time>
</trkpt>
<trkpt lat="53.759613018" lon="50.879905662">
  <ele>113.931999</ele>
  <time>2010-07-31T07:54:07Z</time>
</trkpt>
<trkpt lat="53.759811418" lon="50.880168937">
  <ele>113.101997</ele>
  <time>2010-07-31T07:54:08Z</time>
</trkpt>
<trkpt lat="53.760013590" lon="50.880439756">
  <ele>111.921997</ele>
  <time>2010-07-31T07:54:09Z</time>
</trkpt>
<trkpt lat="53.760211905" lon="50.880706804">
  <ele>110.919998</ele>
  <time>2010-07-31T07:54:10Z</time>
</trkpt>
<trkpt lat="53.760414161" lon="50.880973851">
  <ele>109.968002</ele>
  <time>2010-07-31T07:54:11Z</time>
</trkpt>
<trkpt lat="53.760616332" lon="50.881244671">
  <ele>109.169998</ele>
  <time>2010-07-31T07:54:12Z</time>
</trkpt>
<trkpt lat="53.760818504" lon="50.881519346">
  <ele>108.235001</ele>
  <time>2010-07-31T07:54:13Z</time>
</trkpt>
<trkpt lat="53.761028303" lon="50.881793937">
  <ele>107.276001</ele>
  <time>2010-07-31T07:54:14Z</time>
</trkpt>
<trkpt lat="53.761238102" lon="50.882072467">
  <ele>106.222000</ele>
  <time>2010-07-31T07:54:15Z</time>
</trkpt>
<trkpt lat="53.761447901" lon="50.882350914">
  <ele>104.939003</ele>
  <time>2010-07-31T07:54:16Z</time>
</trkpt>
<trkpt lat="53.761661556" lon="50.882633217">
  <ele>103.963997</ele>
  <time>2010-07-31T07:54:17Z</time>
</trkpt>
<trkpt lat="53.761875127" lon="50.882919291">
  <ele>102.971001</ele>
  <time>2010-07-31T07:54:18Z</time>
</trkpt>
<trkpt lat="53.762088781" lon="50.883205449">
  <ele>101.894997</ele>
  <time>2010-07-31T07:54:19Z</time>
</trkpt>
<trkpt lat="53.762306208" lon="50.883495295">
  <ele>101.235001</ele>
  <time>2010-07-31T07:54:20Z</time>
</trkpt>
<trkpt lat="53.762519863" lon="50.883785225">
  <ele>100.914001</ele>
  <time>2010-07-31T07:54:21Z</time>
</trkpt>
<trkpt lat="53.762741061" lon="50.884075155">
  <ele>100.995003</ele>
  <time>2010-07-31T07:54:22Z</time>
</trkpt>
<trkpt lat="53.762954716" lon="50.884365086">
  <ele>100.931999</ele>
  <time>2010-07-31T07:54:23Z</time>
</trkpt>
<trkpt lat="53.763172142" lon="50.884651160">
  <ele>101.233002</ele>
  <time>2010-07-31T07:54:24Z</time>
</trkpt>
<trkpt lat="53.763385797" lon="50.884941090">
  <ele>101.734001</ele>
  <time>2010-07-31T07:54:25Z</time>
</trkpt>
<trkpt lat="53.763595596" lon="50.885234792">
  <ele>102.591003</ele>
  <time>2010-07-31T07:54:26Z</time>
</trkpt>
<trkpt lat="53.763809167" lon="50.885517094">
  <ele>103.320999</ele>
  <time>2010-07-31T07:54:27Z</time>
</trkpt>
<trkpt lat="53.764019050" lon="50.885795625">
  <ele>104.214996</ele>
  <time>2010-07-31T07:54:28Z</time>
</trkpt>
<trkpt lat="53.764224993" lon="50.886070216">
  <ele>104.949997</ele>
  <time>2010-07-31T07:54:29Z</time>
</trkpt>
<trkpt lat="53.764427165" lon="50.886341119">
  <ele>106.234001</ele>
  <time>2010-07-31T07:54:30Z</time>
</trkpt>
<trkpt lat="53.764621709" lon="50.886600455">
  <ele>107.098999</ele>
  <time>2010-07-31T07:54:31Z</time>
</trkpt>
<trkpt lat="53.764820108" lon="50.886863731">
  <ele>107.822998</ele>
  <time>2010-07-31T07:54:32Z</time>
</trkpt>
<trkpt lat="53.765014652" lon="50.887126923">
  <ele>108.459999</ele>
  <time>2010-07-31T07:54:33Z</time>
</trkpt>
<trkpt lat="53.765209196" lon="50.887390114">
  <ele>108.723000</ele>
  <time>2010-07-31T07:54:34Z</time>
</trkpt>
<trkpt lat="53.765407596" lon="50.887649534">
  <ele>108.988998</ele>
  <time>2010-07-31T07:54:35Z</time>
</trkpt>
<trkpt lat="53.765602140" lon="50.887912726">
  <ele>109.079002</ele>
  <time>2010-07-31T07:54:36Z</time>
</trkpt>
<trkpt lat="53.765796684" lon="50.888179773">
  <ele>109.121002</ele>
  <time>2010-07-31T07:54:37Z</time>
</trkpt>
<trkpt lat="53.765995000" lon="50.888446821">
  <ele>109.206001</ele>
  <time>2010-07-31T07:54:38Z</time>
</trkpt>
<trkpt lat="53.766193399" lon="50.888713868">
  <ele>109.085999</ele>
  <time>2010-07-31T07:54:39Z</time>
</trkpt>
<trkpt lat="53.766395571" lon="50.888984688">
  <ele>109.151001</ele>
  <time>2010-07-31T07:54:40Z</time>
</trkpt>
<trkpt lat="53.766597742" lon="50.889251735">
  <ele>109.250000</ele>
  <time>2010-07-31T07:54:41Z</time>
</trkpt>
<trkpt lat="53.766799914" lon="50.889518699">
  <ele>109.402000</ele>
  <time>2010-07-31T07:54:42Z</time>
</trkpt>
<trkpt lat="53.767002085" lon="50.889793374">
  <ele>109.681000</ele>
  <time>2010-07-31T07:54:43Z</time>
</trkpt>
<trkpt lat="53.767204257" lon="50.890064277">
  <ele>109.778999</ele>
  <time>2010-07-31T07:54:44Z</time>
</trkpt>
<trkpt lat="53.767402656" lon="50.890327469">
  <ele>110.028999</ele>
  <time>2010-07-31T07:54:45Z</time>
</trkpt>
<trkpt lat="53.767600972" lon="50.890594516">
  <ele>110.219002</ele>
  <time>2010-07-31T07:54:46Z</time>
</trkpt>
<trkpt lat="53.767795600" lon="50.890853852">
  <ele>110.759003</ele>
  <time>2010-07-31T07:54:47Z</time>
</trkpt>
<trkpt lat="53.767986288" lon="50.891109500">
  <ele>110.842003</ele>
  <time>2010-07-31T07:54:48Z</time>
</trkpt>
<trkpt lat="53.768173205" lon="50.891361209">
  <ele>111.132004</ele>
  <time>2010-07-31T07:54:49Z</time>
</trkpt>
<trkpt lat="53.768352494" lon="50.891613001">
  <ele>111.161003</ele>
  <time>2010-07-31T07:54:50Z</time>
</trkpt>
<trkpt lat="53.768531783" lon="50.891857166">
  <ele>111.394997</ele>
  <time>2010-07-31T07:54:51Z</time>
</trkpt>
<trkpt lat="53.768714927" lon="50.892105103">
  <ele>111.578003</ele>
  <time>2010-07-31T07:54:52Z</time>
</trkpt>
<trkpt lat="53.768894216" lon="50.892345412">
  <ele>111.985001</ele>
  <time>2010-07-31T07:54:53Z</time>
</trkpt>
<trkpt lat="53.769073505" lon="50.892581949">
  <ele>112.176003</ele>
  <time>2010-07-31T07:54:54Z</time>
</trkpt>
<trkpt lat="53.769248938" lon="50.892818486">
  <ele>112.133003</ele>
  <time>2010-07-31T07:54:55Z</time>
</trkpt>
<trkpt lat="53.769424455" lon="50.893058795">
  <ele>112.196999</ele>
  <time>2010-07-31T07:54:56Z</time>
</trkpt>
<trkpt lat="53.769603744" lon="50.893299105">
  <ele>112.274002</ele>
  <time>2010-07-31T07:54:57Z</time>
</trkpt>
<trkpt lat="53.769783033" lon="50.893531786">
  <ele>112.202003</ele>
  <time>2010-07-31T07:54:58Z</time>
</trkpt>
<trkpt lat="53.769962322" lon="50.893768324">
  <ele>111.936996</ele>
  <time>2010-07-31T07:54:59Z</time>
</trkpt>
<trkpt lat="53.770141611" lon="50.894004861">
  <ele>111.742996</ele>
  <time>2010-07-31T07:55:00Z</time>
</trkpt>
<trkpt lat="53.770317044" lon="50.894237543">
  <ele>111.725998</ele>
  <time>2010-07-31T07:55:01Z</time>
</trkpt>
<trkpt lat="53.770492561" lon="50.894470224">
  <ele>111.612000</ele>
  <time>2010-07-31T07:55:02Z</time>
</trkpt>
<trkpt lat="53.770664223" lon="50.894706761">
  <ele>111.585999</ele>
  <time>2010-07-31T07:55:03Z</time>
</trkpt>
<trkpt lat="53.770832028" lon="50.894931816">
  <ele>111.714996</ele>
  <time>2010-07-31T07:55:04Z</time>
</trkpt>
<trkpt lat="53.770999918" lon="50.895156870">
  <ele>111.762001</ele>
  <time>2010-07-31T07:55:05Z</time>
</trkpt>
<trkpt lat="53.771163952" lon="50.895378152">
  <ele>111.953003</ele>
  <time>2010-07-31T07:55:06Z</time>
</trkpt>
<trkpt lat="53.771327985" lon="50.895591723">
  <ele>112.069000</ele>
  <time>2010-07-31T07:55:07Z</time>
</trkpt>
<trkpt lat="53.771488164" lon="50.895801522">
  <ele>112.415001</ele>
  <time>2010-07-31T07:55:08Z</time>
</trkpt>
<trkpt lat="53.771648426" lon="50.896015177">
  <ele>112.664001</ele>
  <time>2010-07-31T07:55:09Z</time>
</trkpt>
<trkpt lat="53.771800976" lon="50.896224976">
  <ele>113.218002</ele>
  <time>2010-07-31T07:55:10Z</time>
</trkpt>
<trkpt lat="53.771949755" lon="50.896434775">
  <ele>113.484001</ele>
  <time>2010-07-31T07:55:11Z</time>
</trkpt>
<trkpt lat="53.772094762" lon="50.896640802">
  <ele>113.982002</ele>
  <time>2010-07-31T07:55:12Z</time>
</trkpt>
<trkpt lat="53.772235829" lon="50.896846745">
  <ele>114.021004</ele>
  <time>2010-07-31T07:55:13Z</time>
</trkpt>
<trkpt lat="53.772373209" lon="50.897052772">
  <ele>114.208000</ele>
  <time>2010-07-31T07:55:14Z</time>
</trkpt>
<trkpt lat="53.772510504" lon="50.897258800">
  <ele>114.403000</ele>
  <time>2010-07-31T07:55:15Z</time>
</trkpt>
<trkpt lat="53.772647884" lon="50.897468599">
  <ele>114.695999</ele>
  <time>2010-07-31T07:55:16Z</time>
</trkpt>
<trkpt lat="53.772785179" lon="50.897682169">
  <ele>114.767998</ele>
  <time>2010-07-31T07:55:17Z</time>
</trkpt>
<trkpt lat="53.772918703" lon="50.897895824">
  <ele>114.667000</ele>
  <time>2010-07-31T07:55:18Z</time>
</trkpt>
<trkpt lat="53.773048371" lon="50.898113251">
  <ele>114.739998</ele>
  <time>2010-07-31T07:55:19Z</time>
</trkpt>
<trkpt lat="53.773181895" lon="50.898334533">
  <ele>114.945999</ele>
  <time>2010-07-31T07:55:20Z</time>
</trkpt>
<trkpt lat="53.773311647" lon="50.898563359">
  <ele>114.973999</ele>
  <time>2010-07-31T07:55:21Z</time>
</trkpt>
<trkpt lat="53.773441315" lon="50.898788413">
  <ele>115.098000</ele>
  <time>2010-07-31T07:55:22Z</time>
</trkpt>
<trkpt lat="53.773570983" lon="50.899021178">
  <ele>115.084999</ele>
  <time>2010-07-31T07:55:23Z</time>
</trkpt>
<trkpt lat="53.773696879" lon="50.899257632">
  <ele>115.193001</ele>
  <time>2010-07-31T07:55:24Z</time>
</trkpt>
<trkpt lat="53.773822775" lon="50.899490397">
  <ele>115.200996</ele>
  <time>2010-07-31T07:55:25Z</time>
</trkpt>
<trkpt lat="53.773948671" lon="50.899730707">
  <ele>115.293999</ele>
  <time>2010-07-31T07:55:26Z</time>
</trkpt>
<trkpt lat="53.774070712" lon="50.899971016">
  <ele>115.225998</ele>
  <time>2010-07-31T07:55:27Z</time>
</trkpt>
<trkpt lat="53.774192836" lon="50.900215181">
  <ele>115.253998</ele>
  <time>2010-07-31T07:55:28Z</time>
</trkpt>
<trkpt lat="53.774314877" lon="50.900466889">
  <ele>115.171997</ele>
  <time>2010-07-31T07:55:29Z</time>
</trkpt>
<trkpt lat="53.774436917" lon="50.900722537">
  <ele>114.803001</ele>
  <time>2010-07-31T07:55:30Z</time>
</trkpt>
<trkpt lat="53.774562813" lon="50.900985729">
  <ele>114.374001</ele>
  <time>2010-07-31T07:55:31Z</time>
</trkpt>
<trkpt lat="53.774688710" lon="50.901256548">
  <ele>114.155998</ele>
  <time>2010-07-31T07:55:32Z</time>
</trkpt>
<trkpt lat="53.774814606" lon="50.901534995">
  <ele>113.996002</ele>
  <time>2010-07-31T07:55:33Z</time>
</trkpt>
<trkpt lat="53.774940502" lon="50.901813526">
  <ele>113.760002</ele>
  <time>2010-07-31T07:55:34Z</time>
</trkpt>
<trkpt lat="53.775066398" lon="50.902091973">
  <ele>113.464996</ele>
  <time>2010-07-31T07:55:35Z</time>
</trkpt>
<trkpt lat="53.775188439" lon="50.902378047">
  <ele>113.304001</ele>
  <time>2010-07-31T07:55:36Z</time>
</trkpt>
<trkpt lat="53.775306707" lon="50.902664205">
  <ele>113.096001</ele>
  <time>2010-07-31T07:55:37Z</time>
</trkpt>
<trkpt lat="53.775424976" lon="50.902950279">
  <ele>112.839996</ele>
  <time>2010-07-31T07:55:38Z</time>
</trkpt>
<trkpt lat="53.775539389" lon="50.903243981">
  <ele>112.565002</ele>
  <time>2010-07-31T07:55:39Z</time>
</trkpt>
<trkpt lat="53.775650030" lon="50.903541539">
  <ele>112.328003</ele>
  <time>2010-07-31T07:55:40Z</time>
</trkpt>
<trkpt lat="53.775760671" lon="50.903839096">
  <ele>112.094002</ele>
  <time>2010-07-31T07:55:41Z</time>
</trkpt>
<trkpt lat="53.775867457" lon="50.904140510">
  <ele>111.702003</ele>
  <time>2010-07-31T07:55:42Z</time>
</trkpt>
<trkpt lat="53.775974242" lon="50.904449467">
  <ele>111.581001</ele>
  <time>2010-07-31T07:55:43Z</time>
</trkpt>
<trkpt lat="53.776077256" lon="50.904754652">
  <ele>111.463997</ele>
  <time>2010-07-31T07:55:44Z</time>
</trkpt>
<trkpt lat="53.776176414" lon="50.905059837">
  <ele>111.282997</ele>
  <time>2010-07-31T07:55:45Z</time>
</trkpt>
<trkpt lat="53.776275655" lon="50.905361166">
  <ele>111.280998</ele>
  <time>2010-07-31T07:55:46Z</time>
</trkpt>
<trkpt lat="53.776374813" lon="50.905662496">
  <ele>111.375999</ele>
  <time>2010-07-31T07:55:47Z</time>
</trkpt>
<trkpt lat="53.776470199" lon="50.905960053">
  <ele>111.218002</ele>
  <time>2010-07-31T07:55:48Z</time>
</trkpt>
<trkpt lat="53.776561730" lon="50.906253839">
  <ele>110.987000</ele>
  <time>2010-07-31T07:55:49Z</time>
</trkpt>
<trkpt lat="53.776653260" lon="50.906547541">
  <ele>110.916000</ele>
  <time>2010-07-31T07:55:50Z</time>
</trkpt>
<trkpt lat="53.776748646" lon="50.906837471">
  <ele>110.938004</ele>
  <time>2010-07-31T07:55:51Z</time>
</trkpt>
<trkpt lat="53.776840176" lon="50.907131173">
  <ele>111.021004</ele>
  <time>2010-07-31T07:55:52Z</time>
</trkpt>
<trkpt lat="53.776931791" lon="50.907424958">
  <ele>111.098999</ele>
  <time>2010-07-31T07:55:53Z</time>
</trkpt>
<trkpt lat="53.777023321" lon="50.907726288">
  <ele>111.413002</ele>
  <time>2010-07-31T07:55:54Z</time>
</trkpt>
<trkpt lat="53.777114851" lon="50.908027617">
  <ele>111.748001</ele>
  <time>2010-07-31T07:55:55Z</time>
</trkpt>
<trkpt lat="53.777210237" lon="50.908336658">
  <ele>112.109001</ele>
  <time>2010-07-31T07:55:56Z</time>
</trkpt>
<trkpt lat="53.777305624" lon="50.908645615">
  <ele>112.199997</ele>
  <time>2010-07-31T07:55:57Z</time>
</trkpt>
<trkpt lat="53.777401010" lon="50.908958428">
  <ele>112.328003</ele>
  <time>2010-07-31T07:55:58Z</time>
</trkpt>
<trkpt lat="53.777500167" lon="50.909267385">
  <ele>112.529999</ele>
  <time>2010-07-31T07:55:59Z</time>
</trkpt>
<trkpt lat="53.777591698" lon="50.909572570">
  <ele>112.714996</ele>
  <time>2010-07-31T07:56:00Z</time>
</trkpt>
<trkpt lat="53.777687084" lon="50.909877755">
  <ele>112.847000</ele>
  <time>2010-07-31T07:56:01Z</time>
</trkpt>
<trkpt lat="53.777782470" lon="50.910186796">
  <ele>113.002998</ele>
  <time>2010-07-31T07:56:02Z</time>
</trkpt>
<trkpt lat="53.777877772" lon="50.910499608">
  <ele>113.158997</ele>
  <time>2010-07-31T07:56:03Z</time>
</trkpt>
<trkpt lat="53.777977014" lon="50.910812337">
  <ele>113.431999</ele>
  <time>2010-07-31T07:56:04Z</time>
</trkpt>
<trkpt lat="53.778076172" lon="50.911125150">
  <ele>113.541000</ele>
  <time>2010-07-31T07:56:05Z</time>
</trkpt>
<trkpt lat="53.778175330" lon="50.911445590">
  <ele>113.644997</ele>
  <time>2010-07-31T07:56:06Z</time>
</trkpt>
<trkpt lat="53.778274572" lon="50.911762258">
  <ele>113.829002</ele>
  <time>2010-07-31T07:56:07Z</time>
</trkpt>
<trkpt lat="53.778373729" lon="50.912075071">
  <ele>114.037003</ele>
  <time>2010-07-31T07:56:08Z</time>
</trkpt>
<trkpt lat="53.778469115" lon="50.912372628">
  <ele>114.122002</ele>
  <time>2010-07-31T07:56:09Z</time>
</trkpt>
<trkpt lat="53.778560646" lon="50.912654847">
  <ele>114.200996</ele>
  <time>2010-07-31T07:56:10Z</time>
</trkpt>
<trkpt lat="53.778652176" lon="50.912937149">
  <ele>114.132004</ele>
  <time>2010-07-31T07:56:11Z</time>
</trkpt>
<trkpt lat="53.778739935" lon="50.913219452">
  <ele>114.320999</ele>
  <time>2010-07-31T07:56:12Z</time>
</trkpt>
<trkpt lat="53.778831465" lon="50.913501754">
  <ele>114.552002</ele>
  <time>2010-07-31T07:56:13Z</time>
</trkpt>
<trkpt lat="53.778922996" lon="50.913787829">
  <ele>114.921997</ele>
  <time>2010-07-31T07:56:14Z</time>
</trkpt>
<trkpt lat="53.779014610" lon="50.914077759">
  <ele>114.984001</ele>
  <time>2010-07-31T07:56:15Z</time>
</trkpt>
<trkpt lat="53.779109996" lon="50.914367689">
  <ele>115.094002</ele>
  <time>2010-07-31T07:56:16Z</time>
</trkpt>
<trkpt lat="53.779197671" lon="50.914661391">
  <ele>114.933998</ele>
  <time>2010-07-31T07:56:17Z</time>
</trkpt>
<trkpt lat="53.779289285" lon="50.914958948">
  <ele>115.089996</ele>
  <time>2010-07-31T07:56:18Z</time>
</trkpt>
<trkpt lat="53.779380815" lon="50.915256506">
  <ele>115.112999</ele>
  <time>2010-07-31T07:56:19Z</time>
</trkpt>
<trkpt lat="53.779472345" lon="50.915557835">
  <ele>115.398003</ele>
  <time>2010-07-31T07:56:20Z</time>
</trkpt>
<trkpt lat="53.779567732" lon="50.915859248">
  <ele>115.153999</ele>
  <time>2010-07-31T07:56:21Z</time>
</trkpt>
<trkpt lat="53.779663118" lon="50.916160578">
  <ele>114.996002</ele>
  <time>2010-07-31T07:56:22Z</time>
</trkpt>
<trkpt lat="53.779758420" lon="50.916469535">
  <ele>114.855003</ele>
  <time>2010-07-31T07:56:23Z</time>
</trkpt>
<trkpt lat="53.779853806" lon="50.916778576">
  <ele>114.725998</ele>
  <time>2010-07-31T07:56:24Z</time>
</trkpt>
<trkpt lat="53.779952964" lon="50.917095160">
  <ele>114.746002</ele>
  <time>2010-07-31T07:56:25Z</time>
</trkpt>
<trkpt lat="53.780052206" lon="50.917411828">
  <ele>114.412003</ele>
  <time>2010-07-31T07:56:26Z</time>
</trkpt>
<trkpt lat="53.780155219" lon="50.917739896">
  <ele>114.012001</ele>
  <time>2010-07-31T07:56:27Z</time>
</trkpt>
<trkpt lat="53.780258149" lon="50.918071736">
  <ele>113.503998</ele>
  <time>2010-07-31T07:56:28Z</time>
</trkpt>
<trkpt lat="53.780365018" lon="50.918411287">
  <ele>112.938004</ele>
  <time>2010-07-31T07:56:29Z</time>
</trkpt>
<trkpt lat="53.780471804" lon="50.918754609">
  <ele>112.571999</ele>
  <time>2010-07-31T07:56:30Z</time>
</trkpt>
<trkpt lat="53.780578589" lon="50.919101704">
  <ele>112.013000</ele>
  <time>2010-07-31T07:56:31Z</time>
</trkpt>
<trkpt lat="53.780685458" lon="50.919448882">
  <ele>111.597000</ele>
  <time>2010-07-31T07:56:32Z</time>
</trkpt>
<trkpt lat="53.780796016" lon="50.919799833">
  <ele>111.406998</ele>
  <time>2010-07-31T07:56:33Z</time>
</trkpt>
<trkpt lat="53.780906657" lon="50.920150783">
  <ele>111.012001</ele>
  <time>2010-07-31T07:56:34Z</time>
</trkpt>
<trkpt lat="53.781013526" lon="50.920505505">
  <ele>110.458000</ele>
  <time>2010-07-31T07:56:35Z</time>
</trkpt>
<trkpt lat="53.781124083" lon="50.920860311">
  <ele>109.823997</ele>
  <time>2010-07-31T07:56:36Z</time>
</trkpt>
<trkpt lat="53.781238580" lon="50.921215033">
  <ele>109.000000</ele>
  <time>2010-07-31T07:56:37Z</time>
</trkpt>
<trkpt lat="53.781352993" lon="50.921569839">
  <ele>108.397003</ele>
  <time>2010-07-31T07:56:38Z</time>
</trkpt>
<trkpt lat="53.781467406" lon="50.921924561">
  <ele>107.419998</ele>
  <time>2010-07-31T07:56:39Z</time>
</trkpt>
<trkpt lat="53.781578047" lon="50.922283139">
  <ele>106.724998</ele>
  <time>2010-07-31T07:56:40Z</time>
</trkpt>
<trkpt lat="53.781688688" lon="50.922641717">
  <ele>106.007004</ele>
  <time>2010-07-31T07:56:41Z</time>
</trkpt>
<trkpt lat="53.781799329" lon="50.923000295">
  <ele>105.218002</ele>
  <time>2010-07-31T07:56:42Z</time>
</trkpt>
<trkpt lat="53.781909971" lon="50.923362728">
  <ele>104.466003</ele>
  <time>2010-07-31T07:56:43Z</time>
</trkpt>
<trkpt lat="53.782024384" lon="50.923725162">
  <ele>103.541000</ele>
  <time>2010-07-31T07:56:44Z</time>
</trkpt>
<trkpt lat="53.782135025" lon="50.924083740">
  <ele>102.612000</ele>
  <time>2010-07-31T07:56:45Z</time>
</trkpt>
<trkpt lat="53.782245666" lon="50.924446089">
  <ele>101.877998</ele>
  <time>2010-07-31T07:56:46Z</time>
</trkpt>
<trkpt lat="53.782360079" lon="50.924800895">
  <ele>101.212997</ele>
  <time>2010-07-31T07:56:47Z</time>
</trkpt>
<trkpt lat="53.782470720" lon="50.925159473">
  <ele>100.301003</ele>
  <time>2010-07-31T07:56:48Z</time>
</trkpt>
<trkpt lat="53.782581361" lon="50.925514195">
  <ele>99.435997</ele>
  <time>2010-07-31T07:56:49Z</time>
</trkpt>
<trkpt lat="53.782688146" lon="50.925869001">
  <ele>98.598999</ele>
  <time>2010-07-31T07:56:50Z</time>
</trkpt>
<trkpt lat="53.782794932" lon="50.926219951">
  <ele>97.926003</ele>
  <time>2010-07-31T07:56:51Z</time>
</trkpt>
<trkpt lat="53.782905573" lon="50.926563274">
  <ele>96.939003</ele>
  <time>2010-07-31T07:56:52Z</time>
</trkpt>
<trkpt lat="53.783016214" lon="50.926906597">
  <ele>96.167999</ele>
  <time>2010-07-31T07:56:53Z</time>
</trkpt>
<trkpt lat="53.783126855" lon="50.927249920">
  <ele>95.182999</ele>
  <time>2010-07-31T07:56:54Z</time>
</trkpt>
<trkpt lat="53.783233641" lon="50.927597014">
  <ele>94.046997</ele>
  <time>2010-07-31T07:56:55Z</time>
</trkpt>
<trkpt lat="53.783340426" lon="50.927940337">
  <ele>93.019997</ele>
  <time>2010-07-31T07:56:56Z</time>
</trkpt>
<trkpt lat="53.783451067" lon="50.928279888">
  <ele>92.008003</ele>
  <time>2010-07-31T07:56:57Z</time>
</trkpt>
<trkpt lat="53.783557853" lon="50.928623211">
  <ele>91.103996</ele>
  <time>2010-07-31T07:56:58Z</time>
</trkpt>
<trkpt lat="53.783664722" lon="50.928962678">
  <ele>90.208000</ele>
  <time>2010-07-31T07:56:59Z</time>
</trkpt>
<trkpt lat="53.783771507" lon="50.929306000">
  <ele>89.186996</ele>
  <time>2010-07-31T07:57:00Z</time>
</trkpt>
<trkpt lat="53.783874521" lon="50.929645551">
  <ele>88.103996</ele>
  <time>2010-07-31T07:57:01Z</time>
</trkpt>
<trkpt lat="53.783981306" lon="50.929981247">
  <ele>87.071999</ele>
  <time>2010-07-31T07:57:02Z</time>
</trkpt>
<trkpt lat="53.784088176" lon="50.930316942">
  <ele>86.774002</ele>
  <time>2010-07-31T07:57:03Z</time>
</trkpt>
<trkpt lat="53.784194961" lon="50.930648781">
  <ele>86.404999</ele>
  <time>2010-07-31T07:57:04Z</time>
</trkpt>
<trkpt lat="53.784301747" lon="50.930988332">
  <ele>86.179001</ele>
  <time>2010-07-31T07:57:05Z</time>
</trkpt>
<trkpt lat="53.784404760" lon="50.931327799">
  <ele>86.106003</ele>
  <time>2010-07-31T07:57:06Z</time>
</trkpt>
<trkpt lat="53.784511546" lon="50.931671122">
  <ele>86.263000</ele>
  <time>2010-07-31T07:57:07Z</time>
</trkpt>
<trkpt lat="53.784614559" lon="50.932014445">
  <ele>86.414001</ele>
  <time>2010-07-31T07:57:08Z</time>
</trkpt>
<trkpt lat="53.784721345" lon="50.932353996">
  <ele>86.853996</ele>
  <time>2010-07-31T07:57:09Z</time>
</trkpt>
<trkpt lat="53.784828214" lon="50.932697318">
  <ele>87.234001</ele>
  <time>2010-07-31T07:57:10Z</time>
</trkpt>
<trkpt lat="53.784938771" lon="50.933036786">
  <ele>88.253998</ele>
  <time>2010-07-31T07:57:11Z</time>
</trkpt>
<trkpt lat="53.785049412" lon="50.933376336">
  <ele>89.267998</ele>
  <time>2010-07-31T07:57:12Z</time>
</trkpt>
<trkpt lat="53.785156282" lon="50.933715804">
  <ele>90.139000</ele>
  <time>2010-07-31T07:57:13Z</time>
</trkpt>
<trkpt lat="53.785263067" lon="50.934051499">
  <ele>91.014000</ele>
  <time>2010-07-31T07:57:14Z</time>
</trkpt>
<trkpt lat="53.785369853" lon="50.934383422">
  <ele>91.913002</ele>
  <time>2010-07-31T07:57:15Z</time>
</trkpt>
<trkpt lat="53.785476722" lon="50.934719117">
  <ele>92.917000</ele>
  <time>2010-07-31T07:57:16Z</time>
</trkpt>
<trkpt lat="53.785583507" lon="50.935058584">
  <ele>93.640999</ele>
  <time>2010-07-31T07:57:17Z</time>
</trkpt>
<trkpt lat="53.785686521" lon="50.935394280">
  <ele>94.317001</ele>
  <time>2010-07-31T07:57:18Z</time>
</trkpt>
<trkpt lat="53.785793306" lon="50.935729975">
  <ele>95.216003</ele>
  <time>2010-07-31T07:57:19Z</time>
</trkpt>
<trkpt lat="53.785896320" lon="50.936065670">
  <ele>95.980003</ele>
  <time>2010-07-31T07:57:20Z</time>
</trkpt>
<trkpt lat="53.786003105" lon="50.936405221">
  <ele>96.699997</ele>
  <time>2010-07-31T07:57:21Z</time>
</trkpt>
<trkpt lat="53.786106119" lon="50.936748544">
  <ele>97.503998</ele>
  <time>2010-07-31T07:57:22Z</time>
</trkpt>
<trkpt lat="53.786216760" lon="50.937088011">
  <ele>98.269997</ele>
  <time>2010-07-31T07:57:23Z</time>
</trkpt>
<trkpt lat="53.786323546" lon="50.937427562">
  <ele>99.140999</ele>
  <time>2010-07-31T07:57:24Z</time>
</trkpt>
<trkpt lat="53.786430331" lon="50.937770884">
  <ele>99.795998</ele>
  <time>2010-07-31T07:57:25Z</time>
</trkpt>
<trkpt lat="53.786537200" lon="50.938114207">
  <ele>100.405998</ele>
  <time>2010-07-31T07:57:26Z</time>
</trkpt>
<trkpt lat="53.786647758" lon="50.938453674">
  <ele>101.106003</ele>
  <time>2010-07-31T07:57:27Z</time>
</trkpt>
<trkpt lat="53.786754627" lon="50.938789370">
  <ele>101.766998</ele>
  <time>2010-07-31T07:57:28Z</time>
</trkpt>
<trkpt lat="53.786857640" lon="50.939125065">
  <ele>102.224998</ele>
  <time>2010-07-31T07:57:29Z</time>
</trkpt>
<trkpt lat="53.786960570" lon="50.939456904">
  <ele>102.714996</ele>
  <time>2010-07-31T07:57:30Z</time>
</trkpt>
<trkpt lat="53.787063584" lon="50.939792600">
  <ele>103.293999</ele>
  <time>2010-07-31T07:57:31Z</time>
</trkpt>
<trkpt lat="53.787162742" lon="50.940116895">
  <ele>104.027000</ele>
  <time>2010-07-31T07:57:32Z</time>
</trkpt>
<trkpt lat="53.787258128" lon="50.940433480">
  <ele>104.544998</ele>
  <time>2010-07-31T07:57:33Z</time>
</trkpt>
<trkpt lat="53.787353514" lon="50.940734893">
  <ele>105.102997</ele>
  <time>2010-07-31T07:57:34Z</time>
</trkpt>
<trkpt lat="53.787445044" lon="50.941036223">
  <ele>105.799004</ele>
  <time>2010-07-31T07:57:35Z</time>
</trkpt>
<trkpt lat="53.787536658" lon="50.941329924">
  <ele>106.544998</ele>
  <time>2010-07-31T07:57:36Z</time>
</trkpt>
<trkpt lat="53.787628189" lon="50.941619854">
  <ele>107.129997</ele>
  <time>2010-07-31T07:57:37Z</time>
</trkpt>
<trkpt lat="53.787715947" lon="50.941902157">
  <ele>107.783997</ele>
  <time>2010-07-31T07:57:38Z</time>
</trkpt>
<trkpt lat="53.787803622" lon="50.942176832">
  <ele>108.310997</ele>
  <time>2010-07-31T07:57:39Z</time>
</trkpt>
<trkpt lat="53.787883753" lon="50.942443879">
  <ele>108.936996</ele>
  <time>2010-07-31T07:57:40Z</time>
</trkpt>
<trkpt lat="53.787963884" lon="50.942703215">
  <ele>109.316002</ele>
  <time>2010-07-31T07:57:41Z</time>
</trkpt>
<trkpt lat="53.788044015" lon="50.942958863">
  <ele>109.794998</ele>
  <time>2010-07-31T07:57:42Z</time>
</trkpt>
<trkpt lat="53.788127918" lon="50.943222055">
  <ele>110.388000</ele>
  <time>2010-07-31T07:57:43Z</time>
</trkpt>
<trkpt lat="53.788211821" lon="50.943485247">
  <ele>111.092003</ele>
  <time>2010-07-31T07:57:44Z</time>
</trkpt>
<trkpt lat="53.788291952" lon="50.943744667">
  <ele>111.527000</ele>
  <time>2010-07-31T07:57:45Z</time>
</trkpt>
<trkpt lat="53.788375854" lon="50.944004087">
  <ele>111.970001</ele>
  <time>2010-07-31T07:57:46Z</time>
</trkpt>
<trkpt lat="53.788455985" lon="50.944267279">
  <ele>112.389000</ele>
  <time>2010-07-31T07:57:47Z</time>
</trkpt>
<trkpt lat="53.788536033" lon="50.944530470">
  <ele>112.795998</ele>
  <time>2010-07-31T07:57:48Z</time>
</trkpt>
<trkpt lat="53.788620019" lon="50.944789890">
  <ele>113.232002</ele>
  <time>2010-07-31T07:57:49Z</time>
</trkpt>
<trkpt lat="53.788700067" lon="50.945041683">
  <ele>113.663002</ele>
  <time>2010-07-31T07:57:50Z</time>
</trkpt>
<trkpt lat="53.788780198" lon="50.945297247">
  <ele>113.991997</ele>
  <time>2010-07-31T07:57:51Z</time>
</trkpt>
<trkpt lat="53.788860328" lon="50.945549039">
  <ele>114.200996</ele>
  <time>2010-07-31T07:57:52Z</time>
</trkpt>
<trkpt lat="53.788940459" lon="50.945804603">
  <ele>114.089996</ele>
  <time>2010-07-31T07:57:53Z</time>
</trkpt>
<trkpt lat="53.789020507" lon="50.946060168">
  <ele>114.041000</ele>
  <time>2010-07-31T07:57:54Z</time>
</trkpt>
<trkpt lat="53.789100638" lon="50.946319588">
  <ele>114.080002</ele>
  <time>2010-07-31T07:57:55Z</time>
</trkpt>
<trkpt lat="53.789180769" lon="50.946579007">
  <ele>114.180000</ele>
  <time>2010-07-31T07:57:56Z</time>
</trkpt>
<trkpt lat="53.789264672" lon="50.946834572">
  <ele>114.241997</ele>
  <time>2010-07-31T07:57:57Z</time>
</trkpt>
<trkpt lat="53.789344802" lon="50.947093992">
  <ele>114.268997</ele>
  <time>2010-07-31T07:57:58Z</time>
</trkpt>
<trkpt lat="53.789424933" lon="50.947353328">
  <ele>114.494003</ele>
  <time>2010-07-31T07:57:59Z</time>
</trkpt>
<trkpt lat="53.789504981" lon="50.947605120">
  <ele>114.619003</ele>
  <time>2010-07-31T07:58:00Z</time>
</trkpt>
<trkpt lat="53.789585112" lon="50.947856912">
  <ele>114.723999</ele>
  <time>2010-07-31T07:58:01Z</time>
</trkpt>
<trkpt lat="53.789665243" lon="50.948116332">
  <ele>114.941002</ele>
  <time>2010-07-31T07:58:02Z</time>
</trkpt>
<trkpt lat="53.789745290" lon="50.948371897">
  <ele>115.152000</ele>
  <time>2010-07-31T07:58:03Z</time>
</trkpt>
<trkpt lat="53.789825421" lon="50.948635088">
  <ele>115.260002</ele>
  <time>2010-07-31T07:58:04Z</time>
</trkpt>
<trkpt lat="53.789909324" lon="50.948898280">
  <ele>115.366997</ele>
  <time>2010-07-31T07:58:05Z</time>
</trkpt>
<trkpt lat="53.789993310" lon="50.949157700">
  <ele>115.371002</ele>
  <time>2010-07-31T07:58:06Z</time>
</trkpt>
<trkpt lat="53.790073358" lon="50.949420892">
  <ele>115.249001</ele>
  <time>2010-07-31T07:58:07Z</time>
</trkpt>
<trkpt lat="53.790157344" lon="50.949680312">
  <ele>115.186996</ele>
  <time>2010-07-31T07:58:08Z</time>
</trkpt>
<trkpt lat="53.790237391" lon="50.949947359">
  <ele>115.232002</ele>
  <time>2010-07-31T07:58:09Z</time>
</trkpt>
<trkpt lat="53.790321378" lon="50.950210551">
  <ele>115.047997</ele>
  <time>2010-07-31T07:58:10Z</time>
</trkpt>
<trkpt lat="53.790405281" lon="50.950473826">
  <ele>114.700996</ele>
  <time>2010-07-31T07:58:11Z</time>
</trkpt>
<trkpt lat="53.790489184" lon="50.950740790">
  <ele>114.394997</ele>
  <time>2010-07-31T07:58:12Z</time>
</trkpt>
<trkpt lat="53.790576942" lon="50.951011693">
  <ele>114.082001</ele>
  <time>2010-07-31T07:58:13Z</time>
</trkpt>
<trkpt lat="53.790660845" lon="50.951278657">
  <ele>113.801003</ele>
  <time>2010-07-31T07:58:14Z</time>
</trkpt>
<trkpt lat="53.790740976" lon="50.951541932">
  <ele>113.825996</ele>
  <time>2010-07-31T07:58:15Z</time>
</trkpt>
<trkpt lat="53.790817251" lon="50.951789869">
  <ele>113.651001</ele>
  <time>2010-07-31T07:58:16Z</time>
</trkpt>
<trkpt lat="53.790893527" lon="50.952030178">
  <ele>113.425003</ele>
  <time>2010-07-31T07:58:17Z</time>
</trkpt>
<trkpt lat="53.790962258" lon="50.952255232">
  <ele>112.985001</ele>
  <time>2010-07-31T07:58:18Z</time>
</trkpt>
<trkpt lat="53.791027050" lon="50.952461259">
  <ele>112.605003</ele>
  <time>2010-07-31T07:58:19Z</time>
</trkpt>
<trkpt lat="53.791084299" lon="50.952648176">
  <ele>112.193001</ele>
  <time>2010-07-31T07:58:20Z</time>
</trkpt>
<trkpt lat="53.791133920" lon="50.952812210">
  <ele>111.947998</ele>
  <time>2010-07-31T07:58:21Z</time>
</trkpt>
<trkpt lat="53.791183457" lon="50.952957133">
  <ele>111.433998</ele>
  <time>2010-07-31T07:58:22Z</time>
</trkpt>
<trkpt lat="53.791225450" lon="50.953086885">
  <ele>111.166000</ele>
  <time>2010-07-31T07:58:23Z</time>
</trkpt>
<trkpt lat="53.791263588" lon="50.953216553">
  <ele>111.022003</ele>
  <time>2010-07-31T07:58:24Z</time>
</trkpt>
<trkpt lat="53.791301725" lon="50.953350076">
  <ele>110.440002</ele>
  <time>2010-07-31T07:58:25Z</time>
</trkpt>
<trkpt lat="53.791347491" lon="50.953495000">
  <ele>110.068001</ele>
  <time>2010-07-31T07:58:26Z</time>
</trkpt>
<trkpt lat="53.791393256" lon="50.953647634">
  <ele>109.453003</ele>
  <time>2010-07-31T07:58:27Z</time>
</trkpt>
<trkpt lat="53.791446649" lon="50.953815440">
  <ele>108.992996</ele>
  <time>2010-07-31T07:58:28Z</time>
</trkpt>
<trkpt lat="53.791500125" lon="50.953983329">
  <ele>108.436996</ele>
  <time>2010-07-31T07:58:29Z</time>
</trkpt>
<trkpt lat="53.791549662" lon="50.954158762">
  <ele>108.059998</ele>
  <time>2010-07-31T07:58:30Z</time>
</trkpt>
<trkpt lat="53.791606911" lon="50.954338051">
  <ele>107.582001</ele>
  <time>2010-07-31T07:58:31Z</time>
</trkpt>
<trkpt lat="53.791660303" lon="50.954524968">
  <ele>107.163002</ele>
  <time>2010-07-31T07:58:32Z</time>
</trkpt>
<trkpt lat="53.791721324" lon="50.954719512">
  <ele>106.601997</ele>
  <time>2010-07-31T07:58:33Z</time>
</trkpt>
<trkpt lat="53.791786199" lon="50.954925539">
  <ele>106.139999</ele>
  <time>2010-07-31T07:58:34Z</time>
</trkpt>
<trkpt lat="53.791854847" lon="50.955142966">
  <ele>105.636002</ele>
  <time>2010-07-31T07:58:35Z</time>
</trkpt>
<trkpt lat="53.791923495" lon="50.955364248">
  <ele>105.185997</ele>
  <time>2010-07-31T07:58:36Z</time>
</trkpt>
<trkpt lat="53.791995998" lon="50.955593074">
  <ele>104.827003</ele>
  <time>2010-07-31T07:58:37Z</time>
</trkpt>
<trkpt lat="53.792068502" lon="50.955829611">
  <ele>104.058998</ele>
  <time>2010-07-31T07:58:38Z</time>
</trkpt>
<trkpt lat="53.792144777" lon="50.956073776">
  <ele>103.348000</ele>
  <time>2010-07-31T07:58:39Z</time>
</trkpt>
<trkpt lat="53.792224908" lon="50.956325568">
  <ele>102.699997</ele>
  <time>2010-07-31T07:58:40Z</time>
</trkpt>
<trkpt lat="53.792312583" lon="50.956588760">
  <ele>101.989998</ele>
  <time>2010-07-31T07:58:41Z</time>
</trkpt>
<trkpt lat="53.792396570" lon="50.956859579">
  <ele>101.297997</ele>
  <time>2010-07-31T07:58:42Z</time>
</trkpt>
<trkpt lat="53.792484244" lon="50.957141882">
  <ele>100.503998</ele>
  <time>2010-07-31T07:58:43Z</time>
</trkpt>
<trkpt lat="53.792572003" lon="50.957427956">
  <ele>99.497002</ele>
  <time>2010-07-31T07:58:44Z</time>
</trkpt>
<trkpt lat="53.792663533" lon="50.957717886">
  <ele>98.459999</ele>
  <time>2010-07-31T07:58:45Z</time>
</trkpt>
<trkpt lat="53.792758919" lon="50.958011588">
  <ele>97.352997</ele>
  <time>2010-07-31T07:58:46Z</time>
</trkpt>
<trkpt lat="53.792850534" lon="50.958316773">
  <ele>96.435997</ele>
  <time>2010-07-31T07:58:47Z</time>
</trkpt>
<trkpt lat="53.792945836" lon="50.958618186">
  <ele>95.504997</ele>
  <time>2010-07-31T07:58:48Z</time>
</trkpt>
<trkpt lat="53.793045077" lon="50.958927143">
  <ele>94.630997</ele>
  <time>2010-07-31T07:58:49Z</time>
</trkpt>
<trkpt lat="53.793140380" lon="50.959232328">
  <ele>93.569000</ele>
  <time>2010-07-31T07:58:50Z</time>
</trkpt>
<trkpt lat="53.793239621" lon="50.959545141">
  <ele>92.723000</ele>
  <time>2010-07-31T07:58:51Z</time>
</trkpt>
<trkpt lat="53.793338779" lon="50.959861726">
  <ele>92.024002</ele>
  <time>2010-07-31T07:58:52Z</time>
</trkpt>
<trkpt lat="53.793437937" lon="50.960178394">
  <ele>91.079002</ele>
  <time>2010-07-31T07:58:53Z</time>
</trkpt>
<trkpt lat="53.793537179" lon="50.960498834">
  <ele>90.151001</ele>
  <time>2010-07-31T07:58:54Z</time>
</trkpt>
<trkpt lat="53.793636337" lon="50.960815419">
  <ele>89.106003</ele>
  <time>2010-07-31T07:58:55Z</time>
</trkpt>
<trkpt lat="53.793731723" lon="50.961132087">
  <ele>88.222000</ele>
  <time>2010-07-31T07:58:56Z</time>
</trkpt>
<trkpt lat="53.793830881" lon="50.961448671">
  <ele>87.279999</ele>
  <time>2010-07-31T07:58:57Z</time>
</trkpt>
<trkpt lat="53.793930039" lon="50.961765256">
  <ele>86.323997</ele>
  <time>2010-07-31T07:58:58Z</time>
</trkpt>
<trkpt lat="53.794029197" lon="50.962085696">
  <ele>85.296997</ele>
  <time>2010-07-31T07:58:59Z</time>
</trkpt>
<trkpt lat="53.794128438" lon="50.962402364">
  <ele>84.305000</ele>
  <time>2010-07-31T07:59:00Z</time>
</trkpt>
<trkpt lat="53.794227596" lon="50.962715177">
  <ele>83.362000</ele>
  <time>2010-07-31T07:59:01Z</time>
</trkpt>
<trkpt lat="53.794322982" lon="50.963031761">
  <ele>82.179001</ele>
  <time>2010-07-31T07:59:02Z</time>
</trkpt>
<trkpt lat="53.794422140" lon="50.963348430">
  <ele>81.191002</ele>
  <time>2010-07-31T07:59:03Z</time>
</trkpt>
<trkpt lat="53.794517526" lon="50.963661158">
  <ele>80.216003</ele>
  <time>2010-07-31T07:59:04Z</time>
</trkpt>
<trkpt lat="53.794612912" lon="50.963966344">
  <ele>79.484001</ele>
  <time>2010-07-31T07:59:05Z</time>
</trkpt>
<trkpt lat="53.794704443" lon="50.964252502">
  <ele>78.650002</ele>
  <time>2010-07-31T07:59:06Z</time>
</trkpt>
<trkpt lat="53.794788346" lon="50.964527093">
  <ele>77.698997</ele>
  <time>2010-07-31T07:59:07Z</time>
</trkpt>
<trkpt lat="53.794872249" lon="50.964794140">
  <ele>76.844002</ele>
  <time>2010-07-31T07:59:08Z</time>
</trkpt>
<trkpt lat="53.794956235" lon="50.965057332">
  <ele>76.111000</ele>
  <time>2010-07-31T07:59:09Z</time>
</trkpt>
<trkpt lat="53.795040138" lon="50.965324380">
  <ele>75.155998</ele>
  <time>2010-07-31T07:59:10Z</time>
</trkpt>
<trkpt lat="53.795127897" lon="50.965602910">
  <ele>74.434998</ele>
  <time>2010-07-31T07:59:11Z</time>
</trkpt>
<trkpt lat="53.795211799" lon="50.965885129">
  <ele>73.537003</ele>
  <time>2010-07-31T07:59:12Z</time>
</trkpt>
<trkpt lat="53.795303330" lon="50.966178915">
  <ele>72.805000</ele>
  <time>2010-07-31T07:59:13Z</time>
</trkpt>
<trkpt lat="53.795394860" lon="50.966476472">
  <ele>71.999001</ele>
  <time>2010-07-31T07:59:14Z</time>
</trkpt>
<trkpt lat="53.795490246" lon="50.966777802">
  <ele>71.223999</ele>
  <time>2010-07-31T07:59:15Z</time>
</trkpt>
<trkpt lat="53.795585632" lon="50.967079131">
  <ele>70.335999</ele>
  <time>2010-07-31T07:59:16Z</time>
</trkpt>
<trkpt lat="53.795677163" lon="50.967380544">
  <ele>69.496002</ele>
  <time>2010-07-31T07:59:17Z</time>
</trkpt>
<trkpt lat="53.795772549" lon="50.967685729">
  <ele>68.580002</ele>
  <time>2010-07-31T07:59:18Z</time>
</trkpt>
<trkpt lat="53.795867935" lon="50.967990914">
  <ele>67.997002</ele>
  <time>2010-07-31T07:59:19Z</time>
</trkpt>
<trkpt lat="53.795963321" lon="50.968292244">
  <ele>67.293999</ele>
  <time>2010-07-31T07:59:20Z</time>
</trkpt>
<trkpt lat="53.796054851" lon="50.968597429">
  <ele>66.611000</ele>
  <time>2010-07-31T07:59:21Z</time>
</trkpt>
<trkpt lat="53.796150237" lon="50.968902614">
  <ele>65.945000</ele>
  <time>2010-07-31T07:59:22Z</time>
</trkpt>
<trkpt lat="53.796241768" lon="50.969207799">
  <ele>65.338997</ele>
  <time>2010-07-31T07:59:23Z</time>
</trkpt>
<trkpt lat="53.796333298" lon="50.969512900">
  <ele>64.608002</ele>
  <time>2010-07-31T07:59:24Z</time>
</trkpt>
<trkpt lat="53.796428684" lon="50.969821941">
  <ele>64.061996</ele>
  <time>2010-07-31T07:59:25Z</time>
</trkpt>
<trkpt lat="53.796524070" lon="50.970134754">
  <ele>63.644001</ele>
  <time>2010-07-31T07:59:26Z</time>
</trkpt>
<trkpt lat="53.796623228" lon="50.970443711">
  <ele>63.176998</ele>
  <time>2010-07-31T07:59:27Z</time>
</trkpt>
<trkpt lat="53.796718614" lon="50.970752751">
  <ele>62.861000</ele>
  <time>2010-07-31T07:59:28Z</time>
</trkpt>
<trkpt lat="53.796817772" lon="50.971057853">
  <ele>62.444000</ele>
  <time>2010-07-31T07:59:29Z</time>
</trkpt>
<trkpt lat="53.796913158" lon="50.971355410">
  <ele>61.952999</ele>
  <time>2010-07-31T07:59:30Z</time>
</trkpt>
<trkpt lat="53.797008544" lon="50.971652968">
  <ele>61.941002</ele>
  <time>2010-07-31T07:59:31Z</time>
</trkpt>
<trkpt lat="53.797100075" lon="50.971942898">
  <ele>61.936001</ele>
  <time>2010-07-31T07:59:32Z</time>
</trkpt>
<trkpt lat="53.797191605" lon="50.972232828">
  <ele>62.025002</ele>
  <time>2010-07-31T07:59:33Z</time>
</trkpt>
<trkpt lat="53.797283135" lon="50.972526530">
  <ele>62.287998</ele>
  <time>2010-07-31T07:59:34Z</time>
</trkpt>
<trkpt lat="53.797374750" lon="50.972812688">
  <ele>62.151001</ele>
  <time>2010-07-31T07:59:35Z</time>
</trkpt>
<trkpt lat="53.797462424" lon="50.973098762">
  <ele>62.060001</ele>
  <time>2010-07-31T07:59:36Z</time>
</trkpt>
<trkpt lat="53.797550183" lon="50.973384837">
  <ele>61.987000</ele>
  <time>2010-07-31T07:59:37Z</time>
</trkpt>
<trkpt lat="53.797637941" lon="50.973667139">
  <ele>62.145000</ele>
  <time>2010-07-31T07:59:38Z</time>
</trkpt>
<trkpt lat="53.797729472" lon="50.973953214">
  <ele>62.164001</ele>
  <time>2010-07-31T07:59:39Z</time>
</trkpt>
<trkpt lat="53.797817230" lon="50.974243144">
  <ele>62.212002</ele>
  <time>2010-07-31T07:59:40Z</time>
</trkpt>
<trkpt lat="53.797912616" lon="50.974533074">
  <ele>62.304001</ele>
  <time>2010-07-31T07:59:41Z</time>
</trkpt>
<trkpt lat="53.798004147" lon="50.974826775">
  <ele>62.384998</ele>
  <time>2010-07-31T07:59:42Z</time>
</trkpt>
<trkpt lat="53.798095677" lon="50.975120561">
  <ele>62.431999</ele>
  <time>2010-07-31T07:59:43Z</time>
</trkpt>
<trkpt lat="53.798187291" lon="50.975418119">
  <ele>62.453999</ele>
  <time>2010-07-31T07:59:44Z</time>
</trkpt>
<trkpt lat="53.798278822" lon="50.975711821">
  <ele>62.341999</ele>
  <time>2010-07-31T07:59:45Z</time>
</trkpt>
<trkpt lat="53.798374208" lon="50.976013150">
  <ele>62.098999</ele>
  <time>2010-07-31T07:59:46Z</time>
</trkpt>
<trkpt lat="53.798469510" lon="50.976314563">
  <ele>62.130001</ele>
  <time>2010-07-31T07:59:47Z</time>
</trkpt>
<trkpt lat="53.798561124" lon="50.976615893">
  <ele>61.915001</ele>
  <time>2010-07-31T07:59:48Z</time>
</trkpt>
<trkpt lat="53.798660282" lon="50.976921078">
  <ele>61.685001</ele>
  <time>2010-07-31T07:59:49Z</time>
</trkpt>
<trkpt lat="53.798755668" lon="50.977230035">
  <ele>61.504002</ele>
  <time>2010-07-31T07:59:50Z</time>
</trkpt>
<trkpt lat="53.798858682" lon="50.977542847">
  <ele>61.889999</ele>
  <time>2010-07-31T07:59:51Z</time>
</trkpt>
<trkpt lat="53.798957840" lon="50.977859516">
  <ele>62.062000</ele>
  <time>2010-07-31T07:59:52Z</time>
</trkpt>
<trkpt lat="53.799056998" lon="50.978179956">
  <ele>62.294998</ele>
  <time>2010-07-31T07:59:53Z</time>
</trkpt>
<trkpt lat="53.799156155" lon="50.978511795">
  <ele>62.612000</ele>
  <time>2010-07-31T07:59:54Z</time>
</trkpt>
<trkpt lat="53.799263025" lon="50.978839863">
  <ele>63.180000</ele>
  <time>2010-07-31T07:59:55Z</time>
</trkpt>
<trkpt lat="53.799366038" lon="50.979175558">
  <ele>63.651001</ele>
  <time>2010-07-31T07:59:56Z</time>
</trkpt>
<trkpt lat="53.799468968" lon="50.979518881">
  <ele>64.211998</ele>
  <time>2010-07-31T07:59:57Z</time>
</trkpt>
<trkpt lat="53.799575837" lon="50.979862204">
  <ele>64.767998</ele>
  <time>2010-07-31T07:59:58Z</time>
</trkpt>
<trkpt lat="53.799682623" lon="50.980205527">
  <ele>65.431999</ele>
  <time>2010-07-31T07:59:59Z</time>
</trkpt>
<trkpt lat="53.799793264" lon="50.980552705">
  <ele>65.714996</ele>
  <time>2010-07-31T08:00:00Z</time>
</trkpt>
<trkpt lat="53.799900049" lon="50.980903655">
  <ele>66.371002</ele>
  <time>2010-07-31T08:00:01Z</time>
</trkpt>
<trkpt lat="53.800010690" lon="50.981254606">
  <ele>66.925003</ele>
  <time>2010-07-31T08:00:02Z</time>
</trkpt>
<trkpt lat="53.800125103" lon="50.981601700">
  <ele>67.694000</ele>
  <time>2010-07-31T08:00:03Z</time>
</trkpt>
<trkpt lat="53.800235745" lon="50.981952650">
  <ele>68.299004</ele>
  <time>2010-07-31T08:00:04Z</time>
</trkpt>
<trkpt lat="53.800342530" lon="50.982303601">
  <ele>68.998001</ele>
  <time>2010-07-31T08:00:05Z</time>
</trkpt>
<trkpt lat="53.800453171" lon="50.982654551">
  <ele>69.592003</ele>
  <time>2010-07-31T08:00:06Z</time>
</trkpt>
<trkpt lat="53.800559957" lon="50.983001729">
  <ele>70.400002</ele>
  <time>2010-07-31T08:00:07Z</time>
</trkpt>
<trkpt lat="53.800670598" lon="50.983345052">
  <ele>71.262001</ele>
  <time>2010-07-31T08:00:08Z</time>
</trkpt>
<trkpt lat="53.800777467" lon="50.983696003">
  <ele>72.212997</ele>
  <time>2010-07-31T08:00:09Z</time>
</trkpt>
<trkpt lat="53.800888024" lon="50.984046953">
  <ele>73.051003</ele>
  <time>2010-07-31T08:00:10Z</time>
</trkpt>
<trkpt lat="53.800998665" lon="50.984397903">
  <ele>74.181999</ele>
  <time>2010-07-31T08:00:11Z</time>
</trkpt>
<trkpt lat="53.801109307" lon="50.984748853">
  <ele>75.100998</ele>
  <time>2010-07-31T08:00:12Z</time>
</trkpt>
<trkpt lat="53.801219948" lon="50.985103576">
  <ele>75.970001</ele>
  <time>2010-07-31T08:00:13Z</time>
</trkpt>
<trkpt lat="53.801330589" lon="50.985462153">
  <ele>76.797997</ele>
  <time>2010-07-31T08:00:14Z</time>
</trkpt>
<trkpt lat="53.801445002" lon="50.985820731">
  <ele>77.742996</ele>
  <time>2010-07-31T08:00:15Z</time>
</trkpt>
<trkpt lat="53.801555643" lon="50.986179393">
  <ele>78.609001</ele>
  <time>2010-07-31T08:00:16Z</time>
</trkpt>
<trkpt lat="53.801666284" lon="50.986526487">
  <ele>79.266998</ele>
  <time>2010-07-31T08:00:17Z</time>
</trkpt>
<trkpt lat="53.801773069" lon="50.986869810">
  <ele>79.910004</ele>
  <time>2010-07-31T08:00:18Z</time>
</trkpt>
<trkpt lat="53.801879855" lon="50.987209361">
  <ele>80.714996</ele>
  <time>2010-07-31T08:00:19Z</time>
</trkpt>
<trkpt lat="53.801986724" lon="50.987544972">
  <ele>81.733002</ele>
  <time>2010-07-31T08:00:20Z</time>
</trkpt>
<trkpt lat="53.802089654" lon="50.987880668">
  <ele>82.491997</ele>
  <time>2010-07-31T08:00:21Z</time>
</trkpt>
<trkpt lat="53.802192667" lon="50.988208735">
  <ele>82.932999</ele>
  <time>2010-07-31T08:00:22Z</time>
</trkpt>
<trkpt lat="53.802295681" lon="50.988533031">
  <ele>83.656998</ele>
  <time>2010-07-31T08:00:23Z</time>
</trkpt>
<trkpt lat="53.802398695" lon="50.988857243">
  <ele>84.146004</ele>
  <time>2010-07-31T08:00:24Z</time>
</trkpt>
<trkpt lat="53.802501708" lon="50.989181539">
  <ele>84.952003</ele>
  <time>2010-07-31T08:00:25Z</time>
</trkpt>
<trkpt lat="53.802604638" lon="50.989501979">
  <ele>85.893997</ele>
  <time>2010-07-31T08:00:26Z</time>
</trkpt>
<trkpt lat="53.802703880" lon="50.989826191">
  <ele>86.483002</ele>
  <time>2010-07-31T08:00:27Z</time>
</trkpt>
<trkpt lat="53.802803038" lon="50.990150487">
  <ele>87.239998</ele>
  <time>2010-07-31T08:00:28Z</time>
</trkpt>
<trkpt lat="53.802902196" lon="50.990474699">
  <ele>88.114998</ele>
  <time>2010-07-31T08:00:29Z</time>
</trkpt>
<trkpt lat="53.803005209" lon="50.990798911">
  <ele>88.918999</ele>
  <time>2010-07-31T08:00:30Z</time>
</trkpt>
<trkpt lat="53.803104367" lon="50.991123207">
  <ele>89.726997</ele>
  <time>2010-07-31T08:00:31Z</time>
</trkpt>
<trkpt lat="53.803203609" lon="50.991443647">
  <ele>90.469002</ele>
  <time>2010-07-31T08:00:32Z</time>
</trkpt>
<trkpt lat="53.803302767" lon="50.991764087">
  <ele>90.986000</ele>
  <time>2010-07-31T08:00:33Z</time>
</trkpt>
<trkpt lat="53.803398153" lon="50.992088299">
  <ele>91.445000</ele>
  <time>2010-07-31T08:00:34Z</time>
</trkpt>
<trkpt lat="53.803501166" lon="50.992408739">
  <ele>91.810997</ele>
  <time>2010-07-31T08:00:35Z</time>
</trkpt>
<trkpt lat="53.803604096" lon="50.992733035">
  <ele>92.310997</ele>
  <time>2010-07-31T08:00:36Z</time>
</trkpt>
<trkpt lat="53.803707110" lon="50.993053475">
  <ele>92.805000</ele>
  <time>2010-07-31T08:00:37Z</time>
</trkpt>
<trkpt lat="53.803806268" lon="50.993370060">
  <ele>93.137001</ele>
  <time>2010-07-31T08:00:38Z</time>
</trkpt>
<trkpt lat="53.803901654" lon="50.993682873">
  <ele>93.349998</ele>
  <time>2010-07-31T08:00:39Z</time>
</trkpt>
<trkpt lat="53.804000895" lon="50.993988058">
  <ele>93.496002</ele>
  <time>2010-07-31T08:00:40Z</time>
</trkpt>
<trkpt lat="53.804092426" lon="50.994289387">
  <ele>93.769997</ele>
  <time>2010-07-31T08:00:41Z</time>
</trkpt>
<trkpt lat="53.804183956" lon="50.994586945">
  <ele>93.974998</ele>
  <time>2010-07-31T08:00:42Z</time>
</trkpt>
<trkpt lat="53.804279342" lon="50.994880646">
  <ele>93.885002</ele>
  <time>2010-07-31T08:00:43Z</time>
</trkpt>
<trkpt lat="53.804370873" lon="50.995174432">
  <ele>93.863998</ele>
  <time>2010-07-31T08:00:44Z</time>
</trkpt>
<trkpt lat="53.804466259" lon="50.995468134">
  <ele>93.885002</ele>
  <time>2010-07-31T08:00:45Z</time>
</trkpt>
<trkpt lat="53.804557789" lon="50.995765692">
  <ele>93.912003</ele>
  <time>2010-07-31T08:00:46Z</time>
</trkpt>
<trkpt lat="53.804645548" lon="50.996055622">
  <ele>93.752998</ele>
  <time>2010-07-31T08:00:47Z</time>
</trkpt>
<trkpt lat="53.804737078" lon="50.996341696">
  <ele>93.640999</ele>
  <time>2010-07-31T08:00:48Z</time>
</trkpt>
<trkpt lat="53.804824837" lon="50.996631626">
  <ele>93.739998</ele>
  <time>2010-07-31T08:00:49Z</time>
</trkpt>
<trkpt lat="53.804916367" lon="50.996910073">
  <ele>93.903999</ele>
  <time>2010-07-31T08:00:50Z</time>
</trkpt>
<trkpt lat="53.805004125" lon="50.997192375">
  <ele>93.853996</ele>
  <time>2010-07-31T08:00:51Z</time>
</trkpt>
<trkpt lat="53.805091884" lon="50.997478450">
  <ele>93.942001</ele>
  <time>2010-07-31T08:00:52Z</time>
</trkpt>
<trkpt lat="53.805179559" lon="50.997764608">
  <ele>93.903999</ele>
  <time>2010-07-31T08:00:53Z</time>
</trkpt>
<trkpt lat="53.805271173" lon="50.998054538">
  <ele>93.683998</ele>
  <time>2010-07-31T08:00:54Z</time>
</trkpt>
<trkpt lat="53.805362703" lon="50.998336757">
  <ele>93.579002</ele>
  <time>2010-07-31T08:00:55Z</time>
</trkpt>
<trkpt lat="53.805454234" lon="50.998622915">
  <ele>93.472000</ele>
  <time>2010-07-31T08:00:56Z</time>
</trkpt>
<trkpt lat="53.805545848" lon="50.998916617">
  <ele>93.393997</ele>
  <time>2010-07-31T08:00:57Z</time>
</trkpt>
<trkpt lat="53.805633523" lon="50.999202691">
  <ele>93.294998</ele>
  <time>2010-07-31T08:00:58Z</time>
</trkpt>
<trkpt lat="53.805725137" lon="50.999488849">
  <ele>92.969002</ele>
  <time>2010-07-31T08:00:59Z</time>
</trkpt>
<trkpt lat="53.805812811" lon="50.999771152">
  <ele>92.914001</ele>
  <time>2010-07-31T08:01:00Z</time>
</trkpt>
<trkpt lat="53.805900570" lon="51.000053370">
  <ele>92.851997</ele>
  <time>2010-07-31T08:01:01Z</time>
</trkpt>
<trkpt lat="53.805988329" lon="51.000331901">
  <ele>92.539001</ele>
  <time>2010-07-31T08:01:02Z</time>
</trkpt>
<trkpt lat="53.806072231" lon="51.000606576">
  <ele>92.374001</ele>
  <time>2010-07-31T08:01:03Z</time>
</trkpt>
<trkpt lat="53.806156134" lon="51.000877395">
  <ele>92.100998</ele>
  <time>2010-07-31T08:01:04Z</time>
</trkpt>
<trkpt lat="53.806240121" lon="51.001148215">
  <ele>91.824997</ele>
  <time>2010-07-31T08:01:05Z</time>
</trkpt>
<trkpt lat="53.806331651" lon="51.001426661">
  <ele>91.527000</ele>
  <time>2010-07-31T08:01:06Z</time>
</trkpt>
<trkpt lat="53.806415554" lon="51.001708964">
  <ele>91.260002</ele>
  <time>2010-07-31T08:01:07Z</time>
</trkpt>
<trkpt lat="53.806503313" lon="51.001995122">
  <ele>90.943001</ele>
  <time>2010-07-31T08:01:08Z</time>
</trkpt>
<trkpt lat="53.806591071" lon="51.002277341">
  <ele>90.559998</ele>
  <time>2010-07-31T08:01:09Z</time>
</trkpt>
<trkpt lat="53.806682602" lon="51.002567271">
  <ele>90.053001</ele>
  <time>2010-07-31T08:01:10Z</time>
</trkpt>
<trkpt lat="53.806774132" lon="51.002864828">
  <ele>89.492996</ele>
  <time>2010-07-31T08:01:11Z</time>
</trkpt>
<trkpt lat="53.806869518" lon="51.003170013">
  <ele>88.967003</ele>
  <time>2010-07-31T08:01:12Z</time>
</trkpt>
<trkpt lat="53.806964904" lon="51.003478970">
  <ele>88.442001</ele>
  <time>2010-07-31T08:01:13Z</time>
</trkpt>
<trkpt lat="53.807064062" lon="51.003791783">
  <ele>88.099998</ele>
  <time>2010-07-31T08:01:14Z</time>
</trkpt>
<trkpt lat="53.807163220" lon="51.004100824">
  <ele>87.919998</ele>
  <time>2010-07-31T08:01:15Z</time>
</trkpt>
<trkpt lat="53.807258606" lon="51.004409781">
  <ele>87.718002</ele>
  <time>2010-07-31T08:01:16Z</time>
</trkpt>
<trkpt lat="53.807353992" lon="51.004714966">
  <ele>87.514999</ele>
  <time>2010-07-31T08:01:17Z</time>
</trkpt>
<trkpt lat="53.807449378" lon="51.005020151">
  <ele>87.153000</ele>
  <time>2010-07-31T08:01:18Z</time>
</trkpt>
<trkpt lat="53.807537053" lon="51.005317708">
  <ele>86.833000</ele>
  <time>2010-07-31T08:01:19Z</time>
</trkpt>
<trkpt lat="53.807624811" lon="51.005611410">
  <ele>86.373001</ele>
  <time>2010-07-31T08:01:20Z</time>
</trkpt>
<trkpt lat="53.807716342" lon="51.005897485">
  <ele>85.917999</ele>
  <time>2010-07-31T08:01:21Z</time>
</trkpt>
<trkpt lat="53.807804100" lon="51.006176015">
  <ele>85.626999</ele>
  <time>2010-07-31T08:01:22Z</time>
</trkpt>
<trkpt lat="53.807891859" lon="51.006458318">
  <ele>85.252998</ele>
  <time>2010-07-31T08:01:23Z</time>
</trkpt>
<trkpt lat="53.807971990" lon="51.006725281">
  <ele>85.108002</ele>
  <time>2010-07-31T08:01:24Z</time>
</trkpt>
<trkpt lat="53.808052037" lon="51.006980930">
  <ele>84.874001</ele>
  <time>2010-07-31T08:01:25Z</time>
</trkpt>
<trkpt lat="53.808128396" lon="51.007236494">
  <ele>84.598999</ele>
  <time>2010-07-31T08:01:26Z</time>
</trkpt>
<trkpt lat="53.808208443" lon="51.007492058">
  <ele>84.355003</ele>
  <time>2010-07-31T08:01:27Z</time>
</trkpt>
<trkpt lat="53.808288574" lon="51.007751478">
  <ele>84.119003</ele>
  <time>2010-07-31T08:01:28Z</time>
</trkpt>
<trkpt lat="53.808372477" lon="51.008014670">
  <ele>83.771004</ele>
  <time>2010-07-31T08:01:29Z</time>
</trkpt>
<trkpt lat="53.808456380" lon="51.008277861">
  <ele>83.500000</ele>
  <time>2010-07-31T08:01:30Z</time>
</trkpt>
<trkpt lat="53.808540367" lon="51.008544909">
  <ele>83.269997</ele>
  <time>2010-07-31T08:01:31Z</time>
</trkpt>
<trkpt lat="53.808624269" lon="51.008815728">
  <ele>82.794998</ele>
  <time>2010-07-31T08:01:32Z</time>
</trkpt>
<trkpt lat="53.808708172" lon="51.009082776">
  <ele>82.503998</ele>
  <time>2010-07-31T08:01:33Z</time>
</trkpt>
<trkpt lat="53.808788303" lon="51.009345967">
  <ele>82.272003</ele>
  <time>2010-07-31T08:01:34Z</time>
</trkpt>
<trkpt lat="53.808868434" lon="51.009609243">
  <ele>82.241997</ele>
  <time>2010-07-31T08:01:35Z</time>
</trkpt>
<trkpt lat="53.808952337" lon="51.009868663">
  <ele>82.241997</ele>
  <time>2010-07-31T08:01:36Z</time>
</trkpt>
<trkpt lat="53.809032468" lon="51.010127999">
  <ele>82.239998</ele>
  <time>2010-07-31T08:01:37Z</time>
</trkpt>
<trkpt lat="53.809116371" lon="51.010387419">
  <ele>82.290001</ele>
  <time>2010-07-31T08:01:38Z</time>
</trkpt>
<trkpt lat="53.809196502" lon="51.010650611">
  <ele>82.230003</ele>
  <time>2010-07-31T08:01:39Z</time>
</trkpt>
<trkpt lat="53.809276549" lon="51.010910030">
  <ele>82.383003</ele>
  <time>2010-07-31T08:01:40Z</time>
</trkpt>
<trkpt lat="53.809352908" lon="51.011146568">
  <ele>82.445000</ele>
  <time>2010-07-31T08:01:41Z</time>
</trkpt>
<trkpt lat="53.809421556" lon="51.011363994">
  <ele>82.496002</ele>
  <time>2010-07-31T08:01:42Z</time>
</trkpt>
<trkpt lat="53.809490204" lon="51.011573793">
  <ele>82.336998</ele>
  <time>2010-07-31T08:01:43Z</time>
</trkpt>
<trkpt lat="53.809558852" lon="51.011787448">
  <ele>82.413002</ele>
  <time>2010-07-31T08:01:44Z</time>
</trkpt>
<trkpt lat="53.809631355" lon="51.012008647">
  <ele>82.306000</ele>
  <time>2010-07-31T08:01:45Z</time>
</trkpt>
<trkpt lat="53.809700003" lon="51.012237556">
  <ele>82.473999</ele>
  <time>2010-07-31T08:01:46Z</time>
</trkpt>
<trkpt lat="53.809776278" lon="51.012481721">
  <ele>82.640999</ele>
  <time>2010-07-31T08:01:47Z</time>
</trkpt>
<trkpt lat="53.809856409" lon="51.012737285">
  <ele>82.914001</ele>
  <time>2010-07-31T08:01:48Z</time>
</trkpt>
<trkpt lat="53.809940312" lon="51.013008105">
  <ele>83.319000</ele>
  <time>2010-07-31T08:01:49Z</time>
</trkpt>
<trkpt lat="53.810024299" lon="51.013282780">
  <ele>83.646004</ele>
  <time>2010-07-31T08:01:50Z</time>
</trkpt>
<trkpt lat="53.810111973" lon="51.013565082">
  <ele>84.259003</ele>
  <time>2010-07-31T08:01:51Z</time>
</trkpt>
<trkpt lat="53.810203588" lon="51.013855012">
  <ele>85.027000</ele>
  <time>2010-07-31T08:01:52Z</time>
</trkpt>
<trkpt lat="53.810291262" lon="51.014148714">
  <ele>85.855003</ele>
  <time>2010-07-31T08:01:53Z</time>
</trkpt>
<trkpt lat="53.810386648" lon="51.014450043">
  <ele>86.832001</ele>
  <time>2010-07-31T08:01:54Z</time>
</trkpt>
<trkpt lat="53.810482034" lon="51.014755229">
  <ele>87.753998</ele>
  <time>2010-07-31T08:01:55Z</time>
</trkpt>
<trkpt lat="53.810581192" lon="51.015068041">
  <ele>88.900002</ele>
  <time>2010-07-31T08:01:56Z</time>
</trkpt>
<trkpt lat="53.810680350" lon="51.015380854">
  <ele>90.094002</ele>
  <time>2010-07-31T08:01:57Z</time>
</trkpt>
<trkpt lat="53.810779592" lon="51.015693666">
  <ele>91.480003</ele>
  <time>2010-07-31T08:01:58Z</time>
</trkpt>
<trkpt lat="53.810874978" lon="51.015998852">
  <ele>92.559998</ele>
  <time>2010-07-31T08:01:59Z</time>
</trkpt>
<trkpt lat="53.810966508" lon="51.016296409">
  <ele>93.837997</ele>
  <time>2010-07-31T08:02:00Z</time>
</trkpt>
<trkpt lat="53.811061895" lon="51.016593967">
  <ele>94.908997</ele>
  <time>2010-07-31T08:02:01Z</time>
</trkpt>
<trkpt lat="53.811153425" lon="51.016883813">
  <ele>96.047997</ele>
  <time>2010-07-31T08:02:02Z</time>
</trkpt>
<trkpt lat="53.811244955" lon="51.017166115">
  <ele>97.036003</ele>
  <time>2010-07-31T08:02:03Z</time>
</trkpt>
<trkpt lat="53.811332714" lon="51.017448418">
  <ele>97.955002</ele>
  <time>2010-07-31T08:02:04Z</time>
</trkpt>
<trkpt lat="53.811420472" lon="51.017734492">
  <ele>98.932999</ele>
  <time>2010-07-31T08:02:05Z</time>
</trkpt>
<trkpt lat="53.811508147" lon="51.018016795">
  <ele>100.110001</ele>
  <time>2010-07-31T08:02:06Z</time>
</trkpt>
<trkpt lat="53.811595906" lon="51.018287698">
  <ele>101.205002</ele>
  <time>2010-07-31T08:02:07Z</time>
</trkpt>
<trkpt lat="53.811679808" lon="51.018554661">
  <ele>102.304001</ele>
  <time>2010-07-31T08:02:08Z</time>
</trkpt>
<trkpt lat="53.811759939" lon="51.018821709">
  <ele>103.418999</ele>
  <time>2010-07-31T08:02:09Z</time>
</trkpt>
<trkpt lat="53.811843842" lon="51.019077273">
  <ele>104.448997</ele>
  <time>2010-07-31T08:02:10Z</time>
</trkpt>
<trkpt lat="53.811923973" lon="51.019325294">
  <ele>105.399002</ele>
  <time>2010-07-31T08:02:11Z</time>
</trkpt>
<trkpt lat="53.811996477" lon="51.019554120">
  <ele>106.236000</ele>
  <time>2010-07-31T08:02:12Z</time>
</trkpt>
<trkpt lat="53.812065125" lon="51.019763919">
  <ele>107.101997</ele>
  <time>2010-07-31T08:02:13Z</time>
</trkpt>
<trkpt lat="53.812126145" lon="51.019962318">
  <ele>107.713997</ele>
  <time>2010-07-31T08:02:14Z</time>
</trkpt>
<trkpt lat="53.812183393" lon="51.020153007">
  <ele>108.478996</ele>
  <time>2010-07-31T08:02:15Z</time>
</trkpt>
<trkpt lat="53.812248269" lon="51.020347634">
  <ele>109.334999</ele>
  <time>2010-07-31T08:02:16Z</time>
</trkpt>
<trkpt lat="53.812309289" lon="51.020549806">
  <ele>110.017998</ele>
  <time>2010-07-31T08:02:17Z</time>
</trkpt>
<trkpt lat="53.812374081" lon="51.020748122">
  <ele>110.783997</ele>
  <time>2010-07-31T08:02:18Z</time>
</trkpt>
<trkpt lat="53.812435186" lon="51.020946521">
  <ele>111.486000</ele>
  <time>2010-07-31T08:02:19Z</time>
</trkpt>
<trkpt lat="53.812499978" lon="51.021141065">
  <ele>112.102997</ele>
  <time>2010-07-31T08:02:20Z</time>
</trkpt>
<trkpt lat="53.812560998" lon="51.021343237">
  <ele>112.847000</ele>
  <time>2010-07-31T08:02:21Z</time>
</trkpt>
<trkpt lat="53.812625874" lon="51.021549264">
  <ele>113.586998</ele>
  <time>2010-07-31T08:02:22Z</time>
</trkpt>
<trkpt lat="53.812690750" lon="51.021759063">
  <ele>114.470001</ele>
  <time>2010-07-31T08:02:23Z</time>
</trkpt>
<trkpt lat="53.812759398" lon="51.021976490">
  <ele>115.285004</ele>
  <time>2010-07-31T08:02:24Z</time>
</trkpt>
<trkpt lat="53.812831901" lon="51.022212943">
  <ele>116.222000</ele>
  <time>2010-07-31T08:02:25Z</time>
</trkpt>
<trkpt lat="53.812908176" lon="51.022460964">
  <ele>117.004997</ele>
  <time>2010-07-31T08:02:26Z</time>
</trkpt>
<trkpt lat="53.812988307" lon="51.022716528">
  <ele>117.842003</ele>
  <time>2010-07-31T08:02:27Z</time>
</trkpt>
<trkpt lat="53.813075982" lon="51.022991203">
  <ele>118.682999</ele>
  <time>2010-07-31T08:02:28Z</time>
</trkpt>
<trkpt lat="53.813167596" lon="51.023269650">
  <ele>119.613998</ele>
  <time>2010-07-31T08:02:29Z</time>
</trkpt>
<trkpt lat="53.813255271" lon="51.023559580">
  <ele>120.830002</ele>
  <time>2010-07-31T08:02:30Z</time>
</trkpt>
<trkpt lat="53.813346885" lon="51.023853282">
  <ele>122.216003</ele>
  <time>2010-07-31T08:02:31Z</time>
</trkpt>
<trkpt lat="53.813438416" lon="51.024150839">
  <ele>123.219002</ele>
  <time>2010-07-31T08:02:32Z</time>
</trkpt>
<trkpt lat="53.813533802" lon="51.024452168">
  <ele>124.384003</ele>
  <time>2010-07-31T08:02:33Z</time>
</trkpt>
<trkpt lat="53.813629188" lon="51.024761209">
  <ele>125.461998</ele>
  <time>2010-07-31T08:02:34Z</time>
</trkpt>
<trkpt lat="53.813724490" lon="51.025066394">
  <ele>126.585999</ele>
  <time>2010-07-31T08:02:35Z</time>
</trkpt>
<trkpt lat="53.813819876" lon="51.025363952">
  <ele>127.485001</ele>
  <time>2010-07-31T08:02:36Z</time>
</trkpt>
<trkpt lat="53.813915262" lon="51.025657654">
  <ele>128.742996</ele>
  <time>2010-07-31T08:02:37Z</time>
</trkpt>
<trkpt lat="53.814006792" lon="51.025947584">
  <ele>129.772003</ele>
  <time>2010-07-31T08:02:38Z</time>
</trkpt>
<trkpt lat="53.814098323" lon="51.026229886">
  <ele>130.798004</ele>
  <time>2010-07-31T08:02:39Z</time>
</trkpt>
<trkpt lat="53.814186081" lon="51.026519816">
  <ele>131.699997</ele>
  <time>2010-07-31T08:02:40Z</time>
</trkpt>
<trkpt lat="53.814273840" lon="51.026809663">
  <ele>132.634003</ele>
  <time>2010-07-31T08:02:41Z</time>
</trkpt>
<trkpt lat="53.814361598" lon="51.027095821">
  <ele>133.574997</ele>
  <time>2010-07-31T08:02:42Z</time>
</trkpt>
<trkpt lat="53.814449273" lon="51.027374268">
  <ele>134.490997</ele>
  <time>2010-07-31T08:02:43Z</time>
</trkpt>
<trkpt lat="53.814533260" lon="51.027648943">
  <ele>135.397995</ele>
  <time>2010-07-31T08:02:44Z</time>
</trkpt>
<trkpt lat="53.814613307" lon="51.027919762">
  <ele>136.466003</ele>
  <time>2010-07-31T08:02:45Z</time>
</trkpt>
<trkpt lat="53.814697294" lon="51.028186809">
  <ele>137.460007</ele>
  <time>2010-07-31T08:02:46Z</time>
</trkpt>
<trkpt lat="53.814781196" lon="51.028461484">
  <ele>138.389999</ele>
  <time>2010-07-31T08:02:47Z</time>
</trkpt>
<trkpt lat="53.814865099" lon="51.028736075">
  <ele>139.330002</ele>
  <time>2010-07-31T08:02:48Z</time>
</trkpt>
<trkpt lat="53.814952858" lon="51.029018378">
  <ele>140.347000</ele>
  <time>2010-07-31T08:02:49Z</time>
</trkpt>
<trkpt lat="53.815044388" lon="51.029308308">
  <ele>141.483002</ele>
  <time>2010-07-31T08:02:50Z</time>
</trkpt>
<trkpt lat="53.815132147" lon="51.029598238">
  <ele>142.498993</ele>
  <time>2010-07-31T08:02:51Z</time>
</trkpt>
<trkpt lat="53.815223677" lon="51.029895796">
  <ele>143.274002</ele>
  <time>2010-07-31T08:02:52Z</time>
</trkpt>
<trkpt lat="53.815315207" lon="51.030193353">
  <ele>144.444000</ele>
  <time>2010-07-31T08:02:53Z</time>
</trkpt>
<trkpt lat="53.815410594" lon="51.030483283">
  <ele>145.535995</ele>
  <time>2010-07-31T08:02:54Z</time>
</trkpt>
<trkpt lat="53.815505980" lon="51.030788384">
  <ele>146.251007</ele>
  <time>2010-07-31T08:02:55Z</time>
</trkpt>
<trkpt lat="53.815605137" lon="51.031093569">
  <ele>146.921997</ele>
  <time>2010-07-31T08:02:56Z</time>
</trkpt>
<trkpt lat="53.815704379" lon="51.031410238">
  <ele>147.548004</ele>
  <time>2010-07-31T08:02:57Z</time>
</trkpt>
<trkpt lat="53.815807309" lon="51.031730678">
  <ele>148.369995</ele>
  <time>2010-07-31T08:02:58Z</time>
</trkpt>
<trkpt lat="53.815910323" lon="51.032058746">
  <ele>148.966003</ele>
  <time>2010-07-31T08:02:59Z</time>
</trkpt>
<trkpt lat="53.816013336" lon="51.032398213">
  <ele>149.656006</ele>
  <time>2010-07-31T08:03:00Z</time>
</trkpt>
<trkpt lat="53.816120122" lon="51.032741535">
  <ele>150.089996</ele>
  <time>2010-07-31T08:03:01Z</time>
</trkpt>
<trkpt lat="53.816226991" lon="51.033088714">
  <ele>150.358002</ele>
  <time>2010-07-31T08:03:02Z</time>
</trkpt>
<trkpt lat="53.816337548" lon="51.033443436">
  <ele>150.561996</ele>
  <time>2010-07-31T08:03:03Z</time>
</trkpt>
<trkpt lat="53.816444417" lon="51.033813497">
  <ele>151.067001</ele>
  <time>2010-07-31T08:03:04Z</time>
</trkpt>
<trkpt lat="53.816551203" lon="51.034187330">
  <ele>151.541000</ele>
  <time>2010-07-31T08:03:05Z</time>
</trkpt>
<trkpt lat="53.816665616" lon="51.034561163">
  <ele>151.942001</ele>
  <time>2010-07-31T08:03:06Z</time>
</trkpt>
<trkpt lat="53.816776257" lon="51.034938851">
  <ele>152.304001</ele>
  <time>2010-07-31T08:03:07Z</time>
</trkpt>
<trkpt lat="53.816890754" lon="51.035312684">
  <ele>152.556000</ele>
  <time>2010-07-31T08:03:08Z</time>
</trkpt>
<trkpt lat="53.817005167" lon="51.035686517">
  <ele>152.669998</ele>
  <time>2010-07-31T08:03:09Z</time>
</trkpt>
<trkpt lat="53.817119580" lon="51.036056494">
  <ele>152.934006</ele>
  <time>2010-07-31T08:03:10Z</time>
</trkpt>
<trkpt lat="53.817237848" lon="51.036426555">
  <ele>153.201004</ele>
  <time>2010-07-31T08:03:11Z</time>
</trkpt>
<trkpt lat="53.817352261" lon="51.036796533">
  <ele>153.643005</ele>
  <time>2010-07-31T08:03:12Z</time>
</trkpt>
<trkpt lat="53.817466758" lon="51.037174221">
  <ele>154.203003</ele>
  <time>2010-07-31T08:03:13Z</time>
</trkpt>
<trkpt lat="53.817585027" lon="51.037551910">
  <ele>154.792007</ele>
  <time>2010-07-31T08:03:14Z</time>
</trkpt>
<trkpt lat="53.817699440" lon="51.037925743">
  <ele>155.501007</ele>
  <time>2010-07-31T08:03:15Z</time>
</trkpt>
<trkpt lat="53.817813853" lon="51.038291948">
  <ele>156.000000</ele>
  <time>2010-07-31T08:03:16Z</time>
</trkpt>
<trkpt lat="53.817928350" lon="51.038650526">
  <ele>156.509995</ele>
  <time>2010-07-31T08:03:17Z</time>
</trkpt>
<trkpt lat="53.818042763" lon="51.039009104">
  <ele>157.315994</ele>
  <time>2010-07-31T08:03:18Z</time>
</trkpt>
<trkpt lat="53.818153404" lon="51.039367681">
  <ele>157.938004</ele>
  <time>2010-07-31T08:03:19Z</time>
</trkpt>
<trkpt lat="53.818260189" lon="51.039718632">
  <ele>158.634995</ele>
  <time>2010-07-31T08:03:20Z</time>
</trkpt>
<trkpt lat="53.818363203" lon="51.040065726">
  <ele>159.268997</ele>
  <time>2010-07-31T08:03:21Z</time>
</trkpt>
<trkpt lat="53.818469988" lon="51.040416677">
  <ele>159.820999</ele>
  <time>2010-07-31T08:03:22Z</time>
</trkpt>
<trkpt lat="53.818576774" lon="51.040759999">
  <ele>160.307007</ele>
  <time>2010-07-31T08:03:23Z</time>
</trkpt>
<trkpt lat="53.818679787" lon="51.041107178">
  <ele>160.858994</ele>
  <time>2010-07-31T08:03:24Z</time>
</trkpt>
<trkpt lat="53.818790428" lon="51.041454356">
  <ele>161.528000</ele>
  <time>2010-07-31T08:03:25Z</time>
</trkpt>
<trkpt lat="53.818897214" lon="51.041797679">
  <ele>162.268005</ele>
  <time>2010-07-31T08:03:26Z</time>
</trkpt>
<trkpt lat="53.819011711" lon="51.042141002">
  <ele>163.087006</ele>
  <time>2010-07-31T08:03:27Z</time>
</trkpt>
<trkpt lat="53.819118496" lon="51.042484324">
  <ele>164.121994</ele>
  <time>2010-07-31T08:03:28Z</time>
</trkpt>
<trkpt lat="53.819232909" lon="51.042827647">
  <ele>165.100006</ele>
  <time>2010-07-31T08:03:29Z</time>
</trkpt>
<trkpt lat="53.819343550" lon="51.043163259">
  <ele>166.324005</ele>
  <time>2010-07-31T08:03:30Z</time>
</trkpt>
<trkpt lat="53.819454191" lon="51.043495182">
  <ele>167.638000</ele>
  <time>2010-07-31T08:03:31Z</time>
</trkpt>
<trkpt lat="53.819564832" lon="51.043827021">
  <ele>168.727005</ele>
  <time>2010-07-31T08:03:32Z</time>
</trkpt>
<trkpt lat="53.819675473" lon="51.044155089">
  <ele>169.964996</ele>
  <time>2010-07-31T08:03:33Z</time>
</trkpt>
<trkpt lat="53.819782259" lon="51.044490784">
  <ele>171.005005</ele>
  <time>2010-07-31T08:03:34Z</time>
</trkpt>
<trkpt lat="53.819889044" lon="51.044822708">
  <ele>172.100006</ele>
  <time>2010-07-31T08:03:35Z</time>
</trkpt>
<trkpt lat="53.819999686" lon="51.045158403">
  <ele>172.988998</ele>
  <time>2010-07-31T08:03:36Z</time>
</trkpt>
<trkpt lat="53.820106471" lon="51.045494098">
  <ele>174.059998</ele>
  <time>2010-07-31T08:03:37Z</time>
</trkpt>
<trkpt lat="53.820213340" lon="51.045833565">
  <ele>175.001007</ele>
  <time>2010-07-31T08:03:38Z</time>
</trkpt>
<trkpt lat="53.820320126" lon="51.046180744">
  <ele>175.845993</ele>
  <time>2010-07-31T08:03:39Z</time>
</trkpt>
<trkpt lat="53.820426911" lon="51.046531694">
  <ele>176.528000</ele>
  <time>2010-07-31T08:03:40Z</time>
</trkpt>
<trkpt lat="53.820537552" lon="51.046882644">
  <ele>176.998001</ele>
  <time>2010-07-31T08:03:41Z</time>
</trkpt>
<trkpt lat="53.820648193" lon="51.047237366">
  <ele>177.270996</ele>
  <time>2010-07-31T08:03:42Z</time>
</trkpt>
<trkpt lat="53.820762606" lon="51.047599800">
  <ele>177.654007</ele>
  <time>2010-07-31T08:03:43Z</time>
</trkpt>
<trkpt lat="53.820873247" lon="51.047966005">
  <ele>177.873001</ele>
  <time>2010-07-31T08:03:44Z</time>
</trkpt>
<trkpt lat="53.820987660" lon="51.048332211">
  <ele>178.003998</ele>
  <time>2010-07-31T08:03:45Z</time>
</trkpt>
<trkpt lat="53.821102157" lon="51.048698416">
  <ele>178.113007</ele>
  <time>2010-07-31T08:03:46Z</time>
</trkpt>
<trkpt lat="53.821216570" lon="51.049064621">
  <ele>178.042007</ele>
  <time>2010-07-31T08:03:47Z</time>
</trkpt>
<trkpt lat="53.821330983" lon="51.049430827">
  <ele>178.167999</ele>
  <time>2010-07-31T08:03:48Z</time>
</trkpt>
<trkpt lat="53.821441624" lon="51.049797032">
  <ele>178.106995</ele>
  <time>2010-07-31T08:03:49Z</time>
</trkpt>
<trkpt lat="53.821556121" lon="51.050155610">
  <ele>177.990997</ele>
  <time>2010-07-31T08:03:50Z</time>
</trkpt>
<trkpt lat="53.821666678" lon="51.050510416">
  <ele>178.033997</ele>
  <time>2010-07-31T08:03:51Z</time>
</trkpt>
<trkpt lat="53.821777320" lon="51.050865138">
  <ele>177.959000</ele>
  <time>2010-07-31T08:03:52Z</time>
</trkpt>
<trkpt lat="53.821887961" lon="51.051219944">
  <ele>177.985992</ele>
  <time>2010-07-31T08:03:53Z</time>
</trkpt>
<trkpt lat="53.821994746" lon="51.051574666">
  <ele>178.005005</ele>
  <time>2010-07-31T08:03:54Z</time>
</trkpt>
<trkpt lat="53.822101615" lon="51.051925700">
  <ele>178.264999</ele>
  <time>2010-07-31T08:03:55Z</time>
</trkpt>
<trkpt lat="53.822208401" lon="51.052276650">
  <ele>178.649002</ele>
  <time>2010-07-31T08:03:56Z</time>
</trkpt>
<trkpt lat="53.822315186" lon="51.052627601">
  <ele>178.936005</ele>
  <time>2010-07-31T08:03:57Z</time>
</trkpt>
<trkpt lat="53.822425827" lon="51.052974695">
  <ele>179.367004</ele>
  <time>2010-07-31T08:03:58Z</time>
</trkpt>
<trkpt lat="53.822532613" lon="51.053321874">
  <ele>179.735992</ele>
  <time>2010-07-31T08:03:59Z</time>
</trkpt>
<trkpt lat="53.822639482" lon="51.053665197">
  <ele>180.190994</ele>
  <time>2010-07-31T08:04:00Z</time>
</trkpt>
<trkpt lat="53.822746268" lon="51.054008519">
  <ele>181.171997</ele>
  <time>2010-07-31T08:04:01Z</time>
</trkpt>
<trkpt lat="53.822853053" lon="51.054351842">
  <ele>182.018997</ele>
  <time>2010-07-31T08:04:02Z</time>
</trkpt>
<trkpt lat="53.822963694" lon="51.054691309">
  <ele>182.858994</ele>
  <time>2010-07-31T08:04:03Z</time>
</trkpt>
<trkpt lat="53.823070563" lon="51.055034632">
  <ele>183.401993</ele>
  <time>2010-07-31T08:04:04Z</time>
</trkpt>
<trkpt lat="53.823181121" lon="51.055377955">
  <ele>183.865005</ele>
  <time>2010-07-31T08:04:05Z</time>
</trkpt>
<trkpt lat="53.823291762" lon="51.055721277">
  <ele>184.026993</ele>
  <time>2010-07-31T08:04:06Z</time>
</trkpt>
<trkpt lat="53.823398631" lon="51.056068456">
  <ele>184.222000</ele>
  <time>2010-07-31T08:04:07Z</time>
</trkpt>
<trkpt lat="53.823509188" lon="51.056423178">
  <ele>184.522003</ele>
  <time>2010-07-31T08:04:08Z</time>
</trkpt>
<trkpt lat="53.823623685" lon="51.056774128">
  <ele>184.882004</ele>
  <time>2010-07-31T08:04:09Z</time>
</trkpt>
<trkpt lat="53.823734242" lon="51.057128934">
  <ele>185.139999</ele>
  <time>2010-07-31T08:04:10Z</time>
</trkpt>
<trkpt lat="53.823844884" lon="51.057483656">
  <ele>185.557999</ele>
  <time>2010-07-31T08:04:11Z</time>
</trkpt>
<trkpt lat="53.823955525" lon="51.057842234">
  <ele>186.138000</ele>
  <time>2010-07-31T08:04:12Z</time>
</trkpt>
<trkpt lat="53.824066166" lon="51.058200812">
  <ele>186.649994</ele>
  <time>2010-07-31T08:04:13Z</time>
</trkpt>
<trkpt lat="53.824176807" lon="51.058551762">
  <ele>186.945007</ele>
  <time>2010-07-31T08:04:14Z</time>
</trkpt>
<trkpt lat="53.824283592" lon="51.058902713">
  <ele>187.186005</ele>
  <time>2010-07-31T08:04:15Z</time>
</trkpt>
<trkpt lat="53.824394234" lon="51.059249891">
  <ele>187.270004</ele>
  <time>2010-07-31T08:04:16Z</time>
</trkpt>
<trkpt lat="53.824501019" lon="51.059596986">
  <ele>187.445999</ele>
  <time>2010-07-31T08:04:17Z</time>
</trkpt>
<trkpt lat="53.824611660" lon="51.059947936">
  <ele>187.630005</ele>
  <time>2010-07-31T08:04:18Z</time>
</trkpt>
<trkpt lat="53.824718446" lon="51.060302742">
  <ele>187.628998</ele>
  <time>2010-07-31T08:04:19Z</time>
</trkpt>
<trkpt lat="53.824829087" lon="51.060653692">
  <ele>187.880997</ele>
  <time>2010-07-31T08:04:20Z</time>
</trkpt>
<trkpt lat="53.824939728" lon="51.061004642">
  <ele>188.281006</ele>
  <time>2010-07-31T08:04:21Z</time>
</trkpt>
<trkpt lat="53.825046513" lon="51.061359365">
  <ele>188.492996</ele>
  <time>2010-07-31T08:04:22Z</time>
</trkpt>
<trkpt lat="53.825157154" lon="51.061706543">
  <ele>188.742004</ele>
  <time>2010-07-31T08:04:23Z</time>
</trkpt>
<trkpt lat="53.825263940" lon="51.062049866">
  <ele>189.188004</ele>
  <time>2010-07-31T08:04:24Z</time>
</trkpt>
<trkpt lat="53.825363182" lon="51.062374078">
  <ele>189.468994</ele>
  <time>2010-07-31T08:04:25Z</time>
</trkpt>
<trkpt lat="53.825458568" lon="51.062675491">
  <ele>189.694000</ele>
  <time>2010-07-31T08:04:26Z</time>
</trkpt>
<trkpt lat="53.825546242" lon="51.062953938">
  <ele>189.791000</ele>
  <time>2010-07-31T08:04:27Z</time>
</trkpt>
<trkpt lat="53.825630229" lon="51.063217130">
  <ele>190.087006</ele>
  <time>2010-07-31T08:04:28Z</time>
</trkpt>
<trkpt lat="53.825706504" lon="51.063476549">
  <ele>190.447998</ele>
  <time>2010-07-31T08:04:29Z</time>
</trkpt>
<trkpt lat="53.825786551" lon="51.063732114">
  <ele>190.557007</ele>
  <time>2010-07-31T08:04:30Z</time>
</trkpt>
<trkpt lat="53.825866682" lon="51.063995389">
  <ele>190.602997</ele>
  <time>2010-07-31T08:04:31Z</time>
</trkpt>
<trkpt lat="53.825946813" lon="51.064262353">
  <ele>190.550003</ele>
  <time>2010-07-31T08:04:32Z</time>
</trkpt>
<trkpt lat="53.826034572" lon="51.064533256">
  <ele>190.585007</ele>
  <time>2010-07-31T08:04:33Z</time>
</trkpt>
<trkpt lat="53.826122247" lon="51.064800303">
  <ele>190.386993</ele>
  <time>2010-07-31T08:04:34Z</time>
</trkpt>
<trkpt lat="53.826210005" lon="51.065067267">
  <ele>190.412003</ele>
  <time>2010-07-31T08:04:35Z</time>
</trkpt>
<trkpt lat="53.826293908" lon="51.065338170">
  <ele>190.276001</ele>
  <time>2010-07-31T08:04:36Z</time>
</trkpt>
<trkpt lat="53.826381667" lon="51.065608989">
  <ele>190.541000</ele>
  <time>2010-07-31T08:04:37Z</time>
</trkpt>
<trkpt lat="53.826461798" lon="51.065883664">
  <ele>190.615005</ele>
  <time>2010-07-31T08:04:38Z</time>
</trkpt>
<trkpt lat="53.826541929" lon="51.066158256">
  <ele>190.789001</ele>
  <time>2010-07-31T08:04:39Z</time>
</trkpt>
<trkpt lat="53.826621976" lon="51.066432931">
  <ele>190.828003</ele>
  <time>2010-07-31T08:04:40Z</time>
</trkpt>
<trkpt lat="53.826702107" lon="51.066707605">
  <ele>190.960999</ele>
  <time>2010-07-31T08:04:41Z</time>
</trkpt>
<trkpt lat="53.826789865" lon="51.066986052">
  <ele>190.983994</ele>
  <time>2010-07-31T08:04:42Z</time>
</trkpt>
<trkpt lat="53.826877624" lon="51.067268355">
  <ele>191.218994</ele>
  <time>2010-07-31T08:04:43Z</time>
</trkpt>
<trkpt lat="53.826965299" lon="51.067554513">
  <ele>191.309006</ele>
  <time>2010-07-31T08:04:44Z</time>
</trkpt>
<trkpt lat="53.827056913" lon="51.067844359">
  <ele>191.468994</ele>
  <time>2010-07-31T08:04:45Z</time>
</trkpt>
<trkpt lat="53.827148443" lon="51.068134289">
  <ele>191.673004</ele>
  <time>2010-07-31T08:04:46Z</time>
</trkpt>
<trkpt lat="53.827239973" lon="51.068435702">
  <ele>191.830994</ele>
  <time>2010-07-31T08:04:47Z</time>
</trkpt>
<trkpt lat="53.827335360" lon="51.068733176">
  <ele>192.220993</ele>
  <time>2010-07-31T08:04:48Z</time>
</trkpt>
<trkpt lat="53.827426890" lon="51.069023106">
  <ele>192.778000</ele>
  <time>2010-07-31T08:04:49Z</time>
</trkpt>
<trkpt lat="53.827514648" lon="51.069313036">
  <ele>193.091995</ele>
  <time>2010-07-31T08:04:50Z</time>
</trkpt>
<trkpt lat="53.827606179" lon="51.069595339">
  <ele>193.518005</ele>
  <time>2010-07-31T08:04:51Z</time>
</trkpt>
<trkpt lat="53.827697793" lon="51.069885269">
  <ele>194.199997</ele>
  <time>2010-07-31T08:04:52Z</time>
</trkpt>
<trkpt lat="53.827785468" lon="51.070186598">
  <ele>194.914001</ele>
  <time>2010-07-31T08:04:53Z</time>
</trkpt>
<trkpt lat="53.827877082" lon="51.070488011">
  <ele>195.485001</ele>
  <time>2010-07-31T08:04:54Z</time>
</trkpt>
<trkpt lat="53.827972384" lon="51.070785485">
  <ele>196.095993</ele>
  <time>2010-07-31T08:04:55Z</time>
</trkpt>
<trkpt lat="53.828067770" lon="51.071086898">
  <ele>196.830994</ele>
  <time>2010-07-31T08:04:56Z</time>
</trkpt>
<trkpt lat="53.828159301" lon="51.071388228">
  <ele>197.404999</ele>
  <time>2010-07-31T08:04:57Z</time>
</trkpt>
<trkpt lat="53.828250915" lon="51.071685785">
  <ele>197.742996</ele>
  <time>2010-07-31T08:04:58Z</time>
</trkpt>
<trkpt lat="53.828346217" lon="51.071987115">
  <ele>198.276993</ele>
  <time>2010-07-31T08:04:59Z</time>
</trkpt>
<trkpt lat="53.828437831" lon="51.072284672">
  <ele>198.666000</ele>
  <time>2010-07-31T08:05:00Z</time>
</trkpt>
<trkpt lat="53.828533133" lon="51.072586086">
  <ele>199.074997</ele>
  <time>2010-07-31T08:05:01Z</time>
</trkpt>
<trkpt lat="53.828624748" lon="51.072883643">
  <ele>199.675995</ele>
  <time>2010-07-31T08:05:02Z</time>
</trkpt>
<trkpt lat="53.828716278" lon="51.073181117">
  <ele>200.251999</ele>
  <time>2010-07-31T08:05:03Z</time>
</trkpt>
<trkpt lat="53.828807808" lon="51.073474903">
  <ele>200.565994</ele>
  <time>2010-07-31T08:05:04Z</time>
</trkpt>
<trkpt lat="53.828895567" lon="51.073764833">
  <ele>200.916000</ele>
  <time>2010-07-31T08:05:05Z</time>
</trkpt>
<trkpt lat="53.828983326" lon="51.074047051">
  <ele>201.380005</ele>
  <time>2010-07-31T08:05:06Z</time>
</trkpt>
<trkpt lat="53.829067228" lon="51.074321726">
  <ele>201.574997</ele>
  <time>2010-07-31T08:05:07Z</time>
</trkpt>
<trkpt lat="53.829154987" lon="51.074600257">
  <ele>201.837006</ele>
  <time>2010-07-31T08:05:08Z</time>
</trkpt>
<trkpt lat="53.829238890" lon="51.074874848">
  <ele>201.990997</ele>
  <time>2010-07-31T08:05:09Z</time>
</trkpt>
<trkpt lat="53.829322793" lon="51.075145751">
  <ele>202.451004</ele>
  <time>2010-07-31T08:05:10Z</time>
</trkpt>
<trkpt lat="53.829406779" lon="51.075416571">
  <ele>202.919006</ele>
  <time>2010-07-31T08:05:11Z</time>
</trkpt>
<trkpt lat="53.829490682" lon="51.075687390">
  <ele>203.240997</ele>
  <time>2010-07-31T08:05:12Z</time>
</trkpt>
<trkpt lat="53.829574585" lon="51.075965920">
  <ele>203.835999</ele>
  <time>2010-07-31T08:05:13Z</time>
</trkpt>
<trkpt lat="53.829662343" lon="51.076244367">
  <ele>204.285995</ele>
  <time>2010-07-31T08:05:14Z</time>
</trkpt>
<trkpt lat="53.829753874" lon="51.076522814">
  <ele>204.531006</ele>
  <time>2010-07-31T08:05:15Z</time>
</trkpt>
<trkpt lat="53.829841632" lon="51.076808888">
  <ele>204.891006</ele>
  <time>2010-07-31T08:05:16Z</time>
</trkpt>
<trkpt lat="53.829933163" lon="51.077095047">
  <ele>205.386002</ele>
  <time>2010-07-31T08:05:17Z</time>
</trkpt>
<trkpt lat="53.830028549" lon="51.077388749">
  <ele>205.729996</ele>
  <time>2010-07-31T08:05:18Z</time>
</trkpt>
<trkpt lat="53.830120079" lon="51.077682534">
  <ele>206.059006</ele>
  <time>2010-07-31T08:05:19Z</time>
</trkpt>
<trkpt lat="53.830211610" lon="51.077976236">
  <ele>206.438004</ele>
  <time>2010-07-31T08:05:20Z</time>
</trkpt>
<trkpt lat="53.830303224" lon="51.078269938">
  <ele>206.554001</ele>
  <time>2010-07-31T08:05:21Z</time>
</trkpt>
<trkpt lat="53.830394754" lon="51.078559868">
  <ele>206.744995</ele>
  <time>2010-07-31T08:05:22Z</time>
</trkpt>
<trkpt lat="53.830482513" lon="51.078842171">
  <ele>207.016006</ele>
  <time>2010-07-31T08:05:23Z</time>
</trkpt>
<trkpt lat="53.830570187" lon="51.079120617">
  <ele>207.494003</ele>
  <time>2010-07-31T08:05:24Z</time>
</trkpt>
<trkpt lat="53.830654174" lon="51.079395292">
  <ele>207.832001</ele>
  <time>2010-07-31T08:05:25Z</time>
</trkpt>
<trkpt lat="53.830738077" lon="51.079662340">
  <ele>208.233994</ele>
  <time>2010-07-31T08:05:26Z</time>
</trkpt>
<trkpt lat="53.830818208" lon="51.079925532">
  <ele>208.535004</ele>
  <time>2010-07-31T08:05:27Z</time>
</trkpt>
<trkpt lat="53.830898255" lon="51.080184951">
  <ele>208.908997</ele>
  <time>2010-07-31T08:05:28Z</time>
</trkpt>
<trkpt lat="53.830974614" lon="51.080440516">
  <ele>209.022003</ele>
  <time>2010-07-31T08:05:29Z</time>
</trkpt>
<trkpt lat="53.831050890" lon="51.080684680">
  <ele>209.337006</ele>
  <time>2010-07-31T08:05:30Z</time>
</trkpt>
<trkpt lat="53.831123393" lon="51.080909735">
  <ele>209.610992</ele>
  <time>2010-07-31T08:05:31Z</time>
</trkpt>
<trkpt lat="53.831192041" lon="51.081123389">
  <ele>209.832001</ele>
  <time>2010-07-31T08:05:32Z</time>
</trkpt>
<trkpt lat="53.831256833" lon="51.081333188">
  <ele>210.059998</ele>
  <time>2010-07-31T08:05:33Z</time>
</trkpt>
<trkpt lat="53.831325565" lon="51.081546759">
  <ele>210.132004</ele>
  <time>2010-07-31T08:05:34Z</time>
</trkpt>
<trkpt lat="53.831390357" lon="51.081752786">
  <ele>210.175995</ele>
  <time>2010-07-31T08:05:35Z</time>
</trkpt>
<trkpt lat="53.831455233" lon="51.081958730">
  <ele>210.404007</ele>
  <time>2010-07-31T08:05:36Z</time>
</trkpt>
<trkpt lat="53.831520109" lon="51.082164757">
  <ele>210.485992</ele>
  <time>2010-07-31T08:05:37Z</time>
</trkpt>
<trkpt lat="53.831584901" lon="51.082370784">
  <ele>210.514008</ele>
  <time>2010-07-31T08:05:38Z</time>
</trkpt>
<trkpt lat="53.831649777" lon="51.082584355">
  <ele>210.673004</ele>
  <time>2010-07-31T08:05:39Z</time>
</trkpt>
<trkpt lat="53.831714652" lon="51.082798010">
  <ele>210.593994</ele>
  <time>2010-07-31T08:05:40Z</time>
</trkpt>
<trkpt lat="53.831779445" lon="51.083015436">
  <ele>210.682007</ele>
  <time>2010-07-31T08:05:41Z</time>
</trkpt>
<trkpt lat="53.831844321" lon="51.083232863">
  <ele>210.781006</ele>
  <time>2010-07-31T08:05:42Z</time>
</trkpt>
<trkpt lat="53.831912968" lon="51.083450289">
  <ele>210.843994</ele>
  <time>2010-07-31T08:05:43Z</time>
</trkpt>
<trkpt lat="53.831981700" lon="51.083675344">
  <ele>210.714996</ele>
  <time>2010-07-31T08:05:44Z</time>
</trkpt>
<trkpt lat="53.832050348" lon="51.083900481">
  <ele>210.667007</ele>
  <time>2010-07-31T08:05:45Z</time>
</trkpt>
<trkpt lat="53.832122767" lon="51.084136935">
  <ele>210.589996</ele>
  <time>2010-07-31T08:05:46Z</time>
</trkpt>
<trkpt lat="53.832195271" lon="51.084373472">
  <ele>210.457993</ele>
  <time>2010-07-31T08:05:47Z</time>
</trkpt>
<trkpt lat="53.832271546" lon="51.084610010">
  <ele>210.194000</ele>
  <time>2010-07-31T08:05:48Z</time>
</trkpt>
<trkpt lat="53.832347905" lon="51.084846463">
  <ele>210.059998</ele>
  <time>2010-07-31T08:05:49Z</time>
</trkpt>
<trkpt lat="53.832420325" lon="51.085083000">
  <ele>210.104004</ele>
  <time>2010-07-31T08:05:50Z</time>
</trkpt>
<trkpt lat="53.832492828" lon="51.085319538">
  <ele>209.802002</ele>
  <time>2010-07-31T08:05:51Z</time>
</trkpt>
<trkpt lat="53.832569104" lon="51.085559847">
  <ele>209.434998</ele>
  <time>2010-07-31T08:05:52Z</time>
</trkpt>
<trkpt lat="53.832641607" lon="51.085800156">
  <ele>209.078003</ele>
  <time>2010-07-31T08:05:53Z</time>
</trkpt>
<trkpt lat="53.832721738" lon="51.086048093">
  <ele>208.682007</ele>
  <time>2010-07-31T08:05:54Z</time>
</trkpt>
<trkpt lat="53.832794158" lon="51.086296113">
  <ele>208.362000</ele>
  <time>2010-07-31T08:05:55Z</time>
</trkpt>
<trkpt lat="53.832866661" lon="51.086540194">
  <ele>207.931000</ele>
  <time>2010-07-31T08:05:56Z</time>
</trkpt>
<trkpt lat="53.832942937" lon="51.086784359">
  <ele>207.462997</ele>
  <time>2010-07-31T08:05:57Z</time>
</trkpt>
<trkpt lat="53.833023068" lon="51.087032296">
  <ele>206.893997</ele>
  <time>2010-07-31T08:05:58Z</time>
</trkpt>
<trkpt lat="53.833099343" lon="51.087280232">
  <ele>206.376007</ele>
  <time>2010-07-31T08:05:59Z</time>
</trkpt>
<trkpt lat="53.833179474" lon="51.087528253">
  <ele>205.903000</ele>
  <time>2010-07-31T08:06:00Z</time>
</trkpt>
<trkpt lat="53.833255749" lon="51.087783817">
  <ele>205.539993</ele>
  <time>2010-07-31T08:06:01Z</time>
</trkpt>
<trkpt lat="53.833332025" lon="51.088031754">
  <ele>205.123993</ele>
  <time>2010-07-31T08:06:02Z</time>
</trkpt>
<trkpt lat="53.833412156" lon="51.088279691">
  <ele>204.643005</ele>
  <time>2010-07-31T08:06:03Z</time>
</trkpt>
<trkpt lat="53.833488431" lon="51.088527711">
  <ele>203.817993</ele>
  <time>2010-07-31T08:06:04Z</time>
</trkpt>
<trkpt lat="53.833568562" lon="51.088771792">
  <ele>203.074005</ele>
  <time>2010-07-31T08:06:05Z</time>
</trkpt>
<trkpt lat="53.833644837" lon="51.089019813">
  <ele>202.100998</ele>
  <time>2010-07-31T08:06:06Z</time>
</trkpt>
<trkpt lat="53.833721196" lon="51.089263894">
  <ele>201.184006</ele>
  <time>2010-07-31T08:06:07Z</time>
</trkpt>
<trkpt lat="53.833797472" lon="51.089511830">
  <ele>200.216003</ele>
  <time>2010-07-31T08:06:08Z</time>
</trkpt>
<trkpt lat="53.833877603" lon="51.089763623">
  <ele>199.391998</ele>
  <time>2010-07-31T08:06:09Z</time>
</trkpt>
<trkpt lat="53.833953878" lon="51.090011559">
  <ele>198.559006</ele>
  <time>2010-07-31T08:06:10Z</time>
</trkpt>
<trkpt lat="53.834033925" lon="51.090263352">
  <ele>197.878006</ele>
  <time>2010-07-31T08:06:11Z</time>
</trkpt>
<trkpt lat="53.834114056" lon="51.090515144">
  <ele>197.304993</ele>
  <time>2010-07-31T08:06:12Z</time>
</trkpt>
<trkpt lat="53.834197959" lon="51.090770708">
  <ele>196.641998</ele>
  <time>2010-07-31T08:06:13Z</time>
</trkpt>
<trkpt lat="53.834278090" lon="51.091026273">
  <ele>196.050995</ele>
  <time>2010-07-31T08:06:14Z</time>
</trkpt>
<trkpt lat="53.834354365" lon="51.091274293">
  <ele>195.432007</ele>
  <time>2010-07-31T08:06:15Z</time>
</trkpt>
<trkpt lat="53.834430724" lon="51.091510747">
  <ele>194.932007</ele>
  <time>2010-07-31T08:06:16Z</time>
</trkpt>
<trkpt lat="53.834503144" lon="51.091751140">
  <ele>194.227005</ele>
  <time>2010-07-31T08:06:17Z</time>
</trkpt>
<trkpt lat="53.834579503" lon="51.091991449">
  <ele>193.544998</ele>
  <time>2010-07-31T08:06:18Z</time>
</trkpt>
<trkpt lat="53.834655778" lon="51.092231758">
  <ele>192.774002</ele>
  <time>2010-07-31T08:06:19Z</time>
</trkpt>
<trkpt lat="53.834728282" lon="51.092479695">
  <ele>191.994003</ele>
  <time>2010-07-31T08:06:20Z</time>
</trkpt>
<trkpt lat="53.834804557" lon="51.092727631">
  <ele>191.220993</ele>
  <time>2010-07-31T08:06:21Z</time>
</trkpt>
<trkpt lat="53.834884604" lon="51.092975652">
  <ele>190.507004</ele>
  <time>2010-07-31T08:06:22Z</time>
</trkpt>
<trkpt lat="53.834960964" lon="51.093227360">
  <ele>189.617004</ele>
  <time>2010-07-31T08:06:23Z</time>
</trkpt>
<trkpt lat="53.835037239" lon="51.093475381">
  <ele>188.807999</ele>
  <time>2010-07-31T08:06:24Z</time>
</trkpt>
<trkpt lat="53.835117370" lon="51.093727089">
  <ele>188.117004</ele>
  <time>2010-07-31T08:06:25Z</time>
</trkpt>
<trkpt lat="53.835197417" lon="51.093978882">
  <ele>187.546997</ele>
  <time>2010-07-31T08:06:26Z</time>
</trkpt>
<trkpt lat="53.835281404" lon="51.094230674">
  <ele>186.921005</ele>
  <time>2010-07-31T08:06:27Z</time>
</trkpt>
<trkpt lat="53.835361451" lon="51.094490010">
  <ele>186.233002</ele>
  <time>2010-07-31T08:06:28Z</time>
</trkpt>
<trkpt lat="53.835445438" lon="51.094764685">
  <ele>185.578995</ele>
  <time>2010-07-31T08:06:29Z</time>
</trkpt>
<trkpt lat="53.835533112" lon="51.095039360">
  <ele>184.979996</ele>
  <time>2010-07-31T08:06:30Z</time>
</trkpt>
<trkpt lat="53.835617099" lon="51.095314035">
  <ele>184.095993</ele>
  <time>2010-07-31T08:06:31Z</time>
</trkpt>
<trkpt lat="53.835708629" lon="51.095584854">
  <ele>183.184006</ele>
  <time>2010-07-31T08:06:32Z</time>
</trkpt>
<trkpt lat="53.835792532" lon="51.095863301">
  <ele>182.266998</ele>
  <time>2010-07-31T08:06:33Z</time>
</trkpt>
<trkpt lat="53.835880291" lon="51.096137976">
  <ele>181.641998</ele>
  <time>2010-07-31T08:06:34Z</time>
</trkpt>
<trkpt lat="53.835968049" lon="51.096412651">
  <ele>181.358994</ele>
  <time>2010-07-31T08:06:35Z</time>
</trkpt>
<trkpt lat="53.836055724" lon="51.096694954">
  <ele>181.503998</ele>
  <time>2010-07-31T08:06:36Z</time>
</trkpt>
<trkpt lat="53.836151110" lon="51.096981028">
  <ele>181.550003</ele>
  <time>2010-07-31T08:06:37Z</time>
</trkpt>
<trkpt lat="53.836250268" lon="51.097274814">
  <ele>181.459000</ele>
  <time>2010-07-31T08:06:38Z</time>
</trkpt>
<trkpt lat="53.836349510" lon="51.097579915">
  <ele>181.531006</ele>
  <time>2010-07-31T08:06:39Z</time>
</trkpt>
<trkpt lat="53.836452523" lon="51.097896583">
  <ele>181.548996</ele>
  <time>2010-07-31T08:06:40Z</time>
</trkpt>
<trkpt lat="53.836555453" lon="51.098228423">
  <ele>181.733002</ele>
  <time>2010-07-31T08:06:41Z</time>
</trkpt>
<trkpt lat="53.836662322" lon="51.098564118">
  <ele>181.604996</ele>
  <time>2010-07-31T08:06:42Z</time>
</trkpt>
<trkpt lat="53.836769108" lon="51.098907441">
  <ele>181.638000</ele>
  <time>2010-07-31T08:06:43Z</time>
</trkpt>
<trkpt lat="53.836872121" lon="51.099258391">
  <ele>181.888000</ele>
  <time>2010-07-31T08:06:44Z</time>
</trkpt>
<trkpt lat="53.836978907" lon="51.099620825">
  <ele>182.182999</ele>
  <time>2010-07-31T08:06:45Z</time>
</trkpt>
<trkpt lat="53.837081920" lon="51.099990886">
  <ele>182.369995</ele>
  <time>2010-07-31T08:06:46Z</time>
</trkpt>
<trkpt lat="53.837192561" lon="51.100360863">
  <ele>182.436005</ele>
  <time>2010-07-31T08:06:47Z</time>
</trkpt>
<trkpt lat="53.837306974" lon="51.100734696">
  <ele>182.337006</ele>
  <time>2010-07-31T08:06:48Z</time>
</trkpt>
<trkpt lat="53.837421387" lon="51.101108529">
  <ele>182.298996</ele>
  <time>2010-07-31T08:06:49Z</time>
</trkpt>
<trkpt lat="53.837532029" lon="51.101486217">
  <ele>182.001999</ele>
  <time>2010-07-31T08:06:50Z</time>
</trkpt>
<trkpt lat="53.837646525" lon="51.101863822">
  <ele>182.223007</ele>
  <time>2010-07-31T08:06:51Z</time>
</trkpt>
<trkpt lat="53.837760938" lon="51.102233883">
  <ele>182.289993</ele>
  <time>2010-07-31T08:06:52Z</time>
</trkpt>
<trkpt lat="53.837875351" lon="51.102596316">
  <ele>182.281998</ele>
  <time>2010-07-31T08:06:53Z</time>
</trkpt>
<trkpt lat="53.837985992" lon="51.102947267">
  <ele>181.925995</ele>
  <time>2010-07-31T08:06:54Z</time>
</trkpt>
<trkpt lat="53.838096634" lon="51.103298217">
  <ele>181.921005</ele>
  <time>2010-07-31T08:06:55Z</time>
</trkpt>
<trkpt lat="53.838203419" lon="51.103645312">
  <ele>181.755005</ele>
  <time>2010-07-31T08:06:56Z</time>
</trkpt>
<trkpt lat="53.838310204" lon="51.103992490">
  <ele>181.656006</ele>
  <time>2010-07-31T08:06:57Z</time>
</trkpt>
<trkpt lat="53.838420846" lon="51.104339585">
  <ele>181.393005</ele>
  <time>2010-07-31T08:06:58Z</time>
</trkpt>
<trkpt lat="53.838531487" lon="51.104694391">
  <ele>181.434006</ele>
  <time>2010-07-31T08:06:59Z</time>
</trkpt>
<trkpt lat="53.838638272" lon="51.105045341">
  <ele>181.488998</ele>
  <time>2010-07-31T08:07:00Z</time>
</trkpt>
<trkpt lat="53.838745141" lon="51.105396291">
  <ele>181.369003</ele>
  <time>2010-07-31T08:07:01Z</time>
</trkpt>
<trkpt lat="53.838851927" lon="51.105747242">
  <ele>181.354996</ele>
  <time>2010-07-31T08:07:02Z</time>
</trkpt>
<trkpt lat="53.838962568" lon="51.106101964">
  <ele>181.242004</ele>
  <time>2010-07-31T08:07:03Z</time>
</trkpt>
<trkpt lat="53.839073209" lon="51.106456770">
  <ele>181.268005</ele>
  <time>2010-07-31T08:07:04Z</time>
</trkpt>
<trkpt lat="53.839179995" lon="51.106815347">
  <ele>181.184006</ele>
  <time>2010-07-31T08:07:05Z</time>
</trkpt>
<trkpt lat="53.839290636" lon="51.107173925">
  <ele>181.184998</ele>
  <time>2010-07-31T08:07:06Z</time>
</trkpt>
<trkpt lat="53.839401277" lon="51.107532503">
  <ele>180.921005</ele>
  <time>2010-07-31T08:07:07Z</time>
</trkpt>
<trkpt lat="53.839511834" lon="51.107891081">
  <ele>180.854996</ele>
  <time>2010-07-31T08:07:08Z</time>
</trkpt>
<trkpt lat="53.839626331" lon="51.108249659">
  <ele>180.981003</ele>
  <time>2010-07-31T08:07:09Z</time>
</trkpt>
<trkpt lat="53.839736972" lon="51.108612092">
  <ele>180.819000</ele>
  <time>2010-07-31T08:07:10Z</time>
</trkpt>
<trkpt lat="53.839851385" lon="51.108978298">
  <ele>180.707993</ele>
  <time>2010-07-31T08:07:11Z</time>
</trkpt>
<trkpt lat="53.839965798" lon="51.109340647">
  <ele>180.582993</ele>
  <time>2010-07-31T08:07:12Z</time>
</trkpt>
<trkpt lat="53.840080295" lon="51.109706853">
  <ele>180.143005</ele>
  <time>2010-07-31T08:07:13Z</time>
</trkpt>
<trkpt lat="53.840194708" lon="51.110076914">
  <ele>179.983002</ele>
  <time>2010-07-31T08:07:14Z</time>
</trkpt>
<trkpt lat="53.840309121" lon="51.110450746">
  <ele>179.895996</ele>
  <time>2010-07-31T08:07:15Z</time>
</trkpt>
<trkpt lat="53.840427389" lon="51.110828435">
  <ele>179.822998</ele>
  <time>2010-07-31T08:07:16Z</time>
</trkpt>
<trkpt lat="53.840541802" lon="51.111209895">
  <ele>179.839005</ele>
  <time>2010-07-31T08:07:17Z</time>
</trkpt>
<trkpt lat="53.840663927" lon="51.111591356">
  <ele>179.740997</ele>
  <time>2010-07-31T08:07:18Z</time>
</trkpt>
<trkpt lat="53.840782195" lon="51.111968961">
  <ele>179.419998</ele>
  <time>2010-07-31T08:07:19Z</time>
</trkpt>
<trkpt lat="53.840900380" lon="51.112342793">
  <ele>179.188995</ele>
  <time>2010-07-31T08:07:20Z</time>
</trkpt>
<trkpt lat="53.841014877" lon="51.112709083">
  <ele>178.914993</ele>
  <time>2010-07-31T08:07:21Z</time>
</trkpt>
<trkpt lat="53.841129290" lon="51.113071432">
  <ele>178.531006</ele>
  <time>2010-07-31T08:07:22Z</time>
</trkpt>
<trkpt lat="53.841239931" lon="51.113422383">
  <ele>177.839005</ele>
  <time>2010-07-31T08:07:23Z</time>
</trkpt>
<trkpt lat="53.841346717" lon="51.113769561">
  <ele>177.106003</ele>
  <time>2010-07-31T08:07:24Z</time>
</trkpt>
<trkpt lat="53.841445958" lon="51.114101401">
  <ele>176.382004</ele>
  <time>2010-07-31T08:07:25Z</time>
</trkpt>
<trkpt lat="53.841545116" lon="51.114414213">
  <ele>175.882996</ele>
  <time>2010-07-31T08:07:26Z</time>
</trkpt>
<trkpt lat="53.841640502" lon="51.114715543">
  <ele>175.436996</ele>
  <time>2010-07-31T08:07:27Z</time>
</trkpt>
<trkpt lat="53.841735804" lon="51.115016956">
  <ele>174.869995</ele>
  <time>2010-07-31T08:07:28Z</time>
</trkpt>
<trkpt lat="53.841827419" lon="51.115318285">
  <ele>174.044998</ele>
  <time>2010-07-31T08:07:29Z</time>
</trkpt>
<trkpt lat="53.841918949" lon="51.115619699">
  <ele>173.386002</ele>
  <time>2010-07-31T08:07:30Z</time>
</trkpt>
<trkpt lat="53.842014335" lon="51.115921028">
  <ele>172.931000</ele>
  <time>2010-07-31T08:07:31Z</time>
</trkpt>
<trkpt lat="53.842109721" lon="51.116222357">
  <ele>172.356003</ele>
  <time>2010-07-31T08:07:32Z</time>
</trkpt>
<trkpt lat="53.842205023" lon="51.116527542">
  <ele>172.054001</ele>
  <time>2010-07-31T08:07:33Z</time>
</trkpt>
<trkpt lat="53.842300409" lon="51.116832728">
  <ele>171.403000</ele>
  <time>2010-07-31T08:07:34Z</time>
</trkpt>
<trkpt lat="53.842399567" lon="51.117141685">
  <ele>170.776001</ele>
  <time>2010-07-31T08:07:35Z</time>
</trkpt>
<trkpt lat="53.842494953" lon="51.117454497">
  <ele>169.988998</ele>
  <time>2010-07-31T08:07:36Z</time>
</trkpt>
<trkpt lat="53.842601739" lon="51.117778793">
  <ele>169.283005</ele>
  <time>2010-07-31T08:07:37Z</time>
</trkpt>
<trkpt lat="53.842704752" lon="51.118106861">
  <ele>168.731003</ele>
  <time>2010-07-31T08:07:38Z</time>
</trkpt>
<trkpt lat="53.842807766" lon="51.118434928">
  <ele>168.404007</ele>
  <time>2010-07-31T08:07:39Z</time>
</trkpt>
<trkpt lat="53.842910780" lon="51.118770624">
  <ele>167.863007</ele>
  <time>2010-07-31T08:07:40Z</time>
</trkpt>
<trkpt lat="53.843017565" lon="51.119113946">
  <ele>167.348999</ele>
  <time>2010-07-31T08:07:41Z</time>
</trkpt>
<trkpt lat="53.843124351" lon="51.119457269">
  <ele>166.755005</ele>
  <time>2010-07-31T08:07:42Z</time>
</trkpt>
<trkpt lat="53.843234992" lon="51.119804364">
  <ele>166.408997</ele>
  <time>2010-07-31T08:07:43Z</time>
</trkpt>
<trkpt lat="53.843353260" lon="51.120151542">
  <ele>165.826996</ele>
  <time>2010-07-31T08:07:44Z</time>
</trkpt>
<trkpt lat="53.843471529" lon="51.120506264">
  <ele>165.399994</ele>
  <time>2010-07-31T08:07:45Z</time>
</trkpt>
<trkpt lat="53.843593569" lon="51.120861070">
  <ele>165.356995</ele>
  <time>2010-07-31T08:07:46Z</time>
</trkpt>
<trkpt lat="53.843711838" lon="51.121219648">
  <ele>165.007996</ele>
  <time>2010-07-31T08:07:47Z</time>
</trkpt>
<trkpt lat="53.843826335" lon="51.121585853">
  <ele>164.550995</ele>
  <time>2010-07-31T08:07:48Z</time>
</trkpt>
<trkpt lat="53.843944520" lon="51.121959686">
  <ele>164.841003</ele>
  <time>2010-07-31T08:07:49Z</time>
</trkpt>
<trkpt lat="53.844062788" lon="51.122341147">
  <ele>165.375000</ele>
  <time>2010-07-31T08:07:50Z</time>
</trkpt>
<trkpt lat="53.844181057" lon="51.122730235">
  <ele>165.742004</ele>
  <time>2010-07-31T08:07:51Z</time>
</trkpt>
<trkpt lat="53.844306953" lon="51.123126950">
  <ele>166.134003</ele>
  <time>2010-07-31T08:07:52Z</time>
</trkpt>
<trkpt lat="53.844428994" lon="51.123535149">
  <ele>166.751007</ele>
  <time>2010-07-31T08:07:53Z</time>
</trkpt>
<trkpt lat="53.844558746" lon="51.123943347">
  <ele>167.240005</ele>
  <time>2010-07-31T08:07:54Z</time>
</trkpt>
<trkpt lat="53.844688414" lon="51.124359090">
  <ele>167.884995</ele>
  <time>2010-07-31T08:07:55Z</time>
</trkpt>
<trkpt lat="53.844818082" lon="51.124778772">
  <ele>168.408005</ele>
  <time>2010-07-31T08:07:56Z</time>
</trkpt>
<trkpt lat="53.844943978" lon="51.125190742">
  <ele>169.237000</ele>
  <time>2010-07-31T08:07:57Z</time>
</trkpt>
<trkpt lat="53.845069874" lon="51.125595085">
  <ele>169.764008</ele>
  <time>2010-07-31T08:07:58Z</time>
</trkpt>
<trkpt lat="53.845195770" lon="51.126010912">
  <ele>169.992996</ele>
  <time>2010-07-31T08:07:59Z</time>
</trkpt>
<trkpt lat="53.845325438" lon="51.126426738">
  <ele>170.457993</ele>
  <time>2010-07-31T08:08:00Z</time>
</trkpt>
<trkpt lat="53.845455190" lon="51.126846336">
  <ele>171.171005</ele>
  <time>2010-07-31T08:08:01Z</time>
</trkpt>
<trkpt lat="53.845584858" lon="51.127273561">
  <ele>171.815002</ele>
  <time>2010-07-31T08:08:02Z</time>
</trkpt>
<trkpt lat="53.845714610" lon="51.127697015">
  <ele>172.718002</ele>
  <time>2010-07-31T08:08:03Z</time>
</trkpt>
<trkpt lat="53.845851906" lon="51.128124241">
  <ele>173.565994</ele>
  <time>2010-07-31T08:08:04Z</time>
</trkpt>
<trkpt lat="53.845981574" lon="51.128547695">
  <ele>174.843002</ele>
  <time>2010-07-31T08:08:05Z</time>
</trkpt>
<trkpt lat="53.846103698" lon="51.128967293">
  <ele>175.595001</ele>
  <time>2010-07-31T08:08:06Z</time>
</trkpt>
<trkpt lat="53.846221883" lon="51.129383119">
  <ele>176.404007</ele>
  <time>2010-07-31T08:08:07Z</time>
</trkpt>
<trkpt lat="53.846336380" lon="51.129783606">
  <ele>177.264008</ele>
  <time>2010-07-31T08:08:08Z</time>
</trkpt>
<trkpt lat="53.846450793" lon="51.130176550">
  <ele>178.231003</ele>
  <time>2010-07-31T08:08:09Z</time>
</trkpt>
<trkpt lat="53.846565206" lon="51.130561866">
  <ele>179.132004</ele>
  <time>2010-07-31T08:08:10Z</time>
</trkpt>
<trkpt lat="53.846679702" lon="51.130935699">
  <ele>180.296997</ele>
  <time>2010-07-31T08:08:11Z</time>
</trkpt>
<trkpt lat="53.846790344" lon="51.131298048">
  <ele>181.281998</ele>
  <time>2010-07-31T08:08:12Z</time>
</trkpt>
<trkpt lat="53.846900901" lon="51.131645227">
  <ele>182.401001</ele>
  <time>2010-07-31T08:08:13Z</time>
</trkpt>
<trkpt lat="53.847000143" lon="51.131977066">
  <ele>183.259995</ele>
  <time>2010-07-31T08:08:14Z</time>
</trkpt>
<trkpt lat="53.847095529" lon="51.132293735">
  <ele>184.020996</ele>
  <time>2010-07-31T08:08:15Z</time>
</trkpt>
<trkpt lat="53.847187059" lon="51.132595064">
  <ele>184.682999</ele>
  <time>2010-07-31T08:08:16Z</time>
</trkpt>
<trkpt lat="53.847278589" lon="51.132884994">
  <ele>185.580994</ele>
  <time>2010-07-31T08:08:17Z</time>
</trkpt>
<trkpt lat="53.847370120" lon="51.133171069">
  <ele>186.423004</ele>
  <time>2010-07-31T08:08:18Z</time>
</trkpt>
<trkpt lat="53.847461734" lon="51.133453371">
  <ele>187.701996</ele>
  <time>2010-07-31T08:08:19Z</time>
</trkpt>
<trkpt lat="53.847549409" lon="51.133731818">
  <ele>188.500000</ele>
  <time>2010-07-31T08:08:20Z</time>
</trkpt>
<trkpt lat="53.847633395" lon="51.134010348">
  <ele>189.414001</ele>
  <time>2010-07-31T08:08:21Z</time>
</trkpt>
<trkpt lat="53.847721070" lon="51.134284940">
  <ele>189.953995</ele>
  <time>2010-07-31T08:08:22Z</time>
</trkpt>
<trkpt lat="53.847801201" lon="51.134555843">
  <ele>190.623001</ele>
  <time>2010-07-31T08:08:23Z</time>
</trkpt>
<trkpt lat="53.847885104" lon="51.134826662">
  <ele>191.554001</ele>
  <time>2010-07-31T08:08:24Z</time>
</trkpt>
<trkpt lat="53.847972862" lon="51.135097481">
  <ele>192.470993</ele>
  <time>2010-07-31T08:08:25Z</time>
</trkpt>
<trkpt lat="53.848056765" lon="51.135368384">
  <ele>193.358994</ele>
  <time>2010-07-31T08:08:26Z</time>
</trkpt>
<trkpt lat="53.848144524" lon="51.135646831">
  <ele>194.192993</ele>
  <time>2010-07-31T08:08:27Z</time>
</trkpt>
<trkpt lat="53.848228427" lon="51.135929134">
  <ele>195.007004</ele>
  <time>2010-07-31T08:08:28Z</time>
</trkpt>
<trkpt lat="53.848312413" lon="51.136215208">
  <ele>195.682007</ele>
  <time>2010-07-31T08:08:29Z</time>
</trkpt>
<trkpt lat="53.848400088" lon="51.136501282">
  <ele>196.207993</ele>
  <time>2010-07-31T08:08:30Z</time>
</trkpt>
<trkpt lat="53.848491702" lon="51.136791212">
  <ele>196.798004</ele>
  <time>2010-07-31T08:08:31Z</time>
</trkpt>
<trkpt lat="53.848583233" lon="51.137084998">
  <ele>197.184998</ele>
  <time>2010-07-31T08:08:32Z</time>
</trkpt>
<trkpt lat="53.848678619" lon="51.137386328">
  <ele>197.707993</ele>
  <time>2010-07-31T08:08:33Z</time>
</trkpt>
<trkpt lat="53.848770149" lon="51.137691513">
  <ele>198.298996</ele>
  <time>2010-07-31T08:08:34Z</time>
</trkpt>
<trkpt lat="53.848865535" lon="51.137996698">
  <ele>198.876007</ele>
  <time>2010-07-31T08:08:35Z</time>
</trkpt>
<trkpt lat="53.848964693" lon="51.138301883">
  <ele>199.410995</ele>
  <time>2010-07-31T08:08:36Z</time>
</trkpt>
<trkpt lat="53.849060079" lon="51.138610840">
  <ele>199.761993</ele>
  <time>2010-07-31T08:08:37Z</time>
</trkpt>
<trkpt lat="53.849159237" lon="51.138927424">
  <ele>200.009995</ele>
  <time>2010-07-31T08:08:38Z</time>
</trkpt>
<trkpt lat="53.849258395" lon="51.139247864">
  <ele>200.244995</ele>
  <time>2010-07-31T08:08:39Z</time>
</trkpt>
<trkpt lat="53.849357637" lon="51.139568305">
  <ele>200.322006</ele>
  <time>2010-07-31T08:08:40Z</time>
</trkpt>
<trkpt lat="53.849456795" lon="51.139892600">
  <ele>200.682007</ele>
  <time>2010-07-31T08:08:41Z</time>
</trkpt>
<trkpt lat="53.849559808" lon="51.140224440">
  <ele>200.822006</ele>
  <time>2010-07-31T08:08:42Z</time>
</trkpt>
<trkpt lat="53.849666594" lon="51.140556363">
  <ele>201.039001</ele>
  <time>2010-07-31T08:08:43Z</time>
</trkpt>
<trkpt lat="53.849769607" lon="51.140892059">
  <ele>201.354004</ele>
  <time>2010-07-31T08:08:44Z</time>
</trkpt>
<trkpt lat="53.849872621" lon="51.141227754">
  <ele>201.397995</ele>
  <time>2010-07-31T08:08:45Z</time>
</trkpt>
<trkpt lat="53.849979406" lon="51.141563449">
  <ele>201.462006</ele>
  <time>2010-07-31T08:08:46Z</time>
</trkpt>
<trkpt lat="53.850086192" lon="51.141902916">
  <ele>201.654999</ele>
  <time>2010-07-31T08:08:47Z</time>
</trkpt>
<trkpt lat="53.850193061" lon="51.142246239">
  <ele>201.727005</ele>
  <time>2010-07-31T08:08:48Z</time>
</trkpt>
<trkpt lat="53.850303618" lon="51.142585790">
  <ele>202.011993</ele>
  <time>2010-07-31T08:08:49Z</time>
</trkpt>
<trkpt lat="53.850406632" lon="51.142921485">
  <ele>202.188995</ele>
  <time>2010-07-31T08:08:50Z</time>
</trkpt>
<trkpt lat="53.850513417" lon="51.143257180">
  <ele>202.375000</ele>
  <time>2010-07-31T08:08:51Z</time>
</trkpt>
<trkpt lat="53.850616431" lon="51.143592875">
  <ele>202.770996</ele>
  <time>2010-07-31T08:08:52Z</time>
</trkpt>
<trkpt lat="53.850719444" lon="51.143924715">
  <ele>202.899994</ele>
  <time>2010-07-31T08:08:53Z</time>
</trkpt>
<trkpt lat="53.850822458" lon="51.144252783">
  <ele>203.108002</ele>
  <time>2010-07-31T08:08:54Z</time>
</trkpt>
<trkpt lat="53.850921616" lon="51.144580850">
  <ele>203.113998</ele>
  <time>2010-07-31T08:08:55Z</time>
</trkpt>
<trkpt lat="53.851024630" lon="51.144912690">
  <ele>203.205994</ele>
  <time>2010-07-31T08:08:56Z</time>
</trkpt>
<trkpt lat="53.851123787" lon="51.145236986">
  <ele>203.393005</ele>
  <time>2010-07-31T08:08:57Z</time>
</trkpt>
<trkpt lat="53.851223029" lon="51.145553570">
  <ele>203.664001</ele>
  <time>2010-07-31T08:08:58Z</time>
</trkpt>
<trkpt lat="53.851318331" lon="51.145866383">
  <ele>203.832993</ele>
  <time>2010-07-31T08:08:59Z</time>
</trkpt>
<trkpt lat="53.851409946" lon="51.146160085">
  <ele>203.740005</ele>
  <time>2010-07-31T08:09:00Z</time>
</trkpt>
<trkpt lat="53.851493848" lon="51.146434760">
  <ele>203.742004</ele>
  <time>2010-07-31T08:09:01Z</time>
</trkpt>
<trkpt lat="53.851573979" lon="51.146690408">
  <ele>203.873993</ele>
  <time>2010-07-31T08:09:02Z</time>
</trkpt>
<trkpt lat="53.851650255" lon="51.146930717">
  <ele>203.875000</ele>
  <time>2010-07-31T08:09:03Z</time>
</trkpt>
<trkpt lat="53.851722758" lon="51.147171026">
  <ele>203.744995</ele>
  <time>2010-07-31T08:09:04Z</time>
</trkpt>
<trkpt lat="53.851795178" lon="51.147407563">
  <ele>203.626999</ele>
  <time>2010-07-31T08:09:05Z</time>
</trkpt>
<trkpt lat="53.851867681" lon="51.147640245">
  <ele>203.692993</ele>
  <time>2010-07-31T08:09:06Z</time>
</trkpt>
<trkpt lat="53.851940185" lon="51.147869071">
  <ele>203.740005</ele>
  <time>2010-07-31T08:09:07Z</time>
</trkpt>
<trkpt lat="53.852008833" lon="51.148097981">
  <ele>203.830002</ele>
  <time>2010-07-31T08:09:08Z</time>
</trkpt>
<trkpt lat="53.852077480" lon="51.148319263">
  <ele>203.964996</ele>
  <time>2010-07-31T08:09:09Z</time>
</trkpt>
<trkpt lat="53.852149984" lon="51.148548089">
  <ele>204.046997</ele>
  <time>2010-07-31T08:09:10Z</time>
</trkpt>
<trkpt lat="53.852218632" lon="51.148776999">
  <ele>204.203995</ele>
  <time>2010-07-31T08:09:11Z</time>
</trkpt>
<trkpt lat="53.852294907" lon="51.149017308">
  <ele>204.320999</ele>
  <time>2010-07-31T08:09:12Z</time>
</trkpt>
<trkpt lat="53.852371182" lon="51.149261473">
  <ele>204.285995</ele>
  <time>2010-07-31T08:09:13Z</time>
</trkpt>
<trkpt lat="53.852447541" lon="51.149520893">
  <ele>204.449005</ele>
  <time>2010-07-31T08:09:14Z</time>
</trkpt>
<trkpt lat="53.852531444" lon="51.149784084">
  <ele>204.451996</ele>
  <time>2010-07-31T08:09:15Z</time>
</trkpt>
<trkpt lat="53.852615347" lon="51.150054904">
  <ele>204.735001</ele>
  <time>2010-07-31T08:09:16Z</time>
</trkpt>
<trkpt lat="53.852699250" lon="51.150329579">
  <ele>204.904007</ele>
  <time>2010-07-31T08:09:17Z</time>
</trkpt>
<trkpt lat="53.852783237" lon="51.150611881">
  <ele>204.880997</ele>
  <time>2010-07-31T08:09:18Z</time>
</trkpt>
<trkpt lat="53.852870911" lon="51.150894184">
  <ele>204.895004</ele>
  <time>2010-07-31T08:09:19Z</time>
</trkpt>
<trkpt lat="53.852958670" lon="51.151180258">
  <ele>205.145004</ele>
  <time>2010-07-31T08:09:20Z</time>
</trkpt>
<trkpt lat="53.853050200" lon="51.151470188">
  <ele>205.261002</ele>
  <time>2010-07-31T08:09:21Z</time>
</trkpt>
<trkpt lat="53.853137959" lon="51.151760118">
  <ele>205.362000</ele>
  <time>2010-07-31T08:09:22Z</time>
</trkpt>
<trkpt lat="53.853225717" lon="51.152046192">
  <ele>205.709000</ele>
  <time>2010-07-31T08:09:23Z</time>
</trkpt>
<trkpt lat="53.853309620" lon="51.152332267">
  <ele>205.703003</ele>
  <time>2010-07-31T08:09:24Z</time>
</trkpt>
<trkpt lat="53.853397379" lon="51.152614569">
  <ele>205.785004</ele>
  <time>2010-07-31T08:09:25Z</time>
</trkpt>
<trkpt lat="53.853485137" lon="51.152896872">
  <ele>205.671997</ele>
  <time>2010-07-31T08:09:26Z</time>
</trkpt>
<trkpt lat="53.853572812" lon="51.153171547">
  <ele>205.729996</ele>
  <time>2010-07-31T08:09:27Z</time>
</trkpt>
<trkpt lat="53.853656799" lon="51.153446222">
  <ele>205.766006</ele>
  <time>2010-07-31T08:09:28Z</time>
</trkpt>
<trkpt lat="53.853736846" lon="51.153705558">
  <ele>205.850998</ele>
  <time>2010-07-31T08:09:29Z</time>
</trkpt>
<trkpt lat="53.853813205" lon="51.153945951">
  <ele>205.835007</ele>
  <time>2010-07-31T08:09:30Z</time>
</trkpt>
<trkpt lat="53.853881853" lon="51.154171005">
  <ele>205.815002</ele>
  <time>2010-07-31T08:09:31Z</time>
</trkpt>
<trkpt lat="53.853946645" lon="51.154384576">
  <ele>205.701004</ele>
  <time>2010-07-31T08:09:32Z</time>
</trkpt>
<trkpt lat="53.854011521" lon="51.154598230">
  <ele>205.723999</ele>
  <time>2010-07-31T08:09:33Z</time>
</trkpt>
<trkpt lat="53.854080169" lon="51.154808030">
  <ele>205.990997</ele>
  <time>2010-07-31T08:09:34Z</time>
</trkpt>
<trkpt lat="53.854145044" lon="51.155017829">
  <ele>206.016006</ele>
  <time>2010-07-31T08:09:35Z</time>
</trkpt>
<trkpt lat="53.854213692" lon="51.155231483">
  <ele>206.149002</ele>
  <time>2010-07-31T08:09:36Z</time>
</trkpt>
<trkpt lat="53.854282340" lon="51.155452766">
  <ele>206.244003</ele>
  <time>2010-07-31T08:09:37Z</time>
</trkpt>
<trkpt lat="53.854351072" lon="51.155677820">
  <ele>206.335999</ele>
  <time>2010-07-31T08:09:38Z</time>
</trkpt>
<trkpt lat="53.854419719" lon="51.155906646">
  <ele>206.556000</ele>
  <time>2010-07-31T08:09:39Z</time>
</trkpt>
<trkpt lat="53.854492223" lon="51.156143183">
  <ele>206.587006</ele>
  <time>2010-07-31T08:09:40Z</time>
</trkpt>
<trkpt lat="53.854564643" lon="51.156375865">
  <ele>206.606003</ele>
  <time>2010-07-31T08:09:41Z</time>
</trkpt>
<trkpt lat="53.854637146" lon="51.156620029">
  <ele>206.617996</ele>
  <time>2010-07-31T08:09:42Z</time>
</trkpt>
<trkpt lat="53.854713421" lon="51.156856567">
  <ele>206.613998</ele>
  <time>2010-07-31T08:09:43Z</time>
</trkpt>
<trkpt lat="53.854793552" lon="51.157100648">
  <ele>206.569000</ele>
  <time>2010-07-31T08:09:44Z</time>
</trkpt>
<trkpt lat="53.854869828" lon="51.157344813">
  <ele>206.363998</ele>
  <time>2010-07-31T08:09:45Z</time>
</trkpt>
<trkpt lat="53.854946103" lon="51.157585122">
  <ele>206.378998</ele>
  <time>2010-07-31T08:09:46Z</time>
</trkpt>
<trkpt lat="53.855018606" lon="51.157829287">
  <ele>206.197006</ele>
  <time>2010-07-31T08:09:47Z</time>
</trkpt>
<trkpt lat="53.855091110" lon="51.158065824">
  <ele>206.227005</ele>
  <time>2010-07-31T08:09:48Z</time>
</trkpt>
<trkpt lat="53.855163613" lon="51.158302277">
  <ele>206.210999</ele>
  <time>2010-07-31T08:09:49Z</time>
</trkpt>
<trkpt lat="53.855239889" lon="51.158542670">
  <ele>206.203003</ele>
  <time>2010-07-31T08:09:50Z</time>
</trkpt>
<trkpt lat="53.855319936" lon="51.158782979">
  <ele>206.192993</ele>
  <time>2010-07-31T08:09:51Z</time>
</trkpt>
<trkpt lat="53.855396295" lon="51.159023289">
  <ele>206.154999</ele>
  <time>2010-07-31T08:09:52Z</time>
</trkpt>
<trkpt lat="53.855476342" lon="51.159267453">
  <ele>206.052994</ele>
  <time>2010-07-31T08:09:53Z</time>
</trkpt>
<trkpt lat="53.855556473" lon="51.159511534">
  <ele>205.919006</ele>
  <time>2010-07-31T08:09:54Z</time>
</trkpt>
<trkpt lat="53.855636604" lon="51.159759555">
  <ele>206.001999</ele>
  <time>2010-07-31T08:09:55Z</time>
</trkpt>
<trkpt lat="53.855712879" lon="51.160003636">
  <ele>206.070999</ele>
  <time>2010-07-31T08:09:56Z</time>
</trkpt>
<trkpt lat="53.855789155" lon="51.160251657">
  <ele>206.048004</ele>
  <time>2010-07-31T08:09:57Z</time>
</trkpt>
<trkpt lat="53.855869286" lon="51.160503365">
  <ele>205.901001</ele>
  <time>2010-07-31T08:09:58Z</time>
</trkpt>
<trkpt lat="53.855949417" lon="51.160747530">
  <ele>205.755005</ele>
  <time>2010-07-31T08:09:59Z</time>
</trkpt>
<trkpt lat="53.856033320" lon="51.160984067">
  <ele>205.807007</ele>
  <time>2010-07-31T08:10:00Z</time>
</trkpt>
<trkpt lat="53.856109595" lon="51.161205266">
  <ele>205.712997</ele>
  <time>2010-07-31T08:10:01Z</time>
</trkpt>
<trkpt lat="53.856178243" lon="51.161399810">
  <ele>205.651993</ele>
  <time>2010-07-31T08:10:02Z</time>
</trkpt>
<trkpt lat="53.856231719" lon="51.161571471">
  <ele>205.578995</ele>
  <time>2010-07-31T08:10:03Z</time>
</trkpt>
<trkpt lat="53.856285112" lon="51.161716478">
  <ele>205.947006</ele>
  <time>2010-07-31T08:10:04Z</time>
</trkpt>
<trkpt lat="53.856323250" lon="51.161830891">
  <ele>206.391998</ele>
  <time>2010-07-31T08:10:05Z</time>
</trkpt>
<trkpt lat="53.856323250" lon="51.161903394">
  <ele>205.839996</ele>
  <time>2010-07-31T08:10:06Z</time>
</trkpt>
<trkpt lat="53.856311766" lon="51.161968270">
  <ele>205.789993</ele>
  <time>2010-07-31T08:10:07Z</time>
</trkpt>
<trkpt lat="53.856296511" lon="51.162036918">
  <ele>205.492996</ele>
  <time>2010-07-31T08:10:08Z</time>
</trkpt>
<trkpt lat="53.856277484" lon="51.162120821">
  <ele>205.376999</ele>
  <time>2010-07-31T08:10:09Z</time>
</trkpt>
<trkpt lat="53.856250746" lon="51.162204724">
  <ele>205.164993</ele>
  <time>2010-07-31T08:10:10Z</time>
</trkpt>
<trkpt lat="53.856227864" lon="51.162292482">
  <ele>204.998993</ele>
  <time>2010-07-31T08:10:11Z</time>
</trkpt>
<trkpt lat="53.856204981" lon="51.162391640">
  <ele>204.690002</ele>
  <time>2010-07-31T08:10:12Z</time>
</trkpt>
<trkpt lat="53.856185954" lon="51.162498510">
  <ele>204.610992</ele>
  <time>2010-07-31T08:10:13Z</time>
</trkpt>
<trkpt lat="53.856162988" lon="51.162601439">
  <ele>204.604004</ele>
  <time>2010-07-31T08:10:14Z</time>
</trkpt>
<trkpt lat="53.856136333" lon="51.162712080">
  <ele>204.445999</ele>
  <time>2010-07-31T08:10:15Z</time>
</trkpt>
<trkpt lat="53.856113451" lon="51.162826577">
  <ele>204.363998</ele>
  <time>2010-07-31T08:10:16Z</time>
</trkpt>
<trkpt lat="53.856086712" lon="51.162944762">
  <ele>204.197006</ele>
  <time>2010-07-31T08:10:17Z</time>
</trkpt>
<trkpt lat="53.856060058" lon="51.163066886">
  <ele>204.181000</ele>
  <time>2010-07-31T08:10:18Z</time>
</trkpt>
<trkpt lat="53.856037175" lon="51.163188927">
  <ele>203.802994</ele>
  <time>2010-07-31T08:10:19Z</time>
</trkpt>
<trkpt lat="53.856006581" lon="51.163318595">
  <ele>203.667007</ele>
  <time>2010-07-31T08:10:20Z</time>
</trkpt>
<trkpt lat="53.855976071" lon="51.163452119">
  <ele>203.455002</ele>
  <time>2010-07-31T08:10:21Z</time>
</trkpt>
<trkpt lat="53.855941789" lon="51.163585642">
  <ele>203.173996</ele>
  <time>2010-07-31T08:10:22Z</time>
</trkpt>
<trkpt lat="53.855911279" lon="51.163719166">
  <ele>202.701996</ele>
  <time>2010-07-31T08:10:23Z</time>
</trkpt>
<trkpt lat="53.855876913" lon="51.163841207">
  <ele>202.533005</ele>
  <time>2010-07-31T08:10:24Z</time>
</trkpt>
<trkpt lat="53.855850259" lon="51.163944220">
  <ele>202.201996</ele>
  <time>2010-07-31T08:10:25Z</time>
</trkpt>
<trkpt lat="53.855831148" lon="51.164031979">
  <ele>202.080994</ele>
  <time>2010-07-31T08:10:26Z</time>
</trkpt>
<trkpt lat="53.855808266" lon="51.164112110">
  <ele>202.128998</ele>
  <time>2010-07-31T08:10:27Z</time>
</trkpt>
<trkpt lat="53.855789155" lon="51.164188385">
  <ele>202.345993</ele>
  <time>2010-07-31T08:10:28Z</time>
</trkpt>
<trkpt lat="53.855770128" lon="51.164257033">
  <ele>202.304993</ele>
  <time>2010-07-31T08:10:29Z</time>
</trkpt>
<trkpt lat="53.855751017" lon="51.164314281">
  <ele>202.309006</ele>
  <time>2010-07-31T08:10:30Z</time>
</trkpt>
<trkpt lat="53.855731990" lon="51.164371530">
  <ele>202.117004</ele>
  <time>2010-07-31T08:10:31Z</time>
</trkpt>
<trkpt lat="53.855720507" lon="51.164421067">
  <ele>202.164993</ele>
  <time>2010-07-31T08:10:32Z</time>
</trkpt>
<trkpt lat="53.855709108" lon="51.164463060">
  <ele>202.041000</ele>
  <time>2010-07-31T08:10:33Z</time>
</trkpt>
<trkpt lat="53.855701480" lon="51.164501198">
  <ele>202.445007</ele>
  <time>2010-07-31T08:10:34Z</time>
</trkpt>
<trkpt lat="53.855689997" lon="51.164543191">
  <ele>202.315994</ele>
  <time>2010-07-31T08:10:35Z</time>
</trkpt>
<trkpt lat="53.855674742" lon="51.164588956">
  <ele>202.442993</ele>
  <time>2010-07-31T08:10:36Z</time>
</trkpt>
<trkpt lat="53.855663259" lon="51.164630866">
  <ele>202.552994</ele>
  <time>2010-07-31T08:10:37Z</time>
</trkpt>
<trkpt lat="53.855663259" lon="51.164669003">
  <ele>202.358002</ele>
  <time>2010-07-31T08:10:38Z</time>
</trkpt>
<trkpt lat="53.855663259" lon="51.164699513">
  <ele>202.488998</ele>
  <time>2010-07-31T08:10:39Z</time>
</trkpt>
<trkpt lat="53.855667114" lon="51.164710997">
  <ele>202.507996</ele>
  <time>2010-07-31T08:10:40Z</time>
</trkpt>
<trkpt lat="53.855667114" lon="51.164718624">
  <ele>202.494003</ele>
  <time>2010-07-31T08:10:41Z</time>
</trkpt>
<trkpt lat="53.855670970" lon="51.164726252">
  <ele>202.470001</ele>
  <time>2010-07-31T08:11:23Z</time>
</trkpt>
<trkpt lat="53.855674742" lon="51.164741507">
  <ele>202.360992</ele>
  <time>2010-07-31T08:11:24Z</time>
</trkpt>
<trkpt lat="53.855678597" lon="51.164764389">
  <ele>202.136002</ele>
  <time>2010-07-31T08:11:25Z</time>
</trkpt>
<trkpt lat="53.855686225" lon="51.164783500">
  <ele>202.393005</ele>
  <time>2010-07-31T08:11:26Z</time>
</trkpt>
<trkpt lat="53.855689997" lon="51.164783500">
  <ele>202.328995</ele>
  <time>2010-07-31T08:11:30Z</time>
</trkpt>
<trkpt lat="53.855689997" lon="51.164787272">
  <ele>202.358994</ele>
  <time>2010-07-31T08:17:10Z</time>
</trkpt>
<trkpt lat="53.855701480" lon="51.164802527">
  <ele>202.673004</ele>
  <time>2010-07-31T08:17:11Z</time>
</trkpt>
<trkpt lat="53.855716735" lon="51.164814010">
  <ele>202.925003</ele>
  <time>2010-07-31T08:17:12Z</time>
</trkpt>
<trkpt lat="53.855731990" lon="51.164829265">
  <ele>202.959000</ele>
  <time>2010-07-31T08:17:13Z</time>
</trkpt>
<trkpt lat="53.855743390" lon="51.164859775">
  <ele>202.703995</ele>
  <time>2010-07-31T08:17:14Z</time>
</trkpt>
<trkpt lat="53.855754873" lon="51.164894141">
  <ele>202.600998</ele>
  <time>2010-07-31T08:17:15Z</time>
</trkpt>
<trkpt lat="53.855766272" lon="51.164928423">
  <ele>202.330994</ele>
  <time>2010-07-31T08:17:16Z</time>
</trkpt>
<trkpt lat="53.855777755" lon="51.164955162">
  <ele>201.996994</ele>
  <time>2010-07-31T08:17:17Z</time>
</trkpt>
<trkpt lat="53.855789155" lon="51.164981816">
  <ele>201.723007</ele>
  <time>2010-07-31T08:17:18Z</time>
</trkpt>
<trkpt lat="53.855796782" lon="51.165008554">
  <ele>201.507996</ele>
  <time>2010-07-31T08:17:19Z</time>
</trkpt>
<trkpt lat="53.855808266" lon="51.165031437">
  <ele>201.296005</ele>
  <time>2010-07-31T08:17:20Z</time>
</trkpt>
<trkpt lat="53.855823521" lon="51.165054319">
  <ele>201.126007</ele>
  <time>2010-07-31T08:17:21Z</time>
</trkpt>
<trkpt lat="53.855842631" lon="51.165077202">
  <ele>201.186996</ele>
  <time>2010-07-31T08:17:22Z</time>
</trkpt>
<trkpt lat="53.855861658" lon="51.165100085">
  <ele>201.548996</ele>
  <time>2010-07-31T08:17:23Z</time>
</trkpt>
<trkpt lat="53.855884541" lon="51.165119195">
  <ele>201.811996</ele>
  <time>2010-07-31T08:17:24Z</time>
</trkpt>
<trkpt lat="53.855903652" lon="51.165138222">
  <ele>201.856995</ele>
  <time>2010-07-31T08:17:25Z</time>
</trkpt>
<trkpt lat="53.855926534" lon="51.165161105">
  <ele>201.710007</ele>
  <time>2010-07-31T08:17:26Z</time>
</trkpt>
<trkpt lat="53.855957044" lon="51.165183987">
  <ele>201.634995</ele>
  <time>2010-07-31T08:17:27Z</time>
</trkpt>
<trkpt lat="53.855987554" lon="51.165203098">
  <ele>201.335999</ele>
  <time>2010-07-31T08:17:28Z</time>
</trkpt>
<trkpt lat="53.856014293" lon="51.165218353">
  <ele>200.794998</ele>
  <time>2010-07-31T08:17:29Z</time>
</trkpt>
<trkpt lat="53.856048575" lon="51.165233608">
  <ele>200.847000</ele>
  <time>2010-07-31T08:17:30Z</time>
</trkpt>
<trkpt lat="53.856075313" lon="51.165248863">
  <ele>200.557007</ele>
  <time>2010-07-31T08:17:31Z</time>
</trkpt>
<trkpt lat="53.856105823" lon="51.165267974">
  <ele>200.686005</ele>
  <time>2010-07-31T08:17:32Z</time>
</trkpt>
<trkpt lat="53.856128706" lon="51.165290857">
  <ele>200.554001</ele>
  <time>2010-07-31T08:17:33Z</time>
</trkpt>
<trkpt lat="53.856155360" lon="51.165309884">
  <ele>200.751999</ele>
  <time>2010-07-31T08:17:34Z</time>
</trkpt>
<trkpt lat="53.856182098" lon="51.165325139">
  <ele>200.725006</ele>
  <time>2010-07-31T08:17:35Z</time>
</trkpt>
<trkpt lat="53.856208837" lon="51.165336622">
  <ele>200.654999</ele>
  <time>2010-07-31T08:17:36Z</time>
</trkpt>
<trkpt lat="53.856235491" lon="51.165348021">
  <ele>200.625000</ele>
  <time>2010-07-31T08:17:37Z</time>
</trkpt>
<trkpt lat="53.856262229" lon="51.165355649">
  <ele>200.574997</ele>
  <time>2010-07-31T08:17:38Z</time>
</trkpt>
<trkpt lat="53.856288884" lon="51.165370904">
  <ele>200.701004</ele>
  <time>2010-07-31T08:17:39Z</time>
</trkpt>
<trkpt lat="53.856311766" lon="51.165382387">
  <ele>200.764999</ele>
  <time>2010-07-31T08:17:40Z</time>
</trkpt>
<trkpt lat="53.856338505" lon="51.165397642">
  <ele>200.792007</ele>
  <time>2010-07-31T08:17:41Z</time>
</trkpt>
<trkpt lat="53.856365243" lon="51.165416753">
  <ele>200.757004</ele>
  <time>2010-07-31T08:17:42Z</time>
</trkpt>
<trkpt lat="53.856395753" lon="51.165424380">
  <ele>201.042999</ele>
  <time>2010-07-31T08:17:43Z</time>
</trkpt>
<trkpt lat="53.856422408" lon="51.165439636">
  <ele>201.479004</ele>
  <time>2010-07-31T08:17:44Z</time>
</trkpt>
<trkpt lat="53.856456773" lon="51.165451035">
  <ele>201.701004</ele>
  <time>2010-07-31T08:17:45Z</time>
</trkpt>
<trkpt lat="53.856483428" lon="51.165470146">
  <ele>201.934998</ele>
  <time>2010-07-31T08:17:46Z</time>
</trkpt>
<trkpt lat="53.856510166" lon="51.165481545">
  <ele>201.815994</ele>
  <time>2010-07-31T08:17:47Z</time>
</trkpt>
<trkpt lat="53.856540676" lon="51.165496800">
  <ele>201.959000</ele>
  <time>2010-07-31T08:17:48Z</time>
</trkpt>
<trkpt lat="53.856567414" lon="51.165508283">
  <ele>201.792999</ele>
  <time>2010-07-31T08:17:49Z</time>
</trkpt>
<trkpt lat="53.856594069" lon="51.165519683">
  <ele>202.184006</ele>
  <time>2010-07-31T08:17:50Z</time>
</trkpt>
<trkpt lat="53.856620807" lon="51.165527310">
  <ele>202.154999</ele>
  <time>2010-07-31T08:17:51Z</time>
</trkpt>
<trkpt lat="53.856651317" lon="51.165538793">
  <ele>202.093002</ele>
  <time>2010-07-31T08:17:52Z</time>
</trkpt>
<trkpt lat="53.856685599" lon="51.165557820">
  <ele>201.908997</ele>
  <time>2010-07-31T08:17:53Z</time>
</trkpt>
<trkpt lat="53.856731448" lon="51.165573159">
  <ele>201.923004</ele>
  <time>2010-07-31T08:17:54Z</time>
</trkpt>
<trkpt lat="53.856780985" lon="51.165592186">
  <ele>202.151993</ele>
  <time>2010-07-31T08:17:55Z</time>
</trkpt>
<trkpt lat="53.856830606" lon="51.165618924">
  <ele>202.332993</ele>
  <time>2010-07-31T08:17:56Z</time>
</trkpt>
<trkpt lat="53.856887855" lon="51.165637951">
  <ele>202.473007</ele>
  <time>2010-07-31T08:17:57Z</time>
</trkpt>
<trkpt lat="53.856941247" lon="51.165657062">
  <ele>202.404999</ele>
  <time>2010-07-31T08:17:58Z</time>
</trkpt>
<trkpt lat="53.857002268" lon="51.165679945">
  <ele>202.304993</ele>
  <time>2010-07-31T08:17:59Z</time>
</trkpt>
<trkpt lat="53.857063288" lon="51.165710455">
  <ele>202.238007</ele>
  <time>2010-07-31T08:18:00Z</time>
</trkpt>
<trkpt lat="53.857131936" lon="51.165744821">
  <ele>202.201996</ele>
  <time>2010-07-31T08:18:01Z</time>
</trkpt>
<trkpt lat="53.857200583" lon="51.165771475">
  <ele>202.298996</ele>
  <time>2010-07-31T08:18:02Z</time>
</trkpt>
<trkpt lat="53.857265459" lon="51.165805841">
  <ele>202.432007</ele>
  <time>2010-07-31T08:18:03Z</time>
</trkpt>
<trkpt lat="53.857334107" lon="51.165836351">
  <ele>202.537003</ele>
  <time>2010-07-31T08:18:04Z</time>
</trkpt>
<trkpt lat="53.857398983" lon="51.165866861">
  <ele>202.699997</ele>
  <time>2010-07-31T08:18:05Z</time>
</trkpt>
<trkpt lat="53.857460003" lon="51.165889744">
  <ele>202.755005</ele>
  <time>2010-07-31T08:18:06Z</time>
</trkpt>
<trkpt lat="53.857524879" lon="51.165904999">
  <ele>202.804001</ele>
  <time>2010-07-31T08:18:07Z</time>
</trkpt>
<trkpt lat="53.857585900" lon="51.165904999">
  <ele>202.656006</ele>
  <time>2010-07-31T08:18:08Z</time>
</trkpt>
<trkpt lat="53.857639292" lon="51.165912626">
  <ele>202.556000</ele>
  <time>2010-07-31T08:18:09Z</time>
</trkpt>
<trkpt lat="53.857685057" lon="51.165924110">
  <ele>202.598007</ele>
  <time>2010-07-31T08:18:10Z</time>
</trkpt>
<trkpt lat="53.857723195" lon="51.165946992">
  <ele>202.703995</ele>
  <time>2010-07-31T08:18:11Z</time>
</trkpt>
<trkpt lat="53.857761417" lon="51.165973647">
  <ele>203.095993</ele>
  <time>2010-07-31T08:18:12Z</time>
</trkpt>
<trkpt lat="53.857791927" lon="51.166011784">
  <ele>203.268997</ele>
  <time>2010-07-31T08:18:13Z</time>
</trkpt>
<trkpt lat="53.857830064" lon="51.166069033">
  <ele>203.487000</ele>
  <time>2010-07-31T08:18:14Z</time>
</trkpt>
<trkpt lat="53.857864346" lon="51.166137680">
  <ele>203.578003</ele>
  <time>2010-07-31T08:18:15Z</time>
</trkpt>
<trkpt lat="53.857906340" lon="51.166221583">
  <ele>203.503998</ele>
  <time>2010-07-31T08:18:16Z</time>
</trkpt>
<trkpt lat="53.857944477" lon="51.166328453">
  <ele>203.447006</ele>
  <time>2010-07-31T08:18:17Z</time>
</trkpt>
<trkpt lat="53.857990243" lon="51.166446721">
  <ele>203.324005</ele>
  <time>2010-07-31T08:18:18Z</time>
</trkpt>
<trkpt lat="53.858043635" lon="51.166580161">
  <ele>203.291000</ele>
  <time>2010-07-31T08:18:19Z</time>
</trkpt>
<trkpt lat="53.858100884" lon="51.166732796">
  <ele>203.339005</ele>
  <time>2010-07-31T08:18:20Z</time>
</trkpt>
<trkpt lat="53.858161904" lon="51.166896829">
  <ele>203.473007</ele>
  <time>2010-07-31T08:18:21Z</time>
</trkpt>
<trkpt lat="53.858230552" lon="51.167079890">
  <ele>203.606995</ele>
  <time>2010-07-31T08:18:22Z</time>
</trkpt>
<trkpt lat="53.858299283" lon="51.167274434">
  <ele>203.496994</ele>
  <time>2010-07-31T08:18:23Z</time>
</trkpt>
<trkpt lat="53.858371703" lon="51.167476689">
  <ele>203.382996</ele>
  <time>2010-07-31T08:18:24Z</time>
</trkpt>
<trkpt lat="53.858444206" lon="51.167682633">
  <ele>203.294006</ele>
  <time>2010-07-31T08:18:25Z</time>
</trkpt>
<trkpt lat="53.858516710" lon="51.167900059">
  <ele>203.130005</ele>
  <time>2010-07-31T08:18:26Z</time>
</trkpt>
<trkpt lat="53.858592985" lon="51.168121342">
  <ele>203.233002</ele>
  <time>2010-07-31T08:18:27Z</time>
</trkpt>
<trkpt lat="53.858676888" lon="51.168350251">
  <ele>203.179993</ele>
  <time>2010-07-31T08:18:28Z</time>
</trkpt>
<trkpt lat="53.858757019" lon="51.168586705">
  <ele>203.141998</ele>
  <time>2010-07-31T08:18:29Z</time>
</trkpt>
<trkpt lat="53.858844778" lon="51.168827098">
  <ele>202.990997</ele>
  <time>2010-07-31T08:18:30Z</time>
</trkpt>
<trkpt lat="53.858928680" lon="51.169078806">
  <ele>202.929993</ele>
  <time>2010-07-31T08:18:31Z</time>
</trkpt>
<trkpt lat="53.859016439" lon="51.169334371">
  <ele>202.802002</ele>
  <time>2010-07-31T08:18:32Z</time>
</trkpt>
<trkpt lat="53.859107969" lon="51.169597646">
  <ele>202.550003</ele>
  <time>2010-07-31T08:18:33Z</time>
</trkpt>
<trkpt lat="53.859203355" lon="51.169864694">
  <ele>202.598007</ele>
  <time>2010-07-31T08:18:34Z</time>
</trkpt>
<trkpt lat="53.859298741" lon="51.170139285">
  <ele>202.539001</ele>
  <time>2010-07-31T08:18:35Z</time>
</trkpt>
<trkpt lat="53.859397899" lon="51.170413960">
  <ele>202.688995</ele>
  <time>2010-07-31T08:18:36Z</time>
</trkpt>
<trkpt lat="53.859493285" lon="51.170692407">
  <ele>203.029007</ele>
  <time>2010-07-31T08:18:37Z</time>
</trkpt>
<trkpt lat="53.859596215" lon="51.170970937">
  <ele>203.399994</ele>
  <time>2010-07-31T08:18:38Z</time>
</trkpt>
<trkpt lat="53.859691601" lon="51.171249384">
  <ele>203.731003</ele>
  <time>2010-07-31T08:18:39Z</time>
</trkpt>
<trkpt lat="53.859794615" lon="51.171531687">
  <ele>204.000000</ele>
  <time>2010-07-31T08:18:40Z</time>
</trkpt>
<trkpt lat="53.859893773" lon="51.171817761">
  <ele>204.046997</ele>
  <time>2010-07-31T08:18:41Z</time>
</trkpt>
<trkpt lat="53.859996786" lon="51.172103919">
  <ele>204.128006</ele>
  <time>2010-07-31T08:18:42Z</time>
</trkpt>
<trkpt lat="53.860095944" lon="51.172389993">
  <ele>204.130005</ele>
  <time>2010-07-31T08:18:43Z</time>
</trkpt>
<trkpt lat="53.860198958" lon="51.172672296">
  <ele>204.000000</ele>
  <time>2010-07-31T08:18:44Z</time>
</trkpt>
<trkpt lat="53.860298116" lon="51.172958370">
  <ele>203.975006</ele>
  <time>2010-07-31T08:18:45Z</time>
</trkpt>
<trkpt lat="53.860401129" lon="51.173248300">
  <ele>203.929001</ele>
  <time>2010-07-31T08:18:46Z</time>
</trkpt>
<trkpt lat="53.860500371" lon="51.173534375">
  <ele>203.671997</ele>
  <time>2010-07-31T08:18:47Z</time>
</trkpt>
<trkpt lat="53.860603301" lon="51.173824305">
  <ele>203.412994</ele>
  <time>2010-07-31T08:18:48Z</time>
</trkpt>
<trkpt lat="53.860710170" lon="51.174118007">
  <ele>203.289993</ele>
  <time>2010-07-31T08:18:49Z</time>
</trkpt>
<trkpt lat="53.860813100" lon="51.174415564">
  <ele>203.074005</ele>
  <time>2010-07-31T08:18:50Z</time>
</trkpt>
<trkpt lat="53.860919969" lon="51.174716977">
  <ele>202.632996</ele>
  <time>2010-07-31T08:18:51Z</time>
</trkpt>
<trkpt lat="53.861026755" lon="51.175025934">
  <ele>202.242996</ele>
  <time>2010-07-31T08:18:52Z</time>
</trkpt>
<trkpt lat="53.861133540" lon="51.175338747">
  <ele>201.781006</ele>
  <time>2010-07-31T08:18:53Z</time>
</trkpt>
<trkpt lat="53.861248037" lon="51.175662959">
  <ele>201.281998</ele>
  <time>2010-07-31T08:18:54Z</time>
</trkpt>
<trkpt lat="53.861358678" lon="51.175987255">
  <ele>200.641998</ele>
  <time>2010-07-31T08:18:55Z</time>
</trkpt>
<trkpt lat="53.861473091" lon="51.176311467">
  <ele>199.718002</ele>
  <time>2010-07-31T08:18:56Z</time>
</trkpt>
<trkpt lat="53.861583732" lon="51.176643390">
  <ele>198.699005</ele>
  <time>2010-07-31T08:18:57Z</time>
</trkpt>
<trkpt lat="53.861702001" lon="51.176975230">
  <ele>197.557007</ele>
  <time>2010-07-31T08:18:58Z</time>
</trkpt>
<trkpt lat="53.861820186" lon="51.177310925">
  <ele>196.238007</ele>
  <time>2010-07-31T08:18:59Z</time>
</trkpt>
<trkpt lat="53.861938454" lon="51.177642848">
  <ele>195.020004</ele>
  <time>2010-07-31T08:19:00Z</time>
</trkpt>
<trkpt lat="53.862056723" lon="51.177978544">
  <ele>194.018997</ele>
  <time>2010-07-31T08:19:01Z</time>
</trkpt>
<trkpt lat="53.862171136" lon="51.178306611">
  <ele>192.972000</ele>
  <time>2010-07-31T08:19:02Z</time>
</trkpt>
<trkpt lat="53.862289404" lon="51.178638451">
  <ele>191.774994</ele>
  <time>2010-07-31T08:19:03Z</time>
</trkpt>
<trkpt lat="53.862403901" lon="51.178966518">
  <ele>190.438004</ele>
  <time>2010-07-31T08:19:04Z</time>
</trkpt>
<trkpt lat="53.862518314" lon="51.179298442">
  <ele>189.341995</ele>
  <time>2010-07-31T08:19:05Z</time>
</trkpt>
<trkpt lat="53.862636583" lon="51.179626426">
  <ele>188.233994</ele>
  <time>2010-07-31T08:19:06Z</time>
</trkpt>
<trkpt lat="53.862750996" lon="51.179962121">
  <ele>186.865005</ele>
  <time>2010-07-31T08:19:07Z</time>
</trkpt>
<trkpt lat="53.862869265" lon="51.180301672">
  <ele>185.429993</ele>
  <time>2010-07-31T08:19:08Z</time>
</trkpt>
<trkpt lat="53.862991305" lon="51.180644995">
  <ele>184.033005</ele>
  <time>2010-07-31T08:19:09Z</time>
</trkpt>
<trkpt lat="53.863113429" lon="51.180992089">
  <ele>182.520996</ele>
  <time>2010-07-31T08:19:10Z</time>
</trkpt>
<trkpt lat="53.863235470" lon="51.181346895">
  <ele>181.003998</ele>
  <time>2010-07-31T08:19:11Z</time>
</trkpt>
<trkpt lat="53.863357510" lon="51.181701701">
  <ele>179.535995</ele>
  <time>2010-07-31T08:19:12Z</time>
</trkpt>
<trkpt lat="53.863483407" lon="51.182060279">
  <ele>177.908005</ele>
  <time>2010-07-31T08:19:13Z</time>
</trkpt>
<trkpt lat="53.863613158" lon="51.182422629">
  <ele>176.352997</ele>
  <time>2010-07-31T08:19:14Z</time>
</trkpt>
<trkpt lat="53.863742827" lon="51.182788834">
  <ele>174.953003</ele>
  <time>2010-07-31T08:19:15Z</time>
</trkpt>
<trkpt lat="53.863872495" lon="51.183155039">
  <ele>173.729996</ele>
  <time>2010-07-31T08:19:16Z</time>
</trkpt>
<trkpt lat="53.864002246" lon="51.183525100">
  <ele>172.643997</ele>
  <time>2010-07-31T08:19:17Z</time>
</trkpt>
<trkpt lat="53.864131914" lon="51.183895078">
  <ele>171.585999</ele>
  <time>2010-07-31T08:19:18Z</time>
</trkpt>
<trkpt lat="53.864261666" lon="51.184261283">
  <ele>170.763000</ele>
  <time>2010-07-31T08:19:19Z</time>
</trkpt>
<trkpt lat="53.864391334" lon="51.184627572">
  <ele>170.026993</ele>
  <time>2010-07-31T08:19:20Z</time>
</trkpt>
<trkpt lat="53.864517231" lon="51.184993777">
  <ele>169.272995</ele>
  <time>2010-07-31T08:19:21Z</time>
</trkpt>
<trkpt lat="53.864646899" lon="51.185359983">
  <ele>168.289993</ele>
  <time>2010-07-31T08:19:22Z</time>
</trkpt>
<trkpt lat="53.864776650" lon="51.185729960">
  <ele>167.384003</ele>
  <time>2010-07-31T08:19:23Z</time>
</trkpt>
<trkpt lat="53.864906318" lon="51.186096165">
  <ele>166.677994</ele>
  <time>2010-07-31T08:19:24Z</time>
</trkpt>
<trkpt lat="53.865032215" lon="51.186462371">
  <ele>165.983002</ele>
  <time>2010-07-31T08:19:25Z</time>
</trkpt>
<trkpt lat="53.865161883" lon="51.186828576">
  <ele>165.281998</ele>
  <time>2010-07-31T08:19:26Z</time>
</trkpt>
<trkpt lat="53.865291635" lon="51.187194865">
  <ele>164.468002</ele>
  <time>2010-07-31T08:19:27Z</time>
</trkpt>
<trkpt lat="53.865421303" lon="51.187564842">
  <ele>163.656006</ele>
  <time>2010-07-31T08:19:28Z</time>
</trkpt>
<trkpt lat="53.865550971" lon="51.187934903">
  <ele>162.283997</ele>
  <time>2010-07-31T08:19:29Z</time>
</trkpt>
<trkpt lat="53.865680723" lon="51.188304881">
  <ele>160.729004</ele>
  <time>2010-07-31T08:19:30Z</time>
</trkpt>
<trkpt lat="53.865810391" lon="51.188678714">
  <ele>159.154999</ele>
  <time>2010-07-31T08:19:31Z</time>
</trkpt>
<trkpt lat="53.865943914" lon="51.189056402">
  <ele>157.574005</ele>
  <time>2010-07-31T08:19:32Z</time>
</trkpt>
<trkpt lat="53.866077438" lon="51.189434091">
  <ele>156.033005</ele>
  <time>2010-07-31T08:19:33Z</time>
</trkpt>
<trkpt lat="53.866207106" lon="51.189811695">
  <ele>154.684998</ele>
  <time>2010-07-31T08:19:34Z</time>
</trkpt>
<trkpt lat="53.866340630" lon="51.190193156">
  <ele>153.395004</ele>
  <time>2010-07-31T08:19:35Z</time>
</trkpt>
<trkpt lat="53.866470298" lon="51.190570844">
  <ele>152.005997</ele>
  <time>2010-07-31T08:19:36Z</time>
</trkpt>
<trkpt lat="53.866603822" lon="51.190948449">
  <ele>150.382996</ele>
  <time>2010-07-31T08:19:37Z</time>
</trkpt>
<trkpt lat="53.866733573" lon="51.191322366">
  <ele>148.688995</ele>
  <time>2010-07-31T08:19:38Z</time>
</trkpt>
<trkpt lat="53.866867097" lon="51.191699971">
  <ele>147.169998</ele>
  <time>2010-07-31T08:19:39Z</time>
</trkpt>
<trkpt lat="53.867000621" lon="51.192073803">
  <ele>145.835999</ele>
  <time>2010-07-31T08:19:40Z</time>
</trkpt>
<trkpt lat="53.867126433" lon="51.192440009">
  <ele>144.324997</ele>
  <time>2010-07-31T08:19:41Z</time>
</trkpt>
<trkpt lat="53.867252329" lon="51.192794815">
  <ele>142.906998</ele>
  <time>2010-07-31T08:19:42Z</time>
</trkpt>
<trkpt lat="53.867378226" lon="51.193145765">
  <ele>141.783997</ele>
  <time>2010-07-31T08:19:43Z</time>
</trkpt>
<trkpt lat="53.867500266" lon="51.193496715">
  <ele>140.529007</ele>
  <time>2010-07-31T08:19:44Z</time>
</trkpt>
<trkpt lat="53.867622390" lon="51.193847666">
  <ele>139.341003</ele>
  <time>2010-07-31T08:19:45Z</time>
</trkpt>
<trkpt lat="53.867748287" lon="51.194198616">
  <ele>138.319000</ele>
  <time>2010-07-31T08:19:46Z</time>
</trkpt>
<trkpt lat="53.867870327" lon="51.194549566">
  <ele>137.414993</ele>
  <time>2010-07-31T08:19:47Z</time>
</trkpt>
<trkpt lat="53.867996223" lon="51.194900516">
  <ele>136.701004</ele>
  <time>2010-07-31T08:19:48Z</time>
</trkpt>
<trkpt lat="53.868118264" lon="51.195251467">
  <ele>136.003998</ele>
  <time>2010-07-31T08:19:49Z</time>
</trkpt>
<trkpt lat="53.868244160" lon="51.195602417">
  <ele>135.472000</ele>
  <time>2010-07-31T08:19:50Z</time>
</trkpt>
<trkpt lat="53.868370056" lon="51.195953367">
  <ele>135.143997</ele>
  <time>2010-07-31T08:19:51Z</time>
</trkpt>
<trkpt lat="53.868492097" lon="51.196296690">
  <ele>134.828995</ele>
  <time>2010-07-31T08:19:52Z</time>
</trkpt>
<trkpt lat="53.868610365" lon="51.196643868">
  <ele>134.559006</ele>
  <time>2010-07-31T08:19:53Z</time>
</trkpt>
<trkpt lat="53.868728634" lon="51.196987191">
  <ele>134.406998</ele>
  <time>2010-07-31T08:19:54Z</time>
</trkpt>
<trkpt lat="53.868850674" lon="51.197322886">
  <ele>134.231003</ele>
  <time>2010-07-31T08:19:55Z</time>
</trkpt>
<trkpt lat="53.868965171" lon="51.197658498">
  <ele>134.115997</ele>
  <time>2010-07-31T08:19:56Z</time>
</trkpt>
<trkpt lat="53.869079584" lon="51.197986566">
  <ele>133.953995</ele>
  <time>2010-07-31T08:19:57Z</time>
</trkpt>
<trkpt lat="53.869193997" lon="51.198314633">
  <ele>133.824997</ele>
  <time>2010-07-31T08:19:58Z</time>
</trkpt>
<trkpt lat="53.869308494" lon="51.198635073">
  <ele>133.697998</ele>
  <time>2010-07-31T08:19:59Z</time>
</trkpt>
<trkpt lat="53.869419135" lon="51.198955514">
  <ele>133.434998</ele>
  <time>2010-07-31T08:20:00Z</time>
</trkpt>
<trkpt lat="53.869529692" lon="51.199268326">
  <ele>133.406998</ele>
  <time>2010-07-31T08:20:01Z</time>
</trkpt>
<trkpt lat="53.869636562" lon="51.199577367">
  <ele>133.078995</ele>
  <time>2010-07-31T08:20:02Z</time>
</trkpt>
<trkpt lat="53.869743347" lon="51.199882468">
  <ele>132.768005</ele>
  <time>2010-07-31T08:20:03Z</time>
</trkpt>
<trkpt lat="53.869850133" lon="51.200187653">
  <ele>132.298004</ele>
  <time>2010-07-31T08:20:04Z</time>
</trkpt>
<trkpt lat="53.869957002" lon="51.200485211">
  <ele>132.076996</ele>
  <time>2010-07-31T08:20:05Z</time>
</trkpt>
<trkpt lat="53.870059932" lon="51.200782768">
  <ele>131.820999</ele>
  <time>2010-07-31T08:20:06Z</time>
</trkpt>
<trkpt lat="53.870159173" lon="51.201076470">
  <ele>131.643005</ele>
  <time>2010-07-31T08:20:07Z</time>
</trkpt>
<trkpt lat="53.870262187" lon="51.201370256">
  <ele>131.371002</ele>
  <time>2010-07-31T08:20:08Z</time>
</trkpt>
<trkpt lat="53.870365117" lon="51.201656330">
  <ele>131.143005</ele>
  <time>2010-07-31T08:20:09Z</time>
</trkpt>
<trkpt lat="53.870468130" lon="51.201942405">
  <ele>130.636002</ele>
  <time>2010-07-31T08:20:10Z</time>
</trkpt>
<trkpt lat="53.870563516" lon="51.202224707">
  <ele>130.246002</ele>
  <time>2010-07-31T08:20:11Z</time>
</trkpt>
<trkpt lat="53.870666530" lon="51.202503238">
  <ele>129.675003</ele>
  <time>2010-07-31T08:20:12Z</time>
</trkpt>
<trkpt lat="53.870765688" lon="51.202785457">
  <ele>129.029007</ele>
  <time>2010-07-31T08:20:13Z</time>
</trkpt>
<trkpt lat="53.870864846" lon="51.203067759">
  <ele>128.423004</ele>
  <time>2010-07-31T08:20:14Z</time>
</trkpt>
<trkpt lat="53.870964088" lon="51.203350062">
  <ele>127.929001</ele>
  <time>2010-07-31T08:20:15Z</time>
</trkpt>
<trkpt lat="53.871063245" lon="51.203628508">
  <ele>127.417999</ele>
  <time>2010-07-31T08:20:16Z</time>
</trkpt>
<trkpt lat="53.871166259" lon="51.203910811">
  <ele>126.809998</ele>
  <time>2010-07-31T08:20:17Z</time>
</trkpt>
<trkpt lat="53.871265417" lon="51.204189342">
  <ele>126.128998</ele>
  <time>2010-07-31T08:20:18Z</time>
</trkpt>
<trkpt lat="53.871364575" lon="51.204467788">
  <ele>125.267998</ele>
  <time>2010-07-31T08:20:19Z</time>
</trkpt>
<trkpt lat="53.871463817" lon="51.204750091">
  <ele>124.467003</ele>
  <time>2010-07-31T08:20:20Z</time>
</trkpt>
<trkpt lat="53.871562975" lon="51.205028538">
  <ele>123.998001</ele>
  <time>2010-07-31T08:20:21Z</time>
</trkpt>
<trkpt lat="53.871658361" lon="51.205306984">
  <ele>123.484001</ele>
  <time>2010-07-31T08:20:22Z</time>
</trkpt>
<trkpt lat="53.871753663" lon="51.205581659">
  <ele>123.036003</ele>
  <time>2010-07-31T08:20:23Z</time>
</trkpt>
<trkpt lat="53.871852905" lon="51.205856334">
  <ele>122.367996</ele>
  <time>2010-07-31T08:20:24Z</time>
</trkpt>
<trkpt lat="53.871948207" lon="51.206131009">
  <ele>121.815002</ele>
  <time>2010-07-31T08:20:25Z</time>
</trkpt>
<trkpt lat="53.872043593" lon="51.206401829">
  <ele>121.413002</ele>
  <time>2010-07-31T08:20:26Z</time>
</trkpt>
<trkpt lat="53.872135123" lon="51.206676504">
  <ele>121.137001</ele>
  <time>2010-07-31T08:20:27Z</time>
</trkpt>
<trkpt lat="53.872230509" lon="51.206943551">
  <ele>120.962997</ele>
  <time>2010-07-31T08:20:28Z</time>
</trkpt>
<trkpt lat="53.872322123" lon="51.207210515">
  <ele>120.651001</ele>
  <time>2010-07-31T08:20:29Z</time>
</trkpt>
<trkpt lat="53.872417426" lon="51.207477562">
  <ele>120.140999</ele>
  <time>2010-07-31T08:20:30Z</time>
</trkpt>
<trkpt lat="53.872512812" lon="51.207744610">
  <ele>119.858002</ele>
  <time>2010-07-31T08:20:31Z</time>
</trkpt>
<trkpt lat="53.872608198" lon="51.208011657">
  <ele>119.605003</ele>
  <time>2010-07-31T08:20:32Z</time>
</trkpt>
<trkpt lat="53.872703584" lon="51.208274849">
  <ele>119.405998</ele>
  <time>2010-07-31T08:20:33Z</time>
</trkpt>
<trkpt lat="53.872795114" lon="51.208541896">
  <ele>118.977997</ele>
  <time>2010-07-31T08:20:34Z</time>
</trkpt>
<trkpt lat="53.872886645" lon="51.208812715">
  <ele>118.634003</ele>
  <time>2010-07-31T08:20:35Z</time>
</trkpt>
<trkpt lat="53.872982031" lon="51.209079763">
  <ele>118.272003</ele>
  <time>2010-07-31T08:20:36Z</time>
</trkpt>
<trkpt lat="53.873077417" lon="51.209350582">
  <ele>117.757004</ele>
  <time>2010-07-31T08:20:37Z</time>
</trkpt>
<trkpt lat="53.873172719" lon="51.209621402">
  <ele>117.417000</ele>
  <time>2010-07-31T08:20:38Z</time>
</trkpt>
<trkpt lat="53.873268105" lon="51.209892305">
  <ele>116.856003</ele>
  <time>2010-07-31T08:20:39Z</time>
</trkpt>
<trkpt lat="53.873363491" lon="51.210166896">
  <ele>116.347000</ele>
  <time>2010-07-31T08:20:40Z</time>
</trkpt>
<trkpt lat="53.873462649" lon="51.210441571">
  <ele>115.864998</ele>
  <time>2010-07-31T08:20:41Z</time>
</trkpt>
<trkpt lat="53.873561891" lon="51.210712474">
  <ele>115.487999</ele>
  <time>2010-07-31T08:20:42Z</time>
</trkpt>
<trkpt lat="53.873661049" lon="51.210987065">
  <ele>115.007004</ele>
  <time>2010-07-31T08:20:43Z</time>
</trkpt>
<trkpt lat="53.873760207" lon="51.211265596">
  <ele>114.470001</ele>
  <time>2010-07-31T08:20:44Z</time>
</trkpt>
<trkpt lat="53.873863220" lon="51.211544042">
  <ele>113.817001</ele>
  <time>2010-07-31T08:20:45Z</time>
</trkpt>
<trkpt lat="53.873958606" lon="51.211830117">
  <ele>113.504997</ele>
  <time>2010-07-31T08:20:46Z</time>
</trkpt>
<trkpt lat="53.874061620" lon="51.212112419">
  <ele>112.885002</ele>
  <time>2010-07-31T08:20:47Z</time>
</trkpt>
<trkpt lat="53.874160778" lon="51.212398494">
  <ele>112.301003</ele>
  <time>2010-07-31T08:20:48Z</time>
</trkpt>
<trkpt lat="53.874267563" lon="51.212688424">
  <ele>111.869003</ele>
  <time>2010-07-31T08:20:49Z</time>
</trkpt>
<trkpt lat="53.874374349" lon="51.212985981">
  <ele>111.469002</ele>
  <time>2010-07-31T08:20:50Z</time>
</trkpt>
<trkpt lat="53.874473590" lon="51.213283539">
  <ele>111.170998</ele>
  <time>2010-07-31T08:20:51Z</time>
</trkpt>
<trkpt lat="53.874576604" lon="51.213573469">
  <ele>110.747002</ele>
  <time>2010-07-31T08:20:52Z</time>
</trkpt>
<trkpt lat="53.874679534" lon="51.213863399">
  <ele>110.412003</ele>
  <time>2010-07-31T08:20:53Z</time>
</trkpt>
<trkpt lat="53.874782547" lon="51.214149473">
  <ele>110.112999</ele>
  <time>2010-07-31T08:20:54Z</time>
</trkpt>
<trkpt lat="53.874881705" lon="51.214435548">
  <ele>109.721001</ele>
  <time>2010-07-31T08:20:55Z</time>
</trkpt>
<trkpt lat="53.874980947" lon="51.214717850">
  <ele>109.345001</ele>
  <time>2010-07-31T08:20:56Z</time>
</trkpt>
<trkpt lat="53.875080105" lon="51.215000153">
  <ele>109.038002</ele>
  <time>2010-07-31T08:20:57Z</time>
</trkpt>
<trkpt lat="53.875175491" lon="51.215274828">
  <ele>108.706001</ele>
  <time>2010-07-31T08:20:58Z</time>
</trkpt>
<trkpt lat="53.875270877" lon="51.215549503">
  <ele>108.554001</ele>
  <time>2010-07-31T08:20:59Z</time>
</trkpt>
<trkpt lat="53.875362407" lon="51.215816466">
  <ele>108.314003</ele>
  <time>2010-07-31T08:21:00Z</time>
</trkpt>
<trkpt lat="53.875457793" lon="51.216083514">
  <ele>108.259003</ele>
  <time>2010-07-31T08:21:01Z</time>
</trkpt>
<trkpt lat="53.875553096" lon="51.216350561">
  <ele>108.108002</ele>
  <time>2010-07-31T08:21:02Z</time>
</trkpt>
<trkpt lat="53.875640854" lon="51.216617608">
  <ele>107.934998</ele>
  <time>2010-07-31T08:21:03Z</time>
</trkpt>
<trkpt lat="53.875732385" lon="51.216880800">
  <ele>107.636002</ele>
  <time>2010-07-31T08:21:04Z</time>
</trkpt>
<trkpt lat="53.875823999" lon="51.217140220">
  <ele>107.398003</ele>
  <time>2010-07-31T08:21:05Z</time>
</trkpt>
<trkpt lat="53.875915529" lon="51.217395784">
  <ele>107.144997</ele>
  <time>2010-07-31T08:21:06Z</time>
</trkpt>
<trkpt lat="53.876007060" lon="51.217655204">
  <ele>106.813004</ele>
  <time>2010-07-31T08:21:07Z</time>
</trkpt>
<trkpt lat="53.876098674" lon="51.217918396">
  <ele>106.795998</ele>
  <time>2010-07-31T08:21:08Z</time>
</trkpt>
<trkpt lat="53.876190204" lon="51.218181588">
  <ele>106.703003</ele>
  <time>2010-07-31T08:21:09Z</time>
</trkpt>
<trkpt lat="53.876277963" lon="51.218437236">
  <ele>106.639999</ele>
  <time>2010-07-31T08:21:10Z</time>
</trkpt>
<trkpt lat="53.876365637" lon="51.218696572">
  <ele>106.320999</ele>
  <time>2010-07-31T08:21:11Z</time>
</trkpt>
<trkpt lat="53.876457252" lon="51.218952220">
  <ele>105.792000</ele>
  <time>2010-07-31T08:21:12Z</time>
</trkpt>
<trkpt lat="53.876548782" lon="51.219207784">
  <ele>105.518997</ele>
  <time>2010-07-31T08:21:13Z</time>
</trkpt>
<trkpt lat="53.876636541" lon="51.219459493">
  <ele>105.116997</ele>
  <time>2010-07-31T08:21:14Z</time>
</trkpt>
<trkpt lat="53.876728071" lon="51.219715141">
  <ele>104.782997</ele>
  <time>2010-07-31T08:21:15Z</time>
</trkpt>
<trkpt lat="53.876819601" lon="51.219966849">
  <ele>104.250999</ele>
  <time>2010-07-31T08:21:16Z</time>
</trkpt>
<trkpt lat="53.876907360" lon="51.220222497">
  <ele>104.001999</ele>
  <time>2010-07-31T08:21:17Z</time>
</trkpt>
<trkpt lat="53.876995118" lon="51.220474206">
  <ele>103.485001</ele>
  <time>2010-07-31T08:21:18Z</time>
</trkpt>
<trkpt lat="53.877086649" lon="51.220729854">
  <ele>103.158997</ele>
  <time>2010-07-31T08:21:19Z</time>
</trkpt>
<trkpt lat="53.877170552" lon="51.220977791">
  <ele>102.913002</ele>
  <time>2010-07-31T08:21:20Z</time>
</trkpt>
<trkpt lat="53.877258310" lon="51.221225727">
  <ele>102.578003</ele>
  <time>2010-07-31T08:21:21Z</time>
</trkpt>
<trkpt lat="53.877346069" lon="51.221473664">
  <ele>102.277000</ele>
  <time>2010-07-31T08:21:22Z</time>
</trkpt>
<trkpt lat="53.877429971" lon="51.221721685">
  <ele>101.936996</ele>
  <time>2010-07-31T08:21:23Z</time>
</trkpt>
<trkpt lat="53.877525358" lon="51.221969621">
  <ele>101.885002</ele>
  <time>2010-07-31T08:21:24Z</time>
</trkpt>
<trkpt lat="53.877620660" lon="51.222225185">
  <ele>101.804001</ele>
  <time>2010-07-31T08:21:25Z</time>
</trkpt>
<trkpt lat="53.877723673" lon="51.222488377">
  <ele>101.689003</ele>
  <time>2010-07-31T08:21:26Z</time>
</trkpt>
<trkpt lat="53.877826687" lon="51.222763052">
  <ele>101.335999</ele>
  <time>2010-07-31T08:21:27Z</time>
</trkpt>
<trkpt lat="53.877933472" lon="51.223049127">
  <ele>101.248001</ele>
  <time>2010-07-31T08:21:28Z</time>
</trkpt>
<trkpt lat="53.878036486" lon="51.223346684">
  <ele>100.952003</ele>
  <time>2010-07-31T08:21:29Z</time>
</trkpt>
<trkpt lat="53.878139500" lon="51.223651869">
  <ele>100.964996</ele>
  <time>2010-07-31T08:21:30Z</time>
</trkpt>
<trkpt lat="53.878234886" lon="51.223957054">
  <ele>100.928001</ele>
  <time>2010-07-31T08:21:31Z</time>
</trkpt>
<trkpt lat="53.878337899" lon="51.224266011">
  <ele>100.971001</ele>
  <time>2010-07-31T08:21:32Z</time>
</trkpt>
<trkpt lat="53.878437057" lon="51.224567425">
  <ele>101.030998</ele>
  <time>2010-07-31T08:21:33Z</time>
</trkpt>
<trkpt lat="53.878536215" lon="51.224864982">
  <ele>101.058998</ele>
  <time>2010-07-31T08:21:34Z</time>
</trkpt>
<trkpt lat="53.878635373" lon="51.225154912">
  <ele>100.935997</ele>
  <time>2010-07-31T08:21:35Z</time>
</trkpt>
<trkpt lat="53.878730759" lon="51.225440986">
  <ele>100.904999</ele>
  <time>2010-07-31T08:21:36Z</time>
</trkpt>
<trkpt lat="53.878822289" lon="51.225708034">
  <ele>100.766998</ele>
  <time>2010-07-31T08:21:37Z</time>
</trkpt>
<trkpt lat="53.878910048" lon="51.225955971">
  <ele>100.690002</ele>
  <time>2010-07-31T08:21:38Z</time>
</trkpt>
<trkpt lat="53.878993951" lon="51.226192508">
  <ele>100.705002</ele>
  <time>2010-07-31T08:21:39Z</time>
</trkpt>
<trkpt lat="53.879070310" lon="51.226421334">
  <ele>100.790001</ele>
  <time>2010-07-31T08:21:40Z</time>
</trkpt>
<trkpt lat="53.879146585" lon="51.226638760">
  <ele>100.643997</ele>
  <time>2010-07-31T08:21:41Z</time>
</trkpt>
<trkpt lat="53.879215233" lon="51.226840932">
  <ele>100.512001</ele>
  <time>2010-07-31T08:21:42Z</time>
</trkpt>
<trkpt lat="53.879291508" lon="51.227043187">
  <ele>100.149002</ele>
  <time>2010-07-31T08:21:43Z</time>
</trkpt>
<trkpt lat="53.879364012" lon="51.227241503">
  <ele>99.870003</ele>
  <time>2010-07-31T08:21:44Z</time>
</trkpt>
<trkpt lat="53.879436515" lon="51.227439903">
  <ele>99.696999</ele>
  <time>2010-07-31T08:21:45Z</time>
</trkpt>
<trkpt lat="53.879508935" lon="51.227638219">
  <ele>99.430000</ele>
  <time>2010-07-31T08:21:46Z</time>
</trkpt>
<trkpt lat="53.879577667" lon="51.227836618">
  <ele>99.230003</ele>
  <time>2010-07-31T08:21:47Z</time>
</trkpt>
<trkpt lat="53.879650086" lon="51.228031162">
  <ele>99.259003</ele>
  <time>2010-07-31T08:21:48Z</time>
</trkpt>
<trkpt lat="53.879714962" lon="51.228229562">
  <ele>99.150002</ele>
  <time>2010-07-31T08:21:49Z</time>
</trkpt>
<trkpt lat="53.879783610" lon="51.228427878">
  <ele>99.050003</ele>
  <time>2010-07-31T08:21:50Z</time>
</trkpt>
<trkpt lat="53.879856113" lon="51.228618650">
  <ele>98.900002</ele>
  <time>2010-07-31T08:21:51Z</time>
</trkpt>
<trkpt lat="53.879920989" lon="51.228813194">
  <ele>98.753998</ele>
  <time>2010-07-31T08:21:52Z</time>
</trkpt>
<trkpt lat="53.879985781" lon="51.229003882">
  <ele>98.570000</ele>
  <time>2010-07-31T08:21:53Z</time>
</trkpt>
<trkpt lat="53.880054513" lon="51.229198426">
  <ele>98.528999</ele>
  <time>2010-07-31T08:21:54Z</time>
</trkpt>
<trkpt lat="53.880123161" lon="51.229392970">
  <ele>98.226997</ele>
  <time>2010-07-31T08:21:55Z</time>
</trkpt>
<trkpt lat="53.880191809" lon="51.229583742">
  <ele>98.022003</ele>
  <time>2010-07-31T08:21:56Z</time>
</trkpt>
<trkpt lat="53.880256684" lon="51.229774514">
  <ele>98.004997</ele>
  <time>2010-07-31T08:21:57Z</time>
</trkpt>
<trkpt lat="53.880325332" lon="51.229965203">
  <ele>97.852997</ele>
  <time>2010-07-31T08:21:58Z</time>
</trkpt>
<trkpt lat="53.880393980" lon="51.230155975">
  <ele>97.897003</ele>
  <time>2010-07-31T08:21:59Z</time>
</trkpt>
<trkpt lat="53.880462628" lon="51.230346663">
  <ele>97.653000</ele>
  <time>2010-07-31T08:22:00Z</time>
</trkpt>
<trkpt lat="53.880531276" lon="51.230537435">
  <ele>97.286003</ele>
  <time>2010-07-31T08:22:01Z</time>
</trkpt>
<trkpt lat="53.880600007" lon="51.230728123">
  <ele>96.933998</ele>
  <time>2010-07-31T08:22:02Z</time>
</trkpt>
<trkpt lat="53.880668655" lon="51.230926523">
  <ele>96.619003</ele>
  <time>2010-07-31T08:22:03Z</time>
</trkpt>
<trkpt lat="53.880733531" lon="51.231124839">
  <ele>96.216003</ele>
  <time>2010-07-31T08:22:04Z</time>
</trkpt>
<trkpt lat="53.880802179" lon="51.231323238">
  <ele>95.737000</ele>
  <time>2010-07-31T08:22:05Z</time>
</trkpt>
<trkpt lat="53.880870827" lon="51.231514011">
  <ele>95.254997</ele>
  <time>2010-07-31T08:22:06Z</time>
</trkpt>
<trkpt lat="53.880939474" lon="51.231708555">
  <ele>94.775002</ele>
  <time>2010-07-31T08:22:07Z</time>
</trkpt>
<trkpt lat="53.881011978" lon="51.231906870">
  <ele>94.245003</ele>
  <time>2010-07-31T08:22:08Z</time>
</trkpt>
<trkpt lat="53.881080626" lon="51.232109042">
  <ele>93.731003</ele>
  <time>2010-07-31T08:22:09Z</time>
</trkpt>
<trkpt lat="53.881153129" lon="51.232315069">
  <ele>93.195000</ele>
  <time>2010-07-31T08:22:10Z</time>
</trkpt>
<trkpt lat="53.881221777" lon="51.232517241">
  <ele>92.772003</ele>
  <time>2010-07-31T08:22:11Z</time>
</trkpt>
<trkpt lat="53.881290425" lon="51.232711785">
  <ele>92.424004</ele>
  <time>2010-07-31T08:22:12Z</time>
</trkpt>
<trkpt lat="53.881355301" lon="51.232894929">
  <ele>92.113998</ele>
  <time>2010-07-31T08:22:13Z</time>
</trkpt>
<trkpt lat="53.881420176" lon="51.233070362">
  <ele>91.689003</ele>
  <time>2010-07-31T08:22:14Z</time>
</trkpt>
<trkpt lat="53.881473569" lon="51.233238252">
  <ele>91.403000</ele>
  <time>2010-07-31T08:22:15Z</time>
</trkpt>
<trkpt lat="53.881526962" lon="51.233398430">
  <ele>90.944000</ele>
  <time>2010-07-31T08:22:16Z</time>
</trkpt>
<trkpt lat="53.881580355" lon="51.233547209">
  <ele>90.544998</ele>
  <time>2010-07-31T08:22:17Z</time>
</trkpt>
<trkpt lat="53.881633747" lon="51.233699759">
  <ele>89.986000</ele>
  <time>2010-07-31T08:22:18Z</time>
</trkpt>
<trkpt lat="53.881690996" lon="51.233856166">
  <ele>89.559998</ele>
  <time>2010-07-31T08:22:19Z</time>
</trkpt>
<trkpt lat="53.881744388" lon="51.234012572">
  <ele>89.064003</ele>
  <time>2010-07-31T08:22:20Z</time>
</trkpt>
<trkpt lat="53.881801637" lon="51.234172834">
  <ele>88.746002</ele>
  <time>2010-07-31T08:22:21Z</time>
</trkpt>
<trkpt lat="53.881858801" lon="51.234333012">
  <ele>88.319000</ele>
  <time>2010-07-31T08:22:22Z</time>
</trkpt>
<trkpt lat="53.881916050" lon="51.234493274">
  <ele>87.843002</ele>
  <time>2010-07-31T08:22:23Z</time>
</trkpt>
<trkpt lat="53.881969443" lon="51.234638197">
  <ele>87.456001</ele>
  <time>2010-07-31T08:22:24Z</time>
</trkpt>
<trkpt lat="53.882019063" lon="51.234783204">
  <ele>87.038002</ele>
  <time>2010-07-31T08:22:25Z</time>
</trkpt>
<trkpt lat="53.882064829" lon="51.234920500">
  <ele>86.722000</ele>
  <time>2010-07-31T08:22:26Z</time>
</trkpt>
<trkpt lat="53.882114450" lon="51.235054024">
  <ele>86.203003</ele>
  <time>2010-07-31T08:22:27Z</time>
</trkpt>
<trkpt lat="53.882160215" lon="51.235183692">
  <ele>85.760002</ele>
  <time>2010-07-31T08:22:28Z</time>
</trkpt>
<trkpt lat="53.882205980" lon="51.235313443">
  <ele>85.274002</ele>
  <time>2010-07-31T08:22:29Z</time>
</trkpt>
<trkpt lat="53.882251745" lon="51.235443112">
  <ele>85.022003</ele>
  <time>2010-07-31T08:22:30Z</time>
</trkpt>
<trkpt lat="53.882293738" lon="51.235576635">
  <ele>84.774002</ele>
  <time>2010-07-31T08:22:31Z</time>
</trkpt>
<trkpt lat="53.882339504" lon="51.235710159">
  <ele>84.311996</ele>
  <time>2010-07-31T08:22:32Z</time>
</trkpt>
<trkpt lat="53.882385269" lon="51.235839827">
  <ele>83.999001</ele>
  <time>2010-07-31T08:22:33Z</time>
</trkpt>
<trkpt lat="53.882427178" lon="51.235969579">
  <ele>83.583000</ele>
  <time>2010-07-31T08:22:34Z</time>
</trkpt>
<trkpt lat="53.882469172" lon="51.236095391">
  <ele>83.163002</ele>
  <time>2010-07-31T08:22:35Z</time>
</trkpt>
<trkpt lat="53.882514937" lon="51.236221287">
  <ele>82.699997</ele>
  <time>2010-07-31T08:22:36Z</time>
</trkpt>
<trkpt lat="53.882556930" lon="51.236343412">
  <ele>82.393997</ele>
  <time>2010-07-31T08:22:37Z</time>
</trkpt>
<trkpt lat="53.882602695" lon="51.236476935">
  <ele>82.346001</ele>
  <time>2010-07-31T08:22:38Z</time>
</trkpt>
<trkpt lat="53.882648461" lon="51.236606603">
  <ele>82.028000</ele>
  <time>2010-07-31T08:22:39Z</time>
</trkpt>
<trkpt lat="53.882694226" lon="51.236740127">
  <ele>81.858002</ele>
  <time>2010-07-31T08:22:40Z</time>
</trkpt>
<trkpt lat="53.882739991" lon="51.236873651">
  <ele>81.632004</ele>
  <time>2010-07-31T08:22:41Z</time>
</trkpt>
<trkpt lat="53.882789612" lon="51.237014802">
  <ele>81.343002</ele>
  <time>2010-07-31T08:22:42Z</time>
</trkpt>
<trkpt lat="53.882835377" lon="51.237159725">
  <ele>80.921997</ele>
  <time>2010-07-31T08:22:43Z</time>
</trkpt>
<trkpt lat="53.882884998" lon="51.237308504">
  <ele>80.564003</ele>
  <time>2010-07-31T08:22:44Z</time>
</trkpt>
<trkpt lat="53.882934535" lon="51.237453427">
  <ele>80.204002</ele>
  <time>2010-07-31T08:22:45Z</time>
</trkpt>
<trkpt lat="53.882984156" lon="51.237602206">
  <ele>79.762001</ele>
  <time>2010-07-31T08:22:46Z</time>
</trkpt>
<trkpt lat="53.883041404" lon="51.237754840">
  <ele>79.351997</ele>
  <time>2010-07-31T08:22:47Z</time>
</trkpt>
<trkpt lat="53.883094797" lon="51.237915019">
  <ele>78.889999</ele>
  <time>2010-07-31T08:22:48Z</time>
</trkpt>
<trkpt lat="53.883155817" lon="51.238082908">
  <ele>78.414001</ele>
  <time>2010-07-31T08:22:49Z</time>
</trkpt>
<trkpt lat="53.883216837" lon="51.238258341">
  <ele>77.875000</ele>
  <time>2010-07-31T08:22:50Z</time>
</trkpt>
<trkpt lat="53.883281713" lon="51.238449113">
  <ele>77.417000</ele>
  <time>2010-07-31T08:22:51Z</time>
</trkpt>
<trkpt lat="53.883354217" lon="51.238643657">
  <ele>77.016998</ele>
  <time>2010-07-31T08:22:52Z</time>
</trkpt>
<trkpt lat="53.883422865" lon="51.238841973">
  <ele>76.636002</ele>
  <time>2010-07-31T08:22:53Z</time>
</trkpt>
<trkpt lat="53.883495368" lon="51.239048000">
  <ele>76.239998</ele>
  <time>2010-07-31T08:22:54Z</time>
</trkpt>
<trkpt lat="53.883567788" lon="51.239257799">
  <ele>75.783997</ele>
  <time>2010-07-31T08:22:55Z</time>
</trkpt>
<trkpt lat="53.883640291" lon="51.239467598">
  <ele>75.304001</ele>
  <time>2010-07-31T08:22:56Z</time>
</trkpt>
<trkpt lat="53.883716566" lon="51.239677398">
  <ele>74.723999</ele>
  <time>2010-07-31T08:22:57Z</time>
</trkpt>
<trkpt lat="53.883789070" lon="51.239887197">
  <ele>74.507004</ele>
  <time>2010-07-31T08:22:58Z</time>
</trkpt>
<trkpt lat="53.883861573" lon="51.240097079">
  <ele>74.191002</ele>
  <time>2010-07-31T08:22:59Z</time>
</trkpt>
<trkpt lat="53.883937849" lon="51.240306878">
  <ele>74.011002</ele>
  <time>2010-07-31T08:23:00Z</time>
</trkpt>
<trkpt lat="53.884010352" lon="51.240516677">
  <ele>73.913002</ele>
  <time>2010-07-31T08:23:01Z</time>
</trkpt>
<trkpt lat="53.884086628" lon="51.240726477">
  <ele>73.678001</ele>
  <time>2010-07-31T08:23:02Z</time>
</trkpt>
<trkpt lat="53.884162903" lon="51.240943903">
  <ele>73.635002</ele>
  <time>2010-07-31T08:23:03Z</time>
</trkpt>
<trkpt lat="53.884239178" lon="51.241157558">
  <ele>73.601997</ele>
  <time>2010-07-31T08:23:04Z</time>
</trkpt>
<trkpt lat="53.884315453" lon="51.241374984">
  <ele>73.508003</ele>
  <time>2010-07-31T08:23:05Z</time>
</trkpt>
<trkpt lat="53.884391813" lon="51.241596183">
  <ele>73.294998</ele>
  <time>2010-07-31T08:23:06Z</time>
</trkpt>
<trkpt lat="53.884468088" lon="51.241809838">
  <ele>73.056999</ele>
  <time>2010-07-31T08:23:07Z</time>
</trkpt>
<trkpt lat="53.884544363" lon="51.242023492">
  <ele>72.916000</ele>
  <time>2010-07-31T08:23:08Z</time>
</trkpt>
<trkpt lat="53.884624494" lon="51.242233291">
  <ele>72.892998</ele>
  <time>2010-07-31T08:23:09Z</time>
</trkpt>
<trkpt lat="53.884700770" lon="51.242446862">
  <ele>73.010002</ele>
  <time>2010-07-31T08:23:10Z</time>
</trkpt>
<trkpt lat="53.884773273" lon="51.242656745">
  <ele>73.258003</ele>
  <time>2010-07-31T08:23:11Z</time>
</trkpt>
<trkpt lat="53.884849548" lon="51.242874172">
  <ele>73.417999</ele>
  <time>2010-07-31T08:23:12Z</time>
</trkpt>
<trkpt lat="53.884925824" lon="51.243091598">
  <ele>73.565002</ele>
  <time>2010-07-31T08:23:13Z</time>
</trkpt>
<trkpt lat="53.885002099" lon="51.243305169">
  <ele>73.749001</ele>
  <time>2010-07-31T08:23:14Z</time>
</trkpt>
<trkpt lat="53.885078458" lon="51.243522679">
  <ele>73.900002</ele>
  <time>2010-07-31T08:23:15Z</time>
</trkpt>
<trkpt lat="53.885150878" lon="51.243732478">
  <ele>73.913002</ele>
  <time>2010-07-31T08:23:16Z</time>
</trkpt>
<trkpt lat="53.885227237" lon="51.243942278">
  <ele>73.960999</ele>
  <time>2010-07-31T08:23:17Z</time>
</trkpt>
<trkpt lat="53.885303512" lon="51.244152077">
  <ele>73.989998</ele>
  <time>2010-07-31T08:23:18Z</time>
</trkpt>
<trkpt lat="53.885379788" lon="51.244369503">
  <ele>74.200996</ele>
  <time>2010-07-31T08:23:19Z</time>
</trkpt>
<trkpt lat="53.885456063" lon="51.244579302">
  <ele>74.507004</ele>
  <time>2010-07-31T08:23:20Z</time>
</trkpt>
<trkpt lat="53.885528566" lon="51.244789101">
  <ele>74.676003</ele>
  <time>2010-07-31T08:23:21Z</time>
</trkpt>
<trkpt lat="53.885604842" lon="51.245002756">
  <ele>74.739998</ele>
  <time>2010-07-31T08:23:22Z</time>
</trkpt>
<trkpt lat="53.885677345" lon="51.245212555">
  <ele>74.815002</ele>
  <time>2010-07-31T08:23:23Z</time>
</trkpt>
<trkpt lat="53.885753620" lon="51.245426210">
  <ele>74.945999</ele>
  <time>2010-07-31T08:23:24Z</time>
</trkpt>
<trkpt lat="53.885826124" lon="51.245636009">
  <ele>75.008003</ele>
  <time>2010-07-31T08:23:25Z</time>
</trkpt>
<trkpt lat="53.885898627" lon="51.245838180">
  <ele>74.928001</ele>
  <time>2010-07-31T08:23:26Z</time>
</trkpt>
<trkpt lat="53.885974903" lon="51.246040352">
  <ele>74.987000</ele>
  <time>2010-07-31T08:23:27Z</time>
</trkpt>
<trkpt lat="53.886047322" lon="51.246242523">
  <ele>74.839996</ele>
  <time>2010-07-31T08:23:28Z</time>
</trkpt>
<trkpt lat="53.886119826" lon="51.246437067">
  <ele>74.960999</ele>
  <time>2010-07-31T08:23:29Z</time>
</trkpt>
<trkpt lat="53.886188474" lon="51.246635467">
  <ele>74.800003</ele>
  <time>2010-07-31T08:23:30Z</time>
</trkpt>
<trkpt lat="53.886257205" lon="51.246833783">
  <ele>74.656998</ele>
  <time>2010-07-31T08:23:31Z</time>
</trkpt>
<trkpt lat="53.886329625" lon="51.247035954">
  <ele>74.524002</ele>
  <time>2010-07-31T08:23:32Z</time>
</trkpt>
<trkpt lat="53.886398356" lon="51.247234354">
  <ele>74.153999</ele>
  <time>2010-07-31T08:23:33Z</time>
</trkpt>
<trkpt lat="53.886470776" lon="51.247436525">
  <ele>73.973999</ele>
  <time>2010-07-31T08:23:34Z</time>
</trkpt>
<trkpt lat="53.886543280" lon="51.247642552">
  <ele>73.559998</ele>
  <time>2010-07-31T08:23:35Z</time>
</trkpt>
<trkpt lat="53.886611927" lon="51.247848496">
  <ele>73.119003</ele>
  <time>2010-07-31T08:23:36Z</time>
</trkpt>
<trkpt lat="53.886684431" lon="51.248050667">
  <ele>72.720001</ele>
  <time>2010-07-31T08:23:37Z</time>
</trkpt>
<trkpt lat="53.886756934" lon="51.248256695">
  <ele>72.403999</ele>
  <time>2010-07-31T08:23:38Z</time>
</trkpt>
<trkpt lat="53.886825582" lon="51.248462638">
  <ele>71.990997</ele>
  <time>2010-07-31T08:23:39Z</time>
</trkpt>
<trkpt lat="53.886898002" lon="51.248664893">
  <ele>71.706001</ele>
  <time>2010-07-31T08:23:40Z</time>
</trkpt>
<trkpt lat="53.886966733" lon="51.248870837">
  <ele>71.278999</ele>
  <time>2010-07-31T08:23:41Z</time>
</trkpt>
<trkpt lat="53.887039153" lon="51.249076864">
  <ele>71.052002</ele>
  <time>2010-07-31T08:23:42Z</time>
</trkpt>
<trkpt lat="53.887111656" lon="51.249282807">
  <ele>70.714996</ele>
  <time>2010-07-31T08:23:43Z</time>
</trkpt>
<trkpt lat="53.887176532" lon="51.249488834">
  <ele>70.475998</ele>
  <time>2010-07-31T08:23:44Z</time>
</trkpt>
<trkpt lat="53.887245180" lon="51.249694861">
  <ele>70.067001</ele>
  <time>2010-07-31T08:23:45Z</time>
</trkpt>
<trkpt lat="53.887317684" lon="51.249900805">
  <ele>69.820999</ele>
  <time>2010-07-31T08:23:46Z</time>
</trkpt>
<trkpt lat="53.887390103" lon="51.250106832">
  <ele>69.489998</ele>
  <time>2010-07-31T08:23:47Z</time>
</trkpt>
<trkpt lat="53.887458835" lon="51.250305148">
  <ele>69.042000</ele>
  <time>2010-07-31T08:23:48Z</time>
</trkpt>
<trkpt lat="53.887527483" lon="51.250507319">
  <ele>68.699997</ele>
  <time>2010-07-31T08:23:49Z</time>
</trkpt>
<trkpt lat="53.887599986" lon="51.250705719">
  <ele>68.179001</ele>
  <time>2010-07-31T08:23:50Z</time>
</trkpt>
<trkpt lat="53.887668634" lon="51.250911746">
  <ele>67.794998</ele>
  <time>2010-07-31T08:23:51Z</time>
</trkpt>
<trkpt lat="53.887741053" lon="51.251121545">
  <ele>67.183998</ele>
  <time>2010-07-31T08:23:52Z</time>
</trkpt>
<trkpt lat="53.887821184" lon="51.251346599">
  <ele>66.683998</ele>
  <time>2010-07-31T08:23:53Z</time>
</trkpt>
<trkpt lat="53.887908943" lon="51.251583137">
  <ele>66.218002</ele>
  <time>2010-07-31T08:23:54Z</time>
</trkpt>
<trkpt lat="53.887996702" lon="51.251823446">
  <ele>65.776001</ele>
  <time>2010-07-31T08:23:55Z</time>
</trkpt>
<trkpt lat="53.888088232" lon="51.252075154">
  <ele>65.589996</ele>
  <time>2010-07-31T08:23:56Z</time>
</trkpt>
<trkpt lat="53.888179762" lon="51.252334574">
  <ele>65.004997</ele>
  <time>2010-07-31T08:23:57Z</time>
</trkpt>
<trkpt lat="53.888271293" lon="51.252597850">
  <ele>64.591003</ele>
  <time>2010-07-31T08:23:58Z</time>
</trkpt>
<trkpt lat="53.888366679" lon="51.252864813">
  <ele>64.164001</ele>
  <time>2010-07-31T08:23:59Z</time>
</trkpt>
<trkpt lat="53.888462065" lon="51.253135717">
  <ele>63.945000</ele>
  <time>2010-07-31T08:24:00Z</time>
</trkpt>
<trkpt lat="53.888557451" lon="51.253402680">
  <ele>63.820999</ele>
  <time>2010-07-31T08:24:01Z</time>
</trkpt>
<trkpt lat="53.888648981" lon="51.253669728">
  <ele>63.674000</ele>
  <time>2010-07-31T08:24:02Z</time>
</trkpt>
<trkpt lat="53.888740512" lon="51.253936775">
  <ele>63.491001</ele>
  <time>2010-07-31T08:24:03Z</time>
</trkpt>
<trkpt lat="53.888832126" lon="51.254207594">
  <ele>63.099998</ele>
  <time>2010-07-31T08:24:04Z</time>
</trkpt>
<trkpt lat="53.888927428" lon="51.254482269">
  <ele>62.969002</ele>
  <time>2010-07-31T08:24:05Z</time>
</trkpt>
<trkpt lat="53.889026670" lon="51.254760716">
  <ele>62.903999</ele>
  <time>2010-07-31T08:24:06Z</time>
</trkpt>
<trkpt lat="53.889125828" lon="51.255043019">
  <ele>62.950001</ele>
  <time>2010-07-31T08:24:07Z</time>
</trkpt>
<trkpt lat="53.889224986" lon="51.255329093">
  <ele>63.075001</ele>
  <time>2010-07-31T08:24:08Z</time>
</trkpt>
<trkpt lat="53.889327999" lon="51.255615251">
  <ele>63.118999</ele>
  <time>2010-07-31T08:24:09Z</time>
</trkpt>
<trkpt lat="53.889431013" lon="51.255897554">
  <ele>63.262001</ele>
  <time>2010-07-31T08:24:10Z</time>
</trkpt>
<trkpt lat="53.889530171" lon="51.256183628">
  <ele>63.257000</ele>
  <time>2010-07-31T08:24:11Z</time>
</trkpt>
<trkpt lat="53.889625557" lon="51.256465930">
  <ele>63.176998</ele>
  <time>2010-07-31T08:24:12Z</time>
</trkpt>
<trkpt lat="53.889724715" lon="51.256744377">
  <ele>63.547001</ele>
  <time>2010-07-31T08:24:13Z</time>
</trkpt>
<trkpt lat="53.889820101" lon="51.257026680">
  <ele>63.618999</ele>
  <time>2010-07-31T08:24:14Z</time>
</trkpt>
<trkpt lat="53.889915487" lon="51.257305127">
  <ele>63.563999</ele>
  <time>2010-07-31T08:24:15Z</time>
</trkpt>
<trkpt lat="53.890018500" lon="51.257587429">
  <ele>63.407001</ele>
  <time>2010-07-31T08:24:16Z</time>
</trkpt>
<trkpt lat="53.890121430" lon="51.257869732">
  <ele>63.223000</ele>
  <time>2010-07-31T08:24:17Z</time>
</trkpt>
<trkpt lat="53.890228299" lon="51.258152034">
  <ele>63.091999</ele>
  <time>2010-07-31T08:24:18Z</time>
</trkpt>
<trkpt lat="53.890338857" lon="51.258438108">
  <ele>62.912998</ele>
  <time>2010-07-31T08:24:19Z</time>
</trkpt>
<trkpt lat="53.890453354" lon="51.258716555">
  <ele>62.890999</ele>
  <time>2010-07-31T08:24:20Z</time>
</trkpt>
<trkpt lat="53.890567767" lon="51.258995086">
  <ele>62.896000</ele>
  <time>2010-07-31T08:24:21Z</time>
</trkpt>
<trkpt lat="53.890686035" lon="51.259277305">
  <ele>62.650002</ele>
  <time>2010-07-31T08:24:22Z</time>
</trkpt>
<trkpt lat="53.890804304" lon="51.259559607">
  <ele>62.550999</ele>
  <time>2010-07-31T08:24:23Z</time>
</trkpt>
<trkpt lat="53.890930200" lon="51.259838138">
  <ele>62.584000</ele>
  <time>2010-07-31T08:24:24Z</time>
</trkpt>
<trkpt lat="53.891052241" lon="51.260116585">
  <ele>62.409000</ele>
  <time>2010-07-31T08:24:25Z</time>
</trkpt>
<trkpt lat="53.891181909" lon="51.260387404">
  <ele>62.393002</ele>
  <time>2010-07-31T08:24:26Z</time>
</trkpt>
<trkpt lat="53.891307805" lon="51.260658223">
  <ele>62.174000</ele>
  <time>2010-07-31T08:24:27Z</time>
</trkpt>
<trkpt lat="53.891441328" lon="51.260929126">
  <ele>62.083000</ele>
  <time>2010-07-31T08:24:28Z</time>
</trkpt>
<trkpt lat="53.891571080" lon="51.261192318">
  <ele>62.062000</ele>
  <time>2010-07-31T08:24:29Z</time>
</trkpt>
<trkpt lat="53.891708376" lon="51.261447882">
  <ele>62.125999</ele>
  <time>2010-07-31T08:24:30Z</time>
</trkpt>
<trkpt lat="53.891838044" lon="51.261703530">
  <ele>62.092999</ele>
  <time>2010-07-31T08:24:31Z</time>
</trkpt>
<trkpt lat="53.891971568" lon="51.261951467">
  <ele>62.144001</ele>
  <time>2010-07-31T08:24:32Z</time>
</trkpt>
<trkpt lat="53.892105091" lon="51.262195548">
  <ele>62.251999</ele>
  <time>2010-07-31T08:24:33Z</time>
</trkpt>
<trkpt lat="53.892238615" lon="51.262439713">
  <ele>62.186001</ele>
  <time>2010-07-31T08:24:34Z</time>
</trkpt>
<trkpt lat="53.892372139" lon="51.262680022">
  <ele>62.209000</ele>
  <time>2010-07-31T08:24:35Z</time>
</trkpt>
<trkpt lat="53.892509434" lon="51.262920415">
  <ele>62.462002</ele>
  <time>2010-07-31T08:24:36Z</time>
</trkpt>
<trkpt lat="53.892639186" lon="51.263160724">
  <ele>62.474998</ele>
  <time>2010-07-31T08:24:37Z</time>
</trkpt>
<trkpt lat="53.892772710" lon="51.263397178">
  <ele>62.667000</ele>
  <time>2010-07-31T08:24:38Z</time>
</trkpt>
<trkpt lat="53.892906150" lon="51.263633715">
  <ele>62.673000</ele>
  <time>2010-07-31T08:24:39Z</time>
</trkpt>
<trkpt lat="53.893039674" lon="51.263874024">
  <ele>62.604000</ele>
  <time>2010-07-31T08:24:40Z</time>
</trkpt>
<trkpt lat="53.893169425" lon="51.264110561">
  <ele>62.418999</ele>
  <time>2010-07-31T08:24:41Z</time>
</trkpt>
<trkpt lat="53.893302949" lon="51.264347099">
  <ele>62.283001</ele>
  <time>2010-07-31T08:24:42Z</time>
</trkpt>
<trkpt lat="53.893440245" lon="51.264587408">
  <ele>62.326000</ele>
  <time>2010-07-31T08:24:43Z</time>
</trkpt>
<trkpt lat="53.893566141" lon="51.264823945">
  <ele>62.198002</ele>
  <time>2010-07-31T08:24:44Z</time>
</trkpt>
<trkpt lat="53.893695809" lon="51.265064254">
  <ele>62.250999</ele>
  <time>2010-07-31T08:24:45Z</time>
</trkpt>
<trkpt lat="53.893825561" lon="51.265304564">
  <ele>62.432999</ele>
  <time>2010-07-31T08:24:46Z</time>
</trkpt>
<trkpt lat="53.893955229" lon="51.265544873">
  <ele>62.695999</ele>
  <time>2010-07-31T08:24:47Z</time>
</trkpt>
<trkpt lat="53.894084897" lon="51.265781410">
  <ele>62.794998</ele>
  <time>2010-07-31T08:24:48Z</time>
</trkpt>
<trkpt lat="53.894214649" lon="51.266014092">
  <ele>62.928001</ele>
  <time>2010-07-31T08:24:49Z</time>
</trkpt>
<trkpt lat="53.894340545" lon="51.266246773">
  <ele>63.022999</ele>
  <time>2010-07-31T08:24:50Z</time>
</trkpt>
<trkpt lat="53.894470213" lon="51.266475683">
  <ele>63.150002</ele>
  <time>2010-07-31T08:24:51Z</time>
</trkpt>
<trkpt lat="53.894596109" lon="51.266700737">
  <ele>63.418999</ele>
  <time>2010-07-31T08:24:52Z</time>
</trkpt>
<trkpt lat="53.894722005" lon="51.266918164">
  <ele>63.785999</ele>
  <time>2010-07-31T08:24:53Z</time>
</trkpt>
<trkpt lat="53.894851673" lon="51.267139446">
  <ele>63.953999</ele>
  <time>2010-07-31T08:24:54Z</time>
</trkpt>
<trkpt lat="53.894977570" lon="51.267356873">
  <ele>63.974998</ele>
  <time>2010-07-31T08:24:55Z</time>
</trkpt>
<trkpt lat="53.895103466" lon="51.267574299">
  <ele>63.874001</ele>
  <time>2010-07-31T08:24:56Z</time>
</trkpt>
<trkpt lat="53.895225506" lon="51.267791726">
  <ele>63.914001</ele>
  <time>2010-07-31T08:24:57Z</time>
</trkpt>
<trkpt lat="53.895347631" lon="51.268009152">
  <ele>64.045998</ele>
  <time>2010-07-31T08:24:58Z</time>
</trkpt>
<trkpt lat="53.895469671" lon="51.268226663">
  <ele>63.902000</ele>
  <time>2010-07-31T08:24:59Z</time>
</trkpt>
<trkpt lat="53.895591712" lon="51.268447861">
  <ele>63.862999</ele>
  <time>2010-07-31T08:25:00Z</time>
</trkpt>
<trkpt lat="53.895709980" lon="51.268669143">
  <ele>63.465000</ele>
  <time>2010-07-31T08:25:01Z</time>
</trkpt>
<trkpt lat="53.895832021" lon="51.268886570">
  <ele>63.382000</ele>
  <time>2010-07-31T08:25:02Z</time>
</trkpt>
<trkpt lat="53.895950289" lon="51.269103996">
  <ele>63.066002</ele>
  <time>2010-07-31T08:25:03Z</time>
</trkpt>
<trkpt lat="53.896064786" lon="51.269313795">
  <ele>62.962002</ele>
  <time>2010-07-31T08:25:04Z</time>
</trkpt>
<trkpt lat="53.896183055" lon="51.269519823">
  <ele>62.816002</ele>
  <time>2010-07-31T08:25:05Z</time>
</trkpt>
<trkpt lat="53.896297468" lon="51.269718139">
  <ele>62.761002</ele>
  <time>2010-07-31T08:25:06Z</time>
</trkpt>
<trkpt lat="53.896408109" lon="51.269912682">
  <ele>62.563999</ele>
  <time>2010-07-31T08:25:07Z</time>
</trkpt>
<trkpt lat="53.896514894" lon="51.270099599">
  <ele>62.416000</ele>
  <time>2010-07-31T08:25:08Z</time>
</trkpt>
<trkpt lat="53.896614052" lon="51.270278972">
  <ele>62.368000</ele>
  <time>2010-07-31T08:25:09Z</time>
</trkpt>
<trkpt lat="53.896709438" lon="51.270458261">
  <ele>62.439999</ele>
  <time>2010-07-31T08:25:10Z</time>
</trkpt>
<trkpt lat="53.896808596" lon="51.270641321">
  <ele>62.501999</ele>
  <time>2010-07-31T08:25:11Z</time>
</trkpt>
<trkpt lat="53.896911610" lon="51.270824466">
  <ele>62.548000</ele>
  <time>2010-07-31T08:25:12Z</time>
</trkpt>
<trkpt lat="53.897014624" lon="51.271015154">
  <ele>62.644001</ele>
  <time>2010-07-31T08:25:13Z</time>
</trkpt>
<trkpt lat="53.897125265" lon="51.271213554">
  <ele>62.613998</ele>
  <time>2010-07-31T08:25:14Z</time>
</trkpt>
<trkpt lat="53.897243533" lon="51.271419497">
  <ele>62.674000</ele>
  <time>2010-07-31T08:25:15Z</time>
</trkpt>
<trkpt lat="53.897361718" lon="51.271633152">
  <ele>62.664001</ele>
  <time>2010-07-31T08:25:16Z</time>
</trkpt>
<trkpt lat="53.897479987" lon="51.271850578">
  <ele>62.904999</ele>
  <time>2010-07-31T08:25:17Z</time>
</trkpt>
<trkpt lat="53.897605883" lon="51.272071861">
  <ele>63.333000</ele>
  <time>2010-07-31T08:25:18Z</time>
</trkpt>
<trkpt lat="53.897731779" lon="51.272293059">
  <ele>63.923000</ele>
  <time>2010-07-31T08:25:19Z</time>
</trkpt>
<trkpt lat="53.897857675" lon="51.272518197">
  <ele>64.509003</ele>
  <time>2010-07-31T08:25:20Z</time>
</trkpt>
<trkpt lat="53.897983572" lon="51.272747023">
  <ele>65.291000</ele>
  <time>2010-07-31T08:25:21Z</time>
</trkpt>
<trkpt lat="53.898113240" lon="51.272979705">
  <ele>65.952003</ele>
  <time>2010-07-31T08:25:22Z</time>
</trkpt>
<trkpt lat="53.898239136" lon="51.273216242">
  <ele>66.859001</ele>
  <time>2010-07-31T08:25:23Z</time>
</trkpt>
<trkpt lat="53.898372659" lon="51.273448924">
  <ele>67.920998</ele>
  <time>2010-07-31T08:25:24Z</time>
</trkpt>
<trkpt lat="53.898506183" lon="51.273685461">
  <ele>69.085999</ele>
  <time>2010-07-31T08:25:25Z</time>
</trkpt>
<trkpt lat="53.898643479" lon="51.273929626">
  <ele>70.320000</ele>
  <time>2010-07-31T08:25:26Z</time>
</trkpt>
<trkpt lat="53.898777002" lon="51.274177562">
  <ele>71.447998</ele>
  <time>2010-07-31T08:25:27Z</time>
</trkpt>
<trkpt lat="53.898918154" lon="51.274429355">
  <ele>72.610001</ele>
  <time>2010-07-31T08:25:28Z</time>
</trkpt>
<trkpt lat="53.899059305" lon="51.274684919">
  <ele>73.718002</ele>
  <time>2010-07-31T08:25:29Z</time>
</trkpt>
<trkpt lat="53.899204228" lon="51.274940483">
  <ele>74.843002</ele>
  <time>2010-07-31T08:25:30Z</time>
</trkpt>
<trkpt lat="53.899345379" lon="51.275203675">
  <ele>75.877998</ele>
  <time>2010-07-31T08:25:31Z</time>
</trkpt>
<trkpt lat="53.899494158" lon="51.275466951">
  <ele>77.057999</ele>
  <time>2010-07-31T08:25:32Z</time>
</trkpt>
<trkpt lat="53.899646793" lon="51.275737770">
  <ele>78.348000</ele>
  <time>2010-07-31T08:25:33Z</time>
</trkpt>
<trkpt lat="53.899795571" lon="51.276008589">
  <ele>79.364998</ele>
  <time>2010-07-31T08:25:34Z</time>
</trkpt>
<trkpt lat="53.899951894" lon="51.276279408">
  <ele>80.446999</ele>
  <time>2010-07-31T08:25:35Z</time>
</trkpt>
<trkpt lat="53.900100673" lon="51.276554083">
  <ele>81.316002</ele>
  <time>2010-07-31T08:25:36Z</time>
</trkpt>
<trkpt lat="53.900253307" lon="51.276824987">
  <ele>82.498001</ele>
  <time>2010-07-31T08:25:37Z</time>
</trkpt>
<trkpt lat="53.900405858" lon="51.277099578">
  <ele>83.685997</ele>
  <time>2010-07-31T08:25:38Z</time>
</trkpt>
<trkpt lat="53.900558492" lon="51.277366625">
  <ele>84.889000</ele>
  <time>2010-07-31T08:25:39Z</time>
</trkpt>
<trkpt lat="53.900707271" lon="51.277637444">
  <ele>86.193001</ele>
  <time>2010-07-31T08:25:40Z</time>
</trkpt>
<trkpt lat="53.900852194" lon="51.277908348">
  <ele>87.363998</ele>
  <time>2010-07-31T08:25:41Z</time>
</trkpt>
<trkpt lat="53.901000973" lon="51.278171539">
  <ele>88.573997</ele>
  <time>2010-07-31T08:25:42Z</time>
</trkpt>
<trkpt lat="53.901153523" lon="51.278434731">
  <ele>89.924004</ele>
  <time>2010-07-31T08:25:43Z</time>
</trkpt>
<trkpt lat="53.901298530" lon="51.278698007">
  <ele>91.049004</ele>
  <time>2010-07-31T08:25:44Z</time>
</trkpt>
<trkpt lat="53.901447309" lon="51.278957343">
  <ele>92.417999</ele>
  <time>2010-07-31T08:25:45Z</time>
</trkpt>
<trkpt lat="53.901592232" lon="51.279216763">
  <ele>93.655998</ele>
  <time>2010-07-31T08:25:46Z</time>
</trkpt>
<trkpt lat="53.901737239" lon="51.279479954">
  <ele>94.725998</ele>
  <time>2010-07-31T08:25:47Z</time>
</trkpt>
<trkpt lat="53.901882162" lon="51.279743230">
  <ele>95.639000</ele>
  <time>2010-07-31T08:25:48Z</time>
</trkpt>
<trkpt lat="53.902030941" lon="51.280006422">
  <ele>96.700996</ele>
  <time>2010-07-31T08:25:49Z</time>
</trkpt>
<trkpt lat="53.902179720" lon="51.280273469">
  <ele>97.598999</ele>
  <time>2010-07-31T08:25:50Z</time>
</trkpt>
<trkpt lat="53.902324643" lon="51.280540433">
  <ele>98.503998</ele>
  <time>2010-07-31T08:25:51Z</time>
</trkpt>
<trkpt lat="53.902469650" lon="51.280811336">
  <ele>99.449997</ele>
  <time>2010-07-31T08:25:52Z</time>
</trkpt>
<trkpt lat="53.902618429" lon="51.281078300">
  <ele>100.453003</ele>
  <time>2010-07-31T08:25:53Z</time>
</trkpt>
<trkpt lat="53.902763352" lon="51.281341575">
  <ele>101.463997</ele>
  <time>2010-07-31T08:25:54Z</time>
</trkpt>
<trkpt lat="53.902915986" lon="51.281608623">
  <ele>102.502998</ele>
  <time>2010-07-31T08:25:55Z</time>
</trkpt>
<trkpt lat="53.903068537" lon="51.281875586">
  <ele>103.223000</ele>
  <time>2010-07-31T08:25:56Z</time>
</trkpt>
<trkpt lat="53.903217316" lon="51.282146489">
  <ele>103.866997</ele>
  <time>2010-07-31T08:25:57Z</time>
</trkpt>
<trkpt lat="53.903369866" lon="51.282417309">
  <ele>104.463997</ele>
  <time>2010-07-31T08:25:58Z</time>
</trkpt>
<trkpt lat="53.903518645" lon="51.282691984">
  <ele>105.088997</ele>
  <time>2010-07-31T08:25:59Z</time>
</trkpt>
<trkpt lat="53.903675051" lon="51.282970430">
  <ele>105.647003</ele>
  <time>2010-07-31T08:26:00Z</time>
</trkpt>
<trkpt lat="53.903831458" lon="51.283252733">
  <ele>106.268997</ele>
  <time>2010-07-31T08:26:01Z</time>
</trkpt>
<trkpt lat="53.903984092" lon="51.283531180">
  <ele>106.733002</ele>
  <time>2010-07-31T08:26:02Z</time>
</trkpt>
<trkpt lat="53.904140498" lon="51.283809626">
  <ele>107.361000</ele>
  <time>2010-07-31T08:26:03Z</time>
</trkpt>
<trkpt lat="53.904296905" lon="51.284088157">
  <ele>108.123001</ele>
  <time>2010-07-31T08:26:04Z</time>
</trkpt>
<trkpt lat="53.904453311" lon="51.284366604">
  <ele>108.944000</ele>
  <time>2010-07-31T08:26:05Z</time>
</trkpt>
<trkpt lat="53.904613489" lon="51.284645051">
  <ele>109.570000</ele>
  <time>2010-07-31T08:26:06Z</time>
</trkpt>
<trkpt lat="53.904769896" lon="51.284923581">
  <ele>110.308998</ele>
  <time>2010-07-31T08:26:07Z</time>
</trkpt>
<trkpt lat="53.904922446" lon="51.285202028">
  <ele>111.021004</ele>
  <time>2010-07-31T08:26:08Z</time>
</trkpt>
<trkpt lat="53.905075081" lon="51.285476703">
  <ele>111.439003</ele>
  <time>2010-07-31T08:26:09Z</time>
</trkpt>
<trkpt lat="53.905223859" lon="51.285751378">
  <ele>112.209000</ele>
  <time>2010-07-31T08:26:10Z</time>
</trkpt>
<trkpt lat="53.905376410" lon="51.286022197">
  <ele>112.656998</ele>
  <time>2010-07-31T08:26:11Z</time>
</trkpt>
<trkpt lat="53.905525189" lon="51.286300644">
  <ele>113.216003</ele>
  <time>2010-07-31T08:26:12Z</time>
</trkpt>
<trkpt lat="53.905677823" lon="51.286575319">
  <ele>113.653000</ele>
  <time>2010-07-31T08:26:13Z</time>
</trkpt>
<trkpt lat="53.905830374" lon="51.286853766">
  <ele>114.231003</ele>
  <time>2010-07-31T08:26:14Z</time>
</trkpt>
<trkpt lat="53.905986780" lon="51.287132297">
  <ele>114.530998</ele>
  <time>2010-07-31T08:26:15Z</time>
</trkpt>
<trkpt lat="53.906143187" lon="51.287414515">
  <ele>114.904999</ele>
  <time>2010-07-31T08:26:16Z</time>
</trkpt>
<trkpt lat="53.906299593" lon="51.287696818">
  <ele>114.961998</ele>
  <time>2010-07-31T08:26:17Z</time>
</trkpt>
<trkpt lat="53.906455999" lon="51.287982976">
  <ele>115.176003</ele>
  <time>2010-07-31T08:26:18Z</time>
</trkpt>
<trkpt lat="53.906620033" lon="51.288269050">
  <ele>115.714996</ele>
  <time>2010-07-31T08:26:19Z</time>
</trkpt>
<trkpt lat="53.906780211" lon="51.288558980">
  <ele>116.268997</ele>
  <time>2010-07-31T08:26:20Z</time>
</trkpt>
<trkpt lat="53.906940473" lon="51.288848910">
  <ele>117.065002</ele>
  <time>2010-07-31T08:26:21Z</time>
</trkpt>
<trkpt lat="53.907100651" lon="51.289142612">
  <ele>117.834000</ele>
  <time>2010-07-31T08:26:22Z</time>
</trkpt>
<trkpt lat="53.907260913" lon="51.289440170">
  <ele>118.916000</ele>
  <time>2010-07-31T08:26:23Z</time>
</trkpt>
<trkpt lat="53.907421092" lon="51.289730100">
  <ele>120.083000</ele>
  <time>2010-07-31T08:26:24Z</time>
</trkpt>
<trkpt lat="53.907581354" lon="51.290020030">
  <ele>121.417000</ele>
  <time>2010-07-31T08:26:25Z</time>
</trkpt>
<trkpt lat="53.907741532" lon="51.290306104">
  <ele>122.568001</ele>
  <time>2010-07-31T08:26:26Z</time>
</trkpt>
<trkpt lat="53.907897938" lon="51.290588407">
  <ele>123.878998</ele>
  <time>2010-07-31T08:26:27Z</time>
</trkpt>
<trkpt lat="53.908058200" lon="51.290870626">
  <ele>125.334000</ele>
  <time>2010-07-31T08:26:28Z</time>
</trkpt>
<trkpt lat="53.908214606" lon="51.291145300">
  <ele>126.851997</ele>
  <time>2010-07-31T08:26:29Z</time>
</trkpt>
<trkpt lat="53.908371013" lon="51.291423831">
  <ele>128.154999</ele>
  <time>2010-07-31T08:26:30Z</time>
</trkpt>
<trkpt lat="53.908523563" lon="51.291698422">
  <ele>129.026993</ele>
  <time>2010-07-31T08:26:31Z</time>
</trkpt>
<trkpt lat="53.908676114" lon="51.291976953">
  <ele>130.197998</ele>
  <time>2010-07-31T08:26:32Z</time>
</trkpt>
<trkpt lat="53.908828748" lon="51.292251628">
  <ele>131.386993</ele>
  <time>2010-07-31T08:26:33Z</time>
</trkpt>
<trkpt lat="53.908981299" lon="51.292522447">
  <ele>132.595001</ele>
  <time>2010-07-31T08:26:34Z</time>
</trkpt>
<trkpt lat="53.909133933" lon="51.292793266">
  <ele>133.962006</ele>
  <time>2010-07-31T08:26:35Z</time>
</trkpt>
<trkpt lat="53.909282712" lon="51.293067941">
  <ele>135.141998</ele>
  <time>2010-07-31T08:26:36Z</time>
</trkpt>
<trkpt lat="53.909431491" lon="51.293338761">
  <ele>136.300003</ele>
  <time>2010-07-31T08:26:37Z</time>
</trkpt>
<trkpt lat="53.909580270" lon="51.293609580">
  <ele>137.440002</ele>
  <time>2010-07-31T08:26:38Z</time>
</trkpt>
<trkpt lat="53.909732820" lon="51.293876627">
  <ele>138.677002</ele>
  <time>2010-07-31T08:26:39Z</time>
</trkpt>
<trkpt lat="53.909877744" lon="51.294143675">
  <ele>139.608002</ele>
  <time>2010-07-31T08:26:40Z</time>
</trkpt>
<trkpt lat="53.910026522" lon="51.294410722">
  <ele>140.923996</ele>
  <time>2010-07-31T08:26:41Z</time>
</trkpt>
<trkpt lat="53.910175301" lon="51.294677770">
  <ele>142.188995</ele>
  <time>2010-07-31T08:26:42Z</time>
</trkpt>
<trkpt lat="53.910320308" lon="51.294944733">
  <ele>143.320007</ele>
  <time>2010-07-31T08:26:43Z</time>
</trkpt>
<trkpt lat="53.910465231" lon="51.295211781">
  <ele>144.320999</ele>
  <time>2010-07-31T08:26:44Z</time>
</trkpt>
<trkpt lat="53.910610238" lon="51.295474973">
  <ele>145.397003</ele>
  <time>2010-07-31T08:26:45Z</time>
</trkpt>
<trkpt lat="53.910755161" lon="51.295742020">
  <ele>146.404999</ele>
  <time>2010-07-31T08:26:46Z</time>
</trkpt>
<trkpt lat="53.910900084" lon="51.296005212">
  <ele>147.261002</ele>
  <time>2010-07-31T08:26:47Z</time>
</trkpt>
<trkpt lat="53.911041236" lon="51.296253232">
  <ele>148.143997</ele>
  <time>2010-07-31T08:26:48Z</time>
</trkpt>
<trkpt lat="53.911178615" lon="51.296497313">
  <ele>149.134995</ele>
  <time>2010-07-31T08:26:49Z</time>
</trkpt>
<trkpt lat="53.911308283" lon="51.296737706">
  <ele>149.876999</ele>
  <time>2010-07-31T08:26:50Z</time>
</trkpt>
<trkpt lat="53.911441807" lon="51.296970388">
  <ele>150.854004</ele>
  <time>2010-07-31T08:26:51Z</time>
</trkpt>
<trkpt lat="53.911563847" lon="51.297203070">
  <ele>151.436005</ele>
  <time>2010-07-31T08:26:52Z</time>
</trkpt>
<trkpt lat="53.911689743" lon="51.297428124">
  <ele>152.192001</ele>
  <time>2010-07-31T08:26:53Z</time>
</trkpt>
<trkpt lat="53.911811868" lon="51.297649406">
  <ele>152.785995</ele>
  <time>2010-07-31T08:26:54Z</time>
</trkpt>
<trkpt lat="53.911937680" lon="51.297870604">
  <ele>153.382996</ele>
  <time>2010-07-31T08:26:55Z</time>
</trkpt>
<trkpt lat="53.912063576" lon="51.298091887">
  <ele>153.835007</ele>
  <time>2010-07-31T08:26:56Z</time>
</trkpt>
<trkpt lat="53.912189472" lon="51.298313169">
  <ele>154.335999</ele>
  <time>2010-07-31T08:26:57Z</time>
</trkpt>
<trkpt lat="53.912322996" lon="51.298534367">
  <ele>155.069000</ele>
  <time>2010-07-31T08:26:58Z</time>
</trkpt>
<trkpt lat="53.912452664" lon="51.298759421">
  <ele>155.830994</ele>
  <time>2010-07-31T08:26:59Z</time>
</trkpt>
<trkpt lat="53.912578560" lon="51.298988331">
  <ele>156.309006</ele>
  <time>2010-07-31T08:27:00Z</time>
</trkpt>
<trkpt lat="53.912708312" lon="51.299221013">
  <ele>156.916000</ele>
  <time>2010-07-31T08:27:01Z</time>
</trkpt>
<trkpt lat="53.912834208" lon="51.299461406">
  <ele>157.440994</ele>
  <time>2010-07-31T08:27:02Z</time>
</trkpt>
<trkpt lat="53.912963877" lon="51.299697859">
  <ele>158.112000</ele>
  <time>2010-07-31T08:27:03Z</time>
</trkpt>
<trkpt lat="53.913093545" lon="51.299926769">
  <ele>158.576004</ele>
  <time>2010-07-31T08:27:04Z</time>
</trkpt>
<trkpt lat="53.913223296" lon="51.300151823">
  <ele>159.369995</ele>
  <time>2010-07-31T08:27:05Z</time>
</trkpt>
<trkpt lat="53.913356820" lon="51.300373105">
  <ele>160.063995</ele>
  <time>2010-07-31T08:27:06Z</time>
</trkpt>
<trkpt lat="53.913486488" lon="51.300586676">
  <ele>161.007996</ele>
  <time>2010-07-31T08:27:07Z</time>
</trkpt>
<trkpt lat="53.913616156" lon="51.300792703">
  <ele>161.964996</ele>
  <time>2010-07-31T08:27:08Z</time>
</trkpt>
<trkpt lat="53.913738281" lon="51.300987247">
  <ele>162.964996</ele>
  <time>2010-07-31T08:27:09Z</time>
</trkpt>
<trkpt lat="53.913856465" lon="51.301174164">
  <ele>163.783997</ele>
  <time>2010-07-31T08:27:10Z</time>
</trkpt>
<trkpt lat="53.913974734" lon="51.301349681">
  <ele>164.557999</ele>
  <time>2010-07-31T08:27:11Z</time>
</trkpt>
<trkpt lat="53.914089231" lon="51.301513631">
  <ele>165.294006</ele>
  <time>2010-07-31T08:27:12Z</time>
</trkpt>
<trkpt lat="53.914203644" lon="51.301670037">
  <ele>166.061996</ele>
  <time>2010-07-31T08:27:13Z</time>
</trkpt>
<trkpt lat="53.914318057" lon="51.301822672">
  <ele>166.703995</ele>
  <time>2010-07-31T08:27:14Z</time>
</trkpt>
<trkpt lat="53.914428698" lon="51.301975222">
  <ele>167.162994</ele>
  <time>2010-07-31T08:27:15Z</time>
</trkpt>
<trkpt lat="53.914535483" lon="51.302124001">
  <ele>167.677002</ele>
  <time>2010-07-31T08:27:16Z</time>
</trkpt>
<trkpt lat="53.914646124" lon="51.302272780">
  <ele>168.270004</ele>
  <time>2010-07-31T08:27:17Z</time>
</trkpt>
<trkpt lat="53.914756766" lon="51.302410159">
  <ele>168.845001</ele>
  <time>2010-07-31T08:27:18Z</time>
</trkpt>
<trkpt lat="53.914863551" lon="51.302543599">
  <ele>169.313004</ele>
  <time>2010-07-31T08:27:19Z</time>
</trkpt>
<trkpt lat="53.914970420" lon="51.302677123">
  <ele>169.957993</ele>
  <time>2010-07-31T08:27:20Z</time>
</trkpt>
<trkpt lat="53.915073434" lon="51.302806875">
  <ele>170.289993</ele>
  <time>2010-07-31T08:27:21Z</time>
</trkpt>
<trkpt lat="53.915176364" lon="51.302936543">
  <ele>170.776993</ele>
  <time>2010-07-31T08:27:22Z</time>
</trkpt>
<trkpt lat="53.915279377" lon="51.303066295">
  <ele>171.067993</ele>
  <time>2010-07-31T08:27:23Z</time>
</trkpt>
<trkpt lat="53.915382391" lon="51.303199735">
  <ele>171.440002</ele>
  <time>2010-07-31T08:27:24Z</time>
</trkpt>
<trkpt lat="53.915489176" lon="51.303337114">
  <ele>171.701004</ele>
  <time>2010-07-31T08:27:25Z</time>
</trkpt>
<trkpt lat="53.915596046" lon="51.303470638">
  <ele>172.154007</ele>
  <time>2010-07-31T08:27:26Z</time>
</trkpt>
<trkpt lat="53.915702831" lon="51.303607933">
  <ele>172.384995</ele>
  <time>2010-07-31T08:27:27Z</time>
</trkpt>
<trkpt lat="53.915809616" lon="51.303741457">
  <ele>172.744995</ele>
  <time>2010-07-31T08:27:28Z</time>
</trkpt>
<trkpt lat="53.915920258" lon="51.303874981">
  <ele>172.998001</ele>
  <time>2010-07-31T08:27:29Z</time>
</trkpt>
<trkpt lat="53.916027043" lon="51.304008504">
  <ele>173.253998</ele>
  <time>2010-07-31T08:27:30Z</time>
</trkpt>
<trkpt lat="53.916141540" lon="51.304149656">
  <ele>173.434998</ele>
  <time>2010-07-31T08:27:31Z</time>
</trkpt>
<trkpt lat="53.916252097" lon="51.304290807">
  <ele>173.266998</ele>
  <time>2010-07-31T08:27:32Z</time>
</trkpt>
<trkpt lat="53.916366594" lon="51.304431874">
  <ele>173.320007</ele>
  <time>2010-07-31T08:27:33Z</time>
</trkpt>
<trkpt lat="53.916481007" lon="51.304576881">
  <ele>173.033005</ele>
  <time>2010-07-31T08:27:34Z</time>
</trkpt>
<trkpt lat="53.916595420" lon="51.304721804">
  <ele>173.054993</ele>
  <time>2010-07-31T08:27:35Z</time>
</trkpt>
<trkpt lat="53.916709917" lon="51.304866811">
  <ele>173.095993</ele>
  <time>2010-07-31T08:27:36Z</time>
</trkpt>
<trkpt lat="53.916824330" lon="51.305011734">
  <ele>172.917999</ele>
  <time>2010-07-31T08:27:37Z</time>
</trkpt>
<trkpt lat="53.916942598" lon="51.305156741">
  <ele>172.654007</ele>
  <time>2010-07-31T08:27:38Z</time>
</trkpt>
<trkpt lat="53.917057011" lon="51.305305520">
  <ele>172.520004</ele>
  <time>2010-07-31T08:27:39Z</time>
</trkpt>
<trkpt lat="53.917175280" lon="51.305454215">
  <ele>172.403000</ele>
  <time>2010-07-31T08:27:40Z</time>
</trkpt>
<trkpt lat="53.917293549" lon="51.305602994">
  <ele>172.117004</ele>
  <time>2010-07-31T08:27:41Z</time>
</trkpt>
<trkpt lat="53.917411817" lon="51.305751773">
  <ele>171.966995</ele>
  <time>2010-07-31T08:27:42Z</time>
</trkpt>
<trkpt lat="53.917530086" lon="51.305900551">
  <ele>172.018005</ele>
  <time>2010-07-31T08:27:43Z</time>
</trkpt>
<trkpt lat="53.917648355" lon="51.306045558">
  <ele>171.897003</ele>
  <time>2010-07-31T08:27:44Z</time>
</trkpt>
<trkpt lat="53.917766539" lon="51.306198109">
  <ele>171.619995</ele>
  <time>2010-07-31T08:27:45Z</time>
</trkpt>
<trkpt lat="53.917881036" lon="51.306346888">
  <ele>171.304001</ele>
  <time>2010-07-31T08:27:46Z</time>
</trkpt>
<trkpt lat="53.917999305" lon="51.306491811">
  <ele>170.992996</ele>
  <time>2010-07-31T08:27:47Z</time>
</trkpt>
<trkpt lat="53.918121345" lon="51.306636818">
  <ele>170.572006</ele>
  <time>2010-07-31T08:27:48Z</time>
</trkpt>
<trkpt lat="53.918235758" lon="51.306781741">
  <ele>169.869003</ele>
  <time>2010-07-31T08:27:49Z</time>
</trkpt>
<trkpt lat="53.918350255" lon="51.306926748">
  <ele>169.348007</ele>
  <time>2010-07-31T08:27:50Z</time>
</trkpt>
<trkpt lat="53.918468440" lon="51.307075527">
  <ele>168.940994</ele>
  <time>2010-07-31T08:27:51Z</time>
</trkpt>
<trkpt lat="53.918586709" lon="51.307220450">
  <ele>168.358002</ele>
  <time>2010-07-31T08:27:52Z</time>
</trkpt>
<trkpt lat="53.918704977" lon="51.307365457">
  <ele>167.768997</ele>
  <time>2010-07-31T08:27:53Z</time>
</trkpt>
<trkpt lat="53.918823246" lon="51.307506524">
  <ele>167.505005</ele>
  <time>2010-07-31T08:27:54Z</time>
</trkpt>
<trkpt lat="53.918945286" lon="51.307651531">
  <ele>167.324005</ele>
  <time>2010-07-31T08:27:55Z</time>
</trkpt>
<trkpt lat="53.919059783" lon="51.307800310">
  <ele>167.210007</ele>
  <time>2010-07-31T08:27:56Z</time>
</trkpt>
<trkpt lat="53.919174196" lon="51.307945233">
  <ele>166.962006</ele>
  <time>2010-07-31T08:27:57Z</time>
</trkpt>
<trkpt lat="53.919284837" lon="51.308090240">
  <ele>166.942001</ele>
  <time>2010-07-31T08:27:58Z</time>
</trkpt>
<trkpt lat="53.919399250" lon="51.308235163">
  <ele>167.016006</ele>
  <time>2010-07-31T08:27:59Z</time>
</trkpt>
<trkpt lat="53.919509891" lon="51.308376314">
  <ele>167.011993</ele>
  <time>2010-07-31T08:28:00Z</time>
</trkpt>
<trkpt lat="53.919624304" lon="51.308513610">
  <ele>167.108994</ele>
  <time>2010-07-31T08:28:01Z</time>
</trkpt>
<trkpt lat="53.919734946" lon="51.308654761">
  <ele>167.490005</ele>
  <time>2010-07-31T08:28:02Z</time>
</trkpt>
<trkpt lat="53.919849358" lon="51.308799768">
  <ele>167.766998</ele>
  <time>2010-07-31T08:28:03Z</time>
</trkpt>
<trkpt lat="53.919960000" lon="51.308937063">
  <ele>168.184998</ele>
  <time>2010-07-31T08:28:04Z</time>
</trkpt>
<trkpt lat="53.920066869" lon="51.309078215">
  <ele>168.725006</ele>
  <time>2010-07-31T08:28:05Z</time>
</trkpt>
<trkpt lat="53.920177426" lon="51.309211738">
  <ele>169.453995</ele>
  <time>2010-07-31T08:28:06Z</time>
</trkpt>
<trkpt lat="53.920284295" lon="51.309345262">
  <ele>170.438995</ele>
  <time>2010-07-31T08:28:07Z</time>
</trkpt>
<trkpt lat="53.920391081" lon="51.309474930">
  <ele>171.556000</ele>
  <time>2010-07-31T08:28:08Z</time>
</trkpt>
<trkpt lat="53.920494094" lon="51.309608454">
  <ele>172.462006</ele>
  <time>2010-07-31T08:28:09Z</time>
</trkpt>
<trkpt lat="53.920593252" lon="51.309738122">
  <ele>173.125000</ele>
  <time>2010-07-31T08:28:10Z</time>
</trkpt>
<trkpt lat="53.920692410" lon="51.309867874">
  <ele>173.802002</ele>
  <time>2010-07-31T08:28:11Z</time>
</trkpt>
<trkpt lat="53.920795424" lon="51.309993770">
  <ele>174.628998</ele>
  <time>2010-07-31T08:28:12Z</time>
</trkpt>
<trkpt lat="53.920894582" lon="51.310123438">
  <ele>175.401001</ele>
  <time>2010-07-31T08:28:13Z</time>
</trkpt>
<trkpt lat="53.920989968" lon="51.310245479">
  <ele>175.912003</ele>
  <time>2010-07-31T08:28:14Z</time>
</trkpt>
<trkpt lat="53.921081582" lon="51.310367603">
  <ele>176.610992</ele>
  <time>2010-07-31T08:28:15Z</time>
</trkpt>
<trkpt lat="53.921173112" lon="51.310482016">
  <ele>177.391006</ele>
  <time>2010-07-31T08:28:16Z</time>
</trkpt>
<trkpt lat="53.921257015" lon="51.310596429">
  <ele>177.906006</ele>
  <time>2010-07-31T08:28:17Z</time>
</trkpt>
<trkpt lat="53.921337146" lon="51.310699442">
  <ele>178.481995</ele>
  <time>2010-07-31T08:28:18Z</time>
</trkpt>
<trkpt lat="53.921413422" lon="51.310794828">
  <ele>178.951996</ele>
  <time>2010-07-31T08:28:19Z</time>
</trkpt>
<trkpt lat="53.921489697" lon="51.310886359">
  <ele>179.397995</ele>
  <time>2010-07-31T08:28:20Z</time>
</trkpt>
<trkpt lat="53.921565972" lon="51.310981745">
  <ele>180.110001</ele>
  <time>2010-07-31T08:28:21Z</time>
</trkpt>
<trkpt lat="53.921642331" lon="51.311084758">
  <ele>180.651001</ele>
  <time>2010-07-31T08:28:22Z</time>
</trkpt>
<trkpt lat="53.921718607" lon="51.311180145">
  <ele>181.294006</ele>
  <time>2010-07-31T08:28:23Z</time>
</trkpt>
<trkpt lat="53.921794882" lon="51.311279302">
  <ele>181.737000</ele>
  <time>2010-07-31T08:28:24Z</time>
</trkpt>
<trkpt lat="53.921875013" lon="51.311378460">
  <ele>182.410004</ele>
  <time>2010-07-31T08:28:25Z</time>
</trkpt>
<trkpt lat="53.921958916" lon="51.311481474">
  <ele>183.147003</ele>
  <time>2010-07-31T08:28:26Z</time>
</trkpt>
<trkpt lat="53.922042819" lon="51.311588259">
  <ele>183.707993</ele>
  <time>2010-07-31T08:28:27Z</time>
</trkpt>
<trkpt lat="53.922126805" lon="51.311698901">
  <ele>184.270004</ele>
  <time>2010-07-31T08:28:28Z</time>
</trkpt>
<trkpt lat="53.922218336" lon="51.311813314">
  <ele>184.863007</ele>
  <time>2010-07-31T08:28:29Z</time>
</trkpt>
<trkpt lat="53.922309866" lon="51.311931582">
  <ele>185.455002</ele>
  <time>2010-07-31T08:28:30Z</time>
</trkpt>
<trkpt lat="53.922401397" lon="51.312046079">
  <ele>185.927002</ele>
  <time>2010-07-31T08:28:31Z</time>
</trkpt>
<trkpt lat="53.922496783" lon="51.312164348">
  <ele>186.449005</ele>
  <time>2010-07-31T08:28:32Z</time>
</trkpt>
<trkpt lat="53.922595941" lon="51.312290160">
  <ele>186.792007</ele>
  <time>2010-07-31T08:28:33Z</time>
</trkpt>
<trkpt lat="53.922695182" lon="51.312419912">
  <ele>187.285004</ele>
  <time>2010-07-31T08:28:34Z</time>
</trkpt>
<trkpt lat="53.922794340" lon="51.312549580">
  <ele>187.623001</ele>
  <time>2010-07-31T08:28:35Z</time>
</trkpt>
<trkpt lat="53.922893498" lon="51.312679332">
  <ele>188.188004</ele>
  <time>2010-07-31T08:28:36Z</time>
</trkpt>
<trkpt lat="53.922996512" lon="51.312809000">
  <ele>188.690994</ele>
  <time>2010-07-31T08:28:37Z</time>
</trkpt>
<trkpt lat="53.923095670" lon="51.312942524">
  <ele>188.908997</ele>
  <time>2010-07-31T08:28:38Z</time>
</trkpt>
<trkpt lat="53.923194911" lon="51.313076047">
  <ele>189.320007</ele>
  <time>2010-07-31T08:28:39Z</time>
</trkpt>
<trkpt lat="53.923294069" lon="51.313213343">
  <ele>189.807999</ele>
  <time>2010-07-31T08:28:40Z</time>
</trkpt>
<trkpt lat="53.923393227" lon="51.313346867">
  <ele>190.136993</ele>
  <time>2010-07-31T08:28:41Z</time>
</trkpt>
<trkpt lat="53.923496241" lon="51.313491790">
  <ele>190.440994</ele>
  <time>2010-07-31T08:28:42Z</time>
</trkpt>
<trkpt lat="53.923595399" lon="51.313636797">
  <ele>190.787003</ele>
  <time>2010-07-31T08:28:43Z</time>
</trkpt>
<trkpt lat="53.923698412" lon="51.313781720">
  <ele>190.990997</ele>
  <time>2010-07-31T08:28:44Z</time>
</trkpt>
<trkpt lat="53.923797570" lon="51.313938126">
  <ele>191.281998</ele>
  <time>2010-07-31T08:28:45Z</time>
</trkpt>
<trkpt lat="53.923900584" lon="51.314094532">
  <ele>191.279999</ele>
  <time>2010-07-31T08:28:46Z</time>
</trkpt>
<trkpt lat="53.924003597" lon="51.314254794">
  <ele>191.421997</ele>
  <time>2010-07-31T08:28:47Z</time>
</trkpt>
<trkpt lat="53.924106611" lon="51.314411201">
  <ele>191.384003</ele>
  <time>2010-07-31T08:28:48Z</time>
</trkpt>
<trkpt lat="53.924213396" lon="51.314571379">
  <ele>191.557007</ele>
  <time>2010-07-31T08:28:49Z</time>
</trkpt>
<trkpt lat="53.924316410" lon="51.314739268">
  <ele>191.516998</ele>
  <time>2010-07-31T08:28:50Z</time>
</trkpt>
<trkpt lat="53.924419424" lon="51.314907074">
  <ele>191.233994</ele>
  <time>2010-07-31T08:28:51Z</time>
</trkpt>
<trkpt lat="53.924522437" lon="51.315086363">
  <ele>191.082993</ele>
  <time>2010-07-31T08:28:52Z</time>
</trkpt>
<trkpt lat="53.924625367" lon="51.315273279">
  <ele>190.679993</ele>
  <time>2010-07-31T08:28:53Z</time>
</trkpt>
<trkpt lat="53.924728381" lon="51.315464051">
  <ele>190.138000</ele>
  <time>2010-07-31T08:28:54Z</time>
</trkpt>
<trkpt lat="53.924831394" lon="51.315654740">
  <ele>189.798004</ele>
  <time>2010-07-31T08:28:55Z</time>
</trkpt>
<trkpt lat="53.924938180" lon="51.315853139">
  <ele>189.494003</ele>
  <time>2010-07-31T08:28:56Z</time>
</trkpt>
<trkpt lat="53.925052676" lon="51.316062938">
  <ele>189.149002</ele>
  <time>2010-07-31T08:28:57Z</time>
</trkpt>
<trkpt lat="53.925167089" lon="51.316280365">
  <ele>188.957993</ele>
  <time>2010-07-31T08:28:58Z</time>
</trkpt>
<trkpt lat="53.925285358" lon="51.316509275">
  <ele>188.703003</ele>
  <time>2010-07-31T08:28:59Z</time>
</trkpt>
<trkpt lat="53.925403627" lon="51.316738101">
  <ele>188.298996</ele>
  <time>2010-07-31T08:29:00Z</time>
</trkpt>
<trkpt lat="53.925518040" lon="51.316967010">
  <ele>188.041000</ele>
  <time>2010-07-31T08:29:01Z</time>
</trkpt>
<trkpt lat="53.925632453" lon="51.317195920">
  <ele>187.826996</ele>
  <time>2010-07-31T08:29:02Z</time>
</trkpt>
<trkpt lat="53.925746949" lon="51.317428602">
  <ele>187.529999</ele>
  <time>2010-07-31T08:29:03Z</time>
</trkpt>
<trkpt lat="53.925861362" lon="51.317665139">
  <ele>187.042007</ele>
  <time>2010-07-31T08:29:04Z</time>
</trkpt>
<trkpt lat="53.925972003" lon="51.317901593">
  <ele>186.727005</ele>
  <time>2010-07-31T08:29:05Z</time>
</trkpt>
<trkpt lat="53.926078789" lon="51.318134274">
  <ele>186.270004</ele>
  <time>2010-07-31T08:29:06Z</time>
</trkpt>
<trkpt lat="53.926181803" lon="51.318367040">
  <ele>186.022003</ele>
  <time>2010-07-31T08:29:07Z</time>
</trkpt>
<trkpt lat="53.926284816" lon="51.318603493">
  <ele>185.959000</ele>
  <time>2010-07-31T08:29:08Z</time>
</trkpt>
<trkpt lat="53.926387746" lon="51.318840031">
  <ele>185.528000</ele>
  <time>2010-07-31T08:29:09Z</time>
</trkpt>
<trkpt lat="53.926490759" lon="51.319076568">
  <ele>185.457001</ele>
  <time>2010-07-31T08:29:10Z</time>
</trkpt>
<trkpt lat="53.926590001" lon="51.319313021">
  <ele>185.179993</ele>
  <time>2010-07-31T08:29:11Z</time>
</trkpt>
<trkpt lat="53.926692931" lon="51.319545787">
  <ele>185.104004</ele>
  <time>2010-07-31T08:29:12Z</time>
</trkpt>
<trkpt lat="53.926792173" lon="51.319786096">
  <ele>184.940002</ele>
  <time>2010-07-31T08:29:13Z</time>
</trkpt>
<trkpt lat="53.926891331" lon="51.320026405">
  <ele>184.503998</ele>
  <time>2010-07-31T08:29:14Z</time>
</trkpt>
<trkpt lat="53.926990489" lon="51.320266714">
  <ele>184.369995</ele>
  <time>2010-07-31T08:29:15Z</time>
</trkpt>
<trkpt lat="53.927093502" lon="51.320503252">
  <ele>184.205994</ele>
  <time>2010-07-31T08:29:16Z</time>
</trkpt>
<trkpt lat="53.927196516" lon="51.320743561">
  <ele>184.018997</ele>
  <time>2010-07-31T08:29:17Z</time>
</trkpt>
<trkpt lat="53.927295674" lon="51.320980098">
  <ele>183.626007</ele>
  <time>2010-07-31T08:29:18Z</time>
</trkpt>
<trkpt lat="53.927394832" lon="51.321220407">
  <ele>183.302994</ele>
  <time>2010-07-31T08:29:19Z</time>
</trkpt>
<trkpt lat="53.927497845" lon="51.321456945">
  <ele>183.059006</ele>
  <time>2010-07-31T08:29:20Z</time>
</trkpt>
<trkpt lat="53.927597087" lon="51.321697254">
  <ele>182.701996</ele>
  <time>2010-07-31T08:29:21Z</time>
</trkpt>
<trkpt lat="53.927692389" lon="51.321937563">
  <ele>182.341003</ele>
  <time>2010-07-31T08:29:22Z</time>
</trkpt>
<trkpt lat="53.927791631" lon="51.322174100">
  <ele>182.250000</ele>
  <time>2010-07-31T08:29:23Z</time>
</trkpt>
<trkpt lat="53.927886933" lon="51.322406782">
  <ele>181.927994</ele>
  <time>2010-07-31T08:29:24Z</time>
</trkpt>
<trkpt lat="53.927978547" lon="51.322635692">
  <ele>181.714996</ele>
  <time>2010-07-31T08:29:25Z</time>
</trkpt>
<trkpt lat="53.928077705" lon="51.322868373">
  <ele>181.369995</ele>
  <time>2010-07-31T08:29:26Z</time>
</trkpt>
<trkpt lat="53.928176863" lon="51.323101055">
  <ele>181.106995</ele>
  <time>2010-07-31T08:29:27Z</time>
</trkpt>
<trkpt lat="53.928276021" lon="51.323337592">
  <ele>180.783005</ele>
  <time>2010-07-31T08:29:28Z</time>
</trkpt>
<trkpt lat="53.928375263" lon="51.323574046">
  <ele>180.455994</ele>
  <time>2010-07-31T08:29:29Z</time>
</trkpt>
<trkpt lat="53.928470649" lon="51.323806727">
  <ele>180.098007</ele>
  <time>2010-07-31T08:29:30Z</time>
</trkpt>
<trkpt lat="53.928565951" lon="51.324043265">
  <ele>179.764999</ele>
  <time>2010-07-31T08:29:31Z</time>
</trkpt>
<trkpt lat="53.928661337" lon="51.324275946">
  <ele>179.634995</ele>
  <time>2010-07-31T08:29:32Z</time>
</trkpt>
<trkpt lat="53.928756723" lon="51.324504856">
  <ele>179.317001</ele>
  <time>2010-07-31T08:29:33Z</time>
</trkpt>
<trkpt lat="53.928852109" lon="51.324733766">
  <ele>179.145996</ele>
  <time>2010-07-31T08:29:34Z</time>
</trkpt>
<trkpt lat="53.928943640" lon="51.324958820">
  <ele>178.835007</ele>
  <time>2010-07-31T08:29:35Z</time>
</trkpt>
<trkpt lat="53.929039026" lon="51.325183874">
  <ele>178.617996</ele>
  <time>2010-07-31T08:29:36Z</time>
</trkpt>
<trkpt lat="53.929134328" lon="51.325405156">
  <ele>178.414001</ele>
  <time>2010-07-31T08:29:37Z</time>
</trkpt>
<trkpt lat="53.929229714" lon="51.325630210">
  <ele>177.839996</ele>
  <time>2010-07-31T08:29:38Z</time>
</trkpt>
<trkpt lat="53.929317473" lon="51.325859036">
  <ele>177.272995</ele>
  <time>2010-07-31T08:29:39Z</time>
</trkpt>
<trkpt lat="53.929412859" lon="51.326087946">
  <ele>177.061996</ele>
  <time>2010-07-31T08:29:40Z</time>
</trkpt>
<trkpt lat="53.929508245" lon="51.326313000">
  <ele>176.733994</ele>
  <time>2010-07-31T08:29:41Z</time>
</trkpt>
<trkpt lat="53.929599775" lon="51.326538054">
  <ele>176.542999</ele>
  <time>2010-07-31T08:29:42Z</time>
</trkpt>
<trkpt lat="53.929691305" lon="51.326755565">
  <ele>176.229996</ele>
  <time>2010-07-31T08:29:43Z</time>
</trkpt>
<trkpt lat="53.929779064" lon="51.326976763">
  <ele>175.897003</ele>
  <time>2010-07-31T08:29:44Z</time>
</trkpt>
<trkpt lat="53.929870594" lon="51.327190418">
  <ele>175.334000</ele>
  <time>2010-07-31T08:29:45Z</time>
</trkpt>
<trkpt lat="53.929958353" lon="51.327407844">
  <ele>174.996994</ele>
  <time>2010-07-31T08:29:46Z</time>
</trkpt>
<trkpt lat="53.930049883" lon="51.327621499">
  <ele>174.901993</ele>
  <time>2010-07-31T08:29:47Z</time>
</trkpt>
<trkpt lat="53.930141414" lon="51.327835070">
  <ele>174.748001</ele>
  <time>2010-07-31T08:29:48Z</time>
</trkpt>
<trkpt lat="53.930229172" lon="51.328044869">
  <ele>174.643005</ele>
  <time>2010-07-31T08:29:49Z</time>
</trkpt>
<trkpt lat="53.930320702" lon="51.328258524">
  <ele>174.520004</ele>
  <time>2010-07-31T08:29:50Z</time>
</trkpt>
<trkpt lat="53.930412317" lon="51.328475950">
  <ele>174.272003</ele>
  <time>2010-07-31T08:29:51Z</time>
</trkpt>
<trkpt lat="53.930507619" lon="51.328697233">
  <ele>174.076996</ele>
  <time>2010-07-31T08:29:52Z</time>
</trkpt>
<trkpt lat="53.930603005" lon="51.328926058">
  <ele>173.688995</ele>
  <time>2010-07-31T08:29:53Z</time>
</trkpt>
<trkpt lat="53.930698391" lon="51.329158824">
  <ele>173.376999</ele>
  <time>2010-07-31T08:29:54Z</time>
</trkpt>
<trkpt lat="53.930797549" lon="51.329391506">
  <ele>173.195007</ele>
  <time>2010-07-31T08:29:55Z</time>
</trkpt>
<trkpt lat="53.930896791" lon="51.329624187">
  <ele>172.860992</ele>
  <time>2010-07-31T08:29:56Z</time>
</trkpt>
<trkpt lat="53.930995949" lon="51.329853097">
  <ele>172.610992</ele>
  <time>2010-07-31T08:29:57Z</time>
</trkpt>
<trkpt lat="53.931091335" lon="51.330078151">
  <ele>172.266998</ele>
  <time>2010-07-31T08:29:58Z</time>
</trkpt>
<trkpt lat="53.931186637" lon="51.330306977">
  <ele>171.813004</ele>
  <time>2010-07-31T08:29:59Z</time>
</trkpt>
<trkpt lat="53.931278251" lon="51.330532115">
  <ele>171.552002</ele>
  <time>2010-07-31T08:30:00Z</time>
</trkpt>
<trkpt lat="53.931373637" lon="51.330757169">
  <ele>171.119995</ele>
  <time>2010-07-31T08:30:01Z</time>
</trkpt>
<trkpt lat="53.931465168" lon="51.330982223">
  <ele>170.820007</ele>
  <time>2010-07-31T08:30:02Z</time>
</trkpt>
<trkpt lat="53.931556698" lon="51.331203422">
  <ele>170.445999</ele>
  <time>2010-07-31T08:30:03Z</time>
</trkpt>
<trkpt lat="53.931652084" lon="51.331420932">
  <ele>169.901993</ele>
  <time>2010-07-31T08:30:04Z</time>
</trkpt>
<trkpt lat="53.931747470" lon="51.331638359">
  <ele>169.367996</ele>
  <time>2010-07-31T08:30:05Z</time>
</trkpt>
<trkpt lat="53.931839000" lon="51.331859557">
  <ele>168.942001</ele>
  <time>2010-07-31T08:30:06Z</time>
</trkpt>
<trkpt lat="53.931926759" lon="51.332077067">
  <ele>168.548004</ele>
  <time>2010-07-31T08:30:07Z</time>
</trkpt>
<trkpt lat="53.932018289" lon="51.332298266">
  <ele>168.309998</ele>
  <time>2010-07-31T08:30:08Z</time>
</trkpt>
<trkpt lat="53.932109820" lon="51.332523320">
  <ele>168.108002</ele>
  <time>2010-07-31T08:30:09Z</time>
</trkpt>
<trkpt lat="53.932205206" lon="51.332748374">
  <ele>167.671005</ele>
  <time>2010-07-31T08:30:10Z</time>
</trkpt>
<trkpt lat="53.932300592" lon="51.332973512">
  <ele>167.498993</ele>
  <time>2010-07-31T08:30:11Z</time>
</trkpt>
<trkpt lat="53.932395894" lon="51.333198566">
  <ele>167.186996</ele>
  <time>2010-07-31T08:30:12Z</time>
</trkpt>
<trkpt lat="53.932491280" lon="51.333423620">
  <ele>166.936005</ele>
  <time>2010-07-31T08:30:13Z</time>
</trkpt>
<trkpt lat="53.932582894" lon="51.333652530">
  <ele>166.888000</ele>
  <time>2010-07-31T08:30:14Z</time>
</trkpt>
<trkpt lat="53.932678197" lon="51.333885211">
  <ele>166.809006</ele>
  <time>2010-07-31T08:30:15Z</time>
</trkpt>
<trkpt lat="53.932781210" lon="51.334117893">
  <ele>166.806000</ele>
  <time>2010-07-31T08:30:16Z</time>
</trkpt>
<trkpt lat="53.932880368" lon="51.334362058">
  <ele>166.694000</ele>
  <time>2010-07-31T08:30:17Z</time>
</trkpt>
<trkpt lat="53.932983382" lon="51.334613767">
  <ele>166.664001</ele>
  <time>2010-07-31T08:30:18Z</time>
</trkpt>
<trkpt lat="53.933090251" lon="51.334869415">
  <ele>166.832001</ele>
  <time>2010-07-31T08:30:19Z</time>
</trkpt>
<trkpt lat="53.933197036" lon="51.335128751">
  <ele>166.792007</ele>
  <time>2010-07-31T08:30:20Z</time>
</trkpt>
<trkpt lat="53.933303822" lon="51.335388171">
  <ele>166.621994</ele>
  <time>2010-07-31T08:30:21Z</time>
</trkpt>
<trkpt lat="53.933418235" lon="51.335662846">
  <ele>166.542999</ele>
  <time>2010-07-31T08:30:22Z</time>
</trkpt>
<trkpt lat="53.933532732" lon="51.335941292">
  <ele>166.537003</ele>
  <time>2010-07-31T08:30:23Z</time>
</trkpt>
<trkpt lat="53.933651000" lon="51.336223595">
  <ele>166.494003</ele>
  <time>2010-07-31T08:30:24Z</time>
</trkpt>
<trkpt lat="53.933769185" lon="51.336509669">
  <ele>166.421997</ele>
  <time>2010-07-31T08:30:25Z</time>
</trkpt>
<trkpt lat="53.933887454" lon="51.336795827">
  <ele>166.442001</ele>
  <time>2010-07-31T08:30:26Z</time>
</trkpt>
<trkpt lat="53.934009578" lon="51.337078130">
  <ele>166.751999</ele>
  <time>2010-07-31T08:30:27Z</time>
</trkpt>
<trkpt lat="53.934127847" lon="51.337360349">
  <ele>166.699005</ele>
  <time>2010-07-31T08:30:28Z</time>
</trkpt>
<trkpt lat="53.934242260" lon="51.337638879">
  <ele>166.669006</ele>
  <time>2010-07-31T08:30:29Z</time>
</trkpt>
<trkpt lat="53.934356673" lon="51.337917326">
  <ele>166.535995</ele>
  <time>2010-07-31T08:30:30Z</time>
</trkpt>
<trkpt lat="53.934474941" lon="51.338192001">
  <ele>166.436005</ele>
  <time>2010-07-31T08:30:31Z</time>
</trkpt>
<trkpt lat="53.934589354" lon="51.338474303">
  <ele>166.388000</ele>
  <time>2010-07-31T08:30:32Z</time>
</trkpt>
<trkpt lat="53.934703851" lon="51.338756522">
  <ele>166.434006</ele>
  <time>2010-07-31T08:30:33Z</time>
</trkpt>
<trkpt lat="53.934818264" lon="51.339035053">
  <ele>166.274994</ele>
  <time>2010-07-31T08:30:34Z</time>
</trkpt>
<trkpt lat="53.934928905" lon="51.339317355">
  <ele>166.272995</ele>
  <time>2010-07-31T08:30:35Z</time>
</trkpt>
<trkpt lat="53.935043318" lon="51.339595802">
  <ele>166.175003</ele>
  <time>2010-07-31T08:30:36Z</time>
</trkpt>
<trkpt lat="53.935161587" lon="51.339866621">
  <ele>166.024994</ele>
  <time>2010-07-31T08:30:37Z</time>
</trkpt>
<trkpt lat="53.935272228" lon="51.340137441">
  <ele>166.061996</ele>
  <time>2010-07-31T08:30:38Z</time>
</trkpt>
<trkpt lat="53.935386641" lon="51.340412116">
  <ele>165.878998</ele>
  <time>2010-07-31T08:30:39Z</time>
</trkpt>
<trkpt lat="53.935493510" lon="51.340686791">
  <ele>165.645996</ele>
  <time>2010-07-31T08:30:40Z</time>
</trkpt>
<trkpt lat="53.935607923" lon="51.340957610">
  <ele>165.638000</ele>
  <time>2010-07-31T08:30:41Z</time>
</trkpt>
<trkpt lat="53.935718564" lon="51.341224657">
  <ele>165.570007</ele>
  <time>2010-07-31T08:30:42Z</time>
</trkpt>
<trkpt lat="53.935825350" lon="51.341484077">
  <ele>165.729004</ele>
  <time>2010-07-31T08:30:43Z</time>
</trkpt>
<trkpt lat="53.935935991" lon="51.341743497">
  <ele>166.128998</ele>
  <time>2010-07-31T08:30:44Z</time>
</trkpt>
<trkpt lat="53.936039004" lon="51.341995206">
  <ele>166.406998</ele>
  <time>2010-07-31T08:30:45Z</time>
</trkpt>
<trkpt lat="53.936145790" lon="51.342246998">
  <ele>166.505005</ele>
  <time>2010-07-31T08:30:46Z</time>
</trkpt>
<trkpt lat="53.936252575" lon="51.342498790">
  <ele>166.307007</ele>
  <time>2010-07-31T08:30:47Z</time>
</trkpt>
<trkpt lat="53.936355589" lon="51.342754355">
  <ele>166.037003</ele>
  <time>2010-07-31T08:30:48Z</time>
</trkpt>
<trkpt lat="53.936462374" lon="51.343009919">
  <ele>165.979004</ele>
  <time>2010-07-31T08:30:49Z</time>
</trkpt>
<trkpt lat="53.936573016" lon="51.343269339">
  <ele>165.953003</ele>
  <time>2010-07-31T08:30:50Z</time>
</trkpt>
<trkpt lat="53.936683657" lon="51.343532531">
  <ele>165.910004</ele>
  <time>2010-07-31T08:30:51Z</time>
</trkpt>
<trkpt lat="53.936798070" lon="51.343795806">
  <ele>165.692001</ele>
  <time>2010-07-31T08:30:52Z</time>
</trkpt>
<trkpt lat="53.936904939" lon="51.344066625">
  <ele>165.475006</ele>
  <time>2010-07-31T08:30:53Z</time>
</trkpt>
<trkpt lat="53.937019352" lon="51.344333673">
  <ele>165.188995</ele>
  <time>2010-07-31T08:30:54Z</time>
</trkpt>
<trkpt lat="53.937129993" lon="51.344600637">
  <ele>165.018005</ele>
  <time>2010-07-31T08:30:55Z</time>
</trkpt>
<trkpt lat="53.937240634" lon="51.344863912">
  <ele>164.873993</ele>
  <time>2010-07-31T08:30:56Z</time>
</trkpt>
<trkpt lat="53.937351191" lon="51.345127104">
  <ele>164.886002</ele>
  <time>2010-07-31T08:30:57Z</time>
</trkpt>
<trkpt lat="53.937461833" lon="51.345390296">
  <ele>164.531006</ele>
  <time>2010-07-31T08:30:58Z</time>
</trkpt>
<trkpt lat="53.937576329" lon="51.345649716">
  <ele>164.151001</ele>
  <time>2010-07-31T08:30:59Z</time>
</trkpt>
<trkpt lat="53.937694514" lon="51.345912907">
  <ele>163.981995</ele>
  <time>2010-07-31T08:31:00Z</time>
</trkpt>
<trkpt lat="53.937812783" lon="51.346179955">
  <ele>163.612000</ele>
  <time>2010-07-31T08:31:01Z</time>
</trkpt>
<trkpt lat="53.937931051" lon="51.346458402">
  <ele>163.091003</ele>
  <time>2010-07-31T08:31:02Z</time>
</trkpt>
<trkpt lat="53.938049320" lon="51.346740704">
  <ele>162.371994</ele>
  <time>2010-07-31T08:31:03Z</time>
</trkpt>
<trkpt lat="53.938171361" lon="51.347030634">
  <ele>161.753998</ele>
  <time>2010-07-31T08:31:04Z</time>
</trkpt>
<trkpt lat="53.938301113" lon="51.347328192">
  <ele>161.080994</ele>
  <time>2010-07-31T08:31:05Z</time>
</trkpt>
<trkpt lat="53.938438408" lon="51.347625749">
  <ele>160.192993</ele>
  <time>2010-07-31T08:31:06Z</time>
</trkpt>
<trkpt lat="53.938579559" lon="51.347938562">
  <ele>159.524002</ele>
  <time>2010-07-31T08:31:07Z</time>
</trkpt>
<trkpt lat="53.938720711" lon="51.348255146">
  <ele>158.850998</ele>
  <time>2010-07-31T08:31:08Z</time>
</trkpt>
<trkpt lat="53.938861862" lon="51.348587070">
  <ele>157.856003</ele>
  <time>2010-07-31T08:31:09Z</time>
</trkpt>
<trkpt lat="53.939006785" lon="51.348934164">
  <ele>156.819000</ele>
  <time>2010-07-31T08:31:10Z</time>
</trkpt>
<trkpt lat="53.939151792" lon="51.349288970">
  <ele>155.716995</ele>
  <time>2010-07-31T08:31:11Z</time>
</trkpt>
<trkpt lat="53.939304342" lon="51.349655176">
  <ele>154.768005</ele>
  <time>2010-07-31T08:31:12Z</time>
</trkpt>
<trkpt lat="53.939453121" lon="51.350025153">
  <ele>153.574005</ele>
  <time>2010-07-31T08:31:13Z</time>
</trkpt>
<trkpt lat="53.939605672" lon="51.350406613">
  <ele>153.046997</ele>
  <time>2010-07-31T08:31:14Z</time>
</trkpt>
<trkpt lat="53.939758306" lon="51.350791929">
  <ele>152.854996</ele>
  <time>2010-07-31T08:31:15Z</time>
</trkpt>
<trkpt lat="53.939910857" lon="51.351184873">
  <ele>152.561996</ele>
  <time>2010-07-31T08:31:16Z</time>
</trkpt>
<trkpt lat="53.940071119" lon="51.351573961">
  <ele>152.412994</ele>
  <time>2010-07-31T08:31:17Z</time>
</trkpt>
<trkpt lat="53.940231297" lon="51.351970676">
  <ele>152.408997</ele>
  <time>2010-07-31T08:31:18Z</time>
</trkpt>
<trkpt lat="53.940391559" lon="51.352363620">
  <ele>152.371994</ele>
  <time>2010-07-31T08:31:19Z</time>
</trkpt>
<trkpt lat="53.940551737" lon="51.352748852">
  <ele>152.212997</ele>
  <time>2010-07-31T08:31:20Z</time>
</trkpt>
<trkpt lat="53.940708144" lon="51.353126541">
  <ele>152.358994</ele>
  <time>2010-07-31T08:31:21Z</time>
</trkpt>
<trkpt lat="53.940860778" lon="51.353500374">
  <ele>152.311996</ele>
  <time>2010-07-31T08:31:22Z</time>
</trkpt>
<trkpt lat="53.941013329" lon="51.353874207">
  <ele>152.080994</ele>
  <time>2010-07-31T08:31:23Z</time>
</trkpt>
<trkpt lat="53.941169735" lon="51.354248039">
  <ele>152.072998</ele>
  <time>2010-07-31T08:31:24Z</time>
</trkpt>
<trkpt lat="53.941322286" lon="51.354618100">
  <ele>152.205994</ele>
  <time>2010-07-31T08:31:25Z</time>
</trkpt>
<trkpt lat="53.941478692" lon="51.354991933">
  <ele>152.487000</ele>
  <time>2010-07-31T08:31:26Z</time>
</trkpt>
<trkpt lat="53.941631326" lon="51.355361911">
  <ele>152.770996</ele>
  <time>2010-07-31T08:31:27Z</time>
</trkpt>
<trkpt lat="53.941787733" lon="51.355731972">
  <ele>152.931000</ele>
  <time>2010-07-31T08:31:28Z</time>
</trkpt>
<trkpt lat="53.941940283" lon="51.356105804">
  <ele>153.141998</ele>
  <time>2010-07-31T08:31:29Z</time>
</trkpt>
<trkpt lat="53.942096690" lon="51.356475865">
  <ele>153.432999</ele>
  <time>2010-07-31T08:31:30Z</time>
</trkpt>
<trkpt lat="53.942253096" lon="51.356842071">
  <ele>153.608994</ele>
  <time>2010-07-31T08:31:31Z</time>
</trkpt>
<trkpt lat="53.942405730" lon="51.357215904">
  <ele>153.738998</ele>
  <time>2010-07-31T08:31:32Z</time>
</trkpt>
<trkpt lat="53.942562137" lon="51.357582109">
  <ele>153.880997</ele>
  <time>2010-07-31T08:31:33Z</time>
</trkpt>
<trkpt lat="53.942714687" lon="51.357948314">
  <ele>153.667999</ele>
  <time>2010-07-31T08:31:34Z</time>
</trkpt>
<trkpt lat="53.942863466" lon="51.358306892">
  <ele>153.617004</ele>
  <time>2010-07-31T08:31:35Z</time>
</trkpt>
<trkpt lat="53.943012245" lon="51.358657843">
  <ele>153.570007</ele>
  <time>2010-07-31T08:31:36Z</time>
</trkpt>
<trkpt lat="53.943153396" lon="51.359004937">
  <ele>153.421005</ele>
  <time>2010-07-31T08:31:37Z</time>
</trkpt>
<trkpt lat="53.943294547" lon="51.359344488">
  <ele>153.464996</ele>
  <time>2010-07-31T08:31:38Z</time>
</trkpt>
<trkpt lat="53.943431843" lon="51.359668700">
  <ele>153.412003</ele>
  <time>2010-07-31T08:31:39Z</time>
</trkpt>
<trkpt lat="53.943561595" lon="51.359977741">
  <ele>153.449005</ele>
  <time>2010-07-31T08:31:40Z</time>
</trkpt>
<trkpt lat="53.943687407" lon="51.360275298">
  <ele>153.576996</ele>
  <time>2010-07-31T08:31:41Z</time>
</trkpt>
<trkpt lat="53.943805676" lon="51.360561373">
  <ele>153.514008</ele>
  <time>2010-07-31T08:31:42Z</time>
</trkpt>
<trkpt lat="53.943923945" lon="51.360832192">
  <ele>153.701004</ele>
  <time>2010-07-31T08:31:43Z</time>
</trkpt>
<trkpt lat="53.944038358" lon="51.361103095">
  <ele>153.852997</ele>
  <time>2010-07-31T08:31:44Z</time>
</trkpt>
<trkpt lat="53.944156626" lon="51.361377686">
  <ele>154.095001</ele>
  <time>2010-07-31T08:31:45Z</time>
</trkpt>
<trkpt lat="53.944278751" lon="51.361656217">
  <ele>154.298996</ele>
  <time>2010-07-31T08:31:46Z</time>
</trkpt>
<trkpt lat="53.944404563" lon="51.361938436">
  <ele>154.395004</ele>
  <time>2010-07-31T08:31:47Z</time>
</trkpt>
<trkpt lat="53.944534315" lon="51.362224594">
  <ele>154.399994</ele>
  <time>2010-07-31T08:31:48Z</time>
</trkpt>
<trkpt lat="53.944663983" lon="51.362518296">
  <ele>154.248993</ele>
  <time>2010-07-31T08:31:49Z</time>
</trkpt>
<trkpt lat="53.944801362" lon="51.362819709">
  <ele>154.063004</ele>
  <time>2010-07-31T08:31:50Z</time>
</trkpt>
<trkpt lat="53.944934886" lon="51.363132438">
  <ele>154.035004</ele>
  <time>2010-07-31T08:31:51Z</time>
</trkpt>
<trkpt lat="53.945068326" lon="51.363452878">
  <ele>154.108002</ele>
  <time>2010-07-31T08:31:52Z</time>
</trkpt>
<trkpt lat="53.945209477" lon="51.363780946">
  <ele>154.246994</ele>
  <time>2010-07-31T08:31:53Z</time>
</trkpt>
<trkpt lat="53.945346856" lon="51.364112869">
  <ele>154.139008</ele>
  <time>2010-07-31T08:31:54Z</time>
</trkpt>
<trkpt lat="53.945491780" lon="51.364448564">
  <ele>154.026993</ele>
  <time>2010-07-31T08:31:55Z</time>
</trkpt>
<trkpt lat="53.945636787" lon="51.364788031">
  <ele>153.664993</ele>
  <time>2010-07-31T08:31:56Z</time>
</trkpt>
<trkpt lat="53.945781710" lon="51.365138981">
  <ele>153.787994</ele>
  <time>2010-07-31T08:31:57Z</time>
</trkpt>
<trkpt lat="53.945926633" lon="51.365497559">
  <ele>153.697998</ele>
  <time>2010-07-31T08:31:58Z</time>
</trkpt>
<trkpt lat="53.946071640" lon="51.365859993">
  <ele>153.738998</ele>
  <time>2010-07-31T08:31:59Z</time>
</trkpt>
<trkpt lat="53.946216563" lon="51.366226198">
  <ele>153.595001</ele>
  <time>2010-07-31T08:32:00Z</time>
</trkpt>
<trkpt lat="53.946361570" lon="51.366592404">
  <ele>153.317993</ele>
  <time>2010-07-31T08:32:01Z</time>
</trkpt>
<trkpt lat="53.946510348" lon="51.366958609">
  <ele>153.210007</ele>
  <time>2010-07-31T08:32:02Z</time>
</trkpt>
<trkpt lat="53.946662899" lon="51.367317187">
  <ele>153.195007</ele>
  <time>2010-07-31T08:32:03Z</time>
</trkpt>
<trkpt lat="53.946811678" lon="51.367683392">
  <ele>153.011002</ele>
  <time>2010-07-31T08:32:04Z</time>
</trkpt>
<trkpt lat="53.946964229" lon="51.368053453">
  <ele>152.675995</ele>
  <time>2010-07-31T08:32:05Z</time>
</trkpt>
<trkpt lat="53.947116863" lon="51.368419658">
  <ele>152.539993</ele>
  <time>2010-07-31T08:32:06Z</time>
</trkpt>
<trkpt lat="53.947273269" lon="51.368785864">
  <ele>152.119003</ele>
  <time>2010-07-31T08:32:07Z</time>
</trkpt>
<trkpt lat="53.947422048" lon="51.369148213">
  <ele>151.623993</ele>
  <time>2010-07-31T08:32:08Z</time>
</trkpt>
<trkpt lat="53.947574599" lon="51.369510647">
  <ele>151.339005</ele>
  <time>2010-07-31T08:32:09Z</time>
</trkpt>
<trkpt lat="53.947723377" lon="51.369873080">
  <ele>151.085999</ele>
  <time>2010-07-31T08:32:10Z</time>
</trkpt>
<trkpt lat="53.947872156" lon="51.370231658">
  <ele>150.929001</ele>
  <time>2010-07-31T08:32:11Z</time>
</trkpt>
<trkpt lat="53.948020935" lon="51.370582609">
  <ele>150.716003</ele>
  <time>2010-07-31T08:32:12Z</time>
</trkpt>
<trkpt lat="53.948162086" lon="51.370922076">
  <ele>150.522003</ele>
  <time>2010-07-31T08:32:13Z</time>
</trkpt>
<trkpt lat="53.948307009" lon="51.371261626">
  <ele>150.307007</ele>
  <time>2010-07-31T08:32:14Z</time>
</trkpt>
<trkpt lat="53.948452016" lon="51.371593466">
  <ele>150.063995</ele>
  <time>2010-07-31T08:32:15Z</time>
</trkpt>
<trkpt lat="53.948593168" lon="51.371929161">
  <ele>149.602997</ele>
  <time>2010-07-31T08:32:16Z</time>
</trkpt>
<trkpt lat="53.948726691" lon="51.372261085">
  <ele>149.227997</ele>
  <time>2010-07-31T08:32:17Z</time>
</trkpt>
<trkpt lat="53.948863987" lon="51.372585297">
  <ele>149.067993</ele>
  <time>2010-07-31T08:32:18Z</time>
</trkpt>
<trkpt lat="53.948997511" lon="51.372909509">
  <ele>148.634003</ele>
  <time>2010-07-31T08:32:19Z</time>
</trkpt>
<trkpt lat="53.949131034" lon="51.373229949">
  <ele>148.410995</ele>
  <time>2010-07-31T08:32:20Z</time>
</trkpt>
<trkpt lat="53.949264558" lon="51.373550389">
  <ele>148.024994</ele>
  <time>2010-07-31T08:32:21Z</time>
</trkpt>
<trkpt lat="53.949398082" lon="51.373878457">
  <ele>147.337997</ele>
  <time>2010-07-31T08:32:22Z</time>
</trkpt>
<trkpt lat="53.949535377" lon="51.374202752">
  <ele>147.057007</ele>
  <time>2010-07-31T08:32:23Z</time>
</trkpt>
<trkpt lat="53.949668901" lon="51.374526965">
  <ele>146.733002</ele>
  <time>2010-07-31T08:32:24Z</time>
</trkpt>
<trkpt lat="53.949806197" lon="51.374855032">
  <ele>146.139999</ele>
  <time>2010-07-31T08:32:25Z</time>
</trkpt>
<trkpt lat="53.949943576" lon="51.375175472">
  <ele>145.358002</ele>
  <time>2010-07-31T08:32:26Z</time>
</trkpt>
<trkpt lat="53.950077016" lon="51.375503540">
  <ele>144.533005</ele>
  <time>2010-07-31T08:32:27Z</time>
</trkpt>
<trkpt lat="53.950210540" lon="51.375831608">
  <ele>143.723999</ele>
  <time>2010-07-31T08:32:28Z</time>
</trkpt>
<trkpt lat="53.950344063" lon="51.376159675">
  <ele>142.876007</ele>
  <time>2010-07-31T08:32:29Z</time>
</trkpt>
<trkpt lat="53.950481443" lon="51.376491515">
  <ele>142.018005</ele>
  <time>2010-07-31T08:32:30Z</time>
</trkpt>
<trkpt lat="53.950614966" lon="51.376819583">
  <ele>141.166000</ele>
  <time>2010-07-31T08:32:31Z</time>
</trkpt>
<trkpt lat="53.950748406" lon="51.377147650">
  <ele>140.501999</ele>
  <time>2010-07-31T08:32:32Z</time>
</trkpt>
<trkpt lat="53.950878158" lon="51.377471946">
  <ele>139.498993</ele>
  <time>2010-07-31T08:32:33Z</time>
</trkpt>
<trkpt lat="53.951007826" lon="51.377803786">
  <ele>138.279999</ele>
  <time>2010-07-31T08:32:34Z</time>
</trkpt>
<trkpt lat="53.951137578" lon="51.378135709">
  <ele>137.291000</ele>
  <time>2010-07-31T08:32:35Z</time>
</trkpt>
<trkpt lat="53.951263390" lon="51.378475176">
  <ele>136.567001</ele>
  <time>2010-07-31T08:32:36Z</time>
</trkpt>
<trkpt lat="53.951385515" lon="51.378818499">
  <ele>135.925995</ele>
  <time>2010-07-31T08:32:37Z</time>
</trkpt>
<trkpt lat="53.951503783" lon="51.379161822">
  <ele>134.981003</ele>
  <time>2010-07-31T08:32:38Z</time>
</trkpt>
<trkpt lat="53.951625824" lon="51.379505144">
  <ele>134.005997</ele>
  <time>2010-07-31T08:32:39Z</time>
</trkpt>
<trkpt lat="53.951744093" lon="51.379848467">
  <ele>133.149994</ele>
  <time>2010-07-31T08:32:40Z</time>
</trkpt>
<trkpt lat="53.951862361" lon="51.380191790">
  <ele>132.473999</ele>
  <time>2010-07-31T08:32:41Z</time>
</trkpt>
<trkpt lat="53.951984402" lon="51.380535113">
  <ele>131.975006</ele>
  <time>2010-07-31T08:32:42Z</time>
</trkpt>
<trkpt lat="53.952106442" lon="51.380878435">
  <ele>131.591003</ele>
  <time>2010-07-31T08:32:43Z</time>
</trkpt>
<trkpt lat="53.952220939" lon="51.381225614">
  <ele>130.895996</ele>
  <time>2010-07-31T08:32:44Z</time>
</trkpt>
<trkpt lat="53.952335352" lon="51.381576564">
  <ele>130.537003</ele>
  <time>2010-07-31T08:32:45Z</time>
</trkpt>
<trkpt lat="53.952453621" lon="51.381927514">
  <ele>130.289993</ele>
  <time>2010-07-31T08:32:46Z</time>
</trkpt>
<trkpt lat="53.952560406" lon="51.382278465">
  <ele>130.089996</ele>
  <time>2010-07-31T08:32:47Z</time>
</trkpt>
<trkpt lat="53.952671047" lon="51.382633187">
  <ele>129.848999</ele>
  <time>2010-07-31T08:32:48Z</time>
</trkpt>
<trkpt lat="53.952777833" lon="51.382991765">
  <ele>129.397995</ele>
  <time>2010-07-31T08:32:49Z</time>
</trkpt>
<trkpt lat="53.952884702" lon="51.383346571">
  <ele>129.044998</ele>
  <time>2010-07-31T08:32:50Z</time>
</trkpt>
<trkpt lat="53.952991487" lon="51.383705148">
  <ele>128.945007</ele>
  <time>2010-07-31T08:32:51Z</time>
</trkpt>
<trkpt lat="53.953094501" lon="51.384067498">
  <ele>128.837006</ele>
  <time>2010-07-31T08:32:52Z</time>
</trkpt>
<trkpt lat="53.953197515" lon="51.384429932">
  <ele>128.427002</ele>
  <time>2010-07-31T08:32:53Z</time>
</trkpt>
<trkpt lat="53.953300444" lon="51.384796137">
  <ele>128.279999</ele>
  <time>2010-07-31T08:32:54Z</time>
</trkpt>
<trkpt lat="53.953403458" lon="51.385162342">
  <ele>128.382004</ele>
  <time>2010-07-31T08:32:55Z</time>
</trkpt>
<trkpt lat="53.953506472" lon="51.385528548">
  <ele>128.688995</ele>
  <time>2010-07-31T08:32:56Z</time>
</trkpt>
<trkpt lat="53.953609485" lon="51.385902381">
  <ele>128.942993</ele>
  <time>2010-07-31T08:32:57Z</time>
</trkpt>
<trkpt lat="53.953712499" lon="51.386280069">
  <ele>129.311005</ele>
  <time>2010-07-31T08:32:58Z</time>
</trkpt>
<trkpt lat="53.953819284" lon="51.386650046">
  <ele>129.490005</ele>
  <time>2010-07-31T08:32:59Z</time>
</trkpt>
<trkpt lat="53.953922298" lon="51.387027735">
  <ele>129.692001</ele>
  <time>2010-07-31T08:33:00Z</time>
</trkpt>
<trkpt lat="53.954025228" lon="51.387413051">
  <ele>130.229004</ele>
  <time>2010-07-31T08:33:01Z</time>
</trkpt>
<trkpt lat="53.954128241" lon="51.387794511">
  <ele>130.893997</ele>
  <time>2010-07-31T08:33:02Z</time>
</trkpt>
<trkpt lat="53.954235110" lon="51.388172116">
  <ele>131.561996</ele>
  <time>2010-07-31T08:33:03Z</time>
</trkpt>
<trkpt lat="53.954341896" lon="51.388557432">
  <ele>132.373001</ele>
  <time>2010-07-31T08:33:04Z</time>
</trkpt>
<trkpt lat="53.954444909" lon="51.388938893">
  <ele>133.235992</ele>
  <time>2010-07-31T08:33:05Z</time>
</trkpt>
<trkpt lat="53.954551695" lon="51.389320353">
  <ele>134.065994</ele>
  <time>2010-07-31T08:33:06Z</time>
</trkpt>
<trkpt lat="53.954654709" lon="51.389701813">
  <ele>134.692993</ele>
  <time>2010-07-31T08:33:07Z</time>
</trkpt>
<trkpt lat="53.954761494" lon="51.390087130">
  <ele>135.513000</ele>
  <time>2010-07-31T08:33:08Z</time>
</trkpt>
<trkpt lat="53.954864508" lon="51.390468590">
  <ele>136.395004</ele>
  <time>2010-07-31T08:33:09Z</time>
</trkpt>
<trkpt lat="53.954971293" lon="51.390850050">
  <ele>137.345001</ele>
  <time>2010-07-31T08:33:10Z</time>
</trkpt>
<trkpt lat="53.955070535" lon="51.391231511">
  <ele>137.737000</ele>
  <time>2010-07-31T08:33:11Z</time>
</trkpt>
<trkpt lat="53.955173464" lon="51.391616827">
  <ele>138.544006</ele>
  <time>2010-07-31T08:33:12Z</time>
</trkpt>
<trkpt lat="53.955276478" lon="51.391990660">
  <ele>139.289993</ele>
  <time>2010-07-31T08:33:13Z</time>
</trkpt>
<trkpt lat="53.955383264" lon="51.392368348">
  <ele>139.544006</ele>
  <time>2010-07-31T08:33:14Z</time>
</trkpt>
<trkpt lat="53.955482505" lon="51.392745953">
  <ele>139.822998</ele>
  <time>2010-07-31T08:33:15Z</time>
</trkpt>
<trkpt lat="53.955585519" lon="51.393116014">
  <ele>140.167999</ele>
  <time>2010-07-31T08:33:16Z</time>
</trkpt>
<trkpt lat="53.955684677" lon="51.393482219">
  <ele>140.457993</ele>
  <time>2010-07-31T08:33:17Z</time>
</trkpt>
<trkpt lat="53.955776207" lon="51.393840797">
  <ele>140.348999</ele>
  <time>2010-07-31T08:33:18Z</time>
</trkpt>
<trkpt lat="53.955871593" lon="51.394191748">
  <ele>140.304001</ele>
  <time>2010-07-31T08:33:19Z</time>
</trkpt>
<trkpt lat="53.955963124" lon="51.394535070">
  <ele>140.242004</ele>
  <time>2010-07-31T08:33:20Z</time>
</trkpt>
<trkpt lat="53.956058510" lon="51.394866910">
  <ele>140.360992</ele>
  <time>2010-07-31T08:33:21Z</time>
</trkpt>
<trkpt lat="53.956150040" lon="51.395202605">
  <ele>140.641006</ele>
  <time>2010-07-31T08:33:22Z</time>
</trkpt>
<trkpt lat="53.956241570" lon="51.395538300">
  <ele>140.847000</ele>
  <time>2010-07-31T08:33:23Z</time>
</trkpt>
<trkpt lat="53.956333185" lon="51.395873995">
  <ele>140.813995</ele>
  <time>2010-07-31T08:33:24Z</time>
</trkpt>
<trkpt lat="53.956424715" lon="51.396209691">
  <ele>140.927002</ele>
  <time>2010-07-31T08:33:25Z</time>
</trkpt>
<trkpt lat="53.956516245" lon="51.396541614">
  <ele>140.934998</ele>
  <time>2010-07-31T08:33:26Z</time>
</trkpt>
<trkpt lat="53.956604004" lon="51.396873454">
  <ele>140.901993</ele>
  <time>2010-07-31T08:33:27Z</time>
</trkpt>
<trkpt lat="53.956691762" lon="51.397201521">
  <ele>140.776993</ele>
  <time>2010-07-31T08:33:28Z</time>
</trkpt>
<trkpt lat="53.956783293" lon="51.397525817">
  <ele>141.039001</ele>
  <time>2010-07-31T08:33:29Z</time>
</trkpt>
<trkpt lat="53.956874823" lon="51.397850029">
  <ele>141.274994</ele>
  <time>2010-07-31T08:33:30Z</time>
</trkpt>
<trkpt lat="53.956962582" lon="51.398174325">
  <ele>141.591995</ele>
  <time>2010-07-31T08:33:31Z</time>
</trkpt>
<trkpt lat="53.957046485" lon="51.398494681">
  <ele>141.563004</ele>
  <time>2010-07-31T08:33:32Z</time>
</trkpt>
<trkpt lat="53.957134243" lon="51.398811350">
  <ele>141.576996</ele>
  <time>2010-07-31T08:33:33Z</time>
</trkpt>
<trkpt lat="53.957218146" lon="51.399124162">
  <ele>141.470993</ele>
  <time>2010-07-31T08:33:34Z</time>
</trkpt>
<trkpt lat="53.957305904" lon="51.399433119">
  <ele>141.496002</ele>
  <time>2010-07-31T08:33:35Z</time>
</trkpt>
<trkpt lat="53.957393663" lon="51.399738304">
  <ele>141.660995</ele>
  <time>2010-07-31T08:33:36Z</time>
</trkpt>
<trkpt lat="53.957477566" lon="51.400043489">
  <ele>141.945999</ele>
  <time>2010-07-31T08:33:37Z</time>
</trkpt>
<trkpt lat="53.957561469" lon="51.400348675">
  <ele>141.957001</ele>
  <time>2010-07-31T08:33:38Z</time>
</trkpt>
<trkpt lat="53.957645455" lon="51.400653860">
  <ele>142.128006</ele>
  <time>2010-07-31T08:33:39Z</time>
</trkpt>
<trkpt lat="53.957725503" lon="51.400959045">
  <ele>142.500000</ele>
  <time>2010-07-31T08:33:40Z</time>
</trkpt>
<trkpt lat="53.957809489" lon="51.401268002">
  <ele>142.654007</ele>
  <time>2010-07-31T08:33:41Z</time>
</trkpt>
<trkpt lat="53.957893392" lon="51.401576959">
  <ele>142.934006</ele>
  <time>2010-07-31T08:33:42Z</time>
</trkpt>
<trkpt lat="53.957977295" lon="51.401889771">
  <ele>142.936005</ele>
  <time>2010-07-31T08:33:43Z</time>
</trkpt>
<trkpt lat="53.958065053" lon="51.402206440">
  <ele>143.095001</ele>
  <time>2010-07-31T08:33:44Z</time>
</trkpt>
<trkpt lat="53.958148956" lon="51.402526880">
  <ele>143.212006</ele>
  <time>2010-07-31T08:33:45Z</time>
</trkpt>
<trkpt lat="53.958236715" lon="51.402847320">
  <ele>143.317993</ele>
  <time>2010-07-31T08:33:46Z</time>
</trkpt>
<trkpt lat="53.958328245" lon="51.403167760">
  <ele>143.479004</ele>
  <time>2010-07-31T08:33:47Z</time>
</trkpt>
<trkpt lat="53.958416004" lon="51.403484344">
  <ele>143.367004</ele>
  <time>2010-07-31T08:33:48Z</time>
</trkpt>
<trkpt lat="53.958503762" lon="51.403808556">
  <ele>143.350998</ele>
  <time>2010-07-31T08:33:49Z</time>
</trkpt>
<trkpt lat="53.958595293" lon="51.404132852">
  <ele>143.031998</ele>
  <time>2010-07-31T08:33:50Z</time>
</trkpt>
<trkpt lat="53.958683051" lon="51.404464692">
  <ele>142.895996</ele>
  <time>2010-07-31T08:33:51Z</time>
</trkpt>
<trkpt lat="53.958770726" lon="51.404792760">
  <ele>142.625000</ele>
  <time>2010-07-31T08:33:52Z</time>
</trkpt>
<trkpt lat="53.958858484" lon="51.405124683">
  <ele>142.365005</ele>
  <time>2010-07-31T08:33:53Z</time>
</trkpt>
<trkpt lat="53.958950015" lon="51.405456522">
  <ele>142.031006</ele>
  <time>2010-07-31T08:33:54Z</time>
</trkpt>
<trkpt lat="53.959041629" lon="51.405788446">
  <ele>141.871994</ele>
  <time>2010-07-31T08:33:55Z</time>
</trkpt>
<trkpt lat="53.959133159" lon="51.406120285">
  <ele>141.686005</ele>
  <time>2010-07-31T08:33:56Z</time>
</trkpt>
<trkpt lat="53.959224690" lon="51.406455981">
  <ele>141.673004</ele>
  <time>2010-07-31T08:33:57Z</time>
</trkpt>
<trkpt lat="53.959312448" lon="51.406791676">
  <ele>141.763000</ele>
  <time>2010-07-31T08:33:58Z</time>
</trkpt>
<trkpt lat="53.959407834" lon="51.407134999">
  <ele>142.149994</ele>
  <time>2010-07-31T08:33:59Z</time>
</trkpt>
<trkpt lat="53.959503137" lon="51.407478321">
  <ele>142.380005</ele>
  <time>2010-07-31T08:34:00Z</time>
</trkpt>
<trkpt lat="53.959598523" lon="51.407821644">
  <ele>143.119995</ele>
  <time>2010-07-31T08:34:01Z</time>
</trkpt>
<trkpt lat="53.959693909" lon="51.408168823">
  <ele>143.488007</ele>
  <time>2010-07-31T08:34:02Z</time>
</trkpt>
<trkpt lat="53.959789295" lon="51.408515917">
  <ele>143.940994</ele>
  <time>2010-07-31T08:34:03Z</time>
</trkpt>
<trkpt lat="53.959880825" lon="51.408859240">
  <ele>144.309998</ele>
  <time>2010-07-31T08:34:04Z</time>
</trkpt>
<trkpt lat="53.959972356" lon="51.409202563">
  <ele>144.757996</ele>
  <time>2010-07-31T08:34:05Z</time>
</trkpt>
<trkpt lat="53.960063970" lon="51.409538258">
  <ele>145.643997</ele>
  <time>2010-07-31T08:34:06Z</time>
</trkpt>
<trkpt lat="53.960159272" lon="51.409866326">
  <ele>146.052994</ele>
  <time>2010-07-31T08:34:07Z</time>
</trkpt>
<trkpt lat="53.960247030" lon="51.410190621">
  <ele>146.300995</ele>
  <time>2010-07-31T08:34:08Z</time>
</trkpt>
<trkpt lat="53.960338561" lon="51.410510978">
  <ele>146.669006</ele>
  <time>2010-07-31T08:34:09Z</time>
</trkpt>
<trkpt lat="53.960426319" lon="51.410827646">
  <ele>147.000000</ele>
  <time>2010-07-31T08:34:10Z</time>
</trkpt>
<trkpt lat="53.960514078" lon="51.411136603">
  <ele>147.195999</ele>
  <time>2010-07-31T08:34:11Z</time>
</trkpt>
<trkpt lat="53.960597981" lon="51.411445644">
  <ele>147.320999</ele>
  <time>2010-07-31T08:34:12Z</time>
</trkpt>
<trkpt lat="53.960681884" lon="51.411754601">
  <ele>147.621994</ele>
  <time>2010-07-31T08:34:13Z</time>
</trkpt>
<trkpt lat="53.960769642" lon="51.412063558">
  <ele>147.664993</ele>
  <time>2010-07-31T08:34:14Z</time>
</trkpt>
<trkpt lat="53.960853545" lon="51.412368743">
  <ele>147.886993</ele>
  <time>2010-07-31T08:34:15Z</time>
</trkpt>
<trkpt lat="53.960941304" lon="51.412670156">
  <ele>148.104996</ele>
  <time>2010-07-31T08:34:16Z</time>
</trkpt>
<trkpt lat="53.961021435" lon="51.412963858">
  <ele>148.195007</ele>
  <time>2010-07-31T08:34:17Z</time>
</trkpt>
<trkpt lat="53.961101566" lon="51.413261415">
  <ele>148.067001</ele>
  <time>2010-07-31T08:34:18Z</time>
</trkpt>
<trkpt lat="53.961185468" lon="51.413558973">
  <ele>148.005005</ele>
  <time>2010-07-31T08:34:19Z</time>
</trkpt>
<trkpt lat="53.961265599" lon="51.413852675">
  <ele>147.697998</ele>
  <time>2010-07-31T08:34:20Z</time>
</trkpt>
<trkpt lat="53.961345647" lon="51.414150232">
  <ele>147.513000</ele>
  <time>2010-07-31T08:34:21Z</time>
</trkpt>
<trkpt lat="53.961425778" lon="51.414440162">
  <ele>147.570007</ele>
  <time>2010-07-31T08:34:22Z</time>
</trkpt>
<trkpt lat="53.961505909" lon="51.414726237">
  <ele>147.520996</ele>
  <time>2010-07-31T08:34:23Z</time>
</trkpt>
<trkpt lat="53.961586040" lon="51.415008539">
  <ele>147.345001</ele>
  <time>2010-07-31T08:34:24Z</time>
</trkpt>
<trkpt lat="53.961658459" lon="51.415290842">
  <ele>146.957993</ele>
  <time>2010-07-31T08:34:25Z</time>
</trkpt>
<trkpt lat="53.961738590" lon="51.415565517">
  <ele>146.589996</ele>
  <time>2010-07-31T08:34:26Z</time>
</trkpt>
<trkpt lat="53.961811094" lon="51.415840108">
  <ele>146.072006</ele>
  <time>2010-07-31T08:34:27Z</time>
</trkpt>
<trkpt lat="53.961887369" lon="51.416114783">
  <ele>145.576996</ele>
  <time>2010-07-31T08:34:28Z</time>
</trkpt>
<trkpt lat="53.961959872" lon="51.416389458">
  <ele>144.923996</ele>
  <time>2010-07-31T08:34:29Z</time>
</trkpt>
<trkpt lat="53.962036148" lon="51.416660277">
  <ele>144.251007</ele>
  <time>2010-07-31T08:34:30Z</time>
</trkpt>
<trkpt lat="53.962112423" lon="51.416931180">
  <ele>143.813004</ele>
  <time>2010-07-31T08:34:31Z</time>
</trkpt>
<trkpt lat="53.962188698" lon="51.417202000">
  <ele>143.386993</ele>
  <time>2010-07-31T08:34:32Z</time>
</trkpt>
<trkpt lat="53.962264974" lon="51.417480446">
  <ele>142.798996</ele>
  <time>2010-07-31T08:34:33Z</time>
</trkpt>
<trkpt lat="53.962337477" lon="51.417758977">
  <ele>142.000000</ele>
  <time>2010-07-31T08:34:34Z</time>
</trkpt>
<trkpt lat="53.962413752" lon="51.418041196">
  <ele>140.992996</ele>
  <time>2010-07-31T08:34:35Z</time>
</trkpt>
<trkpt lat="53.962490112" lon="51.418319726">
  <ele>140.078995</ele>
  <time>2010-07-31T08:34:36Z</time>
</trkpt>
<trkpt lat="53.962570159" lon="51.418598173">
  <ele>139.276993</ele>
  <time>2010-07-31T08:34:37Z</time>
</trkpt>
<trkpt lat="53.962642662" lon="51.418876620">
  <ele>138.261993</ele>
  <time>2010-07-31T08:34:38Z</time>
</trkpt>
<trkpt lat="53.962718938" lon="51.419155151">
  <ele>137.313995</ele>
  <time>2010-07-31T08:34:39Z</time>
</trkpt>
<trkpt lat="53.962795297" lon="51.419441225">
  <ele>136.373001</ele>
  <time>2010-07-31T08:34:40Z</time>
</trkpt>
<trkpt lat="53.962871572" lon="51.419723528">
  <ele>135.623993</ele>
  <time>2010-07-31T08:34:41Z</time>
</trkpt>
<trkpt lat="53.962951619" lon="51.420005830">
  <ele>134.942001</ele>
  <time>2010-07-31T08:34:42Z</time>
</trkpt>
<trkpt lat="53.963027978" lon="51.420288049">
  <ele>134.298004</ele>
  <time>2010-07-31T08:34:43Z</time>
</trkpt>
<trkpt lat="53.963108025" lon="51.420574207">
  <ele>133.692001</ele>
  <time>2010-07-31T08:34:44Z</time>
</trkpt>
<trkpt lat="53.963188156" lon="51.420864137">
  <ele>133.188995</ele>
  <time>2010-07-31T08:34:45Z</time>
</trkpt>
<trkpt lat="53.963272059" lon="51.421157839">
  <ele>132.755997</ele>
  <time>2010-07-31T08:34:46Z</time>
</trkpt>
<trkpt lat="53.963352190" lon="51.421451541">
  <ele>132.386993</ele>
  <time>2010-07-31T08:34:47Z</time>
</trkpt>
<trkpt lat="53.963432321" lon="51.421741471">
  <ele>131.570999</ele>
  <time>2010-07-31T08:34:48Z</time>
</trkpt>
<trkpt lat="53.963512452" lon="51.422035256">
  <ele>130.923996</ele>
  <time>2010-07-31T08:34:49Z</time>
</trkpt>
<trkpt lat="53.963592499" lon="51.422328958">
  <ele>130.455994</ele>
  <time>2010-07-31T08:34:50Z</time>
</trkpt>
<trkpt lat="53.963668859" lon="51.422618888">
  <ele>130.001007</ele>
  <time>2010-07-31T08:34:51Z</time>
</trkpt>
<trkpt lat="53.963745134" lon="51.422912590">
  <ele>129.901993</ele>
  <time>2010-07-31T08:34:52Z</time>
</trkpt>
<trkpt lat="53.963825265" lon="51.423198665">
  <ele>129.675003</ele>
  <time>2010-07-31T08:34:53Z</time>
</trkpt>
<trkpt lat="53.963901540" lon="51.423488595">
  <ele>129.464996</ele>
  <time>2010-07-31T08:34:54Z</time>
</trkpt>
<trkpt lat="53.963977816" lon="51.423774753">
  <ele>129.251007</ele>
  <time>2010-07-31T08:34:55Z</time>
</trkpt>
<trkpt lat="53.964054091" lon="51.424053200">
  <ele>129.003006</ele>
  <time>2010-07-31T08:34:56Z</time>
</trkpt>
<trkpt lat="53.964126594" lon="51.424327875">
  <ele>128.807999</ele>
  <time>2010-07-31T08:34:57Z</time>
</trkpt>
<trkpt lat="53.964202870" lon="51.424598694">
  <ele>128.593002</ele>
  <time>2010-07-31T08:34:58Z</time>
</trkpt>
<trkpt lat="53.964275373" lon="51.424869513">
  <ele>128.563004</ele>
  <time>2010-07-31T08:34:59Z</time>
</trkpt>
<trkpt lat="53.964347877" lon="51.425136561">
  <ele>128.636002</ele>
  <time>2010-07-31T08:35:00Z</time>
</trkpt>
<trkpt lat="53.964420296" lon="51.425407380">
  <ele>128.729004</ele>
  <time>2010-07-31T08:35:01Z</time>
</trkpt>
<trkpt lat="53.964492800" lon="51.425670655">
  <ele>129.057007</ele>
  <time>2010-07-31T08:35:02Z</time>
</trkpt>
<trkpt lat="53.964561448" lon="51.425929992">
  <ele>129.294998</ele>
  <time>2010-07-31T08:35:03Z</time>
</trkpt>
<trkpt lat="53.964633951" lon="51.426181784">
  <ele>129.651001</ele>
  <time>2010-07-31T08:35:04Z</time>
</trkpt>
<trkpt lat="53.964702599" lon="51.426425949">
  <ele>129.932007</ele>
  <time>2010-07-31T08:35:05Z</time>
</trkpt>
<trkpt lat="53.964767475" lon="51.426666258">
  <ele>130.317001</ele>
  <time>2010-07-31T08:35:06Z</time>
</trkpt>
<trkpt lat="53.964832267" lon="51.426906567">
  <ele>130.738007</ele>
  <time>2010-07-31T08:35:07Z</time>
</trkpt>
<trkpt lat="53.964900998" lon="51.427150732">
  <ele>131.263000</ele>
  <time>2010-07-31T08:35:08Z</time>
</trkpt>
<trkpt lat="53.964969646" lon="51.427398669">
  <ele>131.860001</ele>
  <time>2010-07-31T08:35:09Z</time>
</trkpt>
<trkpt lat="53.965034522" lon="51.427650461">
  <ele>132.503998</ele>
  <time>2010-07-31T08:35:10Z</time>
</trkpt>
<trkpt lat="53.965103170" lon="51.427909881">
  <ele>133.356003</ele>
  <time>2010-07-31T08:35:11Z</time>
</trkpt>
<trkpt lat="53.965171818" lon="51.428169217">
  <ele>133.994995</ele>
  <time>2010-07-31T08:35:12Z</time>
</trkpt>
<trkpt lat="53.965248093" lon="51.428436264">
  <ele>134.643997</ele>
  <time>2010-07-31T08:35:13Z</time>
</trkpt>
<trkpt lat="53.965320596" lon="51.428703312">
  <ele>135.261993</ele>
  <time>2010-07-31T08:35:14Z</time>
</trkpt>
<trkpt lat="53.965396872" lon="51.428974131">
  <ele>135.848007</ele>
  <time>2010-07-31T08:35:15Z</time>
</trkpt>
<trkpt lat="53.965469375" lon="51.429248806">
  <ele>136.468002</ele>
  <time>2010-07-31T08:35:16Z</time>
</trkpt>
<trkpt lat="53.965545651" lon="51.429523481">
  <ele>137.184006</ele>
  <time>2010-07-31T08:35:17Z</time>
</trkpt>
<trkpt lat="53.965618154" lon="51.429801928">
  <ele>137.968002</ele>
  <time>2010-07-31T08:35:18Z</time>
</trkpt>
<trkpt lat="53.965694429" lon="51.430076603">
  <ele>138.630997</ele>
  <time>2010-07-31T08:35:19Z</time>
</trkpt>
<trkpt lat="53.965766933" lon="51.430343650">
  <ele>139.550003</ele>
  <time>2010-07-31T08:35:20Z</time>
</trkpt>
<trkpt lat="53.965839352" lon="51.430610698">
  <ele>140.345001</ele>
  <time>2010-07-31T08:35:21Z</time>
</trkpt>
<trkpt lat="53.965911856" lon="51.430877661">
  <ele>141.048004</ele>
  <time>2010-07-31T08:35:22Z</time>
</trkpt>
<trkpt lat="53.965984359" lon="51.431137081">
  <ele>141.565994</ele>
  <time>2010-07-31T08:35:23Z</time>
</trkpt>
<trkpt lat="53.966053007" lon="51.431388874">
  <ele>142.115005</ele>
  <time>2010-07-31T08:35:24Z</time>
</trkpt>
<trkpt lat="53.966121655" lon="51.431632955">
  <ele>142.733002</ele>
  <time>2010-07-31T08:35:25Z</time>
</trkpt>
<trkpt lat="53.966186531" lon="51.431873348">
  <ele>143.358002</ele>
  <time>2010-07-31T08:35:26Z</time>
</trkpt>
<trkpt lat="53.966251407" lon="51.432102174">
  <ele>143.932007</ele>
  <time>2010-07-31T08:35:27Z</time>
</trkpt>
<trkpt lat="53.966308571" lon="51.432331083">
  <ele>144.380997</ele>
  <time>2010-07-31T08:35:28Z</time>
</trkpt>
<trkpt lat="53.966369592" lon="51.432548510">
  <ele>144.791000</ele>
  <time>2010-07-31T08:35:29Z</time>
</trkpt>
<trkpt lat="53.966430696" lon="51.432765936">
  <ele>145.113007</ele>
  <time>2010-07-31T08:35:30Z</time>
</trkpt>
<trkpt lat="53.966487860" lon="51.432979591">
  <ele>145.520004</ele>
  <time>2010-07-31T08:35:31Z</time>
</trkpt>
<trkpt lat="53.966545109" lon="51.433189390">
  <ele>145.854004</ele>
  <time>2010-07-31T08:35:32Z</time>
</trkpt>
<trkpt lat="53.966602357" lon="51.433395417">
  <ele>146.404999</ele>
  <time>2010-07-31T08:35:33Z</time>
</trkpt>
<trkpt lat="53.966663377" lon="51.433597589">
  <ele>146.755005</ele>
  <time>2010-07-31T08:35:34Z</time>
</trkpt>
<trkpt lat="53.966716770" lon="51.433788277">
  <ele>147.322998</ele>
  <time>2010-07-31T08:35:35Z</time>
</trkpt>
<trkpt lat="53.966770163" lon="51.433979049">
  <ele>147.964005</ele>
  <time>2010-07-31T08:35:36Z</time>
</trkpt>
<trkpt lat="53.966823556" lon="51.434169738">
  <ele>148.440994</ele>
  <time>2010-07-31T08:35:37Z</time>
</trkpt>
<trkpt lat="53.966873176" lon="51.434360510">
  <ele>148.897995</ele>
  <time>2010-07-31T08:35:38Z</time>
</trkpt>
<trkpt lat="53.966926569" lon="51.434555054">
  <ele>149.358002</ele>
  <time>2010-07-31T08:35:39Z</time>
</trkpt>
<trkpt lat="53.966976190" lon="51.434745826">
  <ele>149.908005</ele>
  <time>2010-07-31T08:35:40Z</time>
</trkpt>
<trkpt lat="53.967025727" lon="51.434932742">
  <ele>150.363007</ele>
  <time>2010-07-31T08:35:41Z</time>
</trkpt>
<trkpt lat="53.967075348" lon="51.435115803">
  <ele>150.884995</ele>
  <time>2010-07-31T08:35:42Z</time>
</trkpt>
<trkpt lat="53.967124969" lon="51.435291320">
  <ele>151.194000</ele>
  <time>2010-07-31T08:35:43Z</time>
</trkpt>
<trkpt lat="53.967174506" lon="51.435466753">
  <ele>151.766006</ele>
  <time>2010-07-31T08:35:44Z</time>
</trkpt>
<trkpt lat="53.967224127" lon="51.435649898">
  <ele>152.287003</ele>
  <time>2010-07-31T08:35:45Z</time>
</trkpt>
<trkpt lat="53.967273748" lon="51.435832959">
  <ele>152.794998</ele>
  <time>2010-07-31T08:35:46Z</time>
</trkpt>
<trkpt lat="53.967327140" lon="51.436019875">
  <ele>153.279999</ele>
  <time>2010-07-31T08:35:47Z</time>
</trkpt>
<trkpt lat="53.967376677" lon="51.436203020">
  <ele>153.445999</ele>
  <time>2010-07-31T08:35:48Z</time>
</trkpt>
<trkpt lat="53.967426298" lon="51.436382309">
  <ele>153.889999</ele>
  <time>2010-07-31T08:35:49Z</time>
</trkpt>
<trkpt lat="53.967475919" lon="51.436557742">
  <ele>154.337006</ele>
  <time>2010-07-31T08:35:50Z</time>
</trkpt>
<trkpt lat="53.967525456" lon="51.436737031">
  <ele>154.852005</ele>
  <time>2010-07-31T08:35:51Z</time>
</trkpt>
<trkpt lat="53.967578849" lon="51.436920175">
  <ele>155.401001</ele>
  <time>2010-07-31T08:35:52Z</time>
</trkpt>
<trkpt lat="53.967628470" lon="51.437103236">
  <ele>155.535004</ele>
  <time>2010-07-31T08:35:53Z</time>
</trkpt>
<trkpt lat="53.967674235" lon="51.437286381">
  <ele>155.839005</ele>
  <time>2010-07-31T08:35:54Z</time>
</trkpt>
<trkpt lat="53.967727628" lon="51.437469441">
  <ele>156.044006</ele>
  <time>2010-07-31T08:35:55Z</time>
</trkpt>
<trkpt lat="53.967781104" lon="51.437660214">
  <ele>156.296997</ele>
  <time>2010-07-31T08:35:56Z</time>
</trkpt>
<trkpt lat="53.967830641" lon="51.437847130">
  <ele>156.653000</ele>
  <time>2010-07-31T08:35:57Z</time>
</trkpt>
<trkpt lat="53.967884034" lon="51.438037902">
  <ele>157.143005</ele>
  <time>2010-07-31T08:35:58Z</time>
</trkpt>
<trkpt lat="53.967933655" lon="51.438232446">
  <ele>157.524994</ele>
  <time>2010-07-31T08:35:59Z</time>
</trkpt>
<trkpt lat="53.967987048" lon="51.438430762">
  <ele>158.059006</ele>
  <time>2010-07-31T08:36:00Z</time>
</trkpt>
<trkpt lat="53.968040440" lon="51.438625306">
  <ele>158.570999</ele>
  <time>2010-07-31T08:36:01Z</time>
</trkpt>
<trkpt lat="53.968090061" lon="51.438816078">
  <ele>159.143997</ele>
  <time>2010-07-31T08:36:02Z</time>
</trkpt>
<trkpt lat="53.968139682" lon="51.438999139">
  <ele>159.626007</ele>
  <time>2010-07-31T08:36:03Z</time>
</trkpt>
<trkpt lat="53.968189219" lon="51.439186055">
  <ele>159.964996</ele>
  <time>2010-07-31T08:36:04Z</time>
</trkpt>
<trkpt lat="53.968238840" lon="51.439373055">
  <ele>160.294998</ele>
  <time>2010-07-31T08:36:05Z</time>
</trkpt>
<trkpt lat="53.968288461" lon="51.439559972">
  <ele>160.705994</ele>
  <time>2010-07-31T08:36:06Z</time>
</trkpt>
<trkpt lat="53.968341853" lon="51.439750660">
  <ele>160.897003</ele>
  <time>2010-07-31T08:36:07Z</time>
</trkpt>
<trkpt lat="53.968395246" lon="51.439949060">
  <ele>160.990005</ele>
  <time>2010-07-31T08:36:08Z</time>
</trkpt>
<trkpt lat="53.968448639" lon="51.440155003">
  <ele>161.270004</ele>
  <time>2010-07-31T08:36:09Z</time>
</trkpt>
<trkpt lat="53.968505887" lon="51.440364802">
  <ele>161.686005</ele>
  <time>2010-07-31T08:36:10Z</time>
</trkpt>
<trkpt lat="53.968563052" lon="51.440570829">
  <ele>162.158997</ele>
  <time>2010-07-31T08:36:11Z</time>
</trkpt>
<trkpt lat="53.968620300" lon="51.440776857">
  <ele>162.487000</ele>
  <time>2010-07-31T08:36:12Z</time>
</trkpt>
<trkpt lat="53.968673693" lon="51.440979028">
  <ele>162.479004</ele>
  <time>2010-07-31T08:36:13Z</time>
</trkpt>
<trkpt lat="53.968730941" lon="51.441177344">
  <ele>162.645004</ele>
  <time>2010-07-31T08:36:14Z</time>
</trkpt>
<trkpt lat="53.968784334" lon="51.441375744">
  <ele>162.819000</ele>
  <time>2010-07-31T08:36:15Z</time>
</trkpt>
<trkpt lat="53.968837727" lon="51.441570288">
  <ele>162.925003</ele>
  <time>2010-07-31T08:36:16Z</time>
</trkpt>
<trkpt lat="53.968894975" lon="51.441768687">
  <ele>163.128998</ele>
  <time>2010-07-31T08:36:17Z</time>
</trkpt>
<trkpt lat="53.968948368" lon="51.441963231">
  <ele>163.283005</ele>
  <time>2010-07-31T08:36:18Z</time>
</trkpt>
<trkpt lat="53.969001761" lon="51.442161547">
  <ele>163.264008</ele>
  <time>2010-07-31T08:36:19Z</time>
</trkpt>
<trkpt lat="53.969055153" lon="51.442359947">
  <ele>163.412003</ele>
  <time>2010-07-31T08:36:20Z</time>
</trkpt>
<trkpt lat="53.969108546" lon="51.442554491">
  <ele>163.615005</ele>
  <time>2010-07-31T08:36:21Z</time>
</trkpt>
<trkpt lat="53.969162023" lon="51.442756662">
  <ele>163.776001</ele>
  <time>2010-07-31T08:36:22Z</time>
</trkpt>
<trkpt lat="53.969223043" lon="51.442958834">
  <ele>163.828995</ele>
  <time>2010-07-31T08:36:23Z</time>
</trkpt>
<trkpt lat="53.969280208" lon="51.443168633">
  <ele>163.848007</ele>
  <time>2010-07-31T08:36:24Z</time>
</trkpt>
<trkpt lat="53.969341312" lon="51.443378432">
  <ele>163.610001</ele>
  <time>2010-07-31T08:36:25Z</time>
</trkpt>
<trkpt lat="53.969398476" lon="51.443584459">
  <ele>163.522995</ele>
  <time>2010-07-31T08:36:26Z</time>
</trkpt>
<trkpt lat="53.969455725" lon="51.443786630">
  <ele>163.330002</ele>
  <time>2010-07-31T08:36:27Z</time>
</trkpt>
<trkpt lat="53.969512973" lon="51.443992574">
  <ele>163.098999</ele>
  <time>2010-07-31T08:36:28Z</time>
</trkpt>
<trkpt lat="53.969570138" lon="51.444202457">
  <ele>162.998993</ele>
  <time>2010-07-31T08:36:29Z</time>
</trkpt>
<trkpt lat="53.969631158" lon="51.444419883">
  <ele>162.875000</ele>
  <time>2010-07-31T08:36:30Z</time>
</trkpt>
<trkpt lat="53.969696034" lon="51.444644937">
  <ele>163.016998</ele>
  <time>2010-07-31T08:36:31Z</time>
</trkpt>
<trkpt lat="53.969760910" lon="51.444885246">
  <ele>162.988007</ele>
  <time>2010-07-31T08:36:32Z</time>
</trkpt>
<trkpt lat="53.969833413" lon="51.445133183">
  <ele>163.029007</ele>
  <time>2010-07-31T08:36:33Z</time>
</trkpt>
<trkpt lat="53.969902061" lon="51.445384976">
  <ele>162.891998</ele>
  <time>2010-07-31T08:36:34Z</time>
</trkpt>
<trkpt lat="53.969978336" lon="51.445655795">
  <ele>162.860992</ele>
  <time>2010-07-31T08:36:35Z</time>
</trkpt>
<trkpt lat="53.970054612" lon="51.445934325">
  <ele>162.507996</ele>
  <time>2010-07-31T08:36:36Z</time>
</trkpt>
<trkpt lat="53.970130887" lon="51.446208917">
  <ele>162.365997</ele>
  <time>2010-07-31T08:36:37Z</time>
</trkpt>
<trkpt lat="53.970203390" lon="51.446479820">
  <ele>162.132004</ele>
  <time>2010-07-31T08:36:38Z</time>
</trkpt>
<trkpt lat="53.970279666" lon="51.446743011">
  <ele>162.186005</ele>
  <time>2010-07-31T08:36:39Z</time>
</trkpt>
<trkpt lat="53.970348397" lon="51.447010059">
  <ele>162.158005</ele>
  <time>2010-07-31T08:36:40Z</time>
</trkpt>
<trkpt lat="53.970417045" lon="51.447277106">
  <ele>162.061996</ele>
  <time>2010-07-31T08:36:41Z</time>
</trkpt>
<trkpt lat="53.970489465" lon="51.447540298">
  <ele>161.843002</ele>
  <time>2010-07-31T08:36:42Z</time>
</trkpt>
<trkpt lat="53.970558196" lon="51.447803490">
  <ele>161.666000</ele>
  <time>2010-07-31T08:36:43Z</time>
</trkpt>
<trkpt lat="53.970638243" lon="51.448062910">
  <ele>161.190002</ele>
  <time>2010-07-31T08:36:44Z</time>
</trkpt>
<trkpt lat="53.970714603" lon="51.448329957">
  <ele>160.712006</ele>
  <time>2010-07-31T08:36:45Z</time>
</trkpt>
<trkpt lat="53.970794650" lon="51.448600776">
  <ele>159.895004</ele>
  <time>2010-07-31T08:36:46Z</time>
</trkpt>
<trkpt lat="53.970874781" lon="51.448886851">
  <ele>159.300995</ele>
  <time>2010-07-31T08:36:47Z</time>
</trkpt>
<trkpt lat="53.970958684" lon="51.449180637">
  <ele>159.048004</ele>
  <time>2010-07-31T08:36:48Z</time>
</trkpt>
<trkpt lat="53.971046442" lon="51.449493449">
  <ele>158.682007</ele>
  <time>2010-07-31T08:36:49Z</time>
</trkpt>
<trkpt lat="53.971137973" lon="51.449810034">
  <ele>158.445999</ele>
  <time>2010-07-31T08:36:50Z</time>
</trkpt>
<trkpt lat="53.971229587" lon="51.450138101">
  <ele>158.266006</ele>
  <time>2010-07-31T08:36:51Z</time>
</trkpt>
<trkpt lat="53.971324889" lon="51.450473797">
  <ele>158.057999</ele>
  <time>2010-07-31T08:36:52Z</time>
</trkpt>
<trkpt lat="53.971416503" lon="51.450820891">
  <ele>157.477997</ele>
  <time>2010-07-31T08:36:53Z</time>
</trkpt>
<trkpt lat="53.971511805" lon="51.451175697">
  <ele>156.968994</ele>
  <time>2010-07-31T08:36:54Z</time>
</trkpt>
<trkpt lat="53.971603420" lon="51.451538047">
  <ele>156.222000</ele>
  <time>2010-07-31T08:36:55Z</time>
</trkpt>
<trkpt lat="53.971698722" lon="51.451908108">
  <ele>155.664993</ele>
  <time>2010-07-31T08:36:56Z</time>
</trkpt>
<trkpt lat="53.971797964" lon="51.452285796">
  <ele>154.942993</ele>
  <time>2010-07-31T08:36:57Z</time>
</trkpt>
<trkpt lat="53.971900977" lon="51.452671029">
  <ele>155.147003</ele>
  <time>2010-07-31T08:36:58Z</time>
</trkpt>
<trkpt lat="53.972000135" lon="51.453056345">
  <ele>155.115997</ele>
  <time>2010-07-31T08:36:59Z</time>
</trkpt>
<trkpt lat="53.972106921" lon="51.453445433">
  <ele>155.108994</ele>
  <time>2010-07-31T08:37:00Z</time>
</trkpt>
<trkpt lat="53.972209934" lon="51.453838376">
  <ele>155.408005</ele>
  <time>2010-07-31T08:37:01Z</time>
</trkpt>
<trkpt lat="53.972316720" lon="51.454231236">
  <ele>155.578003</ele>
  <time>2010-07-31T08:37:02Z</time>
</trkpt>
<trkpt lat="53.972423589" lon="51.454620324">
  <ele>155.973999</ele>
  <time>2010-07-31T08:37:03Z</time>
</trkpt>
<trkpt lat="53.972530374" lon="51.455005640">
  <ele>156.520996</ele>
  <time>2010-07-31T08:37:04Z</time>
</trkpt>
<trkpt lat="53.972633388" lon="51.455394728">
  <ele>156.779999</ele>
  <time>2010-07-31T08:37:05Z</time>
</trkpt>
<trkpt lat="53.972740173" lon="51.455780044">
  <ele>157.332993</ele>
  <time>2010-07-31T08:37:06Z</time>
</trkpt>
<trkpt lat="53.972846959" lon="51.456176760">
  <ele>157.626007</ele>
  <time>2010-07-31T08:37:07Z</time>
</trkpt>
<trkpt lat="53.972953828" lon="51.456573475">
  <ele>158.026993</ele>
  <time>2010-07-31T08:37:08Z</time>
</trkpt>
<trkpt lat="53.973056758" lon="51.456970191">
  <ele>158.203995</ele>
  <time>2010-07-31T08:37:09Z</time>
</trkpt>
<trkpt lat="53.973163627" lon="51.457359279">
  <ele>158.335007</ele>
  <time>2010-07-31T08:37:10Z</time>
</trkpt>
<trkpt lat="53.973270413" lon="51.457748450">
  <ele>158.455002</ele>
  <time>2010-07-31T08:37:11Z</time>
</trkpt>
<trkpt lat="53.973377198" lon="51.458133683">
  <ele>158.576996</ele>
  <time>2010-07-31T08:37:12Z</time>
</trkpt>
<trkpt lat="53.973480212" lon="51.458522771">
  <ele>158.636002</ele>
  <time>2010-07-31T08:37:13Z</time>
</trkpt>
<trkpt lat="53.973586997" lon="51.458904231">
  <ele>158.789001</ele>
  <time>2010-07-31T08:37:14Z</time>
</trkpt>
<trkpt lat="53.973697638" lon="51.459289547">
  <ele>159.203003</ele>
  <time>2010-07-31T08:37:15Z</time>
</trkpt>
<trkpt lat="53.973800652" lon="51.459671007">
  <ele>159.440002</ele>
  <time>2010-07-31T08:37:16Z</time>
</trkpt>
<trkpt lat="53.973903665" lon="51.460056324">
  <ele>159.477997</ele>
  <time>2010-07-31T08:37:17Z</time>
</trkpt>
<trkpt lat="53.974010451" lon="51.460437784">
  <ele>159.934998</ele>
  <time>2010-07-31T08:37:18Z</time>
</trkpt>
<trkpt lat="53.974113464" lon="51.460815389">
  <ele>160.429993</ele>
  <time>2010-07-31T08:37:19Z</time>
</trkpt>
<trkpt lat="53.974216478" lon="51.461196933">
  <ele>160.634995</ele>
  <time>2010-07-31T08:37:20Z</time>
</trkpt>
<trkpt lat="53.974323263" lon="51.461578393">
  <ele>160.817993</ele>
  <time>2010-07-31T08:37:21Z</time>
</trkpt>
<trkpt lat="53.974430049" lon="51.461959854">
  <ele>160.983994</ele>
  <time>2010-07-31T08:37:22Z</time>
</trkpt>
<trkpt lat="53.974533062" lon="51.462345086">
  <ele>161.005997</ele>
  <time>2010-07-31T08:37:23Z</time>
</trkpt>
<trkpt lat="53.974636076" lon="51.462726630">
  <ele>160.977005</ele>
  <time>2010-07-31T08:37:24Z</time>
</trkpt>
<trkpt lat="53.974742861" lon="51.463111863">
  <ele>161.160004</ele>
  <time>2010-07-31T08:37:25Z</time>
</trkpt>
<trkpt lat="53.974845875" lon="51.463500950">
  <ele>161.705994</ele>
  <time>2010-07-31T08:37:26Z</time>
</trkpt>
<trkpt lat="53.974948889" lon="51.463886267">
  <ele>162.199997</ele>
  <time>2010-07-31T08:37:27Z</time>
</trkpt>
<trkpt lat="53.975051902" lon="51.464267727">
  <ele>162.391006</ele>
  <time>2010-07-31T08:37:28Z</time>
</trkpt>
<trkpt lat="53.975154916" lon="51.464653043">
  <ele>162.300003</ele>
  <time>2010-07-31T08:37:29Z</time>
</trkpt>
<trkpt lat="53.975261701" lon="51.465034503">
  <ele>162.660004</ele>
  <time>2010-07-31T08:37:30Z</time>
</trkpt>
<trkpt lat="53.975364715" lon="51.465415964">
  <ele>162.770004</ele>
  <time>2010-07-31T08:37:31Z</time>
</trkpt>
<trkpt lat="53.975467645" lon="51.465793569">
  <ele>163.141998</ele>
  <time>2010-07-31T08:37:32Z</time>
</trkpt>
<trkpt lat="53.975570658" lon="51.466175113">
  <ele>163.279999</ele>
  <time>2010-07-31T08:37:33Z</time>
</trkpt>
<trkpt lat="53.975677527" lon="51.466556573">
  <ele>163.373001</ele>
  <time>2010-07-31T08:37:34Z</time>
</trkpt>
<trkpt lat="53.975780457" lon="51.466938034">
  <ele>163.932007</ele>
  <time>2010-07-31T08:37:35Z</time>
</trkpt>
<trkpt lat="53.975883471" lon="51.467319494">
  <ele>164.539001</ele>
  <time>2010-07-31T08:37:36Z</time>
</trkpt>
<trkpt lat="53.975986484" lon="51.467693327">
  <ele>165.373001</ele>
  <time>2010-07-31T08:37:37Z</time>
</trkpt>
<trkpt lat="53.976093270" lon="51.468067160">
  <ele>165.863007</ele>
  <time>2010-07-31T08:37:38Z</time>
</trkpt>
<trkpt lat="53.976192512" lon="51.468440993">
  <ele>166.776993</ele>
  <time>2010-07-31T08:37:39Z</time>
</trkpt>
<trkpt lat="53.976291670" lon="51.468807198">
  <ele>167.865005</ele>
  <time>2010-07-31T08:37:40Z</time>
</trkpt>
<trkpt lat="53.976390827" lon="51.469177259">
  <ele>168.753006</ele>
  <time>2010-07-31T08:37:41Z</time>
</trkpt>
<trkpt lat="53.976489985" lon="51.469543464">
  <ele>170.026993</ele>
  <time>2010-07-31T08:37:42Z</time>
</trkpt>
<trkpt lat="53.976589227" lon="51.469909670">
  <ele>171.072006</ele>
  <time>2010-07-31T08:37:43Z</time>
</trkpt>
<trkpt lat="53.976688385" lon="51.470272103">
  <ele>172.024002</ele>
  <time>2010-07-31T08:37:44Z</time>
</trkpt>
<trkpt lat="53.976783771" lon="51.470638309">
  <ele>172.804993</ele>
  <time>2010-07-31T08:37:45Z</time>
</trkpt>
<trkpt lat="53.976882929" lon="51.471004514">
  <ele>173.882996</ele>
  <time>2010-07-31T08:37:46Z</time>
</trkpt>
<trkpt lat="53.976982087" lon="51.471366864">
  <ele>174.725006</ele>
  <time>2010-07-31T08:37:47Z</time>
</trkpt>
<trkpt lat="53.977085100" lon="51.471736925">
  <ele>175.645996</ele>
  <time>2010-07-31T08:37:48Z</time>
</trkpt>
<trkpt lat="53.977184258" lon="51.472106902">
  <ele>176.632996</ele>
  <time>2010-07-31T08:37:49Z</time>
</trkpt>
<trkpt lat="53.977287272" lon="51.472476963">
  <ele>177.634995</ele>
  <time>2010-07-31T08:37:50Z</time>
</trkpt>
<trkpt lat="53.977386514" lon="51.472843168">
  <ele>178.550003</ele>
  <time>2010-07-31T08:37:51Z</time>
</trkpt>
<trkpt lat="53.977485672" lon="51.473205602">
  <ele>179.261993</ele>
  <time>2010-07-31T08:37:52Z</time>
</trkpt>
<trkpt lat="53.977584830" lon="51.473560324">
  <ele>180.132004</ele>
  <time>2010-07-31T08:37:53Z</time>
</trkpt>
<trkpt lat="53.977676360" lon="51.473903647">
  <ele>180.794006</ele>
  <time>2010-07-31T08:37:54Z</time>
</trkpt>
<trkpt lat="53.977767974" lon="51.474239342">
  <ele>181.395996</ele>
  <time>2010-07-31T08:37:55Z</time>
</trkpt>
<trkpt lat="53.977855649" lon="51.474563638">
  <ele>181.740997</ele>
  <time>2010-07-31T08:37:56Z</time>
</trkpt>
<trkpt lat="53.977939636" lon="51.474868739">
  <ele>182.496994</ele>
  <time>2010-07-31T08:37:57Z</time>
</trkpt>
<trkpt lat="53.978015911" lon="51.475135786">
  <ele>183.104004</ele>
  <time>2010-07-31T08:37:58Z</time>
</trkpt>
<trkpt lat="53.978076931" lon="51.475360841">
  <ele>183.766998</ele>
  <time>2010-07-31T08:37:59Z</time>
</trkpt>
<trkpt lat="53.978130324" lon="51.475551613">
  <ele>184.018997</ele>
  <time>2010-07-31T08:38:00Z</time>
</trkpt>
<trkpt lat="53.978179945" lon="51.475723274">
  <ele>184.563995</ele>
  <time>2010-07-31T08:38:01Z</time>
</trkpt>
<trkpt lat="53.978221854" lon="51.475898707">
  <ele>184.335007</ele>
  <time>2010-07-31T08:38:02Z</time>
</trkpt>
<trkpt lat="53.978267703" lon="51.476066597">
  <ele>184.595993</ele>
  <time>2010-07-31T08:38:03Z</time>
</trkpt>
<trkpt lat="53.978313468" lon="51.476230631">
  <ele>184.916000</ele>
  <time>2010-07-31T08:38:04Z</time>
</trkpt>
<trkpt lat="53.978359234" lon="51.476398436">
  <ele>185.335999</ele>
  <time>2010-07-31T08:38:05Z</time>
</trkpt>
<trkpt lat="53.978404999" lon="51.476570098">
  <ele>185.841003</ele>
  <time>2010-07-31T08:38:06Z</time>
</trkpt>
<trkpt lat="53.978454620" lon="51.476745615">
  <ele>186.173996</ele>
  <time>2010-07-31T08:38:07Z</time>
</trkpt>
<trkpt lat="53.978504157" lon="51.476928676">
  <ele>186.423996</ele>
  <time>2010-07-31T08:38:08Z</time>
</trkpt>
<trkpt lat="53.978557549" lon="51.477115592">
  <ele>186.639999</ele>
  <time>2010-07-31T08:38:09Z</time>
</trkpt>
<trkpt lat="53.978611026" lon="51.477317847">
  <ele>186.968002</ele>
  <time>2010-07-31T08:38:10Z</time>
</trkpt>
<trkpt lat="53.978664419" lon="51.477523791">
  <ele>187.223007</ele>
  <time>2010-07-31T08:38:11Z</time>
</trkpt>
<trkpt lat="53.978725439" lon="51.477741217">
  <ele>187.537003</ele>
  <time>2010-07-31T08:38:12Z</time>
</trkpt>
<trkpt lat="53.978786459" lon="51.477962499">
  <ele>187.755997</ele>
  <time>2010-07-31T08:38:13Z</time>
</trkpt>
<trkpt lat="53.978843708" lon="51.478187554">
  <ele>187.820999</ele>
  <time>2010-07-31T08:38:14Z</time>
</trkpt>
<trkpt lat="53.978904728" lon="51.478416463">
  <ele>188.044006</ele>
  <time>2010-07-31T08:38:15Z</time>
</trkpt>
<trkpt lat="53.978961976" lon="51.478641517">
  <ele>188.438995</ele>
  <time>2010-07-31T08:38:16Z</time>
</trkpt>
<trkpt lat="53.979022997" lon="51.478862800">
  <ele>188.744003</ele>
  <time>2010-07-31T08:38:17Z</time>
</trkpt>
<trkpt lat="53.979084017" lon="51.479083998">
  <ele>189.056000</ele>
  <time>2010-07-31T08:38:18Z</time>
</trkpt>
<trkpt lat="53.979148893" lon="51.479305280">
  <ele>189.399994</ele>
  <time>2010-07-31T08:38:19Z</time>
</trkpt>
<trkpt lat="53.979209913" lon="51.479522707">
  <ele>189.906998</ele>
  <time>2010-07-31T08:38:20Z</time>
</trkpt>
<trkpt lat="53.979270933" lon="51.479732506">
  <ele>190.080994</ele>
  <time>2010-07-31T08:38:21Z</time>
</trkpt>
<trkpt lat="53.979328182" lon="51.479946161">
  <ele>190.151993</ele>
  <time>2010-07-31T08:38:22Z</time>
</trkpt>
<trkpt lat="53.979385346" lon="51.480159732">
  <ele>190.473999</ele>
  <time>2010-07-31T08:38:23Z</time>
</trkpt>
<trkpt lat="53.979442595" lon="51.480369531">
  <ele>190.690994</ele>
  <time>2010-07-31T08:38:24Z</time>
</trkpt>
<trkpt lat="53.979499843" lon="51.480579413">
  <ele>190.763000</ele>
  <time>2010-07-31T08:38:25Z</time>
</trkpt>
<trkpt lat="53.979553236" lon="51.480785357">
  <ele>190.862000</ele>
  <time>2010-07-31T08:38:26Z</time>
</trkpt>
<trkpt lat="53.979610484" lon="51.480995156">
  <ele>190.845001</ele>
  <time>2010-07-31T08:38:27Z</time>
</trkpt>
<trkpt lat="53.979667649" lon="51.481193556">
  <ele>190.983994</ele>
  <time>2010-07-31T08:38:28Z</time>
</trkpt>
<trkpt lat="53.979724897" lon="51.481395727">
  <ele>191.192993</ele>
  <time>2010-07-31T08:38:29Z</time>
</trkpt>
<trkpt lat="53.979778290" lon="51.481597899">
  <ele>191.490005</ele>
  <time>2010-07-31T08:38:30Z</time>
</trkpt>
<trkpt lat="53.979831683" lon="51.481803926">
  <ele>191.584000</ele>
  <time>2010-07-31T08:38:31Z</time>
</trkpt>
<trkpt lat="53.979888931" lon="51.482013725">
  <ele>191.800003</ele>
  <time>2010-07-31T08:38:32Z</time>
</trkpt>
<trkpt lat="53.979946095" lon="51.482231151">
  <ele>192.020004</ele>
  <time>2010-07-31T08:38:33Z</time>
</trkpt>
<trkpt lat="53.980003344" lon="51.482448578">
  <ele>192.061996</ele>
  <time>2010-07-31T08:38:34Z</time>
</trkpt>
<trkpt lat="53.980064364" lon="51.482669860">
  <ele>192.363998</ele>
  <time>2010-07-31T08:38:35Z</time>
</trkpt>
<trkpt lat="53.980125468" lon="51.482898686">
  <ele>192.488007</ele>
  <time>2010-07-31T08:38:36Z</time>
</trkpt>
<trkpt lat="53.980194116" lon="51.483139079">
  <ele>192.792007</ele>
  <time>2010-07-31T08:38:37Z</time>
</trkpt>
<trkpt lat="53.980258908" lon="51.483379388">
  <ele>192.917007</ele>
  <time>2010-07-31T08:38:38Z</time>
</trkpt>
<trkpt lat="53.980327640" lon="51.483619697">
  <ele>193.216995</ele>
  <time>2010-07-31T08:38:39Z</time>
</trkpt>
<trkpt lat="53.980392432" lon="51.483856235">
  <ele>193.727997</ele>
  <time>2010-07-31T08:38:40Z</time>
</trkpt>
<trkpt lat="53.980457308" lon="51.484092688">
  <ele>193.940994</ele>
  <time>2010-07-31T08:38:41Z</time>
</trkpt>
<trkpt lat="53.980525956" lon="51.484329225">
  <ele>194.289001</ele>
  <time>2010-07-31T08:38:42Z</time>
</trkpt>
<trkpt lat="53.980590831" lon="51.484561907">
  <ele>194.324997</ele>
  <time>2010-07-31T08:38:43Z</time>
</trkpt>
<trkpt lat="53.980651852" lon="51.484786961">
  <ele>194.389999</ele>
  <time>2010-07-31T08:38:44Z</time>
</trkpt>
<trkpt lat="53.980712872" lon="51.485015871">
  <ele>194.604004</ele>
  <time>2010-07-31T08:38:45Z</time>
</trkpt>
<trkpt lat="53.980770120" lon="51.485240925">
  <ele>194.871002</ele>
  <time>2010-07-31T08:38:46Z</time>
</trkpt>
<trkpt lat="53.980827369" lon="51.485465979">
  <ele>194.912003</ele>
  <time>2010-07-31T08:38:47Z</time>
</trkpt>
<trkpt lat="53.980888389" lon="51.485683406">
  <ele>194.960999</ele>
  <time>2010-07-31T08:38:48Z</time>
</trkpt>
<trkpt lat="53.980953181" lon="51.485908544">
  <ele>195.160995</ele>
  <time>2010-07-31T08:38:49Z</time>
</trkpt>
<trkpt lat="53.981018057" lon="51.486141225">
  <ele>195.358994</ele>
  <time>2010-07-31T08:38:50Z</time>
</trkpt>
<trkpt lat="53.981079077" lon="51.486370051">
  <ele>195.779007</ele>
  <time>2010-07-31T08:38:51Z</time>
</trkpt>
<trkpt lat="53.981140098" lon="51.486595189">
  <ele>195.826996</ele>
  <time>2010-07-31T08:38:52Z</time>
</trkpt>
<trkpt lat="53.981204974" lon="51.486827871">
  <ele>196.005005</ele>
  <time>2010-07-31T08:38:53Z</time>
</trkpt>
<trkpt lat="53.981269849" lon="51.487060552">
  <ele>196.050995</ele>
  <time>2010-07-31T08:38:54Z</time>
</trkpt>
<trkpt lat="53.981338497" lon="51.487297090">
  <ele>196.223999</ele>
  <time>2010-07-31T08:38:55Z</time>
</trkpt>
<trkpt lat="53.981403373" lon="51.487533543">
  <ele>196.298004</ele>
  <time>2010-07-31T08:38:56Z</time>
</trkpt>
<trkpt lat="53.981468165" lon="51.487781564">
  <ele>196.488007</ele>
  <time>2010-07-31T08:38:57Z</time>
</trkpt>
<trkpt lat="53.981536897" lon="51.488025645">
  <ele>196.343002</ele>
  <time>2010-07-31T08:38:58Z</time>
</trkpt>
<trkpt lat="53.981601689" lon="51.488273581">
  <ele>196.429993</ele>
  <time>2010-07-31T08:38:59Z</time>
</trkpt>
<trkpt lat="53.981670421" lon="51.488513974">
  <ele>196.483002</ele>
  <time>2010-07-31T08:39:00Z</time>
</trkpt>
<trkpt lat="53.981735213" lon="51.488758055">
  <ele>196.539001</ele>
  <time>2010-07-31T08:39:01Z</time>
</trkpt>
<trkpt lat="53.981800089" lon="51.488998448">
  <ele>196.285004</ele>
  <time>2010-07-31T08:39:02Z</time>
</trkpt>
<trkpt lat="53.981864965" lon="51.489238758">
  <ele>196.162003</ele>
  <time>2010-07-31T08:39:03Z</time>
</trkpt>
<trkpt lat="53.981933612" lon="51.489482839">
  <ele>196.014999</ele>
  <time>2010-07-31T08:39:04Z</time>
</trkpt>
<trkpt lat="53.981998404" lon="51.489723232">
  <ele>196.018005</ele>
  <time>2010-07-31T08:39:05Z</time>
</trkpt>
<trkpt lat="53.982059509" lon="51.489959685">
  <ele>195.985992</ele>
  <time>2010-07-31T08:39:06Z</time>
</trkpt>
<trkpt lat="53.982124301" lon="51.490192451">
  <ele>195.988007</ele>
  <time>2010-07-31T08:39:07Z</time>
</trkpt>
<trkpt lat="53.982185405" lon="51.490425132">
  <ele>196.151993</ele>
  <time>2010-07-31T08:39:08Z</time>
</trkpt>
<trkpt lat="53.982250197" lon="51.490661586">
  <ele>196.320007</ele>
  <time>2010-07-31T08:39:09Z</time>
</trkpt>
<trkpt lat="53.982318845" lon="51.490898123">
  <ele>196.302002</ele>
  <time>2010-07-31T08:39:10Z</time>
</trkpt>
<trkpt lat="53.982379949" lon="51.491138432">
  <ele>195.781998</ele>
  <time>2010-07-31T08:39:11Z</time>
</trkpt>
<trkpt lat="53.982444741" lon="51.491371114">
  <ele>195.617004</ele>
  <time>2010-07-31T08:39:12Z</time>
</trkpt>
<trkpt lat="53.982509617" lon="51.491603879">
  <ele>195.507004</ele>
  <time>2010-07-31T08:39:13Z</time>
</trkpt>
<trkpt lat="53.982574493" lon="51.491836561">
  <ele>195.585007</ele>
  <time>2010-07-31T08:39:14Z</time>
</trkpt>
<trkpt lat="53.982639285" lon="51.492076870">
  <ele>195.533005</ele>
  <time>2010-07-31T08:39:15Z</time>
</trkpt>
<trkpt lat="53.982708016" lon="51.492324807">
  <ele>195.639008</ele>
  <time>2010-07-31T08:39:16Z</time>
</trkpt>
<trkpt lat="53.982776664" lon="51.492584227">
  <ele>195.671005</ele>
  <time>2010-07-31T08:39:17Z</time>
</trkpt>
<trkpt lat="53.982849084" lon="51.492847418">
  <ele>195.688004</ele>
  <time>2010-07-31T08:39:18Z</time>
</trkpt>
<trkpt lat="53.982925443" lon="51.493125949">
  <ele>195.598999</ele>
  <time>2010-07-31T08:39:19Z</time>
</trkpt>
<trkpt lat="53.983001718" lon="51.493408168">
  <ele>195.565002</ele>
  <time>2010-07-31T08:39:20Z</time>
</trkpt>
<trkpt lat="53.983081849" lon="51.493694326">
  <ele>195.356995</ele>
  <time>2010-07-31T08:39:21Z</time>
</trkpt>
<trkpt lat="53.983158125" lon="51.493976628">
  <ele>195.233994</ele>
  <time>2010-07-31T08:39:22Z</time>
</trkpt>
<trkpt lat="53.983234400" lon="51.494258847">
  <ele>195.307999</ele>
  <time>2010-07-31T08:39:23Z</time>
</trkpt>
<trkpt lat="53.983306903" lon="51.494537378">
  <ele>195.382996</ele>
  <time>2010-07-31T08:39:24Z</time>
</trkpt>
<trkpt lat="53.983379323" lon="51.494815825">
  <ele>195.487000</ele>
  <time>2010-07-31T08:39:25Z</time>
</trkpt>
<trkpt lat="53.983455682" lon="51.495090500">
  <ele>195.746002</ele>
  <time>2010-07-31T08:39:26Z</time>
</trkpt>
<trkpt lat="53.983531957" lon="51.495368946">
  <ele>195.712997</ele>
  <time>2010-07-31T08:39:27Z</time>
</trkpt>
<trkpt lat="53.983608233" lon="51.495655021">
  <ele>196.182999</ele>
  <time>2010-07-31T08:39:28Z</time>
</trkpt>
<trkpt lat="53.983688364" lon="51.495933551">
  <ele>196.522995</ele>
  <time>2010-07-31T08:39:29Z</time>
</trkpt>
<trkpt lat="53.983764639" lon="51.496215854">
  <ele>196.692993</ele>
  <time>2010-07-31T08:39:30Z</time>
</trkpt>
<trkpt lat="53.983837143" lon="51.496501928">
  <ele>196.567993</ele>
  <time>2010-07-31T08:39:31Z</time>
</trkpt>
<trkpt lat="53.983917274" lon="51.496791858">
  <ele>196.490997</ele>
  <time>2010-07-31T08:39:32Z</time>
</trkpt>
<trkpt lat="53.983997321" lon="51.497081788">
  <ele>196.324997</ele>
  <time>2010-07-31T08:39:33Z</time>
</trkpt>
<trkpt lat="53.984081307" lon="51.497383118">
  <ele>196.218002</ele>
  <time>2010-07-31T08:39:34Z</time>
</trkpt>
<trkpt lat="53.984165210" lon="51.497688303">
  <ele>196.302994</ele>
  <time>2010-07-31T08:39:35Z</time>
</trkpt>
<trkpt lat="53.984249113" lon="51.497993488">
  <ele>196.404999</ele>
  <time>2010-07-31T08:39:36Z</time>
</trkpt>
<trkpt lat="53.984336872" lon="51.498306300">
  <ele>196.298996</ele>
  <time>2010-07-31T08:39:37Z</time>
</trkpt>
<trkpt lat="53.984428402" lon="51.498619113">
  <ele>196.130005</ele>
  <time>2010-07-31T08:39:38Z</time>
</trkpt>
<trkpt lat="53.984523788" lon="51.498931926">
  <ele>195.753006</ele>
  <time>2010-07-31T08:39:39Z</time>
</trkpt>
<trkpt lat="53.984615318" lon="51.499244655">
  <ele>195.584000</ele>
  <time>2010-07-31T08:39:40Z</time>
</trkpt>
<trkpt lat="53.984706849" lon="51.499553695">
  <ele>195.533005</ele>
  <time>2010-07-31T08:39:41Z</time>
</trkpt>
<trkpt lat="53.984798463" lon="51.499874135">
  <ele>195.253006</ele>
  <time>2010-07-31T08:39:42Z</time>
</trkpt>
<trkpt lat="53.984889993" lon="51.500205975">
  <ele>195.029999</ele>
  <time>2010-07-31T08:39:43Z</time>
</trkpt>
<trkpt lat="53.984981524" lon="51.500545526">
  <ele>194.589005</ele>
  <time>2010-07-31T08:39:44Z</time>
</trkpt>
<trkpt lat="53.985076910" lon="51.500892621">
  <ele>194.494003</ele>
  <time>2010-07-31T08:39:45Z</time>
</trkpt>
<trkpt lat="53.985176068" lon="51.501247426">
  <ele>194.395004</ele>
  <time>2010-07-31T08:39:46Z</time>
</trkpt>
<trkpt lat="53.985271454" lon="51.501613632">
  <ele>194.223007</ele>
  <time>2010-07-31T08:39:47Z</time>
</trkpt>
<trkpt lat="53.985366840" lon="51.501991237">
  <ele>193.729004</ele>
  <time>2010-07-31T08:39:48Z</time>
</trkpt>
<trkpt lat="53.985465998" lon="51.502376553">
  <ele>193.186996</ele>
  <time>2010-07-31T08:39:49Z</time>
</trkpt>
<trkpt lat="53.985565156" lon="51.502765641">
  <ele>192.959000</ele>
  <time>2010-07-31T08:39:50Z</time>
</trkpt>
<trkpt lat="53.985664397" lon="51.503158584">
  <ele>192.774002</ele>
  <time>2010-07-31T08:39:51Z</time>
</trkpt>
<trkpt lat="53.985763555" lon="51.503551444">
  <ele>192.220001</ele>
  <time>2010-07-31T08:39:52Z</time>
</trkpt>
<trkpt lat="53.985866569" lon="51.503944388">
  <ele>191.904007</ele>
  <time>2010-07-31T08:39:53Z</time>
</trkpt>
<trkpt lat="53.985973354" lon="51.504337331">
  <ele>191.701996</ele>
  <time>2010-07-31T08:39:54Z</time>
</trkpt>
<trkpt lat="53.986083996" lon="51.504734047">
  <ele>191.634003</ele>
  <time>2010-07-31T08:39:55Z</time>
</trkpt>
<trkpt lat="53.986194637" lon="51.505138390">
  <ele>191.487000</ele>
  <time>2010-07-31T08:39:56Z</time>
</trkpt>
<trkpt lat="53.986305278" lon="51.505538961">
  <ele>191.354004</ele>
  <time>2010-07-31T08:39:57Z</time>
</trkpt>
<trkpt lat="53.986412063" lon="51.505943304">
  <ele>191.412003</ele>
  <time>2010-07-31T08:39:58Z</time>
</trkpt>
<trkpt lat="53.986522704" lon="51.506351503">
  <ele>191.869995</ele>
  <time>2010-07-31T08:39:59Z</time>
</trkpt>
<trkpt lat="53.986633262" lon="51.506755846">
  <ele>192.160004</ele>
  <time>2010-07-31T08:40:00Z</time>
</trkpt>
<trkpt lat="53.986740131" lon="51.507156333">
  <ele>192.399994</ele>
  <time>2010-07-31T08:40:01Z</time>
</trkpt>
<trkpt lat="53.986846916" lon="51.507553132">
  <ele>192.598007</ele>
  <time>2010-07-31T08:40:02Z</time>
</trkpt>
<trkpt lat="53.986957557" lon="51.507949848">
  <ele>193.035004</ele>
  <time>2010-07-31T08:40:03Z</time>
</trkpt>
<trkpt lat="53.987064343" lon="51.508350335">
  <ele>193.427994</ele>
  <time>2010-07-31T08:40:04Z</time>
</trkpt>
<trkpt lat="53.987171212" lon="51.508743279">
  <ele>193.996002</ele>
  <time>2010-07-31T08:40:05Z</time>
</trkpt>
<trkpt lat="53.987274142" lon="51.509132367">
  <ele>194.380005</ele>
  <time>2010-07-31T08:40:06Z</time>
</trkpt>
<trkpt lat="53.987381011" lon="51.509517683">
  <ele>194.854996</ele>
  <time>2010-07-31T08:40:07Z</time>
</trkpt>
<trkpt lat="53.987483941" lon="51.509899143">
  <ele>195.531998</ele>
  <time>2010-07-31T08:40:08Z</time>
</trkpt>
<trkpt lat="53.987586955" lon="51.510276832">
  <ele>196.067001</ele>
  <time>2010-07-31T08:40:09Z</time>
</trkpt>
<trkpt lat="53.987689968" lon="51.510650665">
  <ele>196.759003</ele>
  <time>2010-07-31T08:40:10Z</time>
</trkpt>
<trkpt lat="53.987792982" lon="51.511024497">
  <ele>197.339005</ele>
  <time>2010-07-31T08:40:11Z</time>
</trkpt>
<trkpt lat="53.987892140" lon="51.511402102">
  <ele>197.483994</ele>
  <time>2010-07-31T08:40:12Z</time>
</trkpt>
<trkpt lat="53.987995153" lon="51.511775935">
  <ele>197.776001</ele>
  <time>2010-07-31T08:40:13Z</time>
</trkpt>
<trkpt lat="53.988098167" lon="51.512145996">
  <ele>198.354004</ele>
  <time>2010-07-31T08:40:14Z</time>
</trkpt>
<trkpt lat="53.988197325" lon="51.512512201">
  <ele>198.531998</ele>
  <time>2010-07-31T08:40:15Z</time>
</trkpt>
<trkpt lat="53.988296483" lon="51.512882262">
  <ele>198.931000</ele>
  <time>2010-07-31T08:40:16Z</time>
</trkpt>
<trkpt lat="53.988395724" lon="51.513256095">
  <ele>199.332001</ele>
  <time>2010-07-31T08:40:17Z</time>
</trkpt>
<trkpt lat="53.988494882" lon="51.513629928">
  <ele>199.643005</ele>
  <time>2010-07-31T08:40:18Z</time>
</trkpt>
<trkpt lat="53.988597896" lon="51.514003761">
  <ele>200.048996</ele>
  <time>2010-07-31T08:40:19Z</time>
</trkpt>
<trkpt lat="53.988697054" lon="51.514377594">
  <ele>200.386002</ele>
  <time>2010-07-31T08:40:20Z</time>
</trkpt>
<trkpt lat="53.988800067" lon="51.514747655">
  <ele>200.964005</ele>
  <time>2010-07-31T08:40:21Z</time>
</trkpt>
<trkpt lat="53.988899225" lon="51.515113860">
  <ele>201.507004</ele>
  <time>2010-07-31T08:40:22Z</time>
</trkpt>
<trkpt lat="53.988998383" lon="51.515476210">
  <ele>201.554001</ele>
  <time>2010-07-31T08:40:23Z</time>
</trkpt>
<trkpt lat="53.989093769" lon="51.515834788">
  <ele>202.046005</ele>
  <time>2010-07-31T08:40:24Z</time>
</trkpt>
<trkpt lat="53.989192927" lon="51.516193366">
  <ele>202.352005</ele>
  <time>2010-07-31T08:40:25Z</time>
</trkpt>
<trkpt lat="53.989288313" lon="51.516548172">
  <ele>202.776993</ele>
  <time>2010-07-31T08:40:26Z</time>
</trkpt>
<trkpt lat="53.989387471" lon="51.516902894">
  <ele>203.087997</ele>
  <time>2010-07-31T08:40:27Z</time>
</trkpt>
<trkpt lat="53.989482857" lon="51.517261472">
  <ele>203.703995</ele>
  <time>2010-07-31T08:40:28Z</time>
</trkpt>
<trkpt lat="53.989578243" lon="51.517627677">
  <ele>204.509995</ele>
  <time>2010-07-31T08:40:29Z</time>
</trkpt>
<trkpt lat="53.989673629" lon="51.517993966">
  <ele>205.102997</ele>
  <time>2010-07-31T08:40:30Z</time>
</trkpt>
<trkpt lat="53.989772787" lon="51.518356316">
  <ele>205.880997</ele>
  <time>2010-07-31T08:40:31Z</time>
</trkpt>
<trkpt lat="53.989871945" lon="51.518711122">
  <ele>206.641006</ele>
  <time>2010-07-31T08:40:32Z</time>
</trkpt>
<trkpt lat="53.989967331" lon="51.519062072">
  <ele>207.246002</ele>
  <time>2010-07-31T08:40:33Z</time>
</trkpt>
<trkpt lat="53.990062717" lon="51.519413022">
  <ele>207.761002</ele>
  <time>2010-07-31T08:40:34Z</time>
</trkpt>
<trkpt lat="53.990158103" lon="51.519763973">
  <ele>208.391998</ele>
  <time>2010-07-31T08:40:35Z</time>
</trkpt>
<trkpt lat="53.990253489" lon="51.520114923">
  <ele>209.074997</ele>
  <time>2010-07-31T08:40:36Z</time>
</trkpt>
<trkpt lat="53.990348792" lon="51.520469645">
  <ele>209.828003</ele>
  <time>2010-07-31T08:40:37Z</time>
</trkpt>
<trkpt lat="53.990444178" lon="51.520816823">
  <ele>210.626007</ele>
  <time>2010-07-31T08:40:38Z</time>
</trkpt>
<trkpt lat="53.990543336" lon="51.521171546">
  <ele>211.307999</ele>
  <time>2010-07-31T08:40:39Z</time>
</trkpt>
<trkpt lat="53.990642577" lon="51.521522496">
  <ele>212.044006</ele>
  <time>2010-07-31T08:40:40Z</time>
</trkpt>
<trkpt lat="53.990737880" lon="51.521877302">
  <ele>212.404999</ele>
  <time>2010-07-31T08:40:41Z</time>
</trkpt>
<trkpt lat="53.990833266" lon="51.522228252">
  <ele>213.016006</ele>
  <time>2010-07-31T08:40:42Z</time>
</trkpt>
<trkpt lat="53.990928652" lon="51.522575347">
  <ele>213.451004</ele>
  <time>2010-07-31T08:40:43Z</time>
</trkpt>
<trkpt lat="53.991020182" lon="51.522926297">
  <ele>214.227997</ele>
  <time>2010-07-31T08:40:44Z</time>
</trkpt>
<trkpt lat="53.991119424" lon="51.523277247">
  <ele>214.750000</ele>
  <time>2010-07-31T08:40:45Z</time>
</trkpt>
<trkpt lat="53.991214726" lon="51.523628198">
  <ele>215.335999</ele>
  <time>2010-07-31T08:40:46Z</time>
</trkpt>
<trkpt lat="53.991310112" lon="51.523983004">
  <ele>215.608002</ele>
  <time>2010-07-31T08:40:47Z</time>
</trkpt>
<trkpt lat="53.991409270" lon="51.524337810">
  <ele>216.018005</ele>
  <time>2010-07-31T08:40:48Z</time>
</trkpt>
<trkpt lat="53.991504656" lon="51.524688760">
  <ele>216.598007</ele>
  <time>2010-07-31T08:40:49Z</time>
</trkpt>
<trkpt lat="53.991596187" lon="51.525035854">
  <ele>217.044998</ele>
  <time>2010-07-31T08:40:50Z</time>
</trkpt>
<trkpt lat="53.991683945" lon="51.525371550">
  <ele>217.348999</ele>
  <time>2010-07-31T08:40:51Z</time>
</trkpt>
<trkpt lat="53.991771704" lon="51.525703389">
  <ele>217.886002</ele>
  <time>2010-07-31T08:40:52Z</time>
</trkpt>
<trkpt lat="53.991859462" lon="51.526027685">
  <ele>218.082993</ele>
  <time>2010-07-31T08:40:53Z</time>
</trkpt>
<trkpt lat="53.991943365" lon="51.526344270">
  <ele>218.442993</ele>
  <time>2010-07-31T08:40:54Z</time>
</trkpt>
<trkpt lat="53.992031123" lon="51.526657082">
  <ele>218.820999</ele>
  <time>2010-07-31T08:40:55Z</time>
</trkpt>
<trkpt lat="53.992115026" lon="51.526966123">
  <ele>219.294006</ele>
  <time>2010-07-31T08:40:56Z</time>
</trkpt>
<trkpt lat="53.992195157" lon="51.527263680">
  <ele>219.694000</ele>
  <time>2010-07-31T08:40:57Z</time>
</trkpt>
<trkpt lat="53.992275205" lon="51.527561154">
  <ele>220.065002</ele>
  <time>2010-07-31T08:40:58Z</time>
</trkpt>
<trkpt lat="53.992351564" lon="51.527843457">
  <ele>220.292007</ele>
  <time>2010-07-31T08:40:59Z</time>
</trkpt>
<trkpt lat="53.992423983" lon="51.528121987">
  <ele>220.373001</ele>
  <time>2010-07-31T08:41:00Z</time>
</trkpt>
<trkpt lat="53.992500342" lon="51.528396579">
  <ele>220.488007</ele>
  <time>2010-07-31T08:41:01Z</time>
</trkpt>
<trkpt lat="53.992568990" lon="51.528667482">
  <ele>220.565002</ele>
  <time>2010-07-31T08:41:02Z</time>
</trkpt>
<trkpt lat="53.992641410" lon="51.528926818">
  <ele>220.591003</ele>
  <time>2010-07-31T08:41:03Z</time>
</trkpt>
<trkpt lat="53.992710141" lon="51.529182466">
  <ele>220.462997</ele>
  <time>2010-07-31T08:41:04Z</time>
</trkpt>
<trkpt lat="53.992774934" lon="51.529426547">
  <ele>220.130005</ele>
  <time>2010-07-31T08:41:05Z</time>
</trkpt>
<trkpt lat="53.992843665" lon="51.529674567">
  <ele>220.018005</ele>
  <time>2010-07-31T08:41:06Z</time>
</trkpt>
<trkpt lat="53.992908457" lon="51.529914876">
  <ele>219.679001</ele>
  <time>2010-07-31T08:41:07Z</time>
</trkpt>
<trkpt lat="53.992973333" lon="51.530143702">
  <ele>219.242996</ele>
  <time>2010-07-31T08:41:08Z</time>
</trkpt>
<trkpt lat="53.993030582" lon="51.530364985">
  <ele>219.166000</ele>
  <time>2010-07-31T08:41:09Z</time>
</trkpt>
<trkpt lat="53.993083974" lon="51.530574784">
  <ele>218.957993</ele>
  <time>2010-07-31T08:41:10Z</time>
</trkpt>
<trkpt lat="53.993141139" lon="51.530784583">
  <ele>218.595993</ele>
  <time>2010-07-31T08:41:11Z</time>
</trkpt>
<trkpt lat="53.993198387" lon="51.530994382">
  <ele>218.011002</ele>
  <time>2010-07-31T08:41:12Z</time>
</trkpt>
<trkpt lat="53.993255636" lon="51.531208036">
  <ele>217.613998</ele>
  <time>2010-07-31T08:41:13Z</time>
</trkpt>
<trkpt lat="53.993312800" lon="51.531417836">
  <ele>217.270996</ele>
  <time>2010-07-31T08:41:14Z</time>
</trkpt>
<trkpt lat="53.993370049" lon="51.531631490">
  <ele>216.733994</ele>
  <time>2010-07-31T08:41:15Z</time>
</trkpt>
<trkpt lat="53.993427297" lon="51.531841289">
  <ele>216.044998</ele>
  <time>2010-07-31T08:41:16Z</time>
</trkpt>
<trkpt lat="53.993488317" lon="51.532054860">
  <ele>215.460007</ele>
  <time>2010-07-31T08:41:17Z</time>
</trkpt>
<trkpt lat="53.993545566" lon="51.532268515">
  <ele>214.796997</ele>
  <time>2010-07-31T08:41:18Z</time>
</trkpt>
<trkpt lat="53.993606586" lon="51.532485941">
  <ele>214.126999</ele>
  <time>2010-07-31T08:41:19Z</time>
</trkpt>
<trkpt lat="53.993663751" lon="51.532695740">
  <ele>213.177002</ele>
  <time>2010-07-31T08:41:20Z</time>
</trkpt>
<trkpt lat="53.993720999" lon="51.532901768">
  <ele>212.572998</ele>
  <time>2010-07-31T08:41:21Z</time>
</trkpt>
<trkpt lat="53.993774392" lon="51.533092540">
  <ele>211.889008</ele>
  <time>2010-07-31T08:41:22Z</time>
</trkpt>
<trkpt lat="53.993827784" lon="51.533279456">
  <ele>211.190002</ele>
  <time>2010-07-31T08:41:23Z</time>
</trkpt>
<trkpt lat="53.993877405" lon="51.533462517">
  <ele>210.785995</ele>
  <time>2010-07-31T08:41:24Z</time>
</trkpt>
<trkpt lat="53.993930798" lon="51.533645662">
  <ele>210.348999</ele>
  <time>2010-07-31T08:41:25Z</time>
</trkpt>
<trkpt lat="53.993984191" lon="51.533832578">
  <ele>210.121002</ele>
  <time>2010-07-31T08:41:26Z</time>
</trkpt>
<trkpt lat="53.994037667" lon="51.534019494">
  <ele>209.615997</ele>
  <time>2010-07-31T08:41:27Z</time>
</trkpt>
<trkpt lat="53.994091060" lon="51.534210183">
  <ele>209.184998</ele>
  <time>2010-07-31T08:41:28Z</time>
</trkpt>
<trkpt lat="53.994148225" lon="51.534404727">
  <ele>208.503006</ele>
  <time>2010-07-31T08:41:29Z</time>
</trkpt>
<trkpt lat="53.994205473" lon="51.534603126">
  <ele>207.953003</ele>
  <time>2010-07-31T08:41:30Z</time>
</trkpt>
<trkpt lat="53.994262721" lon="51.534809154">
  <ele>207.264999</ele>
  <time>2010-07-31T08:41:31Z</time>
</trkpt>
<trkpt lat="53.994319886" lon="51.535018953">
  <ele>206.539001</ele>
  <time>2010-07-31T08:41:32Z</time>
</trkpt>
<trkpt lat="53.994380990" lon="51.535232523">
  <ele>205.688004</ele>
  <time>2010-07-31T08:41:33Z</time>
</trkpt>
<trkpt lat="53.994442010" lon="51.535449950">
  <ele>204.839996</ele>
  <time>2010-07-31T08:41:34Z</time>
</trkpt>
<trkpt lat="53.994503031" lon="51.535667460">
  <ele>204.069000</ele>
  <time>2010-07-31T08:41:35Z</time>
</trkpt>
<trkpt lat="53.994564051" lon="51.535881031">
  <ele>203.440002</ele>
  <time>2010-07-31T08:41:36Z</time>
</trkpt>
<trkpt lat="53.994621299" lon="51.536087058">
  <ele>202.796005</ele>
  <time>2010-07-31T08:41:37Z</time>
</trkpt>
<trkpt lat="53.994678464" lon="51.536293002">
  <ele>201.975998</ele>
  <time>2010-07-31T08:41:38Z</time>
</trkpt>
<trkpt lat="53.994735712" lon="51.536502801">
  <ele>201.276993</ele>
  <time>2010-07-31T08:41:39Z</time>
</trkpt>
<trkpt lat="53.994792961" lon="51.536716456">
  <ele>200.522995</ele>
  <time>2010-07-31T08:41:40Z</time>
</trkpt>
<trkpt lat="53.994853981" lon="51.536930110">
  <ele>199.809006</ele>
  <time>2010-07-31T08:41:41Z</time>
</trkpt>
<trkpt lat="53.994915001" lon="51.537155164">
  <ele>199.104996</ele>
  <time>2010-07-31T08:41:42Z</time>
</trkpt>
<trkpt lat="53.994979877" lon="51.537376363">
  <ele>198.182007</ele>
  <time>2010-07-31T08:41:43Z</time>
</trkpt>
<trkpt lat="53.995044669" lon="51.537601501">
  <ele>197.360001</ele>
  <time>2010-07-31T08:41:44Z</time>
</trkpt>
<trkpt lat="53.995109545" lon="51.537834182">
  <ele>196.641998</ele>
  <time>2010-07-31T08:41:45Z</time>
</trkpt>
<trkpt lat="53.995174421" lon="51.538066864">
  <ele>195.886002</ele>
  <time>2010-07-31T08:41:46Z</time>
</trkpt>
<trkpt lat="53.995231669" lon="51.538284291">
  <ele>195.106003</ele>
  <time>2010-07-31T08:41:47Z</time>
</trkpt>
<trkpt lat="53.995288834" lon="51.538486462">
  <ele>194.514008</ele>
  <time>2010-07-31T08:41:48Z</time>
</trkpt>
<trkpt lat="53.995342227" lon="51.538681006">
  <ele>194.121002</ele>
  <time>2010-07-31T08:41:49Z</time>
</trkpt>
<trkpt lat="53.995395619" lon="51.538871778">
  <ele>193.610992</ele>
  <time>2010-07-31T08:41:50Z</time>
</trkpt>
<trkpt lat="53.995449096" lon="51.539070094">
  <ele>193.070999</ele>
  <time>2010-07-31T08:41:51Z</time>
</trkpt>
<trkpt lat="53.995502489" lon="51.539268494">
  <ele>192.602997</ele>
  <time>2010-07-31T08:41:52Z</time>
</trkpt>
<trkpt lat="53.995559653" lon="51.539474521">
  <ele>192.192993</ele>
  <time>2010-07-31T08:41:53Z</time>
</trkpt>
<trkpt lat="53.995609274" lon="51.539676692">
  <ele>191.897995</ele>
  <time>2010-07-31T08:41:54Z</time>
</trkpt>
<trkpt lat="53.995662667" lon="51.539878864">
  <ele>191.451004</ele>
  <time>2010-07-31T08:41:55Z</time>
</trkpt>
<trkpt lat="53.995716060" lon="51.540084807">
  <ele>191.104996</ele>
  <time>2010-07-31T08:41:56Z</time>
</trkpt>
<trkpt lat="53.995769536" lon="51.540290834">
  <ele>190.774994</ele>
  <time>2010-07-31T08:41:57Z</time>
</trkpt>
<trkpt lat="53.995822929" lon="51.540493006">
  <ele>190.649994</ele>
  <time>2010-07-31T08:41:58Z</time>
</trkpt>
<trkpt lat="53.995876322" lon="51.540683778">
  <ele>190.462006</ele>
  <time>2010-07-31T08:41:59Z</time>
</trkpt>
<trkpt lat="53.995929714" lon="51.540870694">
  <ele>190.490005</ele>
  <time>2010-07-31T08:42:00Z</time>
</trkpt>
<trkpt lat="53.995979335" lon="51.541053755">
  <ele>190.477005</ele>
  <time>2010-07-31T08:42:01Z</time>
</trkpt>
<trkpt lat="53.996028872" lon="51.541236900">
  <ele>190.516006</ele>
  <time>2010-07-31T08:42:02Z</time>
</trkpt>
<trkpt lat="53.996078493" lon="51.541416189">
  <ele>190.561005</ele>
  <time>2010-07-31T08:42:03Z</time>
</trkpt>
<trkpt lat="53.996131886" lon="51.541599249">
  <ele>190.606003</ele>
  <time>2010-07-31T08:42:04Z</time>
</trkpt>
<trkpt lat="53.996181507" lon="51.541786166">
  <ele>190.365997</ele>
  <time>2010-07-31T08:42:05Z</time>
</trkpt>
<trkpt lat="53.996231044" lon="51.541973082">
  <ele>190.203003</ele>
  <time>2010-07-31T08:42:06Z</time>
</trkpt>
<trkpt lat="53.996280665" lon="51.542159999">
  <ele>190.203003</ele>
  <time>2010-07-31T08:42:07Z</time>
</trkpt>
<trkpt lat="53.996334057" lon="51.542358398">
  <ele>190.268005</ele>
  <time>2010-07-31T08:42:08Z</time>
</trkpt>
<trkpt lat="53.996383678" lon="51.542552942">
  <ele>190.175003</ele>
  <time>2010-07-31T08:42:09Z</time>
</trkpt>
<trkpt lat="53.996437071" lon="51.542747486">
  <ele>190.132004</ele>
  <time>2010-07-31T08:42:10Z</time>
</trkpt>
<trkpt lat="53.996490464" lon="51.542938258">
  <ele>190.167999</ele>
  <time>2010-07-31T08:42:11Z</time>
</trkpt>
<trkpt lat="53.996543856" lon="51.543132802">
  <ele>190.117996</ele>
  <time>2010-07-31T08:42:12Z</time>
</trkpt>
<trkpt lat="53.996593477" lon="51.543323491">
  <ele>190.216003</ele>
  <time>2010-07-31T08:42:13Z</time>
</trkpt>
<trkpt lat="53.996646870" lon="51.543518035">
  <ele>190.026993</ele>
  <time>2010-07-31T08:42:14Z</time>
</trkpt>
<trkpt lat="53.996696491" lon="51.543704951">
  <ele>189.791000</ele>
  <time>2010-07-31T08:42:15Z</time>
</trkpt>
<trkpt lat="53.996746028" lon="51.543895723">
  <ele>189.248993</ele>
  <time>2010-07-31T08:42:16Z</time>
</trkpt>
<trkpt lat="53.996799504" lon="51.544086495">
  <ele>189.113007</ele>
  <time>2010-07-31T08:42:17Z</time>
</trkpt>
<trkpt lat="53.996852897" lon="51.544277184">
  <ele>188.843994</ele>
  <time>2010-07-31T08:42:18Z</time>
</trkpt>
<trkpt lat="53.996906290" lon="51.544464100">
  <ele>188.660004</ele>
  <time>2010-07-31T08:42:19Z</time>
</trkpt>
<trkpt lat="53.996955911" lon="51.544654872">
  <ele>188.212997</ele>
  <time>2010-07-31T08:42:20Z</time>
</trkpt>
<trkpt lat="53.997005448" lon="51.544841789">
  <ele>187.940002</ele>
  <time>2010-07-31T08:42:21Z</time>
</trkpt>
<trkpt lat="53.997058840" lon="51.545036333">
  <ele>187.574997</ele>
  <time>2010-07-31T08:42:22Z</time>
</trkpt>
<trkpt lat="53.997112233" lon="51.545227021">
  <ele>187.231003</ele>
  <time>2010-07-31T08:42:23Z</time>
</trkpt>
<trkpt lat="53.997161854" lon="51.545417793">
  <ele>186.660004</ele>
  <time>2010-07-31T08:42:24Z</time>
</trkpt>
<trkpt lat="53.997215247" lon="51.545612337">
  <ele>186.100998</ele>
  <time>2010-07-31T08:42:25Z</time>
</trkpt>
<trkpt lat="53.997268640" lon="51.545806881">
  <ele>185.751999</ele>
  <time>2010-07-31T08:42:26Z</time>
</trkpt>
<trkpt lat="53.997318260" lon="51.546001425">
  <ele>185.050995</ele>
  <time>2010-07-31T08:42:27Z</time>
</trkpt>
<trkpt lat="53.997371653" lon="51.546199825">
  <ele>184.531006</ele>
  <time>2010-07-31T08:42:28Z</time>
</trkpt>
<trkpt lat="53.997425046" lon="51.546401996">
  <ele>184.261993</ele>
  <time>2010-07-31T08:42:29Z</time>
</trkpt>
<trkpt lat="53.997478522" lon="51.546604168">
  <ele>183.919006</ele>
  <time>2010-07-31T08:42:30Z</time>
</trkpt>
<trkpt lat="53.997531915" lon="51.546806339">
  <ele>183.494995</ele>
  <time>2010-07-31T08:42:31Z</time>
</trkpt>
<trkpt lat="53.997589080" lon="51.547008511">
  <ele>183.024994</ele>
  <time>2010-07-31T08:42:32Z</time>
</trkpt>
<trkpt lat="53.997650184" lon="51.547214538">
  <ele>182.563995</ele>
  <time>2010-07-31T08:42:33Z</time>
</trkpt>
<trkpt lat="53.997707348" lon="51.547420481">
  <ele>181.988007</ele>
  <time>2010-07-31T08:42:34Z</time>
</trkpt>
<trkpt lat="53.997768369" lon="51.547630280">
  <ele>181.483002</ele>
  <time>2010-07-31T08:42:35Z</time>
</trkpt>
<trkpt lat="53.997821845" lon="51.547847707">
  <ele>180.938004</ele>
  <time>2010-07-31T08:42:36Z</time>
</trkpt>
<trkpt lat="53.997882865" lon="51.548065217">
  <ele>180.169998</ele>
  <time>2010-07-31T08:42:37Z</time>
</trkpt>
<trkpt lat="53.997940030" lon="51.548275016">
  <ele>179.585007</ele>
  <time>2010-07-31T08:42:38Z</time>
</trkpt>
<trkpt lat="53.997993506" lon="51.548477188">
  <ele>179.128998</ele>
  <time>2010-07-31T08:42:39Z</time>
</trkpt>
<trkpt lat="53.998046899" lon="51.548671732">
  <ele>178.460007</ele>
  <time>2010-07-31T08:42:40Z</time>
</trkpt>
<trkpt lat="53.998100292" lon="51.548862420">
  <ele>178.050003</ele>
  <time>2010-07-31T08:42:41Z</time>
</trkpt>
<trkpt lat="53.998153685" lon="51.549053192">
  <ele>177.559006</ele>
  <time>2010-07-31T08:42:42Z</time>
</trkpt>
<trkpt lat="53.998207077" lon="51.549243964">
  <ele>177.078003</ele>
  <time>2010-07-31T08:42:43Z</time>
</trkpt>
<trkpt lat="53.998260470" lon="51.549442280">
  <ele>176.483994</ele>
  <time>2010-07-31T08:42:44Z</time>
</trkpt>
<trkpt lat="53.998313863" lon="51.549636824">
  <ele>175.714996</ele>
  <time>2010-07-31T08:42:45Z</time>
</trkpt>
<trkpt lat="53.998367339" lon="51.549835224">
  <ele>175.317993</ele>
  <time>2010-07-31T08:42:46Z</time>
</trkpt>
<trkpt lat="53.998424504" lon="51.550029768">
  <ele>174.660995</ele>
  <time>2010-07-31T08:42:47Z</time>
</trkpt>
<trkpt lat="53.998477897" lon="51.550224312">
  <ele>174.186005</ele>
  <time>2010-07-31T08:42:48Z</time>
</trkpt>
<trkpt lat="53.998531373" lon="51.550418856">
  <ele>173.649002</ele>
  <time>2010-07-31T08:42:49Z</time>
</trkpt>
<trkpt lat="53.998588538" lon="51.550621027">
  <ele>173.039993</ele>
  <time>2010-07-31T08:42:50Z</time>
</trkpt>
<trkpt lat="53.998641931" lon="51.550823199">
  <ele>172.690002</ele>
  <time>2010-07-31T08:42:51Z</time>
</trkpt>
<trkpt lat="53.998699179" lon="51.551032998">
  <ele>172.056000</ele>
  <time>2010-07-31T08:42:52Z</time>
</trkpt>
<trkpt lat="53.998756427" lon="51.551239025">
  <ele>171.483994</ele>
  <time>2010-07-31T08:42:53Z</time>
</trkpt>
<trkpt lat="53.998813592" lon="51.551448824">
  <ele>171.011993</ele>
  <time>2010-07-31T08:42:54Z</time>
</trkpt>
<trkpt lat="53.998870840" lon="51.551662479">
  <ele>170.639999</ele>
  <time>2010-07-31T08:42:55Z</time>
</trkpt>
<trkpt lat="53.998931861" lon="51.551876049">
  <ele>170.324005</ele>
  <time>2010-07-31T08:42:56Z</time>
</trkpt>
<trkpt lat="53.998989109" lon="51.552093476">
  <ele>169.768997</ele>
  <time>2010-07-31T08:42:57Z</time>
</trkpt>
<trkpt lat="53.999050129" lon="51.552310903">
  <ele>169.395996</ele>
  <time>2010-07-31T08:42:58Z</time>
</trkpt>
<trkpt lat="53.999111149" lon="51.552532185">
  <ele>168.871994</ele>
  <time>2010-07-31T08:42:59Z</time>
</trkpt>
<trkpt lat="53.999172170" lon="51.552749611">
  <ele>168.451996</ele>
  <time>2010-07-31T08:43:00Z</time>
</trkpt>
<trkpt lat="53.999229418" lon="51.552959410">
  <ele>167.800003</ele>
  <time>2010-07-31T08:43:01Z</time>
</trkpt>
<trkpt lat="53.999282811" lon="51.553161582">
  <ele>167.449997</ele>
  <time>2010-07-31T08:43:02Z</time>
</trkpt>
<trkpt lat="53.999332432" lon="51.553352354">
  <ele>166.380005</ele>
  <time>2010-07-31T08:43:03Z</time>
</trkpt>
<trkpt lat="53.999385824" lon="51.553546898">
  <ele>165.529999</ele>
  <time>2010-07-31T08:43:04Z</time>
</trkpt>
<trkpt lat="53.999443073" lon="51.553749070">
  <ele>164.813004</ele>
  <time>2010-07-31T08:43:05Z</time>
</trkpt>
<trkpt lat="53.999500237" lon="51.553955097">
  <ele>164.186005</ele>
  <time>2010-07-31T08:43:06Z</time>
</trkpt>
<trkpt lat="53.999557486" lon="51.554164896">
  <ele>163.156006</ele>
  <time>2010-07-31T08:43:07Z</time>
</trkpt>
<trkpt lat="53.999618506" lon="51.554378550">
  <ele>162.238007</ele>
  <time>2010-07-31T08:43:08Z</time>
</trkpt>
<trkpt lat="53.999671899" lon="51.554599749">
  <ele>161.470993</ele>
  <time>2010-07-31T08:43:09Z</time>
</trkpt>
<trkpt lat="53.999733003" lon="51.554821031">
  <ele>160.591003</ele>
  <time>2010-07-31T08:43:10Z</time>
</trkpt>
<trkpt lat="53.999794023" lon="51.555046085">
  <ele>159.882996</ele>
  <time>2010-07-31T08:43:11Z</time>
</trkpt>
<trkpt lat="53.999851188" lon="51.555259740">
  <ele>158.973999</ele>
  <time>2010-07-31T08:43:12Z</time>
</trkpt>
<trkpt lat="53.999908436" lon="51.555465683">
  <ele>158.375000</ele>
  <time>2010-07-31T08:43:13Z</time>
</trkpt>
<trkpt lat="53.999961829" lon="51.555671711">
  <ele>157.766006</ele>
  <time>2010-07-31T08:43:14Z</time>
</trkpt>
<trkpt lat="54.000019077" lon="51.555881510">
  <ele>157.360001</ele>
  <time>2010-07-31T08:43:15Z</time>
</trkpt>
<trkpt lat="54.000076326" lon="51.556091309">
  <ele>157.113998</ele>
  <time>2010-07-31T08:43:16Z</time>
</trkpt>
<trkpt lat="54.000129718" lon="51.556301108">
  <ele>156.716003</ele>
  <time>2010-07-31T08:43:17Z</time>
</trkpt>
<trkpt lat="54.000183111" lon="51.556507135">
  <ele>156.393997</ele>
  <time>2010-07-31T08:43:18Z</time>
</trkpt>
<trkpt lat="54.000240359" lon="51.556716934">
  <ele>156.242004</ele>
  <time>2010-07-31T08:43:19Z</time>
</trkpt>
<trkpt lat="54.000293752" lon="51.556922877">
  <ele>156.195999</ele>
  <time>2010-07-31T08:43:20Z</time>
</trkpt>
<trkpt lat="54.000347145" lon="51.557128904">
  <ele>156.136002</ele>
  <time>2010-07-31T08:43:21Z</time>
</trkpt>
<trkpt lat="54.000400538" lon="51.557331076">
  <ele>156.279999</ele>
  <time>2010-07-31T08:43:22Z</time>
</trkpt>
<trkpt lat="54.000450158" lon="51.557525620">
  <ele>156.604996</ele>
  <time>2010-07-31T08:43:23Z</time>
</trkpt>
<trkpt lat="54.000499696" lon="51.557720164">
  <ele>156.597000</ele>
  <time>2010-07-31T08:43:24Z</time>
</trkpt>
<trkpt lat="54.000549316" lon="51.557914708">
  <ele>156.796997</ele>
  <time>2010-07-31T08:43:25Z</time>
</trkpt>
<trkpt lat="54.000598937" lon="51.558116879">
  <ele>157.251999</ele>
  <time>2010-07-31T08:43:26Z</time>
</trkpt>
<trkpt lat="54.000648474" lon="51.558322906">
  <ele>158.001007</ele>
  <time>2010-07-31T08:43:27Z</time>
</trkpt>
<trkpt lat="54.000698095" lon="51.558521306">
  <ele>158.487000</ele>
  <time>2010-07-31T08:43:28Z</time>
</trkpt>
<trkpt lat="54.000743860" lon="51.558719622">
  <ele>159.104004</ele>
  <time>2010-07-31T08:43:29Z</time>
</trkpt>
<trkpt lat="54.000793481" lon="51.558918022">
  <ele>159.638000</ele>
  <time>2010-07-31T08:43:30Z</time>
</trkpt>
<trkpt lat="54.000843018" lon="51.559120193">
  <ele>160.130005</ele>
  <time>2010-07-31T08:43:31Z</time>
</trkpt>
<trkpt lat="54.000896495" lon="51.559318509">
  <ele>160.550003</ele>
  <time>2010-07-31T08:43:32Z</time>
</trkpt>
<trkpt lat="54.000949888" lon="51.559513053">
  <ele>161.095001</ele>
  <time>2010-07-31T08:43:33Z</time>
</trkpt>
<trkpt lat="54.001003280" lon="51.559707681">
  <ele>161.587006</ele>
  <time>2010-07-31T08:43:34Z</time>
</trkpt>
<trkpt lat="54.001056673" lon="51.559894597">
  <ele>162.016998</ele>
  <time>2010-07-31T08:43:35Z</time>
</trkpt>
<trkpt lat="54.001110066" lon="51.560081514">
  <ele>162.395004</ele>
  <time>2010-07-31T08:43:36Z</time>
</trkpt>
<trkpt lat="54.001163458" lon="51.560264574">
  <ele>162.871002</ele>
  <time>2010-07-31T08:43:37Z</time>
</trkpt>
<trkpt lat="54.001213079" lon="51.560451491">
  <ele>163.210007</ele>
  <time>2010-07-31T08:43:38Z</time>
</trkpt>
<trkpt lat="54.001266472" lon="51.560649890">
  <ele>163.464996</ele>
  <time>2010-07-31T08:43:39Z</time>
</trkpt>
<trkpt lat="54.001323720" lon="51.560855834">
  <ele>163.871002</ele>
  <time>2010-07-31T08:43:40Z</time>
</trkpt>
<trkpt lat="54.001380885" lon="51.561069489">
  <ele>164.169006</ele>
  <time>2010-07-31T08:43:41Z</time>
</trkpt>
<trkpt lat="54.001441989" lon="51.561294543">
  <ele>164.714005</ele>
  <time>2010-07-31T08:43:42Z</time>
</trkpt>
<trkpt lat="54.001503009" lon="51.561527224">
  <ele>165.151001</ele>
  <time>2010-07-31T08:43:43Z</time>
</trkpt>
<trkpt lat="54.001564030" lon="51.561771389">
  <ele>165.705994</ele>
  <time>2010-07-31T08:43:44Z</time>
</trkpt>
<trkpt lat="54.001625050" lon="51.562023181">
  <ele>166.242004</ele>
  <time>2010-07-31T08:43:45Z</time>
</trkpt>
<trkpt lat="54.001686070" lon="51.562282601">
  <ele>166.880005</ele>
  <time>2010-07-31T08:43:46Z</time>
</trkpt>
<trkpt lat="54.001747090" lon="51.562549565">
  <ele>167.292007</ele>
  <time>2010-07-31T08:43:47Z</time>
</trkpt>
<trkpt lat="54.001811966" lon="51.562824240">
  <ele>167.903000</ele>
  <time>2010-07-31T08:43:48Z</time>
</trkpt>
<trkpt lat="54.001880614" lon="51.563106542">
  <ele>168.774994</ele>
  <time>2010-07-31T08:43:49Z</time>
</trkpt>
<trkpt lat="54.001945490" lon="51.563400244">
  <ele>169.570999</ele>
  <time>2010-07-31T08:43:50Z</time>
</trkpt>
<trkpt lat="54.002010366" lon="51.563697802">
  <ele>170.580994</ele>
  <time>2010-07-31T08:43:51Z</time>
</trkpt>
<trkpt lat="54.002075158" lon="51.564002987">
  <ele>171.535995</ele>
  <time>2010-07-31T08:43:52Z</time>
</trkpt>
<trkpt lat="54.002136262" lon="51.564315800">
  <ele>172.380997</ele>
  <time>2010-07-31T08:43:53Z</time>
</trkpt>
<trkpt lat="54.002193427" lon="51.564632384">
  <ele>173.203003</ele>
  <time>2010-07-31T08:43:54Z</time>
</trkpt>
<trkpt lat="54.002254447" lon="51.564956680">
  <ele>174.069000</ele>
  <time>2010-07-31T08:43:55Z</time>
</trkpt>
<trkpt lat="54.002311695" lon="51.565288519">
  <ele>174.932007</ele>
  <time>2010-07-31T08:43:56Z</time>
</trkpt>
<trkpt lat="54.002368944" lon="51.565624215">
  <ele>175.744003</ele>
  <time>2010-07-31T08:43:57Z</time>
</trkpt>
<trkpt lat="54.002418481" lon="51.565967537">
  <ele>176.516998</ele>
  <time>2010-07-31T08:43:58Z</time>
</trkpt>
<trkpt lat="54.002471957" lon="51.566314716">
  <ele>177.526993</ele>
  <time>2010-07-31T08:43:59Z</time>
</trkpt>
<trkpt lat="54.002529122" lon="51.566661811">
  <ele>178.552994</ele>
  <time>2010-07-31T08:44:00Z</time>
</trkpt>
<trkpt lat="54.002582515" lon="51.567016616">
  <ele>179.677994</ele>
  <time>2010-07-31T08:44:01Z</time>
</trkpt>
<trkpt lat="54.002635991" lon="51.567375194">
  <ele>180.376007</ele>
  <time>2010-07-31T08:44:02Z</time>
</trkpt>
<trkpt lat="54.002693156" lon="51.567737544">
  <ele>180.981003</ele>
  <time>2010-07-31T08:44:03Z</time>
</trkpt>
<trkpt lat="54.002746549" lon="51.568107605">
  <ele>181.613007</ele>
  <time>2010-07-31T08:44:04Z</time>
</trkpt>
<trkpt lat="54.002792398" lon="51.568481438">
  <ele>182.388000</ele>
  <time>2010-07-31T08:44:05Z</time>
</trkpt>
<trkpt lat="54.002830535" lon="51.568862898">
  <ele>182.906998</ele>
  <time>2010-07-31T08:44:06Z</time>
</trkpt>
<trkpt lat="54.002861045" lon="51.569251986">
  <ele>183.384003</ele>
  <time>2010-07-31T08:44:07Z</time>
</trkpt>
<trkpt lat="54.002891555" lon="51.569641074">
  <ele>183.889008</ele>
  <time>2010-07-31T08:44:08Z</time>
</trkpt>
<trkpt lat="54.002918210" lon="51.570030246">
  <ele>184.451004</ele>
  <time>2010-07-31T08:44:09Z</time>
</trkpt>
<trkpt lat="54.002948720" lon="51.570411706">
  <ele>185.429993</ele>
  <time>2010-07-31T08:44:10Z</time>
</trkpt>
<trkpt lat="54.002975458" lon="51.570789311">
  <ele>186.020996</ele>
  <time>2010-07-31T08:44:11Z</time>
</trkpt>
<trkpt lat="54.003002197" lon="51.571159372">
  <ele>186.690994</ele>
  <time>2010-07-31T08:44:12Z</time>
</trkpt>
<trkpt lat="54.003028851" lon="51.571533205">
  <ele>187.459000</ele>
  <time>2010-07-31T08:44:13Z</time>
</trkpt>
<trkpt lat="54.003051734" lon="51.571910894">
  <ele>188.046005</ele>
  <time>2010-07-31T08:44:14Z</time>
</trkpt>
<trkpt lat="54.003078472" lon="51.572288498">
  <ele>188.584000</ele>
  <time>2010-07-31T08:44:15Z</time>
</trkpt>
<trkpt lat="54.003108982" lon="51.572662331">
  <ele>189.091995</ele>
  <time>2010-07-31T08:44:16Z</time>
</trkpt>
<trkpt lat="54.003131865" lon="51.573028537">
  <ele>189.554001</ele>
  <time>2010-07-31T08:44:17Z</time>
</trkpt>
<trkpt lat="54.003158603" lon="51.573390970">
  <ele>190.016998</ele>
  <time>2010-07-31T08:44:18Z</time>
</trkpt>
<trkpt lat="54.003181485" lon="51.573745692">
  <ele>190.563995</ele>
  <time>2010-07-31T08:44:19Z</time>
</trkpt>
<trkpt lat="54.003208140" lon="51.574100498">
  <ele>191.136002</ele>
  <time>2010-07-31T08:44:20Z</time>
</trkpt>
<trkpt lat="54.003234878" lon="51.574459076">
  <ele>191.766998</ele>
  <time>2010-07-31T08:44:21Z</time>
</trkpt>
<trkpt lat="54.003261533" lon="51.574817654">
  <ele>192.423004</ele>
  <time>2010-07-31T08:44:22Z</time>
</trkpt>
<trkpt lat="54.003288271" lon="51.575176232">
  <ele>192.766006</ele>
  <time>2010-07-31T08:44:23Z</time>
</trkpt>
<trkpt lat="54.003311154" lon="51.575534809">
  <ele>193.158997</ele>
  <time>2010-07-31T08:44:24Z</time>
</trkpt>
<trkpt lat="54.003337892" lon="51.575897243">
  <ele>193.709000</ele>
  <time>2010-07-31T08:44:25Z</time>
</trkpt>
<trkpt lat="54.003364546" lon="51.576263448">
  <ele>194.007004</ele>
  <time>2010-07-31T08:44:26Z</time>
</trkpt>
<trkpt lat="54.003391284" lon="51.576633425">
  <ele>194.365997</ele>
  <time>2010-07-31T08:44:27Z</time>
</trkpt>
<trkpt lat="54.003417939" lon="51.577007258">
  <ele>194.778000</ele>
  <time>2010-07-31T08:44:28Z</time>
</trkpt>
<trkpt lat="54.003440822" lon="51.577381175">
  <ele>195.334000</ele>
  <time>2010-07-31T08:44:29Z</time>
</trkpt>
<trkpt lat="54.003467560" lon="51.577755008">
  <ele>195.746994</ele>
  <time>2010-07-31T08:44:30Z</time>
</trkpt>
<trkpt lat="54.003498070" lon="51.578124985">
  <ele>196.138000</ele>
  <time>2010-07-31T08:44:31Z</time>
</trkpt>
<trkpt lat="54.003524808" lon="51.578487419">
  <ele>196.468994</ele>
  <time>2010-07-31T08:44:32Z</time>
</trkpt>
<trkpt lat="54.003547691" lon="51.578849768">
  <ele>196.854996</ele>
  <time>2010-07-31T08:44:33Z</time>
</trkpt>
<trkpt lat="54.003574345" lon="51.579215974">
  <ele>196.942001</ele>
  <time>2010-07-31T08:44:34Z</time>
</trkpt>
<trkpt lat="54.003601084" lon="51.579578407">
  <ele>197.291000</ele>
  <time>2010-07-31T08:44:35Z</time>
</trkpt>
<trkpt lat="54.003627738" lon="51.579940757">
  <ele>197.462006</ele>
  <time>2010-07-31T08:44:36Z</time>
</trkpt>
<trkpt lat="54.003654476" lon="51.580303190">
  <ele>197.832993</ele>
  <time>2010-07-31T08:44:37Z</time>
</trkpt>
<trkpt lat="54.003677359" lon="51.580661768">
  <ele>198.289001</ele>
  <time>2010-07-31T08:44:38Z</time>
</trkpt>
<trkpt lat="54.003700241" lon="51.581016574">
  <ele>198.785004</ele>
  <time>2010-07-31T08:44:39Z</time>
</trkpt>
<trkpt lat="54.003726980" lon="51.581371296">
  <ele>199.110992</ele>
  <time>2010-07-31T08:44:40Z</time>
</trkpt>
<trkpt lat="54.003753634" lon="51.581726102">
  <ele>199.410004</ele>
  <time>2010-07-31T08:44:41Z</time>
</trkpt>
<trkpt lat="54.003776517" lon="51.582080824">
  <ele>199.811005</ele>
  <time>2010-07-31T08:44:42Z</time>
</trkpt>
<trkpt lat="54.003807027" lon="51.582435630">
  <ele>200.274002</ele>
  <time>2010-07-31T08:44:43Z</time>
</trkpt>
<trkpt lat="54.003833765" lon="51.582786581">
  <ele>200.546997</ele>
  <time>2010-07-31T08:44:44Z</time>
</trkpt>
<trkpt lat="54.003860503" lon="51.583129903">
  <ele>200.826004</ele>
  <time>2010-07-31T08:44:45Z</time>
</trkpt>
<trkpt lat="54.003883386" lon="51.583480854">
  <ele>201.207993</ele>
  <time>2010-07-31T08:44:46Z</time>
</trkpt>
<trkpt lat="54.003910040" lon="51.583831804">
  <ele>201.649994</ele>
  <time>2010-07-31T08:44:47Z</time>
</trkpt>
<trkpt lat="54.003932923" lon="51.584182754">
  <ele>202.263000</ele>
  <time>2010-07-31T08:44:48Z</time>
</trkpt>
<trkpt lat="54.003959661" lon="51.584533704">
  <ele>202.772995</ele>
  <time>2010-07-31T08:44:49Z</time>
</trkpt>
<trkpt lat="54.003982544" lon="51.584892282">
  <ele>203.145996</ele>
  <time>2010-07-31T08:44:50Z</time>
</trkpt>
<trkpt lat="54.004005427" lon="51.585250860">
  <ele>203.557007</ele>
  <time>2010-07-31T08:44:51Z</time>
</trkpt>
<trkpt lat="54.004032165" lon="51.585613210">
  <ele>204.115997</ele>
  <time>2010-07-31T08:44:52Z</time>
</trkpt>
<trkpt lat="54.004058819" lon="51.585983271">
  <ele>204.613007</ele>
  <time>2010-07-31T08:44:53Z</time>
</trkpt>
<trkpt lat="54.004089329" lon="51.586353332">
  <ele>205.212006</ele>
  <time>2010-07-31T08:44:54Z</time>
</trkpt>
<trkpt lat="54.004116068" lon="51.586723309">
  <ele>205.692993</ele>
  <time>2010-07-31T08:44:55Z</time>
</trkpt>
<trkpt lat="54.004142722" lon="51.587085743">
  <ele>206.098999</ele>
  <time>2010-07-31T08:44:56Z</time>
</trkpt>
<trkpt lat="54.004165689" lon="51.587451948">
  <ele>206.212997</ele>
  <time>2010-07-31T08:44:57Z</time>
</trkpt>
<trkpt lat="54.004192343" lon="51.587818153">
  <ele>206.449005</ele>
  <time>2010-07-31T08:44:58Z</time>
</trkpt>
<trkpt lat="54.004219081" lon="51.588188130">
  <ele>206.806000</ele>
  <time>2010-07-31T08:44:59Z</time>
</trkpt>
<trkpt lat="54.004245736" lon="51.588554420">
  <ele>207.276001</ele>
  <time>2010-07-31T08:45:00Z</time>
</trkpt>
<trkpt lat="54.004272474" lon="51.588912997">
  <ele>207.759995</ele>
  <time>2010-07-31T08:45:01Z</time>
</trkpt>
<trkpt lat="54.004295357" lon="51.589271575">
  <ele>208.128998</ele>
  <time>2010-07-31T08:45:02Z</time>
</trkpt>
<trkpt lat="54.004322011" lon="51.589622525">
  <ele>208.473007</ele>
  <time>2010-07-31T08:45:03Z</time>
</trkpt>
<trkpt lat="54.004344977" lon="51.589973476">
  <ele>208.912003</ele>
  <time>2010-07-31T08:45:04Z</time>
</trkpt>
<trkpt lat="54.004371632" lon="51.590328198">
  <ele>209.408005</ele>
  <time>2010-07-31T08:45:05Z</time>
</trkpt>
<trkpt lat="54.004398370" lon="51.590686776">
  <ele>209.927994</ele>
  <time>2010-07-31T08:45:06Z</time>
</trkpt>
<trkpt lat="54.004425025" lon="51.591041582">
  <ele>210.285995</ele>
  <time>2010-07-31T08:45:07Z</time>
</trkpt>
<trkpt lat="54.004447907" lon="51.591396304">
  <ele>210.819000</ele>
  <time>2010-07-31T08:45:08Z</time>
</trkpt>
<trkpt lat="54.004474645" lon="51.591743482">
  <ele>211.270004</ele>
  <time>2010-07-31T08:45:09Z</time>
</trkpt>
<trkpt lat="54.004501384" lon="51.592098204">
  <ele>211.634995</ele>
  <time>2010-07-31T08:45:10Z</time>
</trkpt>
<trkpt lat="54.004528038" lon="51.592453010">
  <ele>211.884995</ele>
  <time>2010-07-31T08:45:11Z</time>
</trkpt>
<trkpt lat="54.004554776" lon="51.592803961">
  <ele>212.128998</ele>
  <time>2010-07-31T08:45:12Z</time>
</trkpt>
<trkpt lat="54.004577659" lon="51.593158683">
  <ele>212.479004</ele>
  <time>2010-07-31T08:45:13Z</time>
</trkpt>
<trkpt lat="54.004604314" lon="51.593517344">
  <ele>212.869995</ele>
  <time>2010-07-31T08:45:14Z</time>
</trkpt>
<trkpt lat="54.004631052" lon="51.593879694">
  <ele>213.337006</ele>
  <time>2010-07-31T08:45:15Z</time>
</trkpt>
<trkpt lat="54.004653934" lon="51.594242128">
  <ele>213.578995</ele>
  <time>2010-07-31T08:45:16Z</time>
</trkpt>
<trkpt lat="54.004680673" lon="51.594608333">
  <ele>213.960007</ele>
  <time>2010-07-31T08:45:17Z</time>
</trkpt>
<trkpt lat="54.004711183" lon="51.594974538">
  <ele>214.268005</ele>
  <time>2010-07-31T08:45:18Z</time>
</trkpt>
<trkpt lat="54.004741693" lon="51.595348371">
  <ele>214.479004</ele>
  <time>2010-07-31T08:45:19Z</time>
</trkpt>
<trkpt lat="54.004768347" lon="51.595725976">
  <ele>214.645004</ele>
  <time>2010-07-31T08:45:20Z</time>
</trkpt>
<trkpt lat="54.004791230" lon="51.596111292">
  <ele>214.962006</ele>
  <time>2010-07-31T08:45:21Z</time>
</trkpt>
<trkpt lat="54.004817968" lon="51.596500380">
  <ele>215.220993</ele>
  <time>2010-07-31T08:45:22Z</time>
</trkpt>
<trkpt lat="54.004844707" lon="51.596897095">
  <ele>215.546997</ele>
  <time>2010-07-31T08:45:23Z</time>
</trkpt>
<trkpt lat="54.004875217" lon="51.597293895">
  <ele>215.567993</ele>
  <time>2010-07-31T08:45:24Z</time>
</trkpt>
<trkpt lat="54.004901871" lon="51.597694382">
  <ele>215.828003</ele>
  <time>2010-07-31T08:45:25Z</time>
</trkpt>
<trkpt lat="54.004932381" lon="51.598102581">
  <ele>216.182007</ele>
  <time>2010-07-31T08:45:26Z</time>
</trkpt>
<trkpt lat="54.004959119" lon="51.598514551">
  <ele>216.432999</ele>
  <time>2010-07-31T08:45:27Z</time>
</trkpt>
<trkpt lat="54.004989630" lon="51.598930378">
  <ele>216.701004</ele>
  <time>2010-07-31T08:45:28Z</time>
</trkpt>
<trkpt lat="54.005020140" lon="51.599353831">
  <ele>216.807999</ele>
  <time>2010-07-31T08:45:29Z</time>
</trkpt>
<trkpt lat="54.005050650" lon="51.599777201">
  <ele>216.654007</ele>
  <time>2010-07-31T08:45:30Z</time>
</trkpt>
<trkpt lat="54.005081160" lon="51.600200655">
  <ele>216.791000</ele>
  <time>2010-07-31T08:45:31Z</time>
</trkpt>
<trkpt lat="54.005111670" lon="51.600631736">
  <ele>216.899002</ele>
  <time>2010-07-31T08:45:32Z</time>
</trkpt>
<trkpt lat="54.005138408" lon="51.601070445">
  <ele>217.197998</ele>
  <time>2010-07-31T08:45:33Z</time>
</trkpt>
<trkpt lat="54.005172690" lon="51.601512926">
  <ele>217.350998</ele>
  <time>2010-07-31T08:45:34Z</time>
</trkpt>
<trkpt lat="54.005203284" lon="51.601955406">
  <ele>217.429001</ele>
  <time>2010-07-31T08:45:35Z</time>
</trkpt>
<trkpt lat="54.005237566" lon="51.602401743">
  <ele>217.444000</ele>
  <time>2010-07-31T08:45:36Z</time>
</trkpt>
<trkpt lat="54.005268076" lon="51.602848079">
  <ele>217.960999</ele>
  <time>2010-07-31T08:45:37Z</time>
</trkpt>
<trkpt lat="54.005294815" lon="51.603294332">
  <ele>218.488007</ele>
  <time>2010-07-31T08:45:38Z</time>
</trkpt>
<trkpt lat="54.005321469" lon="51.603729269">
  <ele>219.132996</ele>
  <time>2010-07-31T08:45:39Z</time>
</trkpt>
<trkpt lat="54.005351979" lon="51.604156494">
  <ele>219.479996</ele>
  <time>2010-07-31T08:45:40Z</time>
</trkpt>
<trkpt lat="54.005382573" lon="51.604572320">
  <ele>220.126999</ele>
  <time>2010-07-31T08:45:41Z</time>
</trkpt>
<trkpt lat="54.005409228" lon="51.604984291">
  <ele>220.522995</ele>
  <time>2010-07-31T08:45:42Z</time>
</trkpt>
<trkpt lat="54.005443593" lon="51.605396261">
  <ele>221.505997</ele>
  <time>2010-07-31T08:45:43Z</time>
</trkpt>
<trkpt lat="54.005470248" lon="51.605796833">
  <ele>222.358002</ele>
  <time>2010-07-31T08:45:44Z</time>
</trkpt>
<trkpt lat="54.005500758" lon="51.606193548">
  <ele>223.143005</ele>
  <time>2010-07-31T08:45:45Z</time>
</trkpt>
<trkpt lat="54.005531352" lon="51.606594119">
  <ele>223.839996</ele>
  <time>2010-07-31T08:45:46Z</time>
</trkpt>
<trkpt lat="54.005558006" lon="51.606990835">
  <ele>224.682007</ele>
  <time>2010-07-31T08:45:47Z</time>
</trkpt>
<trkpt lat="54.005588517" lon="51.607391322">
  <ele>225.425995</ele>
  <time>2010-07-31T08:45:48Z</time>
</trkpt>
<trkpt lat="54.005615255" lon="51.607788121">
  <ele>226.348007</ele>
  <time>2010-07-31T08:45:49Z</time>
</trkpt>
<trkpt lat="54.005641909" lon="51.608173354">
  <ele>227.031006</ele>
  <time>2010-07-31T08:45:50Z</time>
</trkpt>
<trkpt lat="54.005668648" lon="51.608562442">
  <ele>227.673996</ele>
  <time>2010-07-31T08:45:51Z</time>
</trkpt>
<trkpt lat="54.005695302" lon="51.608943902">
  <ele>228.449005</ele>
  <time>2010-07-31T08:45:52Z</time>
</trkpt>
<trkpt lat="54.005722040" lon="51.609329218">
  <ele>229.005997</ele>
  <time>2010-07-31T08:45:53Z</time>
</trkpt>
<trkpt lat="54.005748779" lon="51.609714534">
  <ele>229.462006</ele>
  <time>2010-07-31T08:45:54Z</time>
</trkpt>
<trkpt lat="54.005779289" lon="51.610103622">
  <ele>229.979996</ele>
  <time>2010-07-31T08:45:55Z</time>
</trkpt>
<trkpt lat="54.005805943" lon="51.610496482">
  <ele>230.574005</ele>
  <time>2010-07-31T08:45:56Z</time>
</trkpt>
<trkpt lat="54.005836453" lon="51.610889426">
  <ele>231.194000</ele>
  <time>2010-07-31T08:45:57Z</time>
</trkpt>
<trkpt lat="54.005863192" lon="51.611282369">
  <ele>231.649002</ele>
  <time>2010-07-31T08:45:58Z</time>
</trkpt>
<trkpt lat="54.005889930" lon="51.611675229">
  <ele>232.197998</ele>
  <time>2010-07-31T08:45:59Z</time>
</trkpt>
<trkpt lat="54.005916584" lon="51.612072028">
  <ele>232.785995</ele>
  <time>2010-07-31T08:46:00Z</time>
</trkpt>
<trkpt lat="54.005943323" lon="51.612468744">
  <ele>233.119995</ele>
  <time>2010-07-31T08:46:01Z</time>
</trkpt>
<trkpt lat="54.005973833" lon="51.612869231">
  <ele>233.397995</ele>
  <time>2010-07-31T08:46:02Z</time>
</trkpt>
<trkpt lat="54.006004343" lon="51.613269802">
  <ele>233.613007</ele>
  <time>2010-07-31T08:46:03Z</time>
</trkpt>
<trkpt lat="54.006034853" lon="51.613674145">
  <ele>233.858002</ele>
  <time>2010-07-31T08:46:04Z</time>
</trkpt>
<trkpt lat="54.006061591" lon="51.614082344">
  <ele>233.996002</ele>
  <time>2010-07-31T08:46:05Z</time>
</trkpt>
<trkpt lat="54.006088246" lon="51.614490543">
  <ele>234.209000</ele>
  <time>2010-07-31T08:46:06Z</time>
</trkpt>
<trkpt lat="54.006118756" lon="51.614906285">
  <ele>234.445007</ele>
  <time>2010-07-31T08:46:07Z</time>
</trkpt>
<trkpt lat="54.006149266" lon="51.615322111">
  <ele>234.550003</ele>
  <time>2010-07-31T08:46:08Z</time>
</trkpt>
<trkpt lat="54.006176004" lon="51.615734082">
  <ele>234.479996</ele>
  <time>2010-07-31T08:46:09Z</time>
</trkpt>
<trkpt lat="54.006206514" lon="51.616149908">
  <ele>234.304993</ele>
  <time>2010-07-31T08:46:10Z</time>
</trkpt>
<trkpt lat="54.006233253" lon="51.616565734">
  <ele>234.311996</ele>
  <time>2010-07-31T08:46:11Z</time>
</trkpt>
<trkpt lat="54.006263763" lon="51.616985332">
  <ele>234.225998</ele>
  <time>2010-07-31T08:46:12Z</time>
</trkpt>
<trkpt lat="54.006298045" lon="51.617412558">
  <ele>234.283997</ele>
  <time>2010-07-31T08:46:13Z</time>
</trkpt>
<trkpt lat="54.006328555" lon="51.617839783">
  <ele>234.276001</ele>
  <time>2010-07-31T08:46:14Z</time>
</trkpt>
<trkpt lat="54.006359065" lon="51.618274720">
  <ele>234.266998</ele>
  <time>2010-07-31T08:46:15Z</time>
</trkpt>
<trkpt lat="54.006389659" lon="51.618705718">
  <ele>234.272003</ele>
  <time>2010-07-31T08:46:16Z</time>
</trkpt>
<trkpt lat="54.006420169" lon="51.619136799">
  <ele>234.369003</ele>
  <time>2010-07-31T08:46:17Z</time>
</trkpt>
<trkpt lat="54.006450679" lon="51.619567880">
  <ele>234.647995</ele>
  <time>2010-07-31T08:46:18Z</time>
</trkpt>
<trkpt lat="54.006484961" lon="51.619995106">
  <ele>234.990997</ele>
  <time>2010-07-31T08:46:19Z</time>
</trkpt>
<trkpt lat="54.006511699" lon="51.620426187">
  <ele>235.248001</ele>
  <time>2010-07-31T08:46:20Z</time>
</trkpt>
<trkpt lat="54.006545981" lon="51.620861040">
  <ele>235.429001</ele>
  <time>2010-07-31T08:46:21Z</time>
</trkpt>
<trkpt lat="54.006576575" lon="51.621292122">
  <ele>235.809006</ele>
  <time>2010-07-31T08:46:22Z</time>
</trkpt>
<trkpt lat="54.006607085" lon="51.621711720">
  <ele>235.867996</ele>
  <time>2010-07-31T08:46:23Z</time>
</trkpt>
<trkpt lat="54.006637596" lon="51.622131318">
  <ele>236.067993</ele>
  <time>2010-07-31T08:46:24Z</time>
</trkpt>
<trkpt lat="54.006668106" lon="51.622535745">
  <ele>236.261002</ele>
  <time>2010-07-31T08:46:25Z</time>
</trkpt>
<trkpt lat="54.006698616" lon="51.622936232">
  <ele>236.518005</ele>
  <time>2010-07-31T08:46:26Z</time>
</trkpt>
<trkpt lat="54.006725270" lon="51.623329176">
  <ele>236.748001</ele>
  <time>2010-07-31T08:46:27Z</time>
</trkpt>
<trkpt lat="54.006748237" lon="51.623722035">
  <ele>237.000000</ele>
  <time>2010-07-31T08:46:28Z</time>
</trkpt>
<trkpt lat="54.006774891" lon="51.624111207">
  <ele>237.414993</ele>
  <time>2010-07-31T08:46:29Z</time>
</trkpt>
<trkpt lat="54.006801629" lon="51.624500295">
  <ele>238.042999</ele>
  <time>2010-07-31T08:46:30Z</time>
</trkpt>
<trkpt lat="54.006828284" lon="51.624881756">
  <ele>238.873993</ele>
  <time>2010-07-31T08:46:31Z</time>
</trkpt>
<trkpt lat="54.006858794" lon="51.625263216">
  <ele>239.552994</ele>
  <time>2010-07-31T08:46:32Z</time>
</trkpt>
<trkpt lat="54.006885532" lon="51.625644676">
  <ele>240.097000</ele>
  <time>2010-07-31T08:46:33Z</time>
</trkpt>
<trkpt lat="54.006908415" lon="51.626022365">
  <ele>240.804001</ele>
  <time>2010-07-31T08:46:34Z</time>
</trkpt>
<trkpt lat="54.006935153" lon="51.626407597">
  <ele>241.703003</ele>
  <time>2010-07-31T08:46:35Z</time>
</trkpt>
<trkpt lat="54.006961808" lon="51.626789058">
  <ele>242.358002</ele>
  <time>2010-07-31T08:46:36Z</time>
</trkpt>
<trkpt lat="54.006988546" lon="51.627174374">
  <ele>242.947006</ele>
  <time>2010-07-31T08:46:37Z</time>
</trkpt>
<trkpt lat="54.007015200" lon="51.627563462">
  <ele>243.595993</ele>
  <time>2010-07-31T08:46:38Z</time>
</trkpt>
<trkpt lat="54.007041939" lon="51.627956405">
  <ele>243.936005</ele>
  <time>2010-07-31T08:46:39Z</time>
</trkpt>
<trkpt lat="54.007072449" lon="51.628353121">
  <ele>244.416000</ele>
  <time>2010-07-31T08:46:40Z</time>
</trkpt>
<trkpt lat="54.007099187" lon="51.628753692">
  <ele>244.964005</ele>
  <time>2010-07-31T08:46:41Z</time>
</trkpt>
<trkpt lat="54.007129697" lon="51.629158035">
  <ele>245.330994</ele>
  <time>2010-07-31T08:46:42Z</time>
</trkpt>
<trkpt lat="54.007160207" lon="51.629566234">
  <ele>245.576004</ele>
  <time>2010-07-31T08:46:43Z</time>
</trkpt>
<trkpt lat="54.007190717" lon="51.629981976">
  <ele>245.929001</ele>
  <time>2010-07-31T08:46:44Z</time>
</trkpt>
<trkpt lat="54.007224999" lon="51.630401574">
  <ele>245.914993</ele>
  <time>2010-07-31T08:46:45Z</time>
</trkpt>
<trkpt lat="54.007259365" lon="51.630825028">
  <ele>246.182007</ele>
  <time>2010-07-31T08:46:46Z</time>
</trkpt>
<trkpt lat="54.007289875" lon="51.631248482">
  <ele>246.432999</ele>
  <time>2010-07-31T08:46:47Z</time>
</trkpt>
<trkpt lat="54.007316614" lon="51.631675707">
  <ele>246.660004</ele>
  <time>2010-07-31T08:46:48Z</time>
</trkpt>
<trkpt lat="54.007347124" lon="51.632106788">
  <ele>246.998993</ele>
  <time>2010-07-31T08:46:49Z</time>
</trkpt>
<trkpt lat="54.007381406" lon="51.632537870">
  <ele>247.192993</ele>
  <time>2010-07-31T08:46:50Z</time>
</trkpt>
<trkpt lat="54.007408144" lon="51.632968867">
  <ele>247.636002</ele>
  <time>2010-07-31T08:46:51Z</time>
</trkpt>
<trkpt lat="54.007438654" lon="51.633399948">
  <ele>247.867996</ele>
  <time>2010-07-31T08:46:52Z</time>
</trkpt>
<trkpt lat="54.007469164" lon="51.633834802">
  <ele>248.112000</ele>
  <time>2010-07-31T08:46:53Z</time>
</trkpt>
<trkpt lat="54.007499674" lon="51.634265883">
  <ele>248.447006</ele>
  <time>2010-07-31T08:46:54Z</time>
</trkpt>
<trkpt lat="54.007526413" lon="51.634696964">
  <ele>248.716003</ele>
  <time>2010-07-31T08:46:55Z</time>
</trkpt>
<trkpt lat="54.007556923" lon="51.635128045">
  <ele>249.147995</ele>
  <time>2010-07-31T08:46:56Z</time>
</trkpt>
<trkpt lat="54.007591289" lon="51.635559043">
  <ele>249.376007</ele>
  <time>2010-07-31T08:46:57Z</time>
</trkpt>
<trkpt lat="54.007621799" lon="51.635993980">
  <ele>249.906006</ele>
  <time>2010-07-31T08:46:58Z</time>
</trkpt>
<trkpt lat="54.007648453" lon="51.636428833">
  <ele>250.214005</ele>
  <time>2010-07-31T08:46:59Z</time>
</trkpt>
<trkpt lat="54.007678963" lon="51.636863686">
  <ele>250.537994</ele>
  <time>2010-07-31T08:47:00Z</time>
</trkpt>
<trkpt lat="54.007705702" lon="51.637302395">
  <ele>251.139999</ele>
  <time>2010-07-31T08:47:01Z</time>
</trkpt>
<trkpt lat="54.007736212" lon="51.637737248">
  <ele>251.483994</ele>
  <time>2010-07-31T08:47:02Z</time>
</trkpt>
<trkpt lat="54.007766722" lon="51.638172185">
  <ele>251.789993</ele>
  <time>2010-07-31T08:47:03Z</time>
</trkpt>
<trkpt lat="54.007793460" lon="51.638607038">
  <ele>252.199997</ele>
  <time>2010-07-31T08:47:04Z</time>
</trkpt>
<trkpt lat="54.007823970" lon="51.639045747">
  <ele>252.350006</ele>
  <time>2010-07-31T08:47:05Z</time>
</trkpt>
<trkpt lat="54.007858252" lon="51.639480600">
  <ele>252.850998</ele>
  <time>2010-07-31T08:47:06Z</time>
</trkpt>
<trkpt lat="54.007888762" lon="51.639915453">
  <ele>253.268997</ele>
  <time>2010-07-31T08:47:07Z</time>
</trkpt>
<trkpt lat="54.007919272" lon="51.640346535">
  <ele>253.542007</ele>
  <time>2010-07-31T08:47:08Z</time>
</trkpt>
<trkpt lat="54.007949866" lon="51.640773760">
  <ele>253.552002</ele>
  <time>2010-07-31T08:47:09Z</time>
</trkpt>
<trkpt lat="54.007980376" lon="51.641204841">
  <ele>253.682999</ele>
  <time>2010-07-31T08:47:10Z</time>
</trkpt>
<trkpt lat="54.008010887" lon="51.641635923">
  <ele>253.850006</ele>
  <time>2010-07-31T08:47:11Z</time>
</trkpt>
<trkpt lat="54.008045169" lon="51.642063148">
  <ele>253.940002</ele>
  <time>2010-07-31T08:47:12Z</time>
</trkpt>
<trkpt lat="54.008075679" lon="51.642486602">
  <ele>253.970993</ele>
  <time>2010-07-31T08:47:13Z</time>
</trkpt>
<trkpt lat="54.008106273" lon="51.642909972">
  <ele>254.156998</ele>
  <time>2010-07-31T08:47:14Z</time>
</trkpt>
<trkpt lat="54.008132927" lon="51.643333426">
  <ele>254.076996</ele>
  <time>2010-07-31T08:47:15Z</time>
</trkpt>
<trkpt lat="54.008163437" lon="51.643753024">
  <ele>254.134995</ele>
  <time>2010-07-31T08:47:16Z</time>
</trkpt>
<trkpt lat="54.008193947" lon="51.644176478">
  <ele>254.274994</ele>
  <time>2010-07-31T08:47:17Z</time>
</trkpt>
<trkpt lat="54.008224458" lon="51.644596076">
  <ele>254.369995</ele>
  <time>2010-07-31T08:47:18Z</time>
</trkpt>
<trkpt lat="54.008254968" lon="51.645011902">
  <ele>254.317993</ele>
  <time>2010-07-31T08:47:19Z</time>
</trkpt>
<trkpt lat="54.008281706" lon="51.645435356">
  <ele>254.440994</ele>
  <time>2010-07-31T08:47:20Z</time>
</trkpt>
<trkpt lat="54.008316072" lon="51.645854954">
  <ele>254.604996</ele>
  <time>2010-07-31T08:47:21Z</time>
</trkpt>
<trkpt lat="54.008346582" lon="51.646278407">
  <ele>254.826004</ele>
  <time>2010-07-31T08:47:22Z</time>
</trkpt>
<trkpt lat="54.008377092" lon="51.646701777">
  <ele>255.289993</ele>
  <time>2010-07-31T08:47:23Z</time>
</trkpt>
<trkpt lat="54.008411374" lon="51.647125231">
  <ele>255.845993</ele>
  <time>2010-07-31T08:47:24Z</time>
</trkpt>
<trkpt lat="54.008441884" lon="51.647552457">
  <ele>256.763000</ele>
  <time>2010-07-31T08:47:25Z</time>
</trkpt>
<trkpt lat="54.008472478" lon="51.647979766">
  <ele>257.414001</ele>
  <time>2010-07-31T08:47:26Z</time>
</trkpt>
<trkpt lat="54.008502988" lon="51.648403136">
  <ele>258.186005</ele>
  <time>2010-07-31T08:47:27Z</time>
</trkpt>
<trkpt lat="54.008533498" lon="51.648826590">
  <ele>258.704987</ele>
  <time>2010-07-31T08:47:28Z</time>
</trkpt>
<trkpt lat="54.008564008" lon="51.649242416">
  <ele>259.257996</ele>
  <time>2010-07-31T08:47:29Z</time>
</trkpt>
<trkpt lat="54.008594519" lon="51.649658242">
  <ele>259.938995</ele>
  <time>2010-07-31T08:47:30Z</time>
</trkpt>
<trkpt lat="54.008625029" lon="51.650070213">
  <ele>260.292999</ele>
  <time>2010-07-31T08:47:31Z</time>
</trkpt>
<trkpt lat="54.008651767" lon="51.650482183">
  <ele>260.924011</ele>
  <time>2010-07-31T08:47:32Z</time>
</trkpt>
<trkpt lat="54.008678421" lon="51.650890382">
  <ele>261.437012</ele>
  <time>2010-07-31T08:47:33Z</time>
</trkpt>
<trkpt lat="54.008708932" lon="51.651294725">
  <ele>262.148987</ele>
  <time>2010-07-31T08:47:34Z</time>
</trkpt>
<trkpt lat="54.008739442" lon="51.651695212">
  <ele>262.980011</ele>
  <time>2010-07-31T08:47:35Z</time>
</trkpt>
<trkpt lat="54.008769952" lon="51.652099639">
  <ele>263.566986</ele>
  <time>2010-07-31T08:47:36Z</time>
</trkpt>
<trkpt lat="54.008800546" lon="51.652500127">
  <ele>264.183990</ele>
  <time>2010-07-31T08:47:37Z</time>
</trkpt>
<trkpt lat="54.008827200" lon="51.652904470">
  <ele>264.575012</ele>
  <time>2010-07-31T08:47:38Z</time>
</trkpt>
<trkpt lat="54.008853938" lon="51.653305041">
  <ele>264.891998</ele>
  <time>2010-07-31T08:47:39Z</time>
</trkpt>
<trkpt lat="54.008880593" lon="51.653713239">
  <ele>264.933014</ele>
  <time>2010-07-31T08:47:40Z</time>
</trkpt>
<trkpt lat="54.008907331" lon="51.654113811">
  <ele>265.127014</ele>
  <time>2010-07-31T08:47:41Z</time>
</trkpt>
<trkpt lat="54.008937841" lon="51.654518154">
  <ele>265.222992</ele>
  <time>2010-07-31T08:47:42Z</time>
</trkpt>
<trkpt lat="54.008964580" lon="51.654922497">
  <ele>265.423004</ele>
  <time>2010-07-31T08:47:43Z</time>
</trkpt>
<trkpt lat="54.008995090" lon="51.655330695">
  <ele>265.406006</ele>
  <time>2010-07-31T08:47:44Z</time>
</trkpt>
<trkpt lat="54.009025600" lon="51.655742666">
  <ele>265.162994</ele>
  <time>2010-07-31T08:47:45Z</time>
</trkpt>
<trkpt lat="54.009059882" lon="51.656158408">
  <ele>264.955994</ele>
  <time>2010-07-31T08:47:46Z</time>
</trkpt>
<trkpt lat="54.009090392" lon="51.656574234">
  <ele>264.416992</ele>
  <time>2010-07-31T08:47:47Z</time>
</trkpt>
<trkpt lat="54.009120902" lon="51.656993832">
  <ele>263.804993</ele>
  <time>2010-07-31T08:47:48Z</time>
</trkpt>
<trkpt lat="54.009151496" lon="51.657413514">
  <ele>263.164001</ele>
  <time>2010-07-31T08:47:49Z</time>
</trkpt>
<trkpt lat="54.009178150" lon="51.657833112">
  <ele>262.644012</ele>
  <time>2010-07-31T08:47:50Z</time>
</trkpt>
<trkpt lat="54.009208661" lon="51.658256566">
  <ele>262.299011</ele>
  <time>2010-07-31T08:47:51Z</time>
</trkpt>
<trkpt lat="54.009239171" lon="51.658679936">
  <ele>261.750000</ele>
  <time>2010-07-31T08:47:52Z</time>
</trkpt>
<trkpt lat="54.009273537" lon="51.659114873">
  <ele>261.006989</ele>
  <time>2010-07-31T08:47:53Z</time>
</trkpt>
<trkpt lat="54.009300191" lon="51.659549726">
  <ele>259.934998</ele>
  <time>2010-07-31T08:47:54Z</time>
</trkpt>
<trkpt lat="54.009334557" lon="51.659980807">
  <ele>259.217010</ele>
  <time>2010-07-31T08:47:55Z</time>
</trkpt>
<trkpt lat="54.009365067" lon="51.660415661">
  <ele>258.825989</ele>
  <time>2010-07-31T08:47:56Z</time>
</trkpt>
<trkpt lat="54.009395577" lon="51.660854369">
  <ele>258.187988</ele>
  <time>2010-07-31T08:47:57Z</time>
</trkpt>
<trkpt lat="54.009426087" lon="51.661300622">
  <ele>257.867004</ele>
  <time>2010-07-31T08:47:58Z</time>
</trkpt>
<trkpt lat="54.009456597" lon="51.661746958">
  <ele>257.070007</ele>
  <time>2010-07-31T08:47:59Z</time>
</trkpt>
<trkpt lat="54.009483336" lon="51.662200922">
  <ele>256.630005</ele>
  <time>2010-07-31T08:48:00Z</time>
</trkpt>
<trkpt lat="54.009517701" lon="51.662654886">
  <ele>256.760986</ele>
  <time>2010-07-31T08:48:01Z</time>
</trkpt>
<trkpt lat="54.009551983" lon="51.663108850">
  <ele>256.591003</ele>
  <time>2010-07-31T08:48:02Z</time>
</trkpt>
<trkpt lat="54.009586349" lon="51.663566586">
  <ele>256.884003</ele>
  <time>2010-07-31T08:48:03Z</time>
</trkpt>
<trkpt lat="54.009616859" lon="51.664024321">
  <ele>256.760986</ele>
  <time>2010-07-31T08:48:04Z</time>
</trkpt>
<trkpt lat="54.009647369" lon="51.664478285">
  <ele>256.878998</ele>
  <time>2010-07-31T08:48:05Z</time>
</trkpt>
<trkpt lat="54.009681735" lon="51.664920766">
  <ele>257.041992</ele>
  <time>2010-07-31T08:48:06Z</time>
</trkpt>
<trkpt lat="54.009716017" lon="51.665370958">
  <ele>256.644989</ele>
  <time>2010-07-31T08:48:07Z</time>
</trkpt>
<trkpt lat="54.009746527" lon="51.665821066">
  <ele>256.042999</ele>
  <time>2010-07-31T08:48:08Z</time>
</trkpt>
<trkpt lat="54.009777037" lon="51.666263547">
  <ele>255.882996</ele>
  <time>2010-07-31T08:48:09Z</time>
</trkpt>
<trkpt lat="54.009803776" lon="51.666706111">
  <ele>255.309006</ele>
  <time>2010-07-31T08:48:10Z</time>
</trkpt>
<trkpt lat="54.009834286" lon="51.667140964">
  <ele>254.912003</ele>
  <time>2010-07-31T08:48:11Z</time>
</trkpt>
<trkpt lat="54.009864796" lon="51.667575818">
  <ele>254.526993</ele>
  <time>2010-07-31T08:48:12Z</time>
</trkpt>
<trkpt lat="54.009891534" lon="51.668003043">
  <ele>253.945007</ele>
  <time>2010-07-31T08:48:13Z</time>
</trkpt>
<trkpt lat="54.009922044" lon="51.668430353">
  <ele>253.311996</ele>
  <time>2010-07-31T08:48:14Z</time>
</trkpt>
<trkpt lat="54.009952554" lon="51.668853723">
  <ele>252.233994</ele>
  <time>2010-07-31T08:48:15Z</time>
</trkpt>
<trkpt lat="54.009979209" lon="51.669281032">
  <ele>251.354996</ele>
  <time>2010-07-31T08:48:16Z</time>
</trkpt>
<trkpt lat="54.010009803" lon="51.669712029">
  <ele>250.376007</ele>
  <time>2010-07-31T08:48:17Z</time>
</trkpt>
<trkpt lat="54.010040313" lon="51.670146966">
  <ele>249.281006</ele>
  <time>2010-07-31T08:48:18Z</time>
</trkpt>
<trkpt lat="54.010066967" lon="51.670577964">
  <ele>247.615997</ele>
  <time>2010-07-31T08:48:19Z</time>
</trkpt>
<trkpt lat="54.010097478" lon="51.671009045">
  <ele>246.171997</ele>
  <time>2010-07-31T08:48:20Z</time>
</trkpt>
<trkpt lat="54.010131843" lon="51.671440126">
  <ele>245.136993</ele>
  <time>2010-07-31T08:48:21Z</time>
</trkpt>
<trkpt lat="54.010158498" lon="51.671874980">
  <ele>244.141006</ele>
  <time>2010-07-31T08:48:22Z</time>
</trkpt>
<trkpt lat="54.010192864" lon="51.672309916">
  <ele>243.561996</ele>
  <time>2010-07-31T08:48:23Z</time>
</trkpt>
<trkpt lat="54.010223374" lon="51.672744770">
  <ele>242.177002</ele>
  <time>2010-07-31T08:48:24Z</time>
</trkpt>
<trkpt lat="54.010253884" lon="51.673171995">
  <ele>241.544006</ele>
  <time>2010-07-31T08:48:25Z</time>
</trkpt>
<trkpt lat="54.010280622" lon="51.673595449">
  <ele>240.638000</ele>
  <time>2010-07-31T08:48:26Z</time>
</trkpt>
<trkpt lat="54.010311132" lon="51.674018819">
  <ele>239.830002</ele>
  <time>2010-07-31T08:48:27Z</time>
</trkpt>
<trkpt lat="54.010337871" lon="51.674442273">
  <ele>239.238007</ele>
  <time>2010-07-31T08:48:28Z</time>
</trkpt>
<trkpt lat="54.010368381" lon="51.674865726">
  <ele>238.569000</ele>
  <time>2010-07-31T08:48:29Z</time>
</trkpt>
<trkpt lat="54.010395035" lon="51.675289180">
  <ele>238.740005</ele>
  <time>2010-07-31T08:48:30Z</time>
</trkpt>
<trkpt lat="54.010425545" lon="51.675716406">
  <ele>238.173004</ele>
  <time>2010-07-31T08:48:31Z</time>
</trkpt>
<trkpt lat="54.010459911" lon="51.676139859">
  <ele>237.919998</ele>
  <time>2010-07-31T08:48:32Z</time>
</trkpt>
<trkpt lat="54.010486566" lon="51.676567085">
  <ele>237.080002</ele>
  <time>2010-07-31T08:48:33Z</time>
</trkpt>
<trkpt lat="54.010513304" lon="51.676990539">
  <ele>236.649994</ele>
  <time>2010-07-31T08:48:34Z</time>
</trkpt>
<trkpt lat="54.010543814" lon="51.677413909">
  <ele>236.162003</ele>
  <time>2010-07-31T08:48:35Z</time>
</trkpt>
<trkpt lat="54.010574324" lon="51.677837363">
  <ele>235.822998</ele>
  <time>2010-07-31T08:48:36Z</time>
</trkpt>
<trkpt lat="54.010601062" lon="51.678260816">
  <ele>235.699997</ele>
  <time>2010-07-31T08:48:37Z</time>
</trkpt>
<trkpt lat="54.010631572" lon="51.678688042">
  <ele>235.757996</ele>
  <time>2010-07-31T08:48:38Z</time>
</trkpt>
<trkpt lat="54.010662083" lon="51.679115267">
  <ele>236.093002</ele>
  <time>2010-07-31T08:48:39Z</time>
</trkpt>
<trkpt lat="54.010692593" lon="51.679542577">
  <ele>235.904999</ele>
  <time>2010-07-31T08:48:40Z</time>
</trkpt>
<trkpt lat="54.010719331" lon="51.679973574">
  <ele>235.738998</ele>
  <time>2010-07-31T08:48:41Z</time>
</trkpt>
<trkpt lat="54.010749841" lon="51.680400884">
  <ele>235.882996</ele>
  <time>2010-07-31T08:48:42Z</time>
</trkpt>
<trkpt lat="54.010776496" lon="51.680828109">
  <ele>235.459000</ele>
  <time>2010-07-31T08:48:43Z</time>
</trkpt>
<trkpt lat="54.010803234" lon="51.681251563">
  <ele>235.167999</ele>
  <time>2010-07-31T08:48:44Z</time>
</trkpt>
<trkpt lat="54.010837516" lon="51.681671161">
  <ele>234.798004</ele>
  <time>2010-07-31T08:48:45Z</time>
</trkpt>
<trkpt lat="54.010868110" lon="51.682086904">
  <ele>234.664001</ele>
  <time>2010-07-31T08:48:46Z</time>
</trkpt>
<trkpt lat="54.010894764" lon="51.682506585">
  <ele>234.826996</ele>
  <time>2010-07-31T08:48:47Z</time>
</trkpt>
<trkpt lat="54.010921502" lon="51.682922328">
  <ele>234.686996</ele>
  <time>2010-07-31T08:48:48Z</time>
</trkpt>
<trkpt lat="54.010955784" lon="51.683338154">
  <ele>234.669006</ele>
  <time>2010-07-31T08:48:49Z</time>
</trkpt>
<trkpt lat="54.010986295" lon="51.683750125">
  <ele>234.029999</ele>
  <time>2010-07-31T08:48:50Z</time>
</trkpt>
<trkpt lat="54.011013033" lon="51.684165951">
  <ele>233.878006</ele>
  <time>2010-07-31T08:48:51Z</time>
</trkpt>
<trkpt lat="54.011039771" lon="51.684574150">
  <ele>233.233994</ele>
  <time>2010-07-31T08:48:52Z</time>
</trkpt>
<trkpt lat="54.011066426" lon="51.684982264">
  <ele>232.319000</ele>
  <time>2010-07-31T08:48:53Z</time>
</trkpt>
<trkpt lat="54.011093164" lon="51.685394319">
  <ele>231.755997</ele>
  <time>2010-07-31T08:48:54Z</time>
</trkpt>
<trkpt lat="54.011119818" lon="51.685806289">
  <ele>231.250000</ele>
  <time>2010-07-31T08:48:55Z</time>
</trkpt>
<trkpt lat="54.011150328" lon="51.686218260">
  <ele>230.735001</ele>
  <time>2010-07-31T08:48:56Z</time>
</trkpt>
<trkpt lat="54.011177067" lon="51.686630230">
  <ele>230.201996</ele>
  <time>2010-07-31T08:48:57Z</time>
</trkpt>
<trkpt lat="54.011207577" lon="51.687046057">
  <ele>229.425003</ele>
  <time>2010-07-31T08:48:58Z</time>
</trkpt>
<trkpt lat="54.011238087" lon="51.687458027">
  <ele>228.412994</ele>
  <time>2010-07-31T08:48:59Z</time>
</trkpt>
<trkpt lat="54.011268597" lon="51.687869998">
  <ele>227.710007</ele>
  <time>2010-07-31T08:49:00Z</time>
</trkpt>
<trkpt lat="54.011295335" lon="51.688282052">
  <ele>227.227005</ele>
  <time>2010-07-31T08:49:01Z</time>
</trkpt>
<trkpt lat="54.011325845" lon="51.688694023">
  <ele>226.444000</ele>
  <time>2010-07-31T08:49:02Z</time>
</trkpt>
<trkpt lat="54.011356356" lon="51.689102137">
  <ele>226.056000</ele>
  <time>2010-07-31T08:49:03Z</time>
</trkpt>
<trkpt lat="54.011383094" lon="51.689510336">
  <ele>225.117004</ele>
  <time>2010-07-31T08:49:04Z</time>
</trkpt>
<trkpt lat="54.011409748" lon="51.689918535">
  <ele>224.459000</ele>
  <time>2010-07-31T08:49:05Z</time>
</trkpt>
<trkpt lat="54.011436487" lon="51.690326650">
  <ele>224.031006</ele>
  <time>2010-07-31T08:49:06Z</time>
</trkpt>
<trkpt lat="54.011463141" lon="51.690727221">
  <ele>223.235001</ele>
  <time>2010-07-31T08:49:07Z</time>
</trkpt>
<trkpt lat="54.011493651" lon="51.691131564">
  <ele>222.615997</ele>
  <time>2010-07-31T08:49:08Z</time>
</trkpt>
<trkpt lat="54.011520389" lon="51.691532135">
  <ele>222.158997</ele>
  <time>2010-07-31T08:49:09Z</time>
</trkpt>
<trkpt lat="54.011547128" lon="51.691936478">
  <ele>221.311005</ele>
  <time>2010-07-31T08:49:10Z</time>
</trkpt>
<trkpt lat="54.011573782" lon="51.692340821">
  <ele>220.447006</ele>
  <time>2010-07-31T08:49:11Z</time>
</trkpt>
<trkpt lat="54.011604292" lon="51.692741392">
  <ele>219.656998</ele>
  <time>2010-07-31T08:49:12Z</time>
</trkpt>
<trkpt lat="54.011631031" lon="51.693145735">
  <ele>218.501999</ele>
  <time>2010-07-31T08:49:13Z</time>
</trkpt>
<trkpt lat="54.011657685" lon="51.693553934">
  <ele>217.638000</ele>
  <time>2010-07-31T08:49:14Z</time>
</trkpt>
<trkpt lat="54.011688195" lon="51.693973532">
  <ele>216.809998</ele>
  <time>2010-07-31T08:49:15Z</time>
</trkpt>
<trkpt lat="54.011714933" lon="51.694389358">
  <ele>215.733994</ele>
  <time>2010-07-31T08:49:16Z</time>
</trkpt>
<trkpt lat="54.011741672" lon="51.694805184">
  <ele>214.860001</ele>
  <time>2010-07-31T08:49:17Z</time>
</trkpt>
<trkpt lat="54.011772182" lon="51.695220927">
  <ele>213.858002</ele>
  <time>2010-07-31T08:49:18Z</time>
</trkpt>
<trkpt lat="54.011802692" lon="51.695636753">
  <ele>212.925995</ele>
  <time>2010-07-31T08:49:19Z</time>
</trkpt>
<trkpt lat="54.011825575" lon="51.696044952">
  <ele>211.352997</ele>
  <time>2010-07-31T08:49:20Z</time>
</trkpt>
<trkpt lat="54.011856085" lon="51.696449295">
  <ele>210.082001</ele>
  <time>2010-07-31T08:49:21Z</time>
</trkpt>
<trkpt lat="54.011886595" lon="51.696865121">
  <ele>209.113998</ele>
  <time>2010-07-31T08:49:22Z</time>
</trkpt>
<trkpt lat="54.011920961" lon="51.697277091">
  <ele>208.244003</ele>
  <time>2010-07-31T08:49:23Z</time>
</trkpt>
<trkpt lat="54.011951471" lon="51.697692834">
  <ele>207.350006</ele>
  <time>2010-07-31T08:49:24Z</time>
</trkpt>
<trkpt lat="54.011978125" lon="51.698108660">
  <ele>206.214005</ele>
  <time>2010-07-31T08:49:25Z</time>
</trkpt>
<trkpt lat="54.012004863" lon="51.698528258">
  <ele>205.231995</ele>
  <time>2010-07-31T08:49:26Z</time>
</trkpt>
<trkpt lat="54.012031518" lon="51.698940312">
  <ele>204.005997</ele>
  <time>2010-07-31T08:49:27Z</time>
</trkpt>
<trkpt lat="54.012065884" lon="51.699356055">
  <ele>203.470993</ele>
  <time>2010-07-31T08:49:28Z</time>
</trkpt>
<trkpt lat="54.012092622" lon="51.699768025">
  <ele>202.539001</ele>
  <time>2010-07-31T08:49:29Z</time>
</trkpt>
<trkpt lat="54.012123132" lon="51.700180080">
  <ele>201.703995</ele>
  <time>2010-07-31T08:49:30Z</time>
</trkpt>
<trkpt lat="54.012149787" lon="51.700599678">
  <ele>200.899002</ele>
  <time>2010-07-31T08:49:31Z</time>
</trkpt>
<trkpt lat="54.012184152" lon="51.701023132">
  <ele>200.337006</ele>
  <time>2010-07-31T08:49:32Z</time>
</trkpt>
<trkpt lat="54.012214663" lon="51.701438874">
  <ele>199.992996</ele>
  <time>2010-07-31T08:49:33Z</time>
</trkpt>
<trkpt lat="54.012245173" lon="51.701858556">
  <ele>199.886002</ele>
  <time>2010-07-31T08:49:34Z</time>
</trkpt>
<trkpt lat="54.012275683" lon="51.702274298">
  <ele>199.050003</ele>
  <time>2010-07-31T08:49:35Z</time>
</trkpt>
<trkpt lat="54.012306193" lon="51.702697752">
  <ele>198.423996</ele>
  <time>2010-07-31T08:49:36Z</time>
</trkpt>
<trkpt lat="54.012336703" lon="51.703117350">
  <ele>198.181000</ele>
  <time>2010-07-31T08:49:37Z</time>
</trkpt>
<trkpt lat="54.012367213" lon="51.703540804">
  <ele>197.679993</ele>
  <time>2010-07-31T08:49:38Z</time>
</trkpt>
<trkpt lat="54.012397807" lon="51.703956630">
  <ele>196.811996</ele>
  <time>2010-07-31T08:49:39Z</time>
</trkpt>
<trkpt lat="54.012428317" lon="51.704376228">
  <ele>195.932999</ele>
  <time>2010-07-31T08:49:40Z</time>
</trkpt>
<trkpt lat="54.012454972" lon="51.704795826">
  <ele>195.307007</ele>
  <time>2010-07-31T08:49:41Z</time>
</trkpt>
<trkpt lat="54.012477854" lon="51.705215424">
  <ele>194.235992</ele>
  <time>2010-07-31T08:49:42Z</time>
</trkpt>
<trkpt lat="54.012504593" lon="51.705635106">
  <ele>193.313995</ele>
  <time>2010-07-31T08:49:43Z</time>
</trkpt>
<trkpt lat="54.012535103" lon="51.706050849">
  <ele>192.389999</ele>
  <time>2010-07-31T08:49:44Z</time>
</trkpt>
<trkpt lat="54.012565613" lon="51.706466675">
  <ele>191.660995</ele>
  <time>2010-07-31T08:49:45Z</time>
</trkpt>
<trkpt lat="54.012596123" lon="51.706890129">
  <ele>190.791000</ele>
  <time>2010-07-31T08:49:46Z</time>
</trkpt>
<trkpt lat="54.012626633" lon="51.707313498">
  <ele>189.843002</ele>
  <time>2010-07-31T08:49:47Z</time>
</trkpt>
<trkpt lat="54.012660999" lon="51.707736952">
  <ele>189.093994</ele>
  <time>2010-07-31T08:49:48Z</time>
</trkpt>
<trkpt lat="54.012691509" lon="51.708175661">
  <ele>188.475998</ele>
  <time>2010-07-31T08:49:49Z</time>
</trkpt>
<trkpt lat="54.012725791" lon="51.708618142">
  <ele>187.483994</ele>
  <time>2010-07-31T08:49:50Z</time>
</trkpt>
<trkpt lat="54.012756385" lon="51.709068334">
  <ele>186.537994</ele>
  <time>2010-07-31T08:49:51Z</time>
</trkpt>
<trkpt lat="54.012786895" lon="51.709526069">
  <ele>186.052002</ele>
  <time>2010-07-31T08:49:52Z</time>
</trkpt>
<trkpt lat="54.012821177" lon="51.709991433">
  <ele>185.593994</ele>
  <time>2010-07-31T08:49:53Z</time>
</trkpt>
<trkpt lat="54.012855543" lon="51.710460652">
  <ele>185.431000</ele>
  <time>2010-07-31T08:49:54Z</time>
</trkpt>
<trkpt lat="54.012889825" lon="51.710929871">
  <ele>185.395004</ele>
  <time>2010-07-31T08:49:55Z</time>
</trkpt>
<trkpt lat="54.012920419" lon="51.711402861">
  <ele>185.764008</ele>
  <time>2010-07-31T08:49:56Z</time>
</trkpt>
<trkpt lat="54.012954701" lon="51.711879708">
  <ele>186.197998</ele>
  <time>2010-07-31T08:49:57Z</time>
</trkpt>
<trkpt lat="54.012989067" lon="51.712356554">
  <ele>186.656998</ele>
  <time>2010-07-31T08:49:58Z</time>
</trkpt>
<trkpt lat="54.013023349" lon="51.712833401">
  <ele>187.421005</ele>
  <time>2010-07-31T08:49:59Z</time>
</trkpt>
<trkpt lat="54.013057714" lon="51.713310247">
  <ele>188.251999</ele>
  <time>2010-07-31T08:50:00Z</time>
</trkpt>
<trkpt lat="54.013088224" lon="51.713783238">
  <ele>188.757996</ele>
  <time>2010-07-31T08:50:01Z</time>
</trkpt>
<trkpt lat="54.013122590" lon="51.714260085">
  <ele>189.296005</ele>
  <time>2010-07-31T08:50:02Z</time>
</trkpt>
<trkpt lat="54.013156872" lon="51.714729303">
  <ele>189.899002</ele>
  <time>2010-07-31T08:50:03Z</time>
</trkpt>
<trkpt lat="54.013187382" lon="51.715194667">
  <ele>190.550003</ele>
  <time>2010-07-31T08:50:04Z</time>
</trkpt>
<trkpt lat="54.013217892" lon="51.715652486">
  <ele>191.809006</ele>
  <time>2010-07-31T08:50:05Z</time>
</trkpt>
<trkpt lat="54.013248403" lon="51.716106450">
  <ele>193.209000</ele>
  <time>2010-07-31T08:50:06Z</time>
</trkpt>
<trkpt lat="54.013282768" lon="51.716541303">
  <ele>194.429993</ele>
  <time>2010-07-31T08:50:07Z</time>
</trkpt>
<trkpt lat="54.013313279" lon="51.716972385">
  <ele>195.697006</ele>
  <time>2010-07-31T08:50:08Z</time>
</trkpt>
<trkpt lat="54.013340017" lon="51.717395755">
  <ele>197.059998</ele>
  <time>2010-07-31T08:50:09Z</time>
</trkpt>
<trkpt lat="54.013370527" lon="51.717811581">
  <ele>198.257004</ele>
  <time>2010-07-31T08:50:10Z</time>
</trkpt>
<trkpt lat="54.013397181" lon="51.718219779">
  <ele>199.313004</ele>
  <time>2010-07-31T08:50:11Z</time>
</trkpt>
<trkpt lat="54.013427775" lon="51.718620267">
  <ele>200.572006</ele>
  <time>2010-07-31T08:50:12Z</time>
</trkpt>
<trkpt lat="54.013458285" lon="51.719017066">
  <ele>201.621002</ele>
  <time>2010-07-31T08:50:13Z</time>
</trkpt>
<trkpt lat="54.013484940" lon="51.719409926">
  <ele>203.121002</ele>
  <time>2010-07-31T08:50:14Z</time>
</trkpt>
<trkpt lat="54.013515450" lon="51.719791386">
  <ele>204.483994</ele>
  <time>2010-07-31T08:50:15Z</time>
</trkpt>
<trkpt lat="54.013538333" lon="51.720165219">
  <ele>205.656006</ele>
  <time>2010-07-31T08:50:16Z</time>
</trkpt>
<trkpt lat="54.013565071" lon="51.720539052">
  <ele>206.953003</ele>
  <time>2010-07-31T08:50:17Z</time>
</trkpt>
<trkpt lat="54.013584098" lon="51.720905341">
  <ele>208.100998</ele>
  <time>2010-07-31T08:50:18Z</time>
</trkpt>
<trkpt lat="54.013610836" lon="51.721267691">
  <ele>208.996002</ele>
  <time>2010-07-31T08:50:19Z</time>
</trkpt>
<trkpt lat="54.013633719" lon="51.721630124">
  <ele>209.925003</ele>
  <time>2010-07-31T08:50:20Z</time>
</trkpt>
<trkpt lat="54.013664229" lon="51.722000102">
  <ele>210.919006</ele>
  <time>2010-07-31T08:50:21Z</time>
</trkpt>
<trkpt lat="54.013690967" lon="51.722366307">
  <ele>212.145004</ele>
  <time>2010-07-31T08:50:22Z</time>
</trkpt>
<trkpt lat="54.013713850" lon="51.722732512">
  <ele>212.983994</ele>
  <time>2010-07-31T08:50:23Z</time>
</trkpt>
<trkpt lat="54.013740504" lon="51.723098718">
  <ele>213.748993</ele>
  <time>2010-07-31T08:50:24Z</time>
</trkpt>
<trkpt lat="54.013767242" lon="51.723465007">
  <ele>214.423004</ele>
  <time>2010-07-31T08:50:25Z</time>
</trkpt>
<trkpt lat="54.013793981" lon="51.723834984">
  <ele>215.348007</ele>
  <time>2010-07-31T08:50:26Z</time>
</trkpt>
<trkpt lat="54.013820635" lon="51.724205045">
  <ele>216.134995</ele>
  <time>2010-07-31T08:50:27Z</time>
</trkpt>
<trkpt lat="54.013847373" lon="51.724571250">
  <ele>216.686005</ele>
  <time>2010-07-31T08:50:28Z</time>
</trkpt>
<trkpt lat="54.013877884" lon="51.724941228">
  <ele>217.216995</ele>
  <time>2010-07-31T08:50:29Z</time>
</trkpt>
<trkpt lat="54.013900766" lon="51.725315060">
  <ele>217.675995</ele>
  <time>2010-07-31T08:50:30Z</time>
</trkpt>
<trkpt lat="54.013927421" lon="51.725692749">
  <ele>217.841003</ele>
  <time>2010-07-31T08:50:31Z</time>
</trkpt>
<trkpt lat="54.013954159" lon="51.726074209">
  <ele>218.121002</ele>
  <time>2010-07-31T08:50:32Z</time>
</trkpt>
<trkpt lat="54.013980897" lon="51.726459526">
  <ele>218.317993</ele>
  <time>2010-07-31T08:50:33Z</time>
</trkpt>
<trkpt lat="54.014007552" lon="51.726844758">
  <ele>218.649002</ele>
  <time>2010-07-31T08:50:34Z</time>
</trkpt>
<trkpt lat="54.014034290" lon="51.727237701">
  <ele>218.850998</ele>
  <time>2010-07-31T08:50:35Z</time>
</trkpt>
<trkpt lat="54.014064800" lon="51.727630645">
  <ele>218.996994</ele>
  <time>2010-07-31T08:50:36Z</time>
</trkpt>
<trkpt lat="54.014091454" lon="51.728031132">
  <ele>218.936996</ele>
  <time>2010-07-31T08:50:37Z</time>
</trkpt>
<trkpt lat="54.014114421" lon="51.728431704">
  <ele>219.016998</ele>
  <time>2010-07-31T08:50:38Z</time>
</trkpt>
<trkpt lat="54.014141075" lon="51.728839902">
  <ele>219.110992</ele>
  <time>2010-07-31T08:50:39Z</time>
</trkpt>
<trkpt lat="54.014171585" lon="51.729248017">
  <ele>219.067993</ele>
  <time>2010-07-31T08:50:40Z</time>
</trkpt>
<trkpt lat="54.014198324" lon="51.729652444">
  <ele>219.117996</ele>
  <time>2010-07-31T08:50:41Z</time>
</trkpt>
<trkpt lat="54.014228834" lon="51.730064414">
  <ele>218.791000</ele>
  <time>2010-07-31T08:50:42Z</time>
</trkpt>
<trkpt lat="54.014259344" lon="51.730476385">
  <ele>218.477997</ele>
  <time>2010-07-31T08:50:43Z</time>
</trkpt>
<trkpt lat="54.014286082" lon="51.730892211">
  <ele>217.998993</ele>
  <time>2010-07-31T08:50:44Z</time>
</trkpt>
<trkpt lat="54.014316592" lon="51.731307954">
  <ele>217.632004</ele>
  <time>2010-07-31T08:50:45Z</time>
</trkpt>
<trkpt lat="54.014343247" lon="51.731723780">
  <ele>217.089005</ele>
  <time>2010-07-31T08:50:46Z</time>
</trkpt>
<trkpt lat="54.014373757" lon="51.732139606">
  <ele>216.653000</ele>
  <time>2010-07-31T08:50:47Z</time>
</trkpt>
<trkpt lat="54.014404267" lon="51.732551577">
  <ele>216.264999</ele>
  <time>2010-07-31T08:50:48Z</time>
</trkpt>
<trkpt lat="54.014431005" lon="51.732959775">
  <ele>215.770004</ele>
  <time>2010-07-31T08:50:49Z</time>
</trkpt>
<trkpt lat="54.014457744" lon="51.733367890">
  <ele>215.231003</ele>
  <time>2010-07-31T08:50:50Z</time>
</trkpt>
<trkpt lat="54.014484398" lon="51.733776089">
  <ele>214.785004</ele>
  <time>2010-07-31T08:50:51Z</time>
</trkpt>
<trkpt lat="54.014511136" lon="51.734184287">
  <ele>214.205994</ele>
  <time>2010-07-31T08:50:52Z</time>
</trkpt>
<trkpt lat="54.014537791" lon="51.734596258">
  <ele>213.783005</ele>
  <time>2010-07-31T08:50:53Z</time>
</trkpt>
<trkpt lat="54.014564529" lon="51.735004457">
  <ele>213.389008</ele>
  <time>2010-07-31T08:50:54Z</time>
</trkpt>
<trkpt lat="54.014595039" lon="51.735412572">
  <ele>212.949005</ele>
  <time>2010-07-31T08:50:55Z</time>
</trkpt>
<trkpt lat="54.014621694" lon="51.735824626">
  <ele>212.453995</ele>
  <time>2010-07-31T08:50:56Z</time>
</trkpt>
<trkpt lat="54.014652288" lon="51.736236596">
  <ele>212.335999</ele>
  <time>2010-07-31T08:50:57Z</time>
</trkpt>
<trkpt lat="54.014682798" lon="51.736648567">
  <ele>212.080994</ele>
  <time>2010-07-31T08:50:58Z</time>
</trkpt>
<trkpt lat="54.014713308" lon="51.737060538">
  <ele>211.725006</ele>
  <time>2010-07-31T08:50:59Z</time>
</trkpt>
<trkpt lat="54.014739962" lon="51.737472508">
  <ele>211.296997</ele>
  <time>2010-07-31T08:51:00Z</time>
</trkpt>
<trkpt lat="54.014770472" lon="51.737876851">
  <ele>211.244995</ele>
  <time>2010-07-31T08:51:01Z</time>
</trkpt>
<trkpt lat="54.014801066" lon="51.738281278">
  <ele>211.145996</ele>
  <time>2010-07-31T08:51:02Z</time>
</trkpt>
<trkpt lat="54.014831576" lon="51.738689393">
  <ele>211.093002</ele>
  <time>2010-07-31T08:51:03Z</time>
</trkpt>
<trkpt lat="54.014858231" lon="51.739101447">
  <ele>211.031006</ele>
  <time>2010-07-31T08:51:04Z</time>
</trkpt>
<trkpt lat="54.014884969" lon="51.739513418">
  <ele>210.802002</ele>
  <time>2010-07-31T08:51:05Z</time>
</trkpt>
<trkpt lat="54.014911624" lon="51.739921533">
  <ele>210.613998</ele>
  <time>2010-07-31T08:51:06Z</time>
</trkpt>
<trkpt lat="54.014942134" lon="51.740325959">
  <ele>210.259995</ele>
  <time>2010-07-31T08:51:07Z</time>
</trkpt>
<trkpt lat="54.014972728" lon="51.740734074">
  <ele>210.154007</ele>
  <time>2010-07-31T08:51:08Z</time>
</trkpt>
<trkpt lat="54.015003238" lon="51.741142273">
  <ele>210.235001</ele>
  <time>2010-07-31T08:51:09Z</time>
</trkpt>
<trkpt lat="54.015033748" lon="51.741550472">
  <ele>210.199997</ele>
  <time>2010-07-31T08:51:10Z</time>
</trkpt>
<trkpt lat="54.015064258" lon="51.741966214">
  <ele>210.061005</ele>
  <time>2010-07-31T08:51:11Z</time>
</trkpt>
<trkpt lat="54.015094768" lon="51.742382040">
  <ele>209.815994</ele>
  <time>2010-07-31T08:51:12Z</time>
</trkpt>
<trkpt lat="54.015125278" lon="51.742797866">
  <ele>209.748993</ele>
  <time>2010-07-31T08:51:13Z</time>
</trkpt>
<trkpt lat="54.015155789" lon="51.743209837">
  <ele>209.479996</ele>
  <time>2010-07-31T08:51:14Z</time>
</trkpt>
<trkpt lat="54.015186299" lon="51.743625663">
  <ele>209.276001</ele>
  <time>2010-07-31T08:51:15Z</time>
</trkpt>
<trkpt lat="54.015216809" lon="51.744045261">
  <ele>209.084000</ele>
  <time>2010-07-31T08:51:16Z</time>
</trkpt>
<trkpt lat="54.015243547" lon="51.744453460">
  <ele>209.106995</ele>
  <time>2010-07-31T08:51:17Z</time>
</trkpt>
<trkpt lat="54.015274057" lon="51.744869202">
  <ele>208.957001</ele>
  <time>2010-07-31T08:51:18Z</time>
</trkpt>
<trkpt lat="54.015300712" lon="51.745281257">
  <ele>208.738007</ele>
  <time>2010-07-31T08:51:19Z</time>
</trkpt>
<trkpt lat="54.015327450" lon="51.745696999">
  <ele>208.335999</ele>
  <time>2010-07-31T08:51:20Z</time>
</trkpt>
<trkpt lat="54.015357960" lon="51.746112825">
  <ele>207.973007</ele>
  <time>2010-07-31T08:51:21Z</time>
</trkpt>
<trkpt lat="54.015384698" lon="51.746532423">
  <ele>207.453003</ele>
  <time>2010-07-31T08:51:22Z</time>
</trkpt>
<trkpt lat="54.015411353" lon="51.746948250">
  <ele>206.897003</ele>
  <time>2010-07-31T08:51:23Z</time>
</trkpt>
<trkpt lat="54.015438091" lon="51.747371703">
  <ele>206.112000</ele>
  <time>2010-07-31T08:51:24Z</time>
</trkpt>
<trkpt lat="54.015468601" lon="51.747802701">
  <ele>205.147003</ele>
  <time>2010-07-31T08:51:25Z</time>
</trkpt>
<trkpt lat="54.015499111" lon="51.748230010">
  <ele>204.391006</ele>
  <time>2010-07-31T08:51:26Z</time>
</trkpt>
<trkpt lat="54.015529621" lon="51.748657236">
  <ele>203.328995</ele>
  <time>2010-07-31T08:51:27Z</time>
</trkpt>
<trkpt lat="54.015556360" lon="51.749088317">
  <ele>202.518005</ele>
  <time>2010-07-31T08:51:28Z</time>
</trkpt>
<trkpt lat="54.015586870" lon="51.749523170">
  <ele>201.873993</ele>
  <time>2010-07-31T08:51:29Z</time>
</trkpt>
<trkpt lat="54.015617380" lon="51.749961879">
  <ele>200.979996</ele>
  <time>2010-07-31T08:51:30Z</time>
</trkpt>
<trkpt lat="54.015647890" lon="51.750404360">
  <ele>200.223007</ele>
  <time>2010-07-31T08:51:31Z</time>
</trkpt>
<trkpt lat="54.015678400" lon="51.750846840">
  <ele>199.475006</ele>
  <time>2010-07-31T08:51:32Z</time>
</trkpt>
<trkpt lat="54.015708910" lon="51.751289405">
  <ele>199.429993</ele>
  <time>2010-07-31T08:51:33Z</time>
</trkpt>
<trkpt lat="54.015735649" lon="51.751728030">
  <ele>199.069000</ele>
  <time>2010-07-31T08:51:34Z</time>
</trkpt>
<trkpt lat="54.015766159" lon="51.752162967">
  <ele>198.679993</ele>
  <time>2010-07-31T08:51:35Z</time>
</trkpt>
<trkpt lat="54.015796669" lon="51.752597820">
  <ele>198.464996</ele>
  <time>2010-07-31T08:51:36Z</time>
</trkpt>
<trkpt lat="54.015827179" lon="51.753028901">
  <ele>198.438995</ele>
  <time>2010-07-31T08:51:37Z</time>
</trkpt>
<trkpt lat="54.015857689" lon="51.753456127">
  <ele>198.647003</ele>
  <time>2010-07-31T08:51:38Z</time>
</trkpt>
<trkpt lat="54.015888199" lon="51.753871953">
  <ele>198.561996</ele>
  <time>2010-07-31T08:51:39Z</time>
</trkpt>
<trkpt lat="54.015914937" lon="51.754283924">
  <ele>198.393997</ele>
  <time>2010-07-31T08:51:40Z</time>
</trkpt>
<trkpt lat="54.015941592" lon="51.754692039">
  <ele>198.328995</ele>
  <time>2010-07-31T08:51:41Z</time>
</trkpt>
<trkpt lat="54.015972102" lon="51.755092610">
  <ele>198.225006</ele>
  <time>2010-07-31T08:51:42Z</time>
</trkpt>
<trkpt lat="54.015994985" lon="51.755474070">
  <ele>198.248993</ele>
  <time>2010-07-31T08:51:43Z</time>
</trkpt>
<trkpt lat="54.016017951" lon="51.755825020">
  <ele>198.317001</ele>
  <time>2010-07-31T08:51:44Z</time>
</trkpt>
<trkpt lat="54.016040834" lon="51.756137833">
  <ele>198.427994</ele>
  <time>2010-07-31T08:51:45Z</time>
</trkpt>
<trkpt lat="54.016059861" lon="51.756431619">
  <ele>198.585007</ele>
  <time>2010-07-31T08:51:46Z</time>
</trkpt>
<trkpt lat="54.016078971" lon="51.756713837">
  <ele>198.895004</ele>
  <time>2010-07-31T08:51:47Z</time>
</trkpt>
<trkpt lat="54.016097998" lon="51.756996140">
  <ele>198.888000</ele>
  <time>2010-07-31T08:51:48Z</time>
</trkpt>
<trkpt lat="54.016117109" lon="51.757286070">
  <ele>198.968994</ele>
  <time>2010-07-31T08:51:49Z</time>
</trkpt>
<trkpt lat="54.016139992" lon="51.757579772">
  <ele>199.048996</ele>
  <time>2010-07-31T08:51:50Z</time>
</trkpt>
<trkpt lat="54.016162874" lon="51.757877329">
  <ele>199.214996</ele>
  <time>2010-07-31T08:51:51Z</time>
</trkpt>
<trkpt lat="54.016181985" lon="51.758174887">
  <ele>199.393005</ele>
  <time>2010-07-31T08:51:52Z</time>
</trkpt>
<trkpt lat="54.016204868" lon="51.758453334">
  <ele>199.427994</ele>
  <time>2010-07-31T08:51:53Z</time>
</trkpt>
<trkpt lat="54.016223894" lon="51.758712754">
  <ele>199.419998</ele>
  <time>2010-07-31T08:51:54Z</time>
</trkpt>
<trkpt lat="54.016243005" lon="51.758968318">
  <ele>199.380005</ele>
  <time>2010-07-31T08:51:55Z</time>
</trkpt>
<trkpt lat="54.016258260" lon="51.759223966">
  <ele>199.457993</ele>
  <time>2010-07-31T08:51:56Z</time>
</trkpt>
<trkpt lat="54.016273515" lon="51.759483302">
  <ele>199.496002</ele>
  <time>2010-07-31T08:51:57Z</time>
</trkpt>
<trkpt lat="54.016288770" lon="51.759750349">
  <ele>199.414993</ele>
  <time>2010-07-31T08:51:58Z</time>
</trkpt>
<trkpt lat="54.016307797" lon="51.760028880">
  <ele>199.569000</ele>
  <time>2010-07-31T08:51:59Z</time>
</trkpt>
<trkpt lat="54.016326908" lon="51.760318726">
  <ele>199.582993</ele>
  <time>2010-07-31T08:52:00Z</time>
</trkpt>
<trkpt lat="54.016349791" lon="51.760620140">
  <ele>199.520996</ele>
  <time>2010-07-31T08:52:01Z</time>
</trkpt>
<trkpt lat="54.016365046" lon="51.760925325">
  <ele>199.317993</ele>
  <time>2010-07-31T08:52:02Z</time>
</trkpt>
<trkpt lat="54.016391784" lon="51.761226654">
  <ele>199.125000</ele>
  <time>2010-07-31T08:52:03Z</time>
</trkpt>
<trkpt lat="54.016410811" lon="51.761524212">
  <ele>198.904999</ele>
  <time>2010-07-31T08:52:04Z</time>
</trkpt>
<trkpt lat="54.016429922" lon="51.761806514">
  <ele>198.871002</ele>
  <time>2010-07-31T08:52:05Z</time>
</trkpt>
<trkpt lat="54.016445177" lon="51.762065850">
  <ele>198.712006</ele>
  <time>2010-07-31T08:52:06Z</time>
</trkpt>
<trkpt lat="54.016464204" lon="51.762321498">
  <ele>198.498001</ele>
  <time>2010-07-31T08:52:07Z</time>
</trkpt>
<trkpt lat="54.016479459" lon="51.762573207">
  <ele>198.147003</ele>
  <time>2010-07-31T08:52:08Z</time>
</trkpt>
<trkpt lat="54.016494714" lon="51.762824999">
  <ele>197.917007</ele>
  <time>2010-07-31T08:52:09Z</time>
</trkpt>
<trkpt lat="54.016509969" lon="51.763080563">
  <ele>197.768997</ele>
  <time>2010-07-31T08:52:10Z</time>
</trkpt>
<trkpt lat="54.016529080" lon="51.763336211">
  <ele>197.783997</ele>
  <time>2010-07-31T08:52:11Z</time>
</trkpt>
<trkpt lat="54.016548190" lon="51.763591776">
  <ele>197.679993</ele>
  <time>2010-07-31T08:52:12Z</time>
</trkpt>
<trkpt lat="54.016563445" lon="51.763854967">
  <ele>197.386002</ele>
  <time>2010-07-31T08:52:13Z</time>
</trkpt>
<trkpt lat="54.016582472" lon="51.764118159">
  <ele>197.261002</ele>
  <time>2010-07-31T08:52:14Z</time>
</trkpt>
<trkpt lat="54.016601583" lon="51.764377579">
  <ele>196.932007</ele>
  <time>2010-07-31T08:52:15Z</time>
</trkpt>
<trkpt lat="54.016616838" lon="51.764640771">
  <ele>196.664001</ele>
  <time>2010-07-31T08:52:16Z</time>
</trkpt>
<trkpt lat="54.016635865" lon="51.764904046">
  <ele>196.207001</ele>
  <time>2010-07-31T08:52:17Z</time>
</trkpt>
<trkpt lat="54.016654976" lon="51.765171010">
  <ele>195.677002</ele>
  <time>2010-07-31T08:52:18Z</time>
</trkpt>
<trkpt lat="54.016674003" lon="51.765438057">
  <ele>195.210999</ele>
  <time>2010-07-31T08:52:19Z</time>
</trkpt>
<trkpt lat="54.016693113" lon="51.765705105">
  <ele>194.876999</ele>
  <time>2010-07-31T08:52:20Z</time>
</trkpt>
<trkpt lat="54.016708368" lon="51.765975924">
  <ele>194.307999</ele>
  <time>2010-07-31T08:52:21Z</time>
</trkpt>
<trkpt lat="54.016731251" lon="51.766250599">
  <ele>193.744003</ele>
  <time>2010-07-31T08:52:22Z</time>
</trkpt>
<trkpt lat="54.016750362" lon="51.766525274">
  <ele>192.899994</ele>
  <time>2010-07-31T08:52:23Z</time>
</trkpt>
<trkpt lat="54.016769389" lon="51.766799949">
  <ele>192.248993</ele>
  <time>2010-07-31T08:52:24Z</time>
</trkpt>
<trkpt lat="54.016788499" lon="51.767074624">
  <ele>191.518005</ele>
  <time>2010-07-31T08:52:25Z</time>
</trkpt>
<trkpt lat="54.016811382" lon="51.767349215">
  <ele>190.761993</ele>
  <time>2010-07-31T08:52:26Z</time>
</trkpt>
<trkpt lat="54.016830409" lon="51.767631518">
  <ele>189.751007</ele>
  <time>2010-07-31T08:52:27Z</time>
</trkpt>
<trkpt lat="54.016853292" lon="51.767909965">
  <ele>188.766006</ele>
  <time>2010-07-31T08:52:28Z</time>
</trkpt>
<trkpt lat="54.016872402" lon="51.768196123">
  <ele>187.936996</ele>
  <time>2010-07-31T08:52:29Z</time>
</trkpt>
<trkpt lat="54.016895285" lon="51.768478425">
  <ele>187.074997</ele>
  <time>2010-07-31T08:52:30Z</time>
</trkpt>
<trkpt lat="54.016918167" lon="51.768768271">
  <ele>186.205002</ele>
  <time>2010-07-31T08:52:31Z</time>
</trkpt>
<trkpt lat="54.016937278" lon="51.769058201">
  <ele>185.455994</ele>
  <time>2010-07-31T08:52:32Z</time>
</trkpt>
<trkpt lat="54.016960161" lon="51.769348131">
  <ele>184.548004</ele>
  <time>2010-07-31T08:52:33Z</time>
</trkpt>
<trkpt lat="54.016979188" lon="51.769641917">
  <ele>183.701996</ele>
  <time>2010-07-31T08:52:34Z</time>
</trkpt>
<trkpt lat="54.017002070" lon="51.769931763">
  <ele>182.600998</ele>
  <time>2010-07-31T08:52:35Z</time>
</trkpt>
<trkpt lat="54.017021181" lon="51.770229321">
  <ele>181.473999</ele>
  <time>2010-07-31T08:52:36Z</time>
</trkpt>
<trkpt lat="54.017040292" lon="51.770526879">
  <ele>180.444000</ele>
  <time>2010-07-31T08:52:37Z</time>
</trkpt>
<trkpt lat="54.017063174" lon="51.770828208">
  <ele>179.546997</ele>
  <time>2010-07-31T08:52:38Z</time>
</trkpt>
<trkpt lat="54.017086057" lon="51.771129621">
  <ele>178.733994</ele>
  <time>2010-07-31T08:52:39Z</time>
</trkpt>
<trkpt lat="54.017105084" lon="51.771430951">
  <ele>177.723007</ele>
  <time>2010-07-31T08:52:40Z</time>
</trkpt>
<trkpt lat="54.017131822" lon="51.771732364">
  <ele>176.707001</ele>
  <time>2010-07-31T08:52:41Z</time>
</trkpt>
<trkpt lat="54.017150849" lon="51.772041321">
  <ele>175.925003</ele>
  <time>2010-07-31T08:52:42Z</time>
</trkpt>
<trkpt lat="54.017173732" lon="51.772354133">
  <ele>174.955002</ele>
  <time>2010-07-31T08:52:43Z</time>
</trkpt>
<trkpt lat="54.017196614" lon="51.772666946">
  <ele>173.811005</ele>
  <time>2010-07-31T08:52:44Z</time>
</trkpt>
<trkpt lat="54.017215725" lon="51.772991158">
  <ele>172.681000</ele>
  <time>2010-07-31T08:52:45Z</time>
</trkpt>
<trkpt lat="54.017238608" lon="51.773319226">
  <ele>171.576004</ele>
  <time>2010-07-31T08:52:46Z</time>
</trkpt>
<trkpt lat="54.017261490" lon="51.773651149">
  <ele>170.421997</ele>
  <time>2010-07-31T08:52:47Z</time>
</trkpt>
<trkpt lat="54.017280601" lon="51.773986844">
  <ele>169.487000</ele>
  <time>2010-07-31T08:52:48Z</time>
</trkpt>
<trkpt lat="54.017307255" lon="51.774326311">
  <ele>168.141998</ele>
  <time>2010-07-31T08:52:49Z</time>
</trkpt>
<trkpt lat="54.017333994" lon="51.774665862">
  <ele>166.953995</ele>
  <time>2010-07-31T08:52:50Z</time>
</trkpt>
<trkpt lat="54.017360648" lon="51.775012957">
  <ele>165.884995</ele>
  <time>2010-07-31T08:52:51Z</time>
</trkpt>
<trkpt lat="54.017383615" lon="51.775360135">
  <ele>164.781998</ele>
  <time>2010-07-31T08:52:52Z</time>
</trkpt>
<trkpt lat="54.017406497" lon="51.775714858">
  <ele>163.703003</ele>
  <time>2010-07-31T08:52:53Z</time>
</trkpt>
<trkpt lat="54.017433152" lon="51.776065808">
  <ele>162.432999</ele>
  <time>2010-07-31T08:52:54Z</time>
</trkpt>
<trkpt lat="54.017459890" lon="51.776420614">
  <ele>160.985992</ele>
  <time>2010-07-31T08:52:55Z</time>
</trkpt>
<trkpt lat="54.017486544" lon="51.776775336">
  <ele>159.725998</ele>
  <time>2010-07-31T08:52:56Z</time>
</trkpt>
<trkpt lat="54.017509427" lon="51.777133914">
  <ele>158.645004</ele>
  <time>2010-07-31T08:52:57Z</time>
</trkpt>
<trkpt lat="54.017532310" lon="51.777492492">
  <ele>157.561005</ele>
  <time>2010-07-31T08:52:58Z</time>
</trkpt>
<trkpt lat="54.017559048" lon="51.777851069">
  <ele>156.626999</ele>
  <time>2010-07-31T08:52:59Z</time>
</trkpt>
<trkpt lat="54.017581930" lon="51.778209647">
  <ele>156.005005</ele>
  <time>2010-07-31T08:53:00Z</time>
</trkpt>
<trkpt lat="54.017604813" lon="51.778568309">
  <ele>155.466003</ele>
  <time>2010-07-31T08:53:01Z</time>
</trkpt>
<trkpt lat="54.017627696" lon="51.778930658">
  <ele>155.373993</ele>
  <time>2010-07-31T08:53:02Z</time>
</trkpt>
<trkpt lat="54.017650578" lon="51.779293092">
  <ele>155.126999</ele>
  <time>2010-07-31T08:53:03Z</time>
</trkpt>
<trkpt lat="54.017673461" lon="51.779651670">
  <ele>155.201004</ele>
  <time>2010-07-31T08:53:04Z</time>
</trkpt>
<trkpt lat="54.017700199" lon="51.780006392">
  <ele>155.459000</ele>
  <time>2010-07-31T08:53:05Z</time>
</trkpt>
<trkpt lat="54.017726937" lon="51.780361198">
  <ele>156.005997</ele>
  <time>2010-07-31T08:53:06Z</time>
</trkpt>
<trkpt lat="54.017749820" lon="51.780708292">
  <ele>156.746002</ele>
  <time>2010-07-31T08:53:07Z</time>
</trkpt>
<trkpt lat="54.017776474" lon="51.781051615">
  <ele>157.604996</ele>
  <time>2010-07-31T08:53:08Z</time>
</trkpt>
<trkpt lat="54.017799357" lon="51.781394938">
  <ele>158.639008</ele>
  <time>2010-07-31T08:53:09Z</time>
</trkpt>
<trkpt lat="54.017822240" lon="51.781726861">
  <ele>159.610992</ele>
  <time>2010-07-31T08:53:10Z</time>
</trkpt>
<trkpt lat="54.017845122" lon="51.782058701">
  <ele>160.850998</ele>
  <time>2010-07-31T08:53:11Z</time>
</trkpt>
<trkpt lat="54.017864233" lon="51.782379141">
  <ele>161.794998</ele>
  <time>2010-07-31T08:53:12Z</time>
</trkpt>
<trkpt lat="54.017887115" lon="51.782691954">
  <ele>162.876999</ele>
  <time>2010-07-31T08:53:13Z</time>
</trkpt>
<trkpt lat="54.017909998" lon="51.783000911">
  <ele>163.813995</ele>
  <time>2010-07-31T08:53:14Z</time>
</trkpt>
<trkpt lat="54.017932881" lon="51.783302324">
  <ele>164.947006</ele>
  <time>2010-07-31T08:53:15Z</time>
</trkpt>
<trkpt lat="54.017951991" lon="51.783592254">
  <ele>165.917007</ele>
  <time>2010-07-31T08:53:16Z</time>
</trkpt>
<trkpt lat="54.017971018" lon="51.783870701">
  <ele>167.076996</ele>
  <time>2010-07-31T08:53:17Z</time>
</trkpt>
<trkpt lat="54.017990129" lon="51.784141520">
  <ele>167.972000</ele>
  <time>2010-07-31T08:53:18Z</time>
</trkpt>
<trkpt lat="54.018005384" lon="51.784404796">
  <ele>169.156006</ele>
  <time>2010-07-31T08:53:19Z</time>
</trkpt>
<trkpt lat="54.018020639" lon="51.784652732">
  <ele>169.934998</ele>
  <time>2010-07-31T08:53:20Z</time>
</trkpt>
<trkpt lat="54.018035894" lon="51.784896813">
  <ele>170.990005</ele>
  <time>2010-07-31T08:53:21Z</time>
</trkpt>
<trkpt lat="54.018054921" lon="51.785137206">
  <ele>171.639999</ele>
  <time>2010-07-31T08:53:22Z</time>
</trkpt>
<trkpt lat="54.018070260" lon="51.785377515">
  <ele>172.233994</ele>
  <time>2010-07-31T08:53:23Z</time>
</trkpt>
<trkpt lat="54.018089287" lon="51.785617825">
  <ele>172.733002</ele>
  <time>2010-07-31T08:53:24Z</time>
</trkpt>
<trkpt lat="54.018104542" lon="51.785858134">
  <ele>173.369003</ele>
  <time>2010-07-31T08:53:25Z</time>
</trkpt>
<trkpt lat="54.018119797" lon="51.786098443">
  <ele>173.800995</ele>
  <time>2010-07-31T08:53:26Z</time>
</trkpt>
<trkpt lat="54.018135052" lon="51.786334980">
  <ele>174.177994</ele>
  <time>2010-07-31T08:53:27Z</time>
</trkpt>
<trkpt lat="54.018150307" lon="51.786571518">
  <ele>174.623001</ele>
  <time>2010-07-31T08:53:28Z</time>
</trkpt>
<trkpt lat="54.018169418" lon="51.786811827">
  <ele>175.259995</ele>
  <time>2010-07-31T08:53:29Z</time>
</trkpt>
<trkpt lat="54.018188445" lon="51.787044508">
  <ele>175.740997</ele>
  <time>2010-07-31T08:53:30Z</time>
</trkpt>
<trkpt lat="54.018203700" lon="51.787273418">
  <ele>176.182999</ele>
  <time>2010-07-31T08:53:31Z</time>
</trkpt>
<trkpt lat="54.018218955" lon="51.787502328">
  <ele>176.492004</ele>
  <time>2010-07-31T08:53:32Z</time>
</trkpt>
<trkpt lat="54.018234294" lon="51.787727382">
  <ele>177.082001</ele>
  <time>2010-07-31T08:53:33Z</time>
</trkpt>
<trkpt lat="54.018249549" lon="51.787948580">
  <ele>177.369003</ele>
  <time>2010-07-31T08:53:34Z</time>
</trkpt>
<trkpt lat="54.018264804" lon="51.788162235">
  <ele>177.524002</ele>
  <time>2010-07-31T08:53:35Z</time>
</trkpt>
<trkpt lat="54.018280059" lon="51.788375890">
  <ele>177.789993</ele>
  <time>2010-07-31T08:53:36Z</time>
</trkpt>
<trkpt lat="54.018295314" lon="51.788585689">
  <ele>177.973999</ele>
  <time>2010-07-31T08:53:37Z</time>
</trkpt>
<trkpt lat="54.018310569" lon="51.788791632">
  <ele>177.923004</ele>
  <time>2010-07-31T08:53:38Z</time>
</trkpt>
<trkpt lat="54.018325824" lon="51.789005287">
  <ele>177.884995</ele>
  <time>2010-07-31T08:53:39Z</time>
</trkpt>
<trkpt lat="54.018341079" lon="51.789222714">
  <ele>177.949005</ele>
  <time>2010-07-31T08:53:40Z</time>
</trkpt>
<trkpt lat="54.018360106" lon="51.789447768">
  <ele>177.880997</ele>
  <time>2010-07-31T08:53:41Z</time>
</trkpt>
<trkpt lat="54.018371589" lon="51.789676677">
  <ele>177.837006</ele>
  <time>2010-07-31T08:53:42Z</time>
</trkpt>
<trkpt lat="54.018386845" lon="51.789905587">
  <ele>177.623001</ele>
  <time>2010-07-31T08:53:43Z</time>
</trkpt>
<trkpt lat="54.018402100" lon="51.790142041">
  <ele>177.615005</ele>
  <time>2010-07-31T08:53:44Z</time>
</trkpt>
<trkpt lat="54.018421210" lon="51.790389977">
  <ele>177.513000</ele>
  <time>2010-07-31T08:53:45Z</time>
</trkpt>
<trkpt lat="54.018440237" lon="51.790641770">
  <ele>177.348007</ele>
  <time>2010-07-31T08:53:46Z</time>
</trkpt>
<trkpt lat="54.018459348" lon="51.790901190">
  <ele>177.302994</ele>
  <time>2010-07-31T08:53:47Z</time>
</trkpt>
<trkpt lat="54.018478375" lon="51.791164381">
  <ele>177.035995</ele>
  <time>2010-07-31T08:53:48Z</time>
</trkpt>
<trkpt lat="54.018489858" lon="51.791431429">
  <ele>176.860001</ele>
  <time>2010-07-31T08:53:49Z</time>
</trkpt>
<trkpt lat="54.018508885" lon="51.791694621">
  <ele>176.371002</ele>
  <time>2010-07-31T08:53:50Z</time>
</trkpt>
<trkpt lat="54.018527996" lon="51.791961668">
  <ele>175.867996</ele>
  <time>2010-07-31T08:53:51Z</time>
</trkpt>
<trkpt lat="54.018547023" lon="51.792232487">
  <ele>175.414993</ele>
  <time>2010-07-31T08:53:52Z</time>
</trkpt>
<trkpt lat="54.018573761" lon="51.792511018">
  <ele>174.910004</ele>
  <time>2010-07-31T08:53:53Z</time>
</trkpt>
<trkpt lat="54.018596644" lon="51.792789465">
  <ele>174.576004</ele>
  <time>2010-07-31T08:53:54Z</time>
</trkpt>
<trkpt lat="54.018611899" lon="51.793071767">
  <ele>174.173996</ele>
  <time>2010-07-31T08:53:55Z</time>
</trkpt>
<trkpt lat="54.018634781" lon="51.793365469">
  <ele>173.496994</ele>
  <time>2010-07-31T08:53:56Z</time>
</trkpt>
<trkpt lat="54.018657664" lon="51.793670654">
  <ele>172.794006</ele>
  <time>2010-07-31T08:53:57Z</time>
</trkpt>
<trkpt lat="54.018676775" lon="51.793987239">
  <ele>171.985992</ele>
  <time>2010-07-31T08:53:58Z</time>
</trkpt>
<trkpt lat="54.018699657" lon="51.794315306">
  <ele>171.289001</ele>
  <time>2010-07-31T08:53:59Z</time>
</trkpt>
<trkpt lat="54.018722540" lon="51.794651002">
  <ele>170.681000</ele>
  <time>2010-07-31T08:54:00Z</time>
</trkpt>
<trkpt lat="54.018749278" lon="51.794998180">
  <ele>169.912003</ele>
  <time>2010-07-31T08:54:01Z</time>
</trkpt>
<trkpt lat="54.018775932" lon="51.795356758">
  <ele>169.606995</ele>
  <time>2010-07-31T08:54:02Z</time>
</trkpt>
<trkpt lat="54.018798815" lon="51.795715336">
  <ele>169.516006</ele>
  <time>2010-07-31T08:54:03Z</time>
</trkpt>
<trkpt lat="54.018825553" lon="51.796073914">
  <ele>169.666000</ele>
  <time>2010-07-31T08:54:04Z</time>
</trkpt>
<trkpt lat="54.018848436" lon="51.796440119">
  <ele>170.104004</ele>
  <time>2010-07-31T08:54:05Z</time>
</trkpt>
<trkpt lat="54.018875090" lon="51.796802552">
  <ele>170.703995</ele>
  <time>2010-07-31T08:54:06Z</time>
</trkpt>
<trkpt lat="54.018901829" lon="51.797161130">
  <ele>170.992996</ele>
  <time>2010-07-31T08:54:07Z</time>
</trkpt>
<trkpt lat="54.018924711" lon="51.797508225">
  <ele>171.509995</ele>
  <time>2010-07-31T08:54:08Z</time>
</trkpt>
<trkpt lat="54.018947594" lon="51.797855403">
  <ele>172.018005</ele>
  <time>2010-07-31T08:54:09Z</time>
</trkpt>
<trkpt lat="54.018966705" lon="51.798194870">
  <ele>172.442993</ele>
  <time>2010-07-31T08:54:10Z</time>
</trkpt>
<trkpt lat="54.018993359" lon="51.798522938">
  <ele>172.792007</ele>
  <time>2010-07-31T08:54:11Z</time>
</trkpt>
<trkpt lat="54.019016242" lon="51.798839606">
  <ele>173.074997</ele>
  <time>2010-07-31T08:54:12Z</time>
</trkpt>
<trkpt lat="54.019039124" lon="51.799152335">
  <ele>173.561996</ele>
  <time>2010-07-31T08:54:13Z</time>
</trkpt>
<trkpt lat="54.019058235" lon="51.799461376">
  <ele>173.936996</ele>
  <time>2010-07-31T08:54:14Z</time>
</trkpt>
<trkpt lat="54.019081118" lon="51.799774189">
  <ele>174.257004</ele>
  <time>2010-07-31T08:54:15Z</time>
</trkpt>
<trkpt lat="54.019100228" lon="51.800090773">
  <ele>174.727997</ele>
  <time>2010-07-31T08:54:16Z</time>
</trkpt>
<trkpt lat="54.019123111" lon="51.800407441">
  <ele>175.322006</ele>
  <time>2010-07-31T08:54:17Z</time>
</trkpt>
<trkpt lat="54.019145994" lon="51.800727881">
  <ele>175.891006</ele>
  <time>2010-07-31T08:54:18Z</time>
</trkpt>
<trkpt lat="54.019165020" lon="51.801044466">
  <ele>176.473007</ele>
  <time>2010-07-31T08:54:19Z</time>
</trkpt>
<trkpt lat="54.019187903" lon="51.801357279">
  <ele>176.934998</ele>
  <time>2010-07-31T08:54:20Z</time>
</trkpt>
<trkpt lat="54.019210786" lon="51.801666236">
  <ele>177.546005</ele>
  <time>2010-07-31T08:54:21Z</time>
</trkpt>
<trkpt lat="54.019229896" lon="51.801960021">
  <ele>178.225998</ele>
  <time>2010-07-31T08:54:22Z</time>
</trkpt>
<trkpt lat="54.019252779" lon="51.802257579">
  <ele>178.723007</ele>
  <time>2010-07-31T08:54:23Z</time>
</trkpt>
<trkpt lat="54.019268034" lon="51.802555053">
  <ele>179.141998</ele>
  <time>2010-07-31T08:54:24Z</time>
</trkpt>
<trkpt lat="54.019287145" lon="51.802856466">
  <ele>179.852997</ele>
  <time>2010-07-31T08:54:25Z</time>
</trkpt>
<trkpt lat="54.019306172" lon="51.803146396">
  <ele>180.341995</ele>
  <time>2010-07-31T08:54:26Z</time>
</trkpt>
<trkpt lat="54.019325282" lon="51.803432470">
  <ele>181.110001</ele>
  <time>2010-07-31T08:54:27Z</time>
</trkpt>
<trkpt lat="54.019348165" lon="51.803718545">
  <ele>181.557999</ele>
  <time>2010-07-31T08:54:28Z</time>
</trkpt>
<trkpt lat="54.019367192" lon="51.803997075">
  <ele>181.878006</ele>
  <time>2010-07-31T08:54:29Z</time>
</trkpt>
<trkpt lat="54.019386303" lon="51.804275522">
  <ele>182.181000</ele>
  <time>2010-07-31T08:54:30Z</time>
</trkpt>
<trkpt lat="54.019409185" lon="51.804553969">
  <ele>182.820999</ele>
  <time>2010-07-31T08:54:31Z</time>
</trkpt>
<trkpt lat="54.019428212" lon="51.804824788">
  <ele>183.354004</ele>
  <time>2010-07-31T08:54:32Z</time>
</trkpt>
<trkpt lat="54.019447323" lon="51.805091836">
  <ele>183.871994</ele>
  <time>2010-07-31T08:54:33Z</time>
</trkpt>
<trkpt lat="54.019466434" lon="51.805355111">
  <ele>184.195999</ele>
  <time>2010-07-31T08:54:34Z</time>
</trkpt>
<trkpt lat="54.019481689" lon="51.805618303">
  <ele>184.632004</ele>
  <time>2010-07-31T08:54:35Z</time>
</trkpt>
<trkpt lat="54.019500716" lon="51.805881495">
  <ele>185.126007</ele>
  <time>2010-07-31T08:54:36Z</time>
</trkpt>
<trkpt lat="54.019519826" lon="51.806140915">
  <ele>185.737000</ele>
  <time>2010-07-31T08:54:37Z</time>
</trkpt>
<trkpt lat="54.019535081" lon="51.806400334">
  <ele>186.199005</ele>
  <time>2010-07-31T08:54:38Z</time>
</trkpt>
<trkpt lat="54.019554108" lon="51.806663526">
  <ele>186.619995</ele>
  <time>2010-07-31T08:54:39Z</time>
</trkpt>
<trkpt lat="54.019573219" lon="51.806922946">
  <ele>187.164001</ele>
  <time>2010-07-31T08:54:40Z</time>
</trkpt>
<trkpt lat="54.019588474" lon="51.807186138">
  <ele>187.522995</ele>
  <time>2010-07-31T08:54:41Z</time>
</trkpt>
<trkpt lat="54.019611357" lon="51.807445558">
  <ele>187.973999</ele>
  <time>2010-07-31T08:54:42Z</time>
</trkpt>
<trkpt lat="54.019630468" lon="51.807704894">
  <ele>188.322006</ele>
  <time>2010-07-31T08:54:43Z</time>
</trkpt>
<trkpt lat="54.019649494" lon="51.807968169">
  <ele>188.755997</ele>
  <time>2010-07-31T08:54:44Z</time>
</trkpt>
<trkpt lat="54.019664750" lon="51.808219878">
  <ele>189.173004</ele>
  <time>2010-07-31T08:54:45Z</time>
</trkpt>
<trkpt lat="54.019683860" lon="51.808475526">
  <ele>189.464996</ele>
  <time>2010-07-31T08:54:46Z</time>
</trkpt>
<trkpt lat="54.019702887" lon="51.808723463">
  <ele>189.714005</ele>
  <time>2010-07-31T08:54:47Z</time>
</trkpt>
<trkpt lat="54.019718142" lon="51.808975255">
  <ele>189.768005</ele>
  <time>2010-07-31T08:54:48Z</time>
</trkpt>
<trkpt lat="54.019737253" lon="51.809226964">
  <ele>189.710999</ele>
  <time>2010-07-31T08:54:49Z</time>
</trkpt>
<trkpt lat="54.019760136" lon="51.809486384">
  <ele>189.723007</ele>
  <time>2010-07-31T08:54:50Z</time>
</trkpt>
<trkpt lat="54.019779246" lon="51.809745803">
  <ele>189.766006</ele>
  <time>2010-07-31T08:54:51Z</time>
</trkpt>
<trkpt lat="54.019802129" lon="51.810008995">
  <ele>189.850006</ele>
  <time>2010-07-31T08:54:52Z</time>
</trkpt>
<trkpt lat="54.019825011" lon="51.810276043">
  <ele>189.703995</ele>
  <time>2010-07-31T08:54:53Z</time>
</trkpt>
<trkpt lat="54.019844038" lon="51.810550718">
  <ele>189.684998</ele>
  <time>2010-07-31T08:54:54Z</time>
</trkpt>
<trkpt lat="54.019866921" lon="51.810825309">
  <ele>189.630997</ele>
  <time>2010-07-31T08:54:55Z</time>
</trkpt>
<trkpt lat="54.019889804" lon="51.811111467">
  <ele>189.281998</ele>
  <time>2010-07-31T08:54:56Z</time>
</trkpt>
<trkpt lat="54.019912686" lon="51.811401397">
  <ele>189.110001</ele>
  <time>2010-07-31T08:54:57Z</time>
</trkpt>
<trkpt lat="54.019935569" lon="51.811691243">
  <ele>188.848007</ele>
  <time>2010-07-31T08:54:58Z</time>
</trkpt>
<trkpt lat="54.019958535" lon="51.811977401">
  <ele>188.477997</ele>
  <time>2010-07-31T08:54:59Z</time>
</trkpt>
<trkpt lat="54.019985190" lon="51.812259704">
  <ele>188.401001</ele>
  <time>2010-07-31T08:55:00Z</time>
</trkpt>
<trkpt lat="54.020008072" lon="51.812541923">
  <ele>188.141006</ele>
  <time>2010-07-31T08:55:01Z</time>
</trkpt>
<trkpt lat="54.020034811" lon="51.812828081">
  <ele>187.832001</ele>
  <time>2010-07-31T08:55:02Z</time>
</trkpt>
<trkpt lat="54.020061465" lon="51.813114155">
  <ele>187.322998</ele>
  <time>2010-07-31T08:55:03Z</time>
</trkpt>
<trkpt lat="54.020084348" lon="51.813407857">
  <ele>186.888000</ele>
  <time>2010-07-31T08:55:04Z</time>
</trkpt>
<trkpt lat="54.020107230" lon="51.813697787">
  <ele>186.229004</ele>
  <time>2010-07-31T08:55:05Z</time>
</trkpt>
<trkpt lat="54.020130197" lon="51.813983945">
  <ele>185.645996</ele>
  <time>2010-07-31T08:55:06Z</time>
</trkpt>
<trkpt lat="54.020153079" lon="51.814270020">
  <ele>184.981995</ele>
  <time>2010-07-31T08:55:07Z</time>
</trkpt>
<trkpt lat="54.020175962" lon="51.814559950">
  <ele>184.259003</ele>
  <time>2010-07-31T08:55:08Z</time>
</trkpt>
<trkpt lat="54.020202616" lon="51.814849880">
  <ele>183.468994</ele>
  <time>2010-07-31T08:55:09Z</time>
</trkpt>
<trkpt lat="54.020229355" lon="51.815139810">
  <ele>182.567001</ele>
  <time>2010-07-31T08:55:10Z</time>
</trkpt>
<trkpt lat="54.020259865" lon="51.815433512">
  <ele>181.725998</ele>
  <time>2010-07-31T08:55:11Z</time>
</trkpt>
<trkpt lat="54.020286519" lon="51.815731069">
  <ele>180.910995</ele>
  <time>2010-07-31T08:55:12Z</time>
</trkpt>
<trkpt lat="54.020309485" lon="51.816028627">
  <ele>180.147995</ele>
  <time>2010-07-31T08:55:13Z</time>
</trkpt>
<trkpt lat="54.020332368" lon="51.816322329">
  <ele>179.009003</ele>
  <time>2010-07-31T08:55:14Z</time>
</trkpt>
<trkpt lat="54.020355251" lon="51.816619886">
  <ele>177.895004</ele>
  <time>2010-07-31T08:55:15Z</time>
</trkpt>
<trkpt lat="54.020378133" lon="51.816925071">
  <ele>176.772003</ele>
  <time>2010-07-31T08:55:16Z</time>
</trkpt>
<trkpt lat="54.020404788" lon="51.817226401">
  <ele>175.524994</ele>
  <time>2010-07-31T08:55:17Z</time>
</trkpt>
<trkpt lat="54.020431526" lon="51.817531586">
  <ele>174.542007</ele>
  <time>2010-07-31T08:55:18Z</time>
</trkpt>
<trkpt lat="54.020458180" lon="51.817836771">
  <ele>173.399994</ele>
  <time>2010-07-31T08:55:19Z</time>
</trkpt>
<trkpt lat="54.020481147" lon="51.818145728">
  <ele>172.266006</ele>
  <time>2010-07-31T08:55:20Z</time>
</trkpt>
<trkpt lat="54.020507801" lon="51.818458540">
  <ele>171.371994</ele>
  <time>2010-07-31T08:55:21Z</time>
</trkpt>
<trkpt lat="54.020534540" lon="51.818775209">
  <ele>170.339005</ele>
  <time>2010-07-31T08:55:22Z</time>
</trkpt>
<trkpt lat="54.020561194" lon="51.819099421">
  <ele>169.371994</ele>
  <time>2010-07-31T08:55:23Z</time>
</trkpt>
<trkpt lat="54.020591704" lon="51.819419861">
  <ele>168.220001</ele>
  <time>2010-07-31T08:55:24Z</time>
</trkpt>
<trkpt lat="54.020618442" lon="51.819744073">
  <ele>167.050003</ele>
  <time>2010-07-31T08:55:25Z</time>
</trkpt>
<trkpt lat="54.020648953" lon="51.820068369">
  <ele>166.080002</ele>
  <time>2010-07-31T08:55:26Z</time>
</trkpt>
<trkpt lat="54.020679463" lon="51.820396436">
  <ele>165.188004</ele>
  <time>2010-07-31T08:55:27Z</time>
</trkpt>
<trkpt lat="54.020706201" lon="51.820720648">
  <ele>164.063995</ele>
  <time>2010-07-31T08:55:28Z</time>
</trkpt>
<trkpt lat="54.020736711" lon="51.821048716">
  <ele>162.927002</ele>
  <time>2010-07-31T08:55:29Z</time>
</trkpt>
<trkpt lat="54.020763366" lon="51.821376784">
  <ele>161.770004</ele>
  <time>2010-07-31T08:55:30Z</time>
</trkpt>
<trkpt lat="54.020790104" lon="51.821708707">
  <ele>160.677002</ele>
  <time>2010-07-31T08:55:31Z</time>
</trkpt>
<trkpt lat="54.020816842" lon="51.822044402">
  <ele>159.731995</ele>
  <time>2010-07-31T08:55:32Z</time>
</trkpt>
<trkpt lat="54.020847352" lon="51.822376242">
  <ele>158.917007</ele>
  <time>2010-07-31T08:55:33Z</time>
</trkpt>
<trkpt lat="54.020870235" lon="51.822711937">
  <ele>158.253998</ele>
  <time>2010-07-31T08:55:34Z</time>
</trkpt>
<trkpt lat="54.020900745" lon="51.823047632">
  <ele>157.787003</ele>
  <time>2010-07-31T08:55:35Z</time>
</trkpt>
<trkpt lat="54.020931255" lon="51.823387183">
  <ele>157.108002</ele>
  <time>2010-07-31T08:55:36Z</time>
</trkpt>
<trkpt lat="54.020961765" lon="51.823734278">
  <ele>156.522995</ele>
  <time>2010-07-31T08:55:37Z</time>
</trkpt>
<trkpt lat="54.020988503" lon="51.824085228">
  <ele>155.703003</ele>
  <time>2010-07-31T08:55:38Z</time>
</trkpt>
<trkpt lat="54.021015158" lon="51.824440034">
  <ele>154.981003</ele>
  <time>2010-07-31T08:55:39Z</time>
</trkpt>
<trkpt lat="54.021045668" lon="51.824806239">
  <ele>154.686005</ele>
  <time>2010-07-31T08:55:40Z</time>
</trkpt>
<trkpt lat="54.021076178" lon="51.825180072">
  <ele>154.695999</ele>
  <time>2010-07-31T08:55:41Z</time>
</trkpt>
<trkpt lat="54.021106688" lon="51.825561533">
  <ele>154.679993</ele>
  <time>2010-07-31T08:55:42Z</time>
</trkpt>
<trkpt lat="54.021137198" lon="51.825935366">
  <ele>154.615005</ele>
  <time>2010-07-31T08:55:43Z</time>
</trkpt>
<trkpt lat="54.021167792" lon="51.826301571">
  <ele>154.306000</ele>
  <time>2010-07-31T08:55:44Z</time>
</trkpt>
<trkpt lat="54.021194447" lon="51.826664004">
  <ele>154.223007</ele>
  <time>2010-07-31T08:55:45Z</time>
</trkpt>
<trkpt lat="54.021224957" lon="51.827018727">
  <ele>154.169006</ele>
  <time>2010-07-31T08:55:46Z</time>
</trkpt>
<trkpt lat="54.021251695" lon="51.827369677">
  <ele>154.100998</ele>
  <time>2010-07-31T08:55:47Z</time>
</trkpt>
<trkpt lat="54.021282205" lon="51.827713000">
  <ele>154.076004</ele>
  <time>2010-07-31T08:55:48Z</time>
</trkpt>
<trkpt lat="54.021308860" lon="51.828048695">
  <ele>153.841003</ele>
  <time>2010-07-31T08:55:49Z</time>
</trkpt>
<trkpt lat="54.021335598" lon="51.828384390">
  <ele>153.673004</ele>
  <time>2010-07-31T08:55:50Z</time>
</trkpt>
<trkpt lat="54.021362336" lon="51.828712458">
  <ele>153.345001</ele>
  <time>2010-07-31T08:55:51Z</time>
</trkpt>
<trkpt lat="54.021392846" lon="51.829036754">
  <ele>153.149994</ele>
  <time>2010-07-31T08:55:52Z</time>
</trkpt>
<trkpt lat="54.021419501" lon="51.829353338">
  <ele>152.968994</ele>
  <time>2010-07-31T08:55:53Z</time>
</trkpt>
<trkpt lat="54.021450011" lon="51.829662295">
  <ele>152.787994</ele>
  <time>2010-07-31T08:55:54Z</time>
</trkpt>
<trkpt lat="54.021476749" lon="51.829975108">
  <ele>152.714005</ele>
  <time>2010-07-31T08:55:55Z</time>
</trkpt>
<trkpt lat="54.021503488" lon="51.830287920">
  <ele>152.466003</ele>
  <time>2010-07-31T08:55:56Z</time>
</trkpt>
<trkpt lat="54.021533998" lon="51.830600733">
  <ele>152.498993</ele>
  <time>2010-07-31T08:55:57Z</time>
</trkpt>
<trkpt lat="54.021560652" lon="51.830917317">
  <ele>152.410995</ele>
  <time>2010-07-31T08:55:58Z</time>
</trkpt>
<trkpt lat="54.021587390" lon="51.831230130">
  <ele>152.289001</ele>
  <time>2010-07-31T08:55:59Z</time>
</trkpt>
<trkpt lat="54.021614045" lon="51.831546798">
  <ele>152.184998</ele>
  <time>2010-07-31T08:56:00Z</time>
</trkpt>
<trkpt lat="54.021640783" lon="51.831863383">
  <ele>152.074005</ele>
  <time>2010-07-31T08:56:01Z</time>
</trkpt>
<trkpt lat="54.021667521" lon="51.832180051">
  <ele>151.843002</ele>
  <time>2010-07-31T08:56:02Z</time>
</trkpt>
<trkpt lat="54.021694176" lon="51.832492864">
  <ele>151.587006</ele>
  <time>2010-07-31T08:56:03Z</time>
</trkpt>
<trkpt lat="54.021720914" lon="51.832809448">
  <ele>151.376007</ele>
  <time>2010-07-31T08:56:04Z</time>
</trkpt>
<trkpt lat="54.021751424" lon="51.833129888">
  <ele>151.201004</ele>
  <time>2010-07-31T08:56:05Z</time>
</trkpt>
<trkpt lat="54.021778079" lon="51.833454100">
  <ele>150.998993</ele>
  <time>2010-07-31T08:56:06Z</time>
</trkpt>
<trkpt lat="54.021804817" lon="51.833786024">
  <ele>151.175003</ele>
  <time>2010-07-31T08:56:07Z</time>
</trkpt>
<trkpt lat="54.021831471" lon="51.834114091">
  <ele>151.345993</ele>
  <time>2010-07-31T08:56:08Z</time>
</trkpt>
<trkpt lat="54.021858210" lon="51.834449787">
  <ele>151.395996</ele>
  <time>2010-07-31T08:56:09Z</time>
</trkpt>
<trkpt lat="54.021888720" lon="51.834789254">
  <ele>151.682007</ele>
  <time>2010-07-31T08:56:10Z</time>
</trkpt>
<trkpt lat="54.021919230" lon="51.835132577">
  <ele>151.917007</ele>
  <time>2010-07-31T08:56:11Z</time>
</trkpt>
<trkpt lat="54.021949740" lon="51.835479755">
  <ele>152.016006</ele>
  <time>2010-07-31T08:56:12Z</time>
</trkpt>
<trkpt lat="54.021976478" lon="51.835830705">
  <ele>152.550003</ele>
  <time>2010-07-31T08:56:13Z</time>
</trkpt>
<trkpt lat="54.022006989" lon="51.836189283">
  <ele>153.016006</ele>
  <time>2010-07-31T08:56:14Z</time>
</trkpt>
<trkpt lat="54.022037499" lon="51.836547861">
  <ele>153.641998</ele>
  <time>2010-07-31T08:56:15Z</time>
</trkpt>
<trkpt lat="54.022071864" lon="51.836906439">
  <ele>154.464996</ele>
  <time>2010-07-31T08:56:16Z</time>
</trkpt>
<trkpt lat="54.022098519" lon="51.837253533">
  <ele>154.901001</ele>
  <time>2010-07-31T08:56:17Z</time>
</trkpt>
<trkpt lat="54.022129029" lon="51.837596856">
  <ele>155.561996</ele>
  <time>2010-07-31T08:56:18Z</time>
</trkpt>
<trkpt lat="54.022155767" lon="51.837940179">
  <ele>156.130005</ele>
  <time>2010-07-31T08:56:19Z</time>
</trkpt>
<trkpt lat="54.022182506" lon="51.838279730">
  <ele>156.600998</ele>
  <time>2010-07-31T08:56:20Z</time>
</trkpt>
<trkpt lat="54.022209160" lon="51.838615425">
  <ele>156.994003</ele>
  <time>2010-07-31T08:56:21Z</time>
</trkpt>
<trkpt lat="54.022235898" lon="51.838943493">
  <ele>157.281006</ele>
  <time>2010-07-31T08:56:22Z</time>
</trkpt>
<trkpt lat="54.022258781" lon="51.839260077">
  <ele>157.860992</ele>
  <time>2010-07-31T08:56:23Z</time>
</trkpt>
<trkpt lat="54.022281663" lon="51.839565262">
  <ele>158.432999</ele>
  <time>2010-07-31T08:56:24Z</time>
</trkpt>
<trkpt lat="54.022308318" lon="51.839866675">
  <ele>158.904007</ele>
  <time>2010-07-31T08:56:25Z</time>
</trkpt>
<trkpt lat="54.022335056" lon="51.840160377">
  <ele>159.464996</ele>
  <time>2010-07-31T08:56:26Z</time>
</trkpt>
<trkpt lat="54.022357939" lon="51.840454079">
  <ele>160.076996</ele>
  <time>2010-07-31T08:56:27Z</time>
</trkpt>
<trkpt lat="54.022384677" lon="51.840751637">
  <ele>160.513000</ele>
  <time>2010-07-31T08:56:28Z</time>
</trkpt>
<trkpt lat="54.022407560" lon="51.841045339">
  <ele>161.108994</ele>
  <time>2010-07-31T08:56:29Z</time>
</trkpt>
<trkpt lat="54.022430442" lon="51.841335269">
  <ele>161.569000</ele>
  <time>2010-07-31T08:56:30Z</time>
</trkpt>
<trkpt lat="54.022457097" lon="51.841625199">
  <ele>161.979004</ele>
  <time>2010-07-31T08:56:31Z</time>
</trkpt>
<trkpt lat="54.022479979" lon="51.841903646">
  <ele>162.363998</ele>
  <time>2010-07-31T08:56:32Z</time>
</trkpt>
<trkpt lat="54.022506718" lon="51.842182176">
  <ele>162.677002</ele>
  <time>2010-07-31T08:56:33Z</time>
</trkpt>
<trkpt lat="54.022529600" lon="51.842460623">
  <ele>163.057007</ele>
  <time>2010-07-31T08:56:34Z</time>
</trkpt>
<trkpt lat="54.022556338" lon="51.842742926">
  <ele>163.447998</ele>
  <time>2010-07-31T08:56:35Z</time>
</trkpt>
<trkpt lat="54.022586849" lon="51.843025228">
  <ele>163.832001</ele>
  <time>2010-07-31T08:56:36Z</time>
</trkpt>
<trkpt lat="54.022609731" lon="51.843315158">
  <ele>164.294006</ele>
  <time>2010-07-31T08:56:37Z</time>
</trkpt>
<trkpt lat="54.022636386" lon="51.843605004">
  <ele>164.673004</ele>
  <time>2010-07-31T08:56:38Z</time>
</trkpt>
<trkpt lat="54.022663124" lon="51.843898790">
  <ele>164.953995</ele>
  <time>2010-07-31T08:56:39Z</time>
</trkpt>
<trkpt lat="54.022686007" lon="51.844203975">
  <ele>165.298004</ele>
  <time>2010-07-31T08:56:40Z</time>
</trkpt>
<trkpt lat="54.022708889" lon="51.844512932">
  <ele>165.572998</ele>
  <time>2010-07-31T08:56:41Z</time>
</trkpt>
<trkpt lat="54.022731772" lon="51.844821889">
  <ele>165.897003</ele>
  <time>2010-07-31T08:56:42Z</time>
</trkpt>
<trkpt lat="54.022758510" lon="51.845123302">
  <ele>166.335999</ele>
  <time>2010-07-31T08:56:43Z</time>
</trkpt>
<trkpt lat="54.022785164" lon="51.845428487">
  <ele>166.653000</ele>
  <time>2010-07-31T08:56:44Z</time>
</trkpt>
<trkpt lat="54.022811903" lon="51.845737444">
  <ele>166.960999</ele>
  <time>2010-07-31T08:56:45Z</time>
</trkpt>
<trkpt lat="54.022834785" lon="51.846050257">
  <ele>167.225998</ele>
  <time>2010-07-31T08:56:46Z</time>
</trkpt>
<trkpt lat="54.022861440" lon="51.846355442">
  <ele>167.738007</ele>
  <time>2010-07-31T08:56:47Z</time>
</trkpt>
<trkpt lat="54.022888178" lon="51.846653000">
  <ele>167.968994</ele>
  <time>2010-07-31T08:56:48Z</time>
</trkpt>
<trkpt lat="54.022914916" lon="51.846950557">
  <ele>168.274002</ele>
  <time>2010-07-31T08:56:49Z</time>
</trkpt>
<trkpt lat="54.022937799" lon="51.847240487">
  <ele>168.445007</ele>
  <time>2010-07-31T08:56:50Z</time>
</trkpt>
<trkpt lat="54.022960681" lon="51.847534189">
  <ele>168.608002</ele>
  <time>2010-07-31T08:56:51Z</time>
</trkpt>
<trkpt lat="54.022987336" lon="51.847827891">
  <ele>168.802002</ele>
  <time>2010-07-31T08:56:52Z</time>
</trkpt>
<trkpt lat="54.023010219" lon="51.848125448">
  <ele>168.923996</ele>
  <time>2010-07-31T08:56:53Z</time>
</trkpt>
<trkpt lat="54.023036957" lon="51.848426778">
  <ele>168.867996</ele>
  <time>2010-07-31T08:56:54Z</time>
</trkpt>
<trkpt lat="54.023063695" lon="51.848724335">
  <ele>168.906998</ele>
  <time>2010-07-31T08:56:55Z</time>
</trkpt>
<trkpt lat="54.023086578" lon="51.849021893">
  <ele>168.921005</ele>
  <time>2010-07-31T08:56:56Z</time>
</trkpt>
<trkpt lat="54.023113232" lon="51.849315679">
  <ele>168.841003</ele>
  <time>2010-07-31T08:56:57Z</time>
</trkpt>
<trkpt lat="54.023139970" lon="51.849609381">
  <ele>168.858994</ele>
  <time>2010-07-31T08:56:58Z</time>
</trkpt>
<trkpt lat="54.023166625" lon="51.849903082">
  <ele>168.983002</ele>
  <time>2010-07-31T08:56:59Z</time>
</trkpt>
<trkpt lat="54.023193363" lon="51.850193013">
  <ele>168.841003</ele>
  <time>2010-07-31T08:57:00Z</time>
</trkpt>
<trkpt lat="54.023220101" lon="51.850486714">
  <ele>168.757996</ele>
  <time>2010-07-31T08:57:01Z</time>
</trkpt>
<trkpt lat="54.023242984" lon="51.850784272">
  <ele>168.848007</ele>
  <time>2010-07-31T08:57:02Z</time>
</trkpt>
<trkpt lat="54.023265867" lon="51.851081830">
  <ele>168.906998</ele>
  <time>2010-07-31T08:57:03Z</time>
</trkpt>
<trkpt lat="54.023292521" lon="51.851387015">
  <ele>168.843994</ele>
  <time>2010-07-31T08:57:04Z</time>
</trkpt>
<trkpt lat="54.023319259" lon="51.851692200">
  <ele>168.766998</ele>
  <time>2010-07-31T08:57:05Z</time>
</trkpt>
<trkpt lat="54.023345914" lon="51.852005012">
  <ele>168.701004</ele>
  <time>2010-07-31T08:57:06Z</time>
</trkpt>
<trkpt lat="54.023372652" lon="51.852321597">
  <ele>168.755005</ele>
  <time>2010-07-31T08:57:07Z</time>
</trkpt>
<trkpt lat="54.023395535" lon="51.852630638">
  <ele>168.791000</ele>
  <time>2010-07-31T08:57:08Z</time>
</trkpt>
<trkpt lat="54.023422273" lon="51.852939595">
  <ele>168.824005</ele>
  <time>2010-07-31T08:57:09Z</time>
</trkpt>
<trkpt lat="54.023452783" lon="51.853252407">
  <ele>168.869995</ele>
  <time>2010-07-31T08:57:10Z</time>
</trkpt>
<trkpt lat="54.023479437" lon="51.853568992">
  <ele>168.798004</ele>
  <time>2010-07-31T08:57:11Z</time>
</trkpt>
<trkpt lat="54.023509948" lon="51.853893287">
  <ele>168.863998</ele>
  <time>2010-07-31T08:57:12Z</time>
</trkpt>
<trkpt lat="54.023536686" lon="51.854225127">
  <ele>168.942001</ele>
  <time>2010-07-31T08:57:13Z</time>
</trkpt>
<trkpt lat="54.023563424" lon="51.854560822">
  <ele>168.875000</ele>
  <time>2010-07-31T08:57:14Z</time>
</trkpt>
<trkpt lat="54.023590079" lon="51.854896517">
  <ele>168.912003</ele>
  <time>2010-07-31T08:57:15Z</time>
</trkpt>
<trkpt lat="54.023616817" lon="51.855232213">
  <ele>169.082001</ele>
  <time>2010-07-31T08:57:16Z</time>
</trkpt>
<trkpt lat="54.023647327" lon="51.855564136">
  <ele>168.996002</ele>
  <time>2010-07-31T08:57:17Z</time>
</trkpt>
<trkpt lat="54.023673981" lon="51.855888348">
  <ele>168.895004</ele>
  <time>2010-07-31T08:57:18Z</time>
</trkpt>
<trkpt lat="54.023704492" lon="51.856212644">
  <ele>168.884003</ele>
  <time>2010-07-31T08:57:19Z</time>
</trkpt>
<trkpt lat="54.023735086" lon="51.856536856">
  <ele>169.046997</ele>
  <time>2010-07-31T08:57:20Z</time>
</trkpt>
<trkpt lat="54.023761740" lon="51.856864924">
  <ele>169.268997</ele>
  <time>2010-07-31T08:57:21Z</time>
</trkpt>
<trkpt lat="54.023788478" lon="51.857185364">
  <ele>169.339996</ele>
  <time>2010-07-31T08:57:22Z</time>
</trkpt>
<trkpt lat="54.023815133" lon="51.857509576">
  <ele>169.328003</ele>
  <time>2010-07-31T08:57:23Z</time>
</trkpt>
<trkpt lat="54.023841871" lon="51.857830016">
  <ele>169.432999</ele>
  <time>2010-07-31T08:57:24Z</time>
</trkpt>
<trkpt lat="54.023868525" lon="51.858146684">
  <ele>169.494003</ele>
  <time>2010-07-31T08:57:25Z</time>
</trkpt>
<trkpt lat="54.023891408" lon="51.858463269">
  <ele>169.729004</ele>
  <time>2010-07-31T08:57:26Z</time>
</trkpt>
<trkpt lat="54.023918146" lon="51.858772309">
  <ele>169.953003</ele>
  <time>2010-07-31T08:57:27Z</time>
</trkpt>
<trkpt lat="54.023941029" lon="51.859085122">
  <ele>170.141006</ele>
  <time>2010-07-31T08:57:28Z</time>
</trkpt>
<trkpt lat="54.023967767" lon="51.859394079">
  <ele>170.347000</ele>
  <time>2010-07-31T08:57:29Z</time>
</trkpt>
<trkpt lat="54.023990650" lon="51.859695408">
  <ele>170.595993</ele>
  <time>2010-07-31T08:57:30Z</time>
</trkpt>
<trkpt lat="54.024013532" lon="51.859996822">
  <ele>170.953995</ele>
  <time>2010-07-31T08:57:31Z</time>
</trkpt>
<trkpt lat="54.024040187" lon="51.860298151">
  <ele>170.929993</ele>
  <time>2010-07-31T08:57:32Z</time>
</trkpt>
<trkpt lat="54.024070781" lon="51.860603336">
  <ele>170.985001</ele>
  <time>2010-07-31T08:57:33Z</time>
</trkpt>
<trkpt lat="54.024097435" lon="51.860900894">
  <ele>170.901993</ele>
  <time>2010-07-31T08:57:34Z</time>
</trkpt>
<trkpt lat="54.024124173" lon="51.861206079">
  <ele>170.891998</ele>
  <time>2010-07-31T08:57:35Z</time>
</trkpt>
<trkpt lat="54.024150828" lon="51.861511264">
  <ele>170.858994</ele>
  <time>2010-07-31T08:57:36Z</time>
</trkpt>
<trkpt lat="54.024173710" lon="51.861824077">
  <ele>170.867996</ele>
  <time>2010-07-31T08:57:37Z</time>
</trkpt>
<trkpt lat="54.024200449" lon="51.862136805">
  <ele>170.688004</ele>
  <time>2010-07-31T08:57:38Z</time>
</trkpt>
<trkpt lat="54.024223331" lon="51.862449618">
  <ele>170.507004</ele>
  <time>2010-07-31T08:57:39Z</time>
</trkpt>
<trkpt lat="54.024250070" lon="51.862762431">
  <ele>170.307999</ele>
  <time>2010-07-31T08:57:40Z</time>
</trkpt>
<trkpt lat="54.024280580" lon="51.863075243">
  <ele>169.966995</ele>
  <time>2010-07-31T08:57:41Z</time>
</trkpt>
<trkpt lat="54.024303462" lon="51.863388056">
  <ele>169.440994</ele>
  <time>2010-07-31T08:57:42Z</time>
</trkpt>
<trkpt lat="54.024330117" lon="51.863697013">
  <ele>169.024002</ele>
  <time>2010-07-31T08:57:43Z</time>
</trkpt>
<trkpt lat="54.024356855" lon="51.864006054">
  <ele>168.496994</ele>
  <time>2010-07-31T08:57:44Z</time>
</trkpt>
<trkpt lat="54.024383510" lon="51.864315011">
  <ele>167.923996</ele>
  <time>2010-07-31T08:57:45Z</time>
</trkpt>
<trkpt lat="54.024406392" lon="51.864624051">
  <ele>167.362000</ele>
  <time>2010-07-31T08:57:46Z</time>
</trkpt>
<trkpt lat="54.024433130" lon="51.864929236">
  <ele>167.001999</ele>
  <time>2010-07-31T08:57:47Z</time>
</trkpt>
<trkpt lat="54.024459869" lon="51.865238193">
  <ele>166.401993</ele>
  <time>2010-07-31T08:57:48Z</time>
</trkpt>
<trkpt lat="54.024486523" lon="51.865547150">
  <ele>165.641006</ele>
  <time>2010-07-31T08:57:49Z</time>
</trkpt>
<trkpt lat="54.024513261" lon="51.865852335">
  <ele>164.847000</ele>
  <time>2010-07-31T08:57:50Z</time>
</trkpt>
<trkpt lat="54.024539916" lon="51.866157521">
  <ele>164.147995</ele>
  <time>2010-07-31T08:57:51Z</time>
</trkpt>
<trkpt lat="54.024566654" lon="51.866466561">
  <ele>163.184998</ele>
  <time>2010-07-31T08:57:52Z</time>
</trkpt>
<trkpt lat="54.024593392" lon="51.866779290">
  <ele>162.248993</ele>
  <time>2010-07-31T08:57:53Z</time>
</trkpt>
<trkpt lat="54.024616275" lon="51.867088331">
  <ele>161.173004</ele>
  <time>2010-07-31T08:57:54Z</time>
</trkpt>
<trkpt lat="54.024642929" lon="51.867401144">
  <ele>160.169006</ele>
  <time>2010-07-31T08:57:55Z</time>
</trkpt>
<trkpt lat="54.024669668" lon="51.867717728">
  <ele>158.994995</ele>
  <time>2010-07-31T08:57:56Z</time>
</trkpt>
<trkpt lat="54.024696322" lon="51.868034396">
  <ele>157.707993</ele>
  <time>2010-07-31T08:57:57Z</time>
</trkpt>
<trkpt lat="54.024723060" lon="51.868350981">
  <ele>156.561996</ele>
  <time>2010-07-31T08:57:58Z</time>
</trkpt>
<trkpt lat="54.024749715" lon="51.868679048">
  <ele>155.354996</ele>
  <time>2010-07-31T08:57:59Z</time>
</trkpt>
<trkpt lat="54.024776453" lon="51.869010888">
  <ele>154.319000</ele>
  <time>2010-07-31T08:58:00Z</time>
</trkpt>
<trkpt lat="54.024803191" lon="51.869346583">
  <ele>153.039001</ele>
  <time>2010-07-31T08:58:01Z</time>
</trkpt>
<trkpt lat="54.024829846" lon="51.869678507">
  <ele>151.794006</ele>
  <time>2010-07-31T08:58:02Z</time>
</trkpt>
<trkpt lat="54.024860356" lon="51.870017974">
  <ele>150.546997</ele>
  <time>2010-07-31T08:58:03Z</time>
</trkpt>
<trkpt lat="54.024887094" lon="51.870357525">
  <ele>149.339996</ele>
  <time>2010-07-31T08:58:04Z</time>
</trkpt>
<trkpt lat="54.024917604" lon="51.870704619">
  <ele>148.309998</ele>
  <time>2010-07-31T08:58:05Z</time>
</trkpt>
<trkpt lat="54.024944343" lon="51.871047942">
  <ele>146.981003</ele>
  <time>2010-07-31T08:58:06Z</time>
</trkpt>
<trkpt lat="54.024974853" lon="51.871391265">
  <ele>146.005997</ele>
  <time>2010-07-31T08:58:07Z</time>
</trkpt>
<trkpt lat="54.025001507" lon="51.871738443">
  <ele>144.884995</ele>
  <time>2010-07-31T08:58:08Z</time>
</trkpt>
<trkpt lat="54.025032017" lon="51.872085538">
  <ele>143.800995</ele>
  <time>2010-07-31T08:58:09Z</time>
</trkpt>
<trkpt lat="54.025062528" lon="51.872436488">
  <ele>142.813995</ele>
  <time>2010-07-31T08:58:10Z</time>
</trkpt>
<trkpt lat="54.025089266" lon="51.872795066">
  <ele>141.563995</ele>
  <time>2010-07-31T08:58:11Z</time>
</trkpt>
<trkpt lat="54.025116004" lon="51.873149872">
  <ele>140.395004</ele>
  <time>2010-07-31T08:58:12Z</time>
</trkpt>
<trkpt lat="54.025142659" lon="51.873504678">
  <ele>139.244003</ele>
  <time>2010-07-31T08:58:13Z</time>
</trkpt>
<trkpt lat="54.025173169" lon="51.873859400">
  <ele>138.082001</ele>
  <time>2010-07-31T08:58:14Z</time>
</trkpt>
<trkpt lat="54.025199907" lon="51.874214206">
  <ele>136.947998</ele>
  <time>2010-07-31T08:58:15Z</time>
</trkpt>
<trkpt lat="54.025234189" lon="51.874572784">
  <ele>135.778000</ele>
  <time>2010-07-31T08:58:16Z</time>
</trkpt>
<trkpt lat="54.025268555" lon="51.874942761">
  <ele>134.563995</ele>
  <time>2010-07-31T08:58:17Z</time>
</trkpt>
<trkpt lat="54.025299065" lon="51.875312822">
  <ele>133.419006</ele>
  <time>2010-07-31T08:58:18Z</time>
</trkpt>
<trkpt lat="54.025329575" lon="51.875686655">
  <ele>132.470001</ele>
  <time>2010-07-31T08:58:19Z</time>
</trkpt>
<trkpt lat="54.025360085" lon="51.876068115">
  <ele>131.651001</ele>
  <time>2010-07-31T08:58:20Z</time>
</trkpt>
<trkpt lat="54.025394451" lon="51.876453431">
  <ele>130.876999</ele>
  <time>2010-07-31T08:58:21Z</time>
</trkpt>
<trkpt lat="54.025424961" lon="51.876850147">
  <ele>129.882996</ele>
  <time>2010-07-31T08:58:22Z</time>
</trkpt>
<trkpt lat="54.025459327" lon="51.877254490">
  <ele>129.167007</ele>
  <time>2010-07-31T08:58:23Z</time>
</trkpt>
<trkpt lat="54.025493609" lon="51.877655061">
  <ele>128.796997</ele>
  <time>2010-07-31T08:58:24Z</time>
</trkpt>
<trkpt lat="54.025527975" lon="51.878051776">
  <ele>128.623993</ele>
  <time>2010-07-31T08:58:25Z</time>
</trkpt>
<trkpt lat="54.025562257" lon="51.878448492">
  <ele>128.516006</ele>
  <time>2010-07-31T08:58:26Z</time>
</trkpt>
<trkpt lat="54.025600394" lon="51.878845207">
  <ele>128.485992</ele>
  <time>2010-07-31T08:58:27Z</time>
</trkpt>
<trkpt lat="54.025634760" lon="51.879245779">
  <ele>129.132004</ele>
  <time>2010-07-31T08:58:28Z</time>
</trkpt>
<trkpt lat="54.025665270" lon="51.879638638">
  <ele>129.841003</ele>
  <time>2010-07-31T08:58:29Z</time>
</trkpt>
<trkpt lat="54.025699636" lon="51.880027810">
  <ele>130.697006</ele>
  <time>2010-07-31T08:58:30Z</time>
</trkpt>
<trkpt lat="54.025730146" lon="51.880401643">
  <ele>131.459000</ele>
  <time>2010-07-31T08:58:31Z</time>
</trkpt>
<trkpt lat="54.025760656" lon="51.880767848">
  <ele>132.455994</ele>
  <time>2010-07-31T08:58:32Z</time>
</trkpt>
<trkpt lat="54.025795022" lon="51.881114943">
  <ele>133.177994</ele>
  <time>2010-07-31T08:58:33Z</time>
</trkpt>
<trkpt lat="54.025821676" lon="51.881454494">
  <ele>134.136993</ele>
  <time>2010-07-31T08:58:34Z</time>
</trkpt>
<trkpt lat="54.025852187" lon="51.881786333">
  <ele>134.934006</ele>
  <time>2010-07-31T08:58:35Z</time>
</trkpt>
<trkpt lat="54.025882697" lon="51.882103002">
  <ele>135.753998</ele>
  <time>2010-07-31T08:58:36Z</time>
</trkpt>
<trkpt lat="54.025913207" lon="51.882404331">
  <ele>136.352005</ele>
  <time>2010-07-31T08:58:37Z</time>
</trkpt>
<trkpt lat="54.025943717" lon="51.882694261">
  <ele>136.908005</ele>
  <time>2010-07-31T08:58:38Z</time>
</trkpt>
<trkpt lat="54.025974311" lon="51.882976564">
  <ele>137.464005</ele>
  <time>2010-07-31T08:58:39Z</time>
</trkpt>
<trkpt lat="54.026008593" lon="51.883251155">
  <ele>138.141998</ele>
  <time>2010-07-31T08:58:40Z</time>
</trkpt>
<trkpt lat="54.026042959" lon="51.883518202">
  <ele>138.694000</ele>
  <time>2010-07-31T08:58:41Z</time>
</trkpt>
<trkpt lat="54.026073469" lon="51.883785250">
  <ele>139.356003</ele>
  <time>2010-07-31T08:58:42Z</time>
</trkpt>
<trkpt lat="54.026107751" lon="51.884048441">
  <ele>139.914993</ele>
  <time>2010-07-31T08:58:43Z</time>
</trkpt>
<trkpt lat="54.026142117" lon="51.884311717">
  <ele>140.382996</ele>
  <time>2010-07-31T08:58:44Z</time>
</trkpt>
<trkpt lat="54.026180254" lon="51.884574909">
  <ele>140.845993</ele>
  <time>2010-07-31T08:58:45Z</time>
</trkpt>
<trkpt lat="54.026218392" lon="51.884838101">
  <ele>141.164001</ele>
  <time>2010-07-31T08:58:46Z</time>
</trkpt>
<trkpt lat="54.026256530" lon="51.885108920">
  <ele>141.701996</ele>
  <time>2010-07-31T08:58:47Z</time>
</trkpt>
<trkpt lat="54.026298523" lon="51.885379823">
  <ele>141.899002</ele>
  <time>2010-07-31T08:58:48Z</time>
</trkpt>
<trkpt lat="54.026336661" lon="51.885643015">
  <ele>142.263000</ele>
  <time>2010-07-31T08:58:49Z</time>
</trkpt>
<trkpt lat="54.026378654" lon="51.885898579">
  <ele>142.617996</ele>
  <time>2010-07-31T08:58:50Z</time>
</trkpt>
<trkpt lat="54.026420563" lon="51.886161771">
  <ele>143.042999</ele>
  <time>2010-07-31T08:58:51Z</time>
</trkpt>
<trkpt lat="54.026462557" lon="51.886417419">
  <ele>143.151001</ele>
  <time>2010-07-31T08:58:52Z</time>
</trkpt>
<trkpt lat="54.026504550" lon="51.886676755">
  <ele>143.531006</ele>
  <time>2010-07-31T08:58:53Z</time>
</trkpt>
<trkpt lat="54.026546460" lon="51.886928547">
  <ele>143.578003</ele>
  <time>2010-07-31T08:58:54Z</time>
</trkpt>
<trkpt lat="54.026588453" lon="51.887172712">
  <ele>143.744995</ele>
  <time>2010-07-31T08:58:55Z</time>
</trkpt>
<trkpt lat="54.026626591" lon="51.887413021">
  <ele>143.891006</ele>
  <time>2010-07-31T08:58:56Z</time>
</trkpt>
<trkpt lat="54.026664728" lon="51.887657186">
  <ele>144.095001</ele>
  <time>2010-07-31T08:58:57Z</time>
</trkpt>
<trkpt lat="54.026706722" lon="51.887905123">
  <ele>144.223999</ele>
  <time>2010-07-31T08:58:58Z</time>
</trkpt>
<trkpt lat="54.026744859" lon="51.888160687">
  <ele>144.186005</ele>
  <time>2010-07-31T08:58:59Z</time>
</trkpt>
<trkpt lat="54.026786769" lon="51.888420107">
  <ele>144.311996</ele>
  <time>2010-07-31T08:59:00Z</time>
</trkpt>
<trkpt lat="54.026832618" lon="51.888683299">
  <ele>144.429001</ele>
  <time>2010-07-31T08:59:01Z</time>
</trkpt>
<trkpt lat="54.026878383" lon="51.888954202">
  <ele>144.444000</ele>
  <time>2010-07-31T08:59:02Z</time>
</trkpt>
<trkpt lat="54.026920293" lon="51.889228793">
  <ele>144.554993</ele>
  <time>2010-07-31T08:59:03Z</time>
</trkpt>
<trkpt lat="54.026966058" lon="51.889507324">
  <ele>144.718994</ele>
  <time>2010-07-31T08:59:04Z</time>
</trkpt>
<trkpt lat="54.027011907" lon="51.889785770">
  <ele>144.889999</ele>
  <time>2010-07-31T08:59:05Z</time>
</trkpt>
<trkpt lat="54.027057672" lon="51.890068073">
  <ele>145.216995</ele>
  <time>2010-07-31T08:59:06Z</time>
</trkpt>
<trkpt lat="54.027103437" lon="51.890346520">
  <ele>145.416000</ele>
  <time>2010-07-31T08:59:07Z</time>
</trkpt>
<trkpt lat="54.027152974" lon="51.890636450">
  <ele>145.606003</ele>
  <time>2010-07-31T08:59:08Z</time>
</trkpt>
<trkpt lat="54.027198823" lon="51.890918752">
  <ele>145.901001</ele>
  <time>2010-07-31T08:59:09Z</time>
</trkpt>
<trkpt lat="54.027244588" lon="51.891201055">
  <ele>146.237000</ele>
  <time>2010-07-31T08:59:10Z</time>
</trkpt>
<trkpt lat="54.027286498" lon="51.891479502">
  <ele>146.529007</ele>
  <time>2010-07-31T08:59:11Z</time>
</trkpt>
<trkpt lat="54.027332347" lon="51.891750321">
  <ele>147.065002</ele>
  <time>2010-07-31T08:59:12Z</time>
</trkpt>
<trkpt lat="54.027374256" lon="51.892017368">
  <ele>147.602005</ele>
  <time>2010-07-31T08:59:13Z</time>
</trkpt>
<trkpt lat="54.027420022" lon="51.892284416">
  <ele>148.014999</ele>
  <time>2010-07-31T08:59:14Z</time>
</trkpt>
<trkpt lat="54.027465787" lon="51.892551463">
  <ele>148.481995</ele>
  <time>2010-07-31T08:59:15Z</time>
</trkpt>
<trkpt lat="54.027511636" lon="51.892810799">
  <ele>149.091003</ele>
  <time>2010-07-31T08:59:16Z</time>
</trkpt>
<trkpt lat="54.027553545" lon="51.893066447">
  <ele>149.554001</ele>
  <time>2010-07-31T08:59:17Z</time>
</trkpt>
<trkpt lat="54.027595539" lon="51.893314384">
  <ele>150.296997</ele>
  <time>2010-07-31T08:59:18Z</time>
</trkpt>
<trkpt lat="54.027637448" lon="51.893558465">
  <ele>150.880997</ele>
  <time>2010-07-31T08:59:19Z</time>
</trkpt>
<trkpt lat="54.027675670" lon="51.893798858">
  <ele>151.304993</ele>
  <time>2010-07-31T08:59:20Z</time>
</trkpt>
<trkpt lat="54.027713807" lon="51.894046795">
  <ele>151.729004</ele>
  <time>2010-07-31T08:59:21Z</time>
</trkpt>
<trkpt lat="54.027755717" lon="51.894287104">
  <ele>152.360992</ele>
  <time>2010-07-31T08:59:22Z</time>
</trkpt>
<trkpt lat="54.027793854" lon="51.894531269">
  <ele>152.848999</ele>
  <time>2010-07-31T08:59:23Z</time>
</trkpt>
<trkpt lat="54.027831992" lon="51.894775350">
  <ele>153.292999</ele>
  <time>2010-07-31T08:59:24Z</time>
</trkpt>
<trkpt lat="54.027873985" lon="51.895027142">
  <ele>153.735001</ele>
  <time>2010-07-31T08:59:25Z</time>
</trkpt>
<trkpt lat="54.027915979" lon="51.895278934">
  <ele>154.113007</ele>
  <time>2010-07-31T08:59:26Z</time>
</trkpt>
<trkpt lat="54.027957888" lon="51.895534499">
  <ele>154.462997</ele>
  <time>2010-07-31T08:59:27Z</time>
</trkpt>
<trkpt lat="54.027999882" lon="51.895797690">
  <ele>154.798996</ele>
  <time>2010-07-31T08:59:28Z</time>
</trkpt>
<trkpt lat="54.028045647" lon="51.896068593">
  <ele>154.957993</ele>
  <time>2010-07-31T08:59:29Z</time>
</trkpt>
<trkpt lat="54.028091412" lon="51.896343268">
  <ele>155.250000</ele>
  <time>2010-07-31T08:59:30Z</time>
</trkpt>
<trkpt lat="54.028137177" lon="51.896617860">
  <ele>155.386002</ele>
  <time>2010-07-31T08:59:31Z</time>
</trkpt>
<trkpt lat="54.028182942" lon="51.896892535">
  <ele>155.449005</ele>
  <time>2010-07-31T08:59:32Z</time>
</trkpt>
<trkpt lat="54.028228791" lon="51.897170981">
  <ele>155.554993</ele>
  <time>2010-07-31T08:59:33Z</time>
</trkpt>
<trkpt lat="54.028278328" lon="51.897449512">
  <ele>155.507004</ele>
  <time>2010-07-31T08:59:34Z</time>
</trkpt>
<trkpt lat="54.028324094" lon="51.897727959">
  <ele>155.677002</ele>
  <time>2010-07-31T08:59:35Z</time>
</trkpt>
<trkpt lat="54.028369943" lon="51.898002634">
  <ele>155.520004</ele>
  <time>2010-07-31T08:59:36Z</time>
</trkpt>
<trkpt lat="54.028408080" lon="51.898273453">
  <ele>155.479996</ele>
  <time>2010-07-31T08:59:37Z</time>
</trkpt>
<trkpt lat="54.028449990" lon="51.898555756">
  <ele>155.283997</ele>
  <time>2010-07-31T08:59:38Z</time>
</trkpt>
<trkpt lat="54.028499611" lon="51.898849458">
  <ele>155.171005</ele>
  <time>2010-07-31T08:59:39Z</time>
</trkpt>
<trkpt lat="54.028545376" lon="51.899154643">
  <ele>155.035995</ele>
  <time>2010-07-31T08:59:40Z</time>
</trkpt>
<trkpt lat="54.028594997" lon="51.899475083">
  <ele>154.725006</ele>
  <time>2010-07-31T08:59:41Z</time>
</trkpt>
<trkpt lat="54.028652161" lon="51.899799379">
  <ele>154.158997</ele>
  <time>2010-07-31T08:59:42Z</time>
</trkpt>
<trkpt lat="54.028709410" lon="51.900135074">
  <ele>153.727997</ele>
  <time>2010-07-31T08:59:43Z</time>
</trkpt>
<trkpt lat="54.028766658" lon="51.900478397">
  <ele>153.119995</ele>
  <time>2010-07-31T08:59:44Z</time>
</trkpt>
<trkpt lat="54.028827678" lon="51.900825491">
  <ele>152.395996</ele>
  <time>2010-07-31T08:59:45Z</time>
</trkpt>
<trkpt lat="54.028888699" lon="51.901191697">
  <ele>151.417999</ele>
  <time>2010-07-31T08:59:46Z</time>
</trkpt>
<trkpt lat="54.028953575" lon="51.901565529">
  <ele>150.438995</ele>
  <time>2010-07-31T08:59:47Z</time>
</trkpt>
<trkpt lat="54.029018367" lon="51.901950845">
  <ele>149.231003</ele>
  <time>2010-07-31T08:59:48Z</time>
</trkpt>
<trkpt lat="54.029083243" lon="51.902343789">
  <ele>148.104004</ele>
  <time>2010-07-31T08:59:49Z</time>
</trkpt>
<trkpt lat="54.029148119" lon="51.902751904">
  <ele>146.964996</ele>
  <time>2010-07-31T08:59:50Z</time>
</trkpt>
<trkpt lat="54.029216766" lon="51.903171502">
  <ele>145.692993</ele>
  <time>2010-07-31T08:59:51Z</time>
</trkpt>
<trkpt lat="54.029281642" lon="51.903606439">
  <ele>144.367004</ele>
  <time>2010-07-31T08:59:52Z</time>
</trkpt>
<trkpt lat="54.029346434" lon="51.904045064">
  <ele>143.145004</ele>
  <time>2010-07-31T08:59:53Z</time>
</trkpt>
<trkpt lat="54.029407538" lon="51.904491400">
  <ele>142.050003</ele>
  <time>2010-07-31T08:59:54Z</time>
</trkpt>
<trkpt lat="54.029472331" lon="51.904937737">
  <ele>140.931000</ele>
  <time>2010-07-31T08:59:55Z</time>
</trkpt>
<trkpt lat="54.029537207" lon="51.905387845">
  <ele>140.149002</ele>
  <time>2010-07-31T08:59:56Z</time>
</trkpt>
<trkpt lat="54.029605854" lon="51.905834181">
  <ele>139.738007</ele>
  <time>2010-07-31T08:59:57Z</time>
</trkpt>
<trkpt lat="54.029678358" lon="51.906276662">
  <ele>139.102997</ele>
  <time>2010-07-31T08:59:58Z</time>
</trkpt>
<trkpt lat="54.029747006" lon="51.906711599">
  <ele>139.000000</ele>
  <time>2010-07-31T08:59:59Z</time>
</trkpt>
<trkpt lat="54.029815653" lon="51.907134969">
  <ele>138.912003</ele>
  <time>2010-07-31T09:00:00Z</time>
</trkpt>
<trkpt lat="54.029884301" lon="51.907558423">
  <ele>139.082993</ele>
  <time>2010-07-31T09:00:01Z</time>
</trkpt>
<trkpt lat="54.029949177" lon="51.907981876">
  <ele>139.738998</ele>
  <time>2010-07-31T09:00:02Z</time>
</trkpt>
<trkpt lat="54.030017825" lon="51.908401474">
  <ele>140.287994</ele>
  <time>2010-07-31T09:00:03Z</time>
</trkpt>
<trkpt lat="54.030082701" lon="51.908824928">
  <ele>141.037994</ele>
  <time>2010-07-31T09:00:04Z</time>
</trkpt>
<trkpt lat="54.030147577" lon="51.909248382">
  <ele>141.824997</ele>
  <time>2010-07-31T09:00:05Z</time>
</trkpt>
<trkpt lat="54.030216224" lon="51.909667980">
  <ele>142.444000</ele>
  <time>2010-07-31T09:00:06Z</time>
</trkpt>
<trkpt lat="54.030284872" lon="51.910079950">
  <ele>143.054001</ele>
  <time>2010-07-31T09:00:07Z</time>
</trkpt>
<trkpt lat="54.030353520" lon="51.910491921">
  <ele>143.632004</ele>
  <time>2010-07-31T09:00:08Z</time>
</trkpt>
<trkpt lat="54.030422252" lon="51.910903892">
  <ele>144.143005</ele>
  <time>2010-07-31T09:00:09Z</time>
</trkpt>
<trkpt lat="54.030490899" lon="51.911323573">
  <ele>144.535995</ele>
  <time>2010-07-31T09:00:10Z</time>
</trkpt>
<trkpt lat="54.030563319" lon="51.911739316">
  <ele>144.768997</ele>
  <time>2010-07-31T09:00:11Z</time>
</trkpt>
<trkpt lat="54.030632051" lon="51.912158998">
  <ele>144.839996</ele>
  <time>2010-07-31T09:00:12Z</time>
</trkpt>
<trkpt lat="54.030700698" lon="51.912578596">
  <ele>145.014008</ele>
  <time>2010-07-31T09:00:13Z</time>
</trkpt>
<trkpt lat="54.030765574" lon="51.912994422">
  <ele>145.389999</ele>
  <time>2010-07-31T09:00:14Z</time>
</trkpt>
<trkpt lat="54.030834222" lon="51.913410164">
  <ele>145.488007</ele>
  <time>2010-07-31T09:00:15Z</time>
</trkpt>
<trkpt lat="54.030895242" lon="51.913825991">
  <ele>145.723007</ele>
  <time>2010-07-31T09:00:16Z</time>
</trkpt>
<trkpt lat="54.030960118" lon="51.914237961">
  <ele>145.632004</ele>
  <time>2010-07-31T09:00:17Z</time>
</trkpt>
<trkpt lat="54.031024911" lon="51.914646160">
  <ele>145.806000</ele>
  <time>2010-07-31T09:00:18Z</time>
</trkpt>
<trkpt lat="54.031093558" lon="51.915058130">
  <ele>145.671005</ele>
  <time>2010-07-31T09:00:19Z</time>
</trkpt>
<trkpt lat="54.031166062" lon="51.915470101">
  <ele>145.757996</ele>
  <time>2010-07-31T09:00:20Z</time>
</trkpt>
<trkpt lat="54.031234710" lon="51.915885927">
  <ele>145.578003</ele>
  <time>2010-07-31T09:00:21Z</time>
</trkpt>
<trkpt lat="54.031303441" lon="51.916305525">
  <ele>145.481995</ele>
  <time>2010-07-31T09:00:22Z</time>
</trkpt>
<trkpt lat="54.031372089" lon="51.916725123">
  <ele>145.322006</ele>
  <time>2010-07-31T09:00:23Z</time>
</trkpt>
<trkpt lat="54.031436881" lon="51.917148577">
  <ele>145.328995</ele>
  <time>2010-07-31T09:00:24Z</time>
</trkpt>
<trkpt lat="54.031505613" lon="51.917560548">
  <ele>145.283997</ele>
  <time>2010-07-31T09:00:25Z</time>
</trkpt>
<trkpt lat="54.031570405" lon="51.917976374">
  <ele>145.082993</ele>
  <time>2010-07-31T09:00:26Z</time>
</trkpt>
<trkpt lat="54.031639136" lon="51.918388344">
  <ele>144.968002</ele>
  <time>2010-07-31T09:00:27Z</time>
</trkpt>
<trkpt lat="54.031707784" lon="51.918800315">
  <ele>145.281006</ele>
  <time>2010-07-31T09:00:28Z</time>
</trkpt>
<trkpt lat="54.031772576" lon="51.919216141">
  <ele>145.235992</ele>
  <time>2010-07-31T09:00:29Z</time>
</trkpt>
<trkpt lat="54.031841308" lon="51.919620484">
  <ele>145.550003</ele>
  <time>2010-07-31T09:00:30Z</time>
</trkpt>
<trkpt lat="54.031902328" lon="51.920024911">
  <ele>145.966003</ele>
  <time>2010-07-31T09:00:31Z</time>
</trkpt>
<trkpt lat="54.031963348" lon="51.920421626">
  <ele>146.541000</ele>
  <time>2010-07-31T09:00:32Z</time>
</trkpt>
<trkpt lat="54.032028224" lon="51.920818342">
  <ele>147.035995</ele>
  <time>2010-07-31T09:00:33Z</time>
</trkpt>
<trkpt lat="54.032093016" lon="51.921211202">
  <ele>147.727997</ele>
  <time>2010-07-31T09:00:34Z</time>
</trkpt>
<trkpt lat="54.032157892" lon="51.921600373">
  <ele>148.235992</ele>
  <time>2010-07-31T09:00:35Z</time>
</trkpt>
<trkpt lat="54.032218913" lon="51.921993233">
  <ele>148.942993</ele>
  <time>2010-07-31T09:00:36Z</time>
</trkpt>
<trkpt lat="54.032283789" lon="51.922382321">
  <ele>149.841995</ele>
  <time>2010-07-31T09:00:37Z</time>
</trkpt>
<trkpt lat="54.032348664" lon="51.922775265">
  <ele>150.462006</ele>
  <time>2010-07-31T09:00:38Z</time>
</trkpt>
<trkpt lat="54.032413457" lon="51.923164353">
  <ele>150.792007</ele>
  <time>2010-07-31T09:00:39Z</time>
</trkpt>
<trkpt lat="54.032478333" lon="51.923553441">
  <ele>151.067993</ele>
  <time>2010-07-31T09:00:40Z</time>
</trkpt>
<trkpt lat="54.032543208" lon="51.923934901">
  <ele>151.175003</ele>
  <time>2010-07-31T09:00:41Z</time>
</trkpt>
<trkpt lat="54.032608001" lon="51.924320217">
  <ele>151.470993</ele>
  <time>2010-07-31T09:00:42Z</time>
</trkpt>
<trkpt lat="54.032665249" lon="51.924697906">
  <ele>151.526993</ele>
  <time>2010-07-31T09:00:43Z</time>
</trkpt>
<trkpt lat="54.032730125" lon="51.925071739">
  <ele>151.617996</ele>
  <time>2010-07-31T09:00:44Z</time>
</trkpt>
<trkpt lat="54.032787289" lon="51.925441716">
  <ele>151.533997</ele>
  <time>2010-07-31T09:00:45Z</time>
</trkpt>
<trkpt lat="54.032848394" lon="51.925800294">
  <ele>151.227997</ele>
  <time>2010-07-31T09:00:46Z</time>
</trkpt>
<trkpt lat="54.032901786" lon="51.926158872">
  <ele>150.944000</ele>
  <time>2010-07-31T09:00:47Z</time>
</trkpt>
<trkpt lat="54.032962807" lon="51.926521305">
  <ele>150.903000</ele>
  <time>2010-07-31T09:00:48Z</time>
</trkpt>
<trkpt lat="54.033023827" lon="51.926883738">
  <ele>150.751999</ele>
  <time>2010-07-31T09:00:49Z</time>
</trkpt>
<trkpt lat="54.033084847" lon="51.927242316">
  <ele>150.365005</ele>
  <time>2010-07-31T09:00:50Z</time>
</trkpt>
<trkpt lat="54.033142095" lon="51.927597038">
  <ele>149.628006</ele>
  <time>2010-07-31T09:00:51Z</time>
</trkpt>
<trkpt lat="54.033199344" lon="51.927947989">
  <ele>148.897003</ele>
  <time>2010-07-31T09:00:52Z</time>
</trkpt>
<trkpt lat="54.033256508" lon="51.928295167">
  <ele>148.035995</ele>
  <time>2010-07-31T09:00:53Z</time>
</trkpt>
<trkpt lat="54.033309901" lon="51.928638490">
  <ele>146.988998</ele>
  <time>2010-07-31T09:00:54Z</time>
</trkpt>
<trkpt lat="54.033363378" lon="51.928981813">
  <ele>146.173996</ele>
  <time>2010-07-31T09:00:55Z</time>
</trkpt>
<trkpt lat="54.033420542" lon="51.929321280">
  <ele>145.141998</ele>
  <time>2010-07-31T09:00:56Z</time>
</trkpt>
<trkpt lat="54.033477791" lon="51.929660831">
  <ele>144.214996</ele>
  <time>2010-07-31T09:00:57Z</time>
</trkpt>
<trkpt lat="54.033535039" lon="51.930000298">
  <ele>143.065002</ele>
  <time>2010-07-31T09:00:58Z</time>
</trkpt>
<trkpt lat="54.033588432" lon="51.930351248">
  <ele>142.003998</ele>
  <time>2010-07-31T09:00:59Z</time>
</trkpt>
<trkpt lat="54.033645596" lon="51.930706054">
  <ele>140.906006</ele>
  <time>2010-07-31T09:01:00Z</time>
</trkpt>
<trkpt lat="54.033699073" lon="51.931053149">
  <ele>139.858994</ele>
  <time>2010-07-31T09:01:01Z</time>
</trkpt>
<trkpt lat="54.033752466" lon="51.931385072">
  <ele>138.703995</ele>
  <time>2010-07-31T09:01:02Z</time>
</trkpt>
<trkpt lat="54.033802003" lon="51.931705512">
  <ele>137.641998</ele>
  <time>2010-07-31T09:01:03Z</time>
</trkpt>
<trkpt lat="54.033855479" lon="51.932022097">
  <ele>136.632004</ele>
  <time>2010-07-31T09:01:04Z</time>
</trkpt>
<trkpt lat="54.033908872" lon="51.932334909">
  <ele>135.802002</ele>
  <time>2010-07-31T09:01:05Z</time>
</trkpt>
<trkpt lat="54.033958409" lon="51.932655349">
  <ele>134.759003</ele>
  <time>2010-07-31T09:01:06Z</time>
</trkpt>
<trkpt lat="54.034008030" lon="51.932971934">
  <ele>133.283997</ele>
  <time>2010-07-31T09:01:07Z</time>
</trkpt>
<trkpt lat="54.034061423" lon="51.933300002">
  <ele>132.272003</ele>
  <time>2010-07-31T09:01:08Z</time>
</trkpt>
<trkpt lat="54.034122443" lon="51.933631925">
  <ele>131.024002</ele>
  <time>2010-07-31T09:01:09Z</time>
</trkpt>
<trkpt lat="54.034179691" lon="51.933975248">
  <ele>129.766998</ele>
  <time>2010-07-31T09:01:10Z</time>
</trkpt>
<trkpt lat="54.034233084" lon="51.934322342">
  <ele>128.966995</ele>
  <time>2010-07-31T09:01:11Z</time>
</trkpt>
<trkpt lat="54.034282705" lon="51.934654266">
  <ele>127.711998</ele>
  <time>2010-07-31T09:01:12Z</time>
</trkpt>
<trkpt lat="54.034332242" lon="51.934978478">
  <ele>126.605003</ele>
  <time>2010-07-31T09:01:13Z</time>
</trkpt>
<trkpt lat="54.034381863" lon="51.935287435">
  <ele>125.570000</ele>
  <time>2010-07-31T09:01:14Z</time>
</trkpt>
<trkpt lat="54.034431484" lon="51.935596475">
  <ele>124.393997</ele>
  <time>2010-07-31T09:01:15Z</time>
</trkpt>
<trkpt lat="54.034477249" lon="51.935905432">
  <ele>123.605003</ele>
  <time>2010-07-31T09:01:16Z</time>
</trkpt>
<trkpt lat="54.034523014" lon="51.936214473">
  <ele>122.820999</ele>
  <time>2010-07-31T09:01:17Z</time>
</trkpt>
<trkpt lat="54.034572635" lon="51.936531058">
  <ele>122.127998</ele>
  <time>2010-07-31T09:01:18Z</time>
</trkpt>
<trkpt lat="54.034622172" lon="51.936843870">
  <ele>121.772003</ele>
  <time>2010-07-31T09:01:19Z</time>
</trkpt>
<trkpt lat="54.034675565" lon="51.937160455">
  <ele>121.692001</ele>
  <time>2010-07-31T09:01:20Z</time>
</trkpt>
<trkpt lat="54.034729041" lon="51.937473267">
  <ele>121.737999</ele>
  <time>2010-07-31T09:01:21Z</time>
</trkpt>
<trkpt lat="54.034778578" lon="51.937786080">
  <ele>121.734001</ele>
  <time>2010-07-31T09:01:22Z</time>
</trkpt>
<trkpt lat="54.034824343" lon="51.938095121">
  <ele>122.106003</ele>
  <time>2010-07-31T09:01:23Z</time>
</trkpt>
<trkpt lat="54.034870109" lon="51.938407933">
  <ele>122.628998</ele>
  <time>2010-07-31T09:01:24Z</time>
</trkpt>
<trkpt lat="54.034919729" lon="51.938713035">
  <ele>123.127998</ele>
  <time>2010-07-31T09:01:25Z</time>
</trkpt>
<trkpt lat="54.034969350" lon="51.939018220">
  <ele>123.857002</ele>
  <time>2010-07-31T09:01:26Z</time>
</trkpt>
<trkpt lat="54.035015116" lon="51.939323405">
  <ele>124.491997</ele>
  <time>2010-07-31T09:01:27Z</time>
</trkpt>
<trkpt lat="54.035068508" lon="51.939624818">
  <ele>125.032997</ele>
  <time>2010-07-31T09:01:28Z</time>
</trkpt>
<trkpt lat="54.035118129" lon="51.939922292">
  <ele>125.394997</ele>
  <time>2010-07-31T09:01:29Z</time>
</trkpt>
<trkpt lat="54.035171522" lon="51.940223705">
  <ele>126.041000</ele>
  <time>2010-07-31T09:01:30Z</time>
</trkpt>
<trkpt lat="54.035224915" lon="51.940528890">
  <ele>126.586998</ele>
  <time>2010-07-31T09:01:31Z</time>
</trkpt>
<trkpt lat="54.035278307" lon="51.940834075">
  <ele>126.856003</ele>
  <time>2010-07-31T09:01:32Z</time>
</trkpt>
<trkpt lat="54.035331700" lon="51.941143032">
  <ele>127.047997</ele>
  <time>2010-07-31T09:01:33Z</time>
</trkpt>
<trkpt lat="54.035385093" lon="51.941467244">
  <ele>127.375000</ele>
  <time>2010-07-31T09:01:34Z</time>
</trkpt>
<trkpt lat="54.035446197" lon="51.941802939">
  <ele>128.072998</ele>
  <time>2010-07-31T09:01:35Z</time>
</trkpt>
<trkpt lat="54.035507217" lon="51.942150118">
  <ele>128.582993</ele>
  <time>2010-07-31T09:01:36Z</time>
</trkpt>
<trkpt lat="54.035568237" lon="51.942501068">
  <ele>129.192001</ele>
  <time>2010-07-31T09:01:37Z</time>
</trkpt>
<trkpt lat="54.035629258" lon="51.942859646">
  <ele>129.682999</ele>
  <time>2010-07-31T09:01:38Z</time>
</trkpt>
<trkpt lat="54.035690278" lon="51.943225851">
  <ele>130.013000</ele>
  <time>2010-07-31T09:01:39Z</time>
</trkpt>
<trkpt lat="54.035747526" lon="51.943603540">
  <ele>130.341003</ele>
  <time>2010-07-31T09:01:40Z</time>
</trkpt>
<trkpt lat="54.035808546" lon="51.943988772">
  <ele>130.796997</ele>
  <time>2010-07-31T09:01:41Z</time>
</trkpt>
<trkpt lat="54.035865795" lon="51.944389343">
  <ele>131.518005</ele>
  <time>2010-07-31T09:01:42Z</time>
</trkpt>
<trkpt lat="54.035919188" lon="51.944786059">
  <ele>131.820007</ele>
  <time>2010-07-31T09:01:43Z</time>
</trkpt>
<trkpt lat="54.035976436" lon="51.945175147">
  <ele>132.608002</ele>
  <time>2010-07-31T09:01:44Z</time>
</trkpt>
<trkpt lat="54.036029829" lon="51.945556607">
  <ele>133.016998</ele>
  <time>2010-07-31T09:01:45Z</time>
</trkpt>
<trkpt lat="54.036087077" lon="51.945919041">
  <ele>133.742004</ele>
  <time>2010-07-31T09:01:46Z</time>
</trkpt>
<trkpt lat="54.036140470" lon="51.946258508">
  <ele>133.996002</ele>
  <time>2010-07-31T09:01:47Z</time>
</trkpt>
<trkpt lat="54.036197634" lon="51.946586575">
  <ele>134.322998</ele>
  <time>2010-07-31T09:01:48Z</time>
</trkpt>
<trkpt lat="54.036247255" lon="51.946899388">
  <ele>134.529999</ele>
  <time>2010-07-31T09:01:49Z</time>
</trkpt>
<trkpt lat="54.036300648" lon="51.947196946">
  <ele>134.615005</ele>
  <time>2010-07-31T09:01:50Z</time>
</trkpt>
<trkpt lat="54.036346413" lon="51.947483104">
  <ele>134.548004</ele>
  <time>2010-07-31T09:01:51Z</time>
</trkpt>
<trkpt lat="54.036396034" lon="51.947761551">
  <ele>134.354996</ele>
  <time>2010-07-31T09:01:52Z</time>
</trkpt>
<trkpt lat="54.036438027" lon="51.948039997">
  <ele>134.362000</ele>
  <time>2010-07-31T09:01:53Z</time>
</trkpt>
<trkpt lat="54.036483793" lon="51.948314672">
  <ele>134.557999</ele>
  <time>2010-07-31T09:01:54Z</time>
</trkpt>
<trkpt lat="54.036529558" lon="51.948589347">
  <ele>134.748001</ele>
  <time>2010-07-31T09:01:55Z</time>
</trkpt>
<trkpt lat="54.036575323" lon="51.948867794">
  <ele>134.912003</ele>
  <time>2010-07-31T09:01:56Z</time>
</trkpt>
<trkpt lat="54.036624944" lon="51.949146241">
  <ele>135.207001</ele>
  <time>2010-07-31T09:01:57Z</time>
</trkpt>
<trkpt lat="54.036666853" lon="51.949428543">
  <ele>135.399994</ele>
  <time>2010-07-31T09:01:58Z</time>
</trkpt>
<trkpt lat="54.036712619" lon="51.949706990">
  <ele>135.516998</ele>
  <time>2010-07-31T09:01:59Z</time>
</trkpt>
<trkpt lat="54.036754612" lon="51.949981665">
  <ele>135.800003</ele>
  <time>2010-07-31T09:02:00Z</time>
</trkpt>
<trkpt lat="54.036800377" lon="51.950248713">
  <ele>135.843002</ele>
  <time>2010-07-31T09:02:01Z</time>
</trkpt>
<trkpt lat="54.036846142" lon="51.950515760">
  <ele>135.856003</ele>
  <time>2010-07-31T09:02:02Z</time>
</trkpt>
<trkpt lat="54.036888136" lon="51.950786579">
  <ele>135.809006</ele>
  <time>2010-07-31T09:02:03Z</time>
</trkpt>
<trkpt lat="54.036933901" lon="51.951065026">
  <ele>135.807007</ele>
  <time>2010-07-31T09:02:04Z</time>
</trkpt>
<trkpt lat="54.036979666" lon="51.951343557">
  <ele>135.940994</ele>
  <time>2010-07-31T09:02:05Z</time>
</trkpt>
<trkpt lat="54.037025431" lon="51.951633487">
  <ele>135.863007</ele>
  <time>2010-07-31T09:02:06Z</time>
</trkpt>
<trkpt lat="54.037078824" lon="51.951934816">
  <ele>135.860992</ele>
  <time>2010-07-31T09:02:07Z</time>
</trkpt>
<trkpt lat="54.037132300" lon="51.952232374">
  <ele>135.770996</ele>
  <time>2010-07-31T09:02:08Z</time>
</trkpt>
<trkpt lat="54.037189465" lon="51.952529931">
  <ele>135.675003</ele>
  <time>2010-07-31T09:02:09Z</time>
</trkpt>
<trkpt lat="54.037239086" lon="51.952835117">
  <ele>135.811005</ele>
  <time>2010-07-31T09:02:10Z</time>
</trkpt>
<trkpt lat="54.037292479" lon="51.953151701">
  <ele>135.848007</ele>
  <time>2010-07-31T09:02:11Z</time>
</trkpt>
<trkpt lat="54.037349727" lon="51.953475913">
  <ele>135.761002</ele>
  <time>2010-07-31T09:02:12Z</time>
</trkpt>
<trkpt lat="54.037403120" lon="51.953815464">
  <ele>135.688004</ele>
  <time>2010-07-31T09:02:13Z</time>
</trkpt>
<trkpt lat="54.037460368" lon="51.954166414">
  <ele>135.570999</ele>
  <time>2010-07-31T09:02:14Z</time>
</trkpt>
<trkpt lat="54.037517533" lon="51.954524992">
  <ele>135.457001</ele>
  <time>2010-07-31T09:02:15Z</time>
</trkpt>
<trkpt lat="54.037578553" lon="51.954895053">
  <ele>135.063995</ele>
  <time>2010-07-31T09:02:16Z</time>
</trkpt>
<trkpt lat="54.037643429" lon="51.955276513">
  <ele>134.462997</ele>
  <time>2010-07-31T09:02:17Z</time>
</trkpt>
<trkpt lat="54.037704449" lon="51.955661746">
  <ele>133.626999</ele>
  <time>2010-07-31T09:02:18Z</time>
</trkpt>
<trkpt lat="54.037761698" lon="51.956054689">
  <ele>132.919006</ele>
  <time>2010-07-31T09:02:19Z</time>
</trkpt>
<trkpt lat="54.037818946" lon="51.956455261">
  <ele>132.307007</ele>
  <time>2010-07-31T09:02:20Z</time>
</trkpt>
<trkpt lat="54.037876111" lon="51.956863375">
  <ele>132.072006</ele>
  <time>2010-07-31T09:02:21Z</time>
</trkpt>
<trkpt lat="54.037933359" lon="51.957263947">
  <ele>131.298996</ele>
  <time>2010-07-31T09:02:22Z</time>
</trkpt>
<trkpt lat="54.037990607" lon="51.957664518">
  <ele>130.276001</ele>
  <time>2010-07-31T09:02:23Z</time>
</trkpt>
<trkpt lat="54.038055399" lon="51.958061233">
  <ele>129.093994</ele>
  <time>2010-07-31T09:02:24Z</time>
</trkpt>
<trkpt lat="54.038120275" lon="51.958454093">
  <ele>127.797997</ele>
  <time>2010-07-31T09:02:25Z</time>
</trkpt>
<trkpt lat="54.038185151" lon="51.958850892">
  <ele>126.276001</ele>
  <time>2010-07-31T09:02:26Z</time>
</trkpt>
<trkpt lat="54.038246172" lon="51.959247608">
  <ele>124.782997</ele>
  <time>2010-07-31T09:02:27Z</time>
</trkpt>
<trkpt lat="54.038307192" lon="51.959651951">
  <ele>123.502998</ele>
  <time>2010-07-31T09:02:28Z</time>
</trkpt>
<trkpt lat="54.038368212" lon="51.960056294">
  <ele>122.171997</ele>
  <time>2010-07-31T09:02:29Z</time>
</trkpt>
<trkpt lat="54.038433088" lon="51.960460637">
  <ele>120.689003</ele>
  <time>2010-07-31T09:02:30Z</time>
</trkpt>
<trkpt lat="54.038501736" lon="51.960868835">
  <ele>119.250000</ele>
  <time>2010-07-31T09:02:31Z</time>
</trkpt>
<trkpt lat="54.038566612" lon="51.961280806">
  <ele>117.849998</ele>
  <time>2010-07-31T09:02:32Z</time>
</trkpt>
<trkpt lat="54.038631404" lon="51.961689005">
  <ele>116.487000</ele>
  <time>2010-07-31T09:02:33Z</time>
</trkpt>
<trkpt lat="54.038700135" lon="51.962100975">
  <ele>115.252998</ele>
  <time>2010-07-31T09:02:34Z</time>
</trkpt>
<trkpt lat="54.038764928" lon="51.962516801">
  <ele>113.989998</ele>
  <time>2010-07-31T09:02:35Z</time>
</trkpt>
<trkpt lat="54.038833659" lon="51.962932628">
  <ele>112.614998</ele>
  <time>2010-07-31T09:02:36Z</time>
</trkpt>
<trkpt lat="54.038898451" lon="51.963348370">
  <ele>111.308998</ele>
  <time>2010-07-31T09:02:37Z</time>
</trkpt>
<trkpt lat="54.038967099" lon="51.963767968">
  <ele>110.287003</ele>
  <time>2010-07-31T09:02:38Z</time>
</trkpt>
<trkpt lat="54.039031975" lon="51.964187650">
  <ele>109.306999</ele>
  <time>2010-07-31T09:02:39Z</time>
</trkpt>
<trkpt lat="54.039100623" lon="51.964607248">
  <ele>108.686996</ele>
  <time>2010-07-31T09:02:40Z</time>
</trkpt>
<trkpt lat="54.039165499" lon="51.965026846">
  <ele>108.248001</ele>
  <time>2010-07-31T09:02:41Z</time>
</trkpt>
<trkpt lat="54.039234146" lon="51.965450300">
  <ele>108.137001</ele>
  <time>2010-07-31T09:02:42Z</time>
</trkpt>
<trkpt lat="54.039302794" lon="51.965869898">
  <ele>108.513000</ele>
  <time>2010-07-31T09:02:43Z</time>
</trkpt>
<trkpt lat="54.039371526" lon="51.966293352">
  <ele>109.373001</ele>
  <time>2010-07-31T09:02:44Z</time>
</trkpt>
<trkpt lat="54.039436318" lon="51.966716805">
  <ele>110.286003</ele>
  <time>2010-07-31T09:02:45Z</time>
</trkpt>
<trkpt lat="54.039504966" lon="51.967140175">
  <ele>111.481003</ele>
  <time>2010-07-31T09:02:46Z</time>
</trkpt>
<trkpt lat="54.039569842" lon="51.967559773">
  <ele>112.584999</ele>
  <time>2010-07-31T09:02:47Z</time>
</trkpt>
<trkpt lat="54.039638489" lon="51.967975600">
  <ele>113.999001</ele>
  <time>2010-07-31T09:02:48Z</time>
</trkpt>
<trkpt lat="54.039699594" lon="51.968383798">
  <ele>115.091003</ele>
  <time>2010-07-31T09:02:49Z</time>
</trkpt>
<trkpt lat="54.039768241" lon="51.968784370">
  <ele>116.157997</ele>
  <time>2010-07-31T09:02:50Z</time>
</trkpt>
<trkpt lat="54.039833033" lon="51.969181085">
  <ele>116.899002</ele>
  <time>2010-07-31T09:02:51Z</time>
</trkpt>
<trkpt lat="54.039897909" lon="51.969581572">
  <ele>117.638000</ele>
  <time>2010-07-31T09:02:52Z</time>
</trkpt>
<trkpt lat="54.039962785" lon="51.969978372">
  <ele>118.401001</ele>
  <time>2010-07-31T09:02:53Z</time>
</trkpt>
<trkpt lat="54.040027577" lon="51.970375087">
  <ele>119.470001</ele>
  <time>2010-07-31T09:02:54Z</time>
</trkpt>
<trkpt lat="54.040092453" lon="51.970764175">
  <ele>120.122002</ele>
  <time>2010-07-31T09:02:55Z</time>
</trkpt>
<trkpt lat="54.040157329" lon="51.971153263">
  <ele>120.556999</ele>
  <time>2010-07-31T09:02:56Z</time>
</trkpt>
<trkpt lat="54.040218350" lon="51.971538579">
  <ele>121.311996</ele>
  <time>2010-07-31T09:02:57Z</time>
</trkpt>
<trkpt lat="54.040283225" lon="51.971927667">
  <ele>121.545998</ele>
  <time>2010-07-31T09:02:58Z</time>
</trkpt>
<trkpt lat="54.040344246" lon="51.972312899">
  <ele>121.806000</ele>
  <time>2010-07-31T09:02:59Z</time>
</trkpt>
<trkpt lat="54.040405266" lon="51.972701987">
  <ele>122.137001</ele>
  <time>2010-07-31T09:03:00Z</time>
</trkpt>
<trkpt lat="54.040470142" lon="51.973091159">
  <ele>122.380997</ele>
  <time>2010-07-31T09:03:01Z</time>
</trkpt>
<trkpt lat="54.040531162" lon="51.973484019">
  <ele>122.584999</ele>
  <time>2010-07-31T09:03:02Z</time>
</trkpt>
<trkpt lat="54.040596038" lon="51.973880734">
  <ele>122.752998</ele>
  <time>2010-07-31T09:03:03Z</time>
</trkpt>
<trkpt lat="54.040660830" lon="51.974277534">
  <ele>123.028999</ele>
  <time>2010-07-31T09:03:04Z</time>
</trkpt>
<trkpt lat="54.040729562" lon="51.974681877">
  <ele>123.075996</ele>
  <time>2010-07-31T09:03:05Z</time>
</trkpt>
<trkpt lat="54.040798210" lon="51.975086220">
  <ele>123.130997</ele>
  <time>2010-07-31T09:03:06Z</time>
</trkpt>
<trkpt lat="54.040863002" lon="51.975498190">
  <ele>123.198997</ele>
  <time>2010-07-31T09:03:07Z</time>
</trkpt>
<trkpt lat="54.040931733" lon="51.975914016">
  <ele>123.309998</ele>
  <time>2010-07-31T09:03:08Z</time>
</trkpt>
<trkpt lat="54.040996525" lon="51.976333614">
  <ele>123.627998</ele>
  <time>2010-07-31T09:03:09Z</time>
</trkpt>
<trkpt lat="54.041069029" lon="51.976753213">
  <ele>123.731003</ele>
  <time>2010-07-31T09:03:10Z</time>
</trkpt>
<trkpt lat="54.041137677" lon="51.977172811">
  <ele>123.969002</ele>
  <time>2010-07-31T09:03:11Z</time>
</trkpt>
<trkpt lat="54.041210180" lon="51.977592492">
  <ele>124.401001</ele>
  <time>2010-07-31T09:03:12Z</time>
</trkpt>
<trkpt lat="54.041275056" lon="51.978012091">
  <ele>124.538002</ele>
  <time>2010-07-31T09:03:13Z</time>
</trkpt>
<trkpt lat="54.041339848" lon="51.978431689">
  <ele>124.492996</ele>
  <time>2010-07-31T09:03:14Z</time>
</trkpt>
<trkpt lat="54.041408580" lon="51.978851287">
  <ele>124.706001</ele>
  <time>2010-07-31T09:03:15Z</time>
</trkpt>
<trkpt lat="54.041477228" lon="51.979263341">
  <ele>124.875000</ele>
  <time>2010-07-31T09:03:16Z</time>
</trkpt>
<trkpt lat="54.041542020" lon="51.979675312">
  <ele>125.432999</ele>
  <time>2010-07-31T09:03:17Z</time>
</trkpt>
<trkpt lat="54.041610751" lon="51.980083426">
  <ele>125.730003</ele>
  <time>2010-07-31T09:03:18Z</time>
</trkpt>
<trkpt lat="54.041679399" lon="51.980491625">
  <ele>126.469002</ele>
  <time>2010-07-31T09:03:19Z</time>
</trkpt>
<trkpt lat="54.041744191" lon="51.980899824">
  <ele>127.042000</ele>
  <time>2010-07-31T09:03:20Z</time>
</trkpt>
<trkpt lat="54.041805295" lon="51.981300395">
  <ele>127.209999</ele>
  <time>2010-07-31T09:03:21Z</time>
</trkpt>
<trkpt lat="54.041870087" lon="51.981704738">
  <ele>127.549004</ele>
  <time>2010-07-31T09:03:22Z</time>
</trkpt>
<trkpt lat="54.041931191" lon="51.982105225">
  <ele>128.218994</ele>
  <time>2010-07-31T09:03:23Z</time>
</trkpt>
<trkpt lat="54.041992212" lon="51.982498169">
  <ele>128.778000</ele>
  <time>2010-07-31T09:03:24Z</time>
</trkpt>
<trkpt lat="54.042057004" lon="51.982891113">
  <ele>129.417007</ele>
  <time>2010-07-31T09:03:25Z</time>
</trkpt>
<trkpt lat="54.042121880" lon="51.983283972">
  <ele>129.876007</ele>
  <time>2010-07-31T09:03:26Z</time>
</trkpt>
<trkpt lat="54.042186756" lon="51.983680688">
  <ele>130.470993</ele>
  <time>2010-07-31T09:03:27Z</time>
</trkpt>
<trkpt lat="54.042247776" lon="51.984081259">
  <ele>130.919006</ele>
  <time>2010-07-31T09:03:28Z</time>
</trkpt>
<trkpt lat="54.042312652" lon="51.984481830">
  <ele>131.440994</ele>
  <time>2010-07-31T09:03:29Z</time>
</trkpt>
<trkpt lat="54.042373672" lon="51.984886173">
  <ele>131.819000</ele>
  <time>2010-07-31T09:03:30Z</time>
</trkpt>
<trkpt lat="54.042438548" lon="51.985290516">
  <ele>132.326996</ele>
  <time>2010-07-31T09:03:31Z</time>
</trkpt>
<trkpt lat="54.042503340" lon="51.985694859">
  <ele>132.901001</ele>
  <time>2010-07-31T09:03:32Z</time>
</trkpt>
<trkpt lat="54.042568216" lon="51.986106914">
  <ele>133.186005</ele>
  <time>2010-07-31T09:03:33Z</time>
</trkpt>
<trkpt lat="54.042636864" lon="51.986515028">
  <ele>133.688995</ele>
  <time>2010-07-31T09:03:34Z</time>
</trkpt>
<trkpt lat="54.042701740" lon="51.986919371">
  <ele>134.184006</ele>
  <time>2010-07-31T09:03:35Z</time>
</trkpt>
<trkpt lat="54.042770388" lon="51.987323798">
  <ele>134.761002</ele>
  <time>2010-07-31T09:03:36Z</time>
</trkpt>
<trkpt lat="54.042835264" lon="51.987728141">
  <ele>135.182007</ele>
  <time>2010-07-31T09:03:37Z</time>
</trkpt>
<trkpt lat="54.042900056" lon="51.988132484">
  <ele>135.660004</ele>
  <time>2010-07-31T09:03:38Z</time>
</trkpt>
<trkpt lat="54.042961160" lon="51.988536827">
  <ele>136.537003</ele>
  <time>2010-07-31T09:03:39Z</time>
</trkpt>
<trkpt lat="54.043022180" lon="51.988941170">
  <ele>137.199997</ele>
  <time>2010-07-31T09:03:40Z</time>
</trkpt>
<trkpt lat="54.043090828" lon="51.989341741">
  <ele>137.845001</ele>
  <time>2010-07-31T09:03:41Z</time>
</trkpt>
<trkpt lat="54.043155704" lon="51.989746084">
  <ele>138.298996</ele>
  <time>2010-07-31T09:03:42Z</time>
</trkpt>
<trkpt lat="54.043220496" lon="51.990150427">
  <ele>138.712997</ele>
  <time>2010-07-31T09:03:43Z</time>
</trkpt>
<trkpt lat="54.043289144" lon="51.990558626">
  <ele>139.417007</ele>
  <time>2010-07-31T09:03:44Z</time>
</trkpt>
<trkpt lat="54.043354020" lon="51.990962969">
  <ele>139.761993</ele>
  <time>2010-07-31T09:03:45Z</time>
</trkpt>
<trkpt lat="54.043418895" lon="51.991363540">
  <ele>140.419006</ele>
  <time>2010-07-31T09:03:46Z</time>
</trkpt>
<trkpt lat="54.043483771" lon="51.991767883">
  <ele>140.880005</ele>
  <time>2010-07-31T09:03:47Z</time>
</trkpt>
<trkpt lat="54.043544792" lon="51.992172226">
  <ele>141.526993</ele>
  <time>2010-07-31T09:03:48Z</time>
</trkpt>
<trkpt lat="54.043609584" lon="51.992576569">
  <ele>142.115997</ele>
  <time>2010-07-31T09:03:49Z</time>
</trkpt>
<trkpt lat="54.043674460" lon="51.992980996">
  <ele>142.798996</ele>
  <time>2010-07-31T09:03:50Z</time>
</trkpt>
<trkpt lat="54.043735480" lon="51.993385339">
  <ele>143.279007</ele>
  <time>2010-07-31T09:03:51Z</time>
</trkpt>
<trkpt lat="54.043800356" lon="51.993785826">
  <ele>144.033005</ele>
  <time>2010-07-31T09:03:52Z</time>
</trkpt>
<trkpt lat="54.043865232" lon="51.994182626">
  <ele>144.645996</ele>
  <time>2010-07-31T09:03:53Z</time>
</trkpt>
<trkpt lat="54.043926252" lon="51.994579341">
  <ele>145.048996</ele>
  <time>2010-07-31T09:03:54Z</time>
</trkpt>
<trkpt lat="54.043991128" lon="51.994972201">
  <ele>145.164993</ele>
  <time>2010-07-31T09:03:55Z</time>
</trkpt>
<trkpt lat="54.044055920" lon="51.995368917">
  <ele>145.298004</ele>
  <time>2010-07-31T09:03:56Z</time>
</trkpt>
<trkpt lat="54.044124568" lon="51.995761860">
  <ele>145.199997</ele>
  <time>2010-07-31T09:03:57Z</time>
</trkpt>
<trkpt lat="54.044189444" lon="51.996150948">
  <ele>145.445007</ele>
  <time>2010-07-31T09:03:58Z</time>
</trkpt>
<trkpt lat="54.044254320" lon="51.996540036">
  <ele>145.363998</ele>
  <time>2010-07-31T09:03:59Z</time>
</trkpt>
<trkpt lat="54.044319112" lon="51.996929208">
  <ele>145.457001</ele>
  <time>2010-07-31T09:04:00Z</time>
</trkpt>
<trkpt lat="54.044380216" lon="51.997318296">
  <ele>145.246994</ele>
  <time>2010-07-31T09:04:01Z</time>
</trkpt>
<trkpt lat="54.044445008" lon="51.997703528">
  <ele>144.785995</ele>
  <time>2010-07-31T09:04:02Z</time>
</trkpt>
<trkpt lat="54.044509884" lon="51.998092616">
  <ele>144.488998</ele>
  <time>2010-07-31T09:04:03Z</time>
</trkpt>
<trkpt lat="54.044570904" lon="51.998477932">
  <ele>144.296997</ele>
  <time>2010-07-31T09:04:04Z</time>
</trkpt>
<trkpt lat="54.044628153" lon="51.998867020">
  <ele>143.869995</ele>
  <time>2010-07-31T09:04:05Z</time>
</trkpt>
<trkpt lat="54.044689173" lon="51.999256108">
  <ele>143.535004</ele>
  <time>2010-07-31T09:04:06Z</time>
</trkpt>
<trkpt lat="54.044750193" lon="51.999649052">
  <ele>143.104004</ele>
  <time>2010-07-31T09:04:07Z</time>
</trkpt>
<trkpt lat="54.044815069" lon="52.000045767">
  <ele>142.414001</ele>
  <time>2010-07-31T09:04:08Z</time>
</trkpt>
<trkpt lat="54.044879945" lon="52.000450110">
  <ele>141.839005</ele>
  <time>2010-07-31T09:04:09Z</time>
</trkpt>
<trkpt lat="54.044948593" lon="52.000862081">
  <ele>141.147003</ele>
  <time>2010-07-31T09:04:10Z</time>
</trkpt>
<trkpt lat="54.045013469" lon="52.001274135">
  <ele>140.544006</ele>
  <time>2010-07-31T09:04:11Z</time>
</trkpt>
<trkpt lat="54.045082116" lon="52.001689877">
  <ele>139.916000</ele>
  <time>2010-07-31T09:04:12Z</time>
</trkpt>
<trkpt lat="54.045146909" lon="52.002105704">
  <ele>139.199005</ele>
  <time>2010-07-31T09:04:13Z</time>
</trkpt>
<trkpt lat="54.045211785" lon="52.002517674">
  <ele>138.475006</ele>
  <time>2010-07-31T09:04:14Z</time>
</trkpt>
<trkpt lat="54.045280432" lon="52.002929728">
  <ele>137.781998</ele>
  <time>2010-07-31T09:04:15Z</time>
</trkpt>
<trkpt lat="54.045345308" lon="52.003341699">
  <ele>137.218994</ele>
  <time>2010-07-31T09:04:16Z</time>
</trkpt>
<trkpt lat="54.045410184" lon="52.003753670">
  <ele>136.860992</ele>
  <time>2010-07-31T09:04:17Z</time>
</trkpt>
<trkpt lat="54.045474976" lon="52.004161868">
  <ele>136.326996</ele>
  <time>2010-07-31T09:04:18Z</time>
</trkpt>
<trkpt lat="54.045539852" lon="52.004566211">
  <ele>135.615005</ele>
  <time>2010-07-31T09:04:19Z</time>
</trkpt>
<trkpt lat="54.045608500" lon="52.004978182">
  <ele>135.121994</ele>
  <time>2010-07-31T09:04:20Z</time>
</trkpt>
<trkpt lat="54.045673376" lon="52.005386380">
  <ele>134.690994</ele>
  <time>2010-07-31T09:04:21Z</time>
</trkpt>
<trkpt lat="54.045738252" lon="52.005794495">
  <ele>134.128998</ele>
  <time>2010-07-31T09:04:22Z</time>
</trkpt>
<trkpt lat="54.045806900" lon="52.006206550">
  <ele>133.628006</ele>
  <time>2010-07-31T09:04:23Z</time>
</trkpt>
<trkpt lat="54.045871776" lon="52.006618520">
  <ele>133.274002</ele>
  <time>2010-07-31T09:04:24Z</time>
</trkpt>
<trkpt lat="54.045936568" lon="52.007030491">
  <ele>132.839996</ele>
  <time>2010-07-31T09:04:25Z</time>
</trkpt>
<trkpt lat="54.046001444" lon="52.007434834">
  <ele>132.123993</ele>
  <time>2010-07-31T09:04:26Z</time>
</trkpt>
<trkpt lat="54.046066320" lon="52.007843032">
  <ele>131.554993</ele>
  <time>2010-07-31T09:04:27Z</time>
</trkpt>
<trkpt lat="54.046134967" lon="52.008247375">
  <ele>130.813004</ele>
  <time>2010-07-31T09:04:28Z</time>
</trkpt>
<trkpt lat="54.046199759" lon="52.008655574">
  <ele>130.080994</ele>
  <time>2010-07-31T09:04:29Z</time>
</trkpt>
<trkpt lat="54.046268491" lon="52.009063689">
  <ele>129.102997</ele>
  <time>2010-07-31T09:04:30Z</time>
</trkpt>
<trkpt lat="54.046333283" lon="52.009471888">
  <ele>128.149994</ele>
  <time>2010-07-31T09:04:31Z</time>
</trkpt>
<trkpt lat="54.046402015" lon="52.009887714">
  <ele>127.007004</ele>
  <time>2010-07-31T09:04:32Z</time>
</trkpt>
<trkpt lat="54.046466807" lon="52.010303456">
  <ele>126.026001</ele>
  <time>2010-07-31T09:04:33Z</time>
</trkpt>
<trkpt lat="54.046535455" lon="52.010723138">
  <ele>124.855003</ele>
  <time>2010-07-31T09:04:34Z</time>
</trkpt>
<trkpt lat="54.046604186" lon="52.011146508">
  <ele>123.617996</ele>
  <time>2010-07-31T09:04:35Z</time>
</trkpt>
<trkpt lat="54.046668978" lon="52.011562334">
  <ele>122.285004</ele>
  <time>2010-07-31T09:04:36Z</time>
</trkpt>
<trkpt lat="54.046733854" lon="52.011978161">
  <ele>120.990997</ele>
  <time>2010-07-31T09:04:37Z</time>
</trkpt>
<trkpt lat="54.046802502" lon="52.012393987">
  <ele>119.913002</ele>
  <time>2010-07-31T09:04:38Z</time>
</trkpt>
<trkpt lat="54.046867378" lon="52.012805957">
  <ele>118.654999</ele>
  <time>2010-07-31T09:04:39Z</time>
</trkpt>
<trkpt lat="54.046932254" lon="52.013217928">
  <ele>117.507004</ele>
  <time>2010-07-31T09:04:40Z</time>
</trkpt>
<trkpt lat="54.046997046" lon="52.013626127">
  <ele>116.473000</ele>
  <time>2010-07-31T09:04:41Z</time>
</trkpt>
<trkpt lat="54.047061922" lon="52.014034241">
  <ele>115.532997</ele>
  <time>2010-07-31T09:04:42Z</time>
</trkpt>
<trkpt lat="54.047126798" lon="52.014442440">
  <ele>114.469002</ele>
  <time>2010-07-31T09:04:43Z</time>
</trkpt>
<trkpt lat="54.047191590" lon="52.014843011">
  <ele>113.313004</ele>
  <time>2010-07-31T09:04:44Z</time>
</trkpt>
<trkpt lat="54.047256466" lon="52.015243499">
  <ele>112.252998</ele>
  <time>2010-07-31T09:04:45Z</time>
</trkpt>
<trkpt lat="54.047321342" lon="52.015636442">
  <ele>111.105003</ele>
  <time>2010-07-31T09:04:46Z</time>
</trkpt>
<trkpt lat="54.047382362" lon="52.016029386">
  <ele>109.865997</ele>
  <time>2010-07-31T09:04:47Z</time>
</trkpt>
<trkpt lat="54.047443382" lon="52.016426101">
  <ele>108.809998</ele>
  <time>2010-07-31T09:04:48Z</time>
</trkpt>
<trkpt lat="54.047504403" lon="52.016818961">
  <ele>107.890999</ele>
  <time>2010-07-31T09:04:49Z</time>
</trkpt>
<trkpt lat="54.047569279" lon="52.017211905">
  <ele>106.843002</ele>
  <time>2010-07-31T09:04:50Z</time>
</trkpt>
<trkpt lat="54.047630299" lon="52.017604848">
  <ele>105.857002</ele>
  <time>2010-07-31T09:04:51Z</time>
</trkpt>
<trkpt lat="54.047695175" lon="52.017997708">
  <ele>104.918999</ele>
  <time>2010-07-31T09:04:52Z</time>
</trkpt>
<trkpt lat="54.047760051" lon="52.018394507">
  <ele>104.439003</ele>
  <time>2010-07-31T09:04:53Z</time>
</trkpt>
<trkpt lat="54.047824843" lon="52.018791223">
  <ele>103.675003</ele>
  <time>2010-07-31T09:04:54Z</time>
</trkpt>
<trkpt lat="54.047889719" lon="52.019191710">
  <ele>103.178001</ele>
  <time>2010-07-31T09:04:55Z</time>
</trkpt>
<trkpt lat="54.047950739" lon="52.019603765">
  <ele>102.813004</ele>
  <time>2010-07-31T09:04:56Z</time>
</trkpt>
<trkpt lat="54.048011759" lon="52.020023363">
  <ele>102.406998</ele>
  <time>2010-07-31T09:04:57Z</time>
</trkpt>
<trkpt lat="54.048080407" lon="52.020442961">
  <ele>102.635002</ele>
  <time>2010-07-31T09:04:58Z</time>
</trkpt>
<trkpt lat="54.048149139" lon="52.020862559">
  <ele>102.969002</ele>
  <time>2010-07-31T09:04:59Z</time>
</trkpt>
<trkpt lat="54.048221558" lon="52.021286013">
  <ele>103.168999</ele>
  <time>2010-07-31T09:05:00Z</time>
</trkpt>
<trkpt lat="54.048290290" lon="52.021713238">
  <ele>103.813004</ele>
  <time>2010-07-31T09:05:01Z</time>
</trkpt>
<trkpt lat="54.048362710" lon="52.022140464">
  <ele>104.402000</ele>
  <time>2010-07-31T09:05:02Z</time>
</trkpt>
<trkpt lat="54.048431357" lon="52.022571545">
  <ele>105.112000</ele>
  <time>2010-07-31T09:05:03Z</time>
</trkpt>
<trkpt lat="54.048503861" lon="52.023002626">
  <ele>106.067001</ele>
  <time>2010-07-31T09:05:04Z</time>
</trkpt>
<trkpt lat="54.048572509" lon="52.023437480">
  <ele>106.746002</ele>
  <time>2010-07-31T09:05:05Z</time>
</trkpt>
<trkpt lat="54.048645012" lon="52.023868561">
  <ele>107.746002</ele>
  <time>2010-07-31T09:05:06Z</time>
</trkpt>
<trkpt lat="54.048709888" lon="52.024303414">
  <ele>108.454002</ele>
  <time>2010-07-31T09:05:07Z</time>
</trkpt>
<trkpt lat="54.048778536" lon="52.024738351">
  <ele>109.242996</ele>
  <time>2010-07-31T09:05:08Z</time>
</trkpt>
<trkpt lat="54.048847184" lon="52.025165576">
  <ele>109.956001</ele>
  <time>2010-07-31T09:05:09Z</time>
</trkpt>
<trkpt lat="54.048919687" lon="52.025596658">
  <ele>110.439003</ele>
  <time>2010-07-31T09:05:10Z</time>
</trkpt>
<trkpt lat="54.048988335" lon="52.026031511">
  <ele>110.952003</ele>
  <time>2010-07-31T09:05:11Z</time>
</trkpt>
<trkpt lat="54.049053211" lon="52.026466364">
  <ele>111.607002</ele>
  <time>2010-07-31T09:05:12Z</time>
</trkpt>
<trkpt lat="54.049121859" lon="52.026905073">
  <ele>111.987999</ele>
  <time>2010-07-31T09:05:13Z</time>
</trkpt>
<trkpt lat="54.049190506" lon="52.027339926">
  <ele>112.389000</ele>
  <time>2010-07-31T09:05:14Z</time>
</trkpt>
<trkpt lat="54.049259154" lon="52.027778635">
  <ele>113.119003</ele>
  <time>2010-07-31T09:05:15Z</time>
</trkpt>
<trkpt lat="54.049331658" lon="52.028217344">
  <ele>113.553001</ele>
  <time>2010-07-31T09:05:16Z</time>
</trkpt>
<trkpt lat="54.049400305" lon="52.028659824">
  <ele>114.197998</ele>
  <time>2010-07-31T09:05:17Z</time>
</trkpt>
<trkpt lat="54.049472809" lon="52.029098533">
  <ele>114.681999</ele>
  <time>2010-07-31T09:05:18Z</time>
</trkpt>
<trkpt lat="54.049541457" lon="52.029541014">
  <ele>115.324997</ele>
  <time>2010-07-31T09:05:19Z</time>
</trkpt>
<trkpt lat="54.049610104" lon="52.029983494">
  <ele>115.782997</ele>
  <time>2010-07-31T09:05:20Z</time>
</trkpt>
<trkpt lat="54.049682608" lon="52.030418431">
  <ele>116.668999</ele>
  <time>2010-07-31T09:05:21Z</time>
</trkpt>
<trkpt lat="54.049751256" lon="52.030845657">
  <ele>117.299004</ele>
  <time>2010-07-31T09:05:22Z</time>
</trkpt>
<trkpt lat="54.049819987" lon="52.031265255">
  <ele>117.742996</ele>
  <time>2010-07-31T09:05:23Z</time>
</trkpt>
<trkpt lat="54.049888635" lon="52.031681081">
  <ele>118.306000</ele>
  <time>2010-07-31T09:05:24Z</time>
</trkpt>
<trkpt lat="54.049953427" lon="52.032089196">
  <ele>119.038002</ele>
  <time>2010-07-31T09:05:25Z</time>
</trkpt>
<trkpt lat="54.050018303" lon="52.032501251">
  <ele>119.710999</ele>
  <time>2010-07-31T09:05:26Z</time>
</trkpt>
<trkpt lat="54.050079323" lon="52.032905594">
  <ele>120.418999</ele>
  <time>2010-07-31T09:05:27Z</time>
</trkpt>
<trkpt lat="54.050144199" lon="52.033313792">
  <ele>121.165001</ele>
  <time>2010-07-31T09:05:28Z</time>
</trkpt>
<trkpt lat="54.050205220" lon="52.033725763">
  <ele>121.892998</ele>
  <time>2010-07-31T09:05:29Z</time>
</trkpt>
<trkpt lat="54.050270095" lon="52.034130106">
  <ele>122.394997</ele>
  <time>2010-07-31T09:05:30Z</time>
</trkpt>
<trkpt lat="54.050334971" lon="52.034538304">
  <ele>123.033997</ele>
  <time>2010-07-31T09:05:31Z</time>
</trkpt>
<trkpt lat="54.050399764" lon="52.034942647">
  <ele>123.652000</ele>
  <time>2010-07-31T09:05:32Z</time>
</trkpt>
<trkpt lat="54.050464639" lon="52.035350762">
  <ele>124.302002</ele>
  <time>2010-07-31T09:05:33Z</time>
</trkpt>
<trkpt lat="54.050533287" lon="52.035762817">
  <ele>125.080002</ele>
  <time>2010-07-31T09:05:34Z</time>
</trkpt>
<trkpt lat="54.050598163" lon="52.036178559">
  <ele>125.776001</ele>
  <time>2010-07-31T09:05:35Z</time>
</trkpt>
<trkpt lat="54.050662955" lon="52.036594385">
  <ele>126.416000</ele>
  <time>2010-07-31T09:05:36Z</time>
</trkpt>
<trkpt lat="54.050727831" lon="52.037010211">
  <ele>127.143997</ele>
  <time>2010-07-31T09:05:37Z</time>
</trkpt>
<trkpt lat="54.050792707" lon="52.037429810">
  <ele>127.578003</ele>
  <time>2010-07-31T09:05:38Z</time>
</trkpt>
<trkpt lat="54.050861355" lon="52.037849408">
  <ele>128.192993</ele>
  <time>2010-07-31T09:05:39Z</time>
</trkpt>
<trkpt lat="54.050930003" lon="52.038269006">
  <ele>128.908997</ele>
  <time>2010-07-31T09:05:40Z</time>
</trkpt>
<trkpt lat="54.050994879" lon="52.038688688">
  <ele>129.570007</ele>
  <time>2010-07-31T09:05:41Z</time>
</trkpt>
<trkpt lat="54.051063526" lon="52.039115913">
  <ele>130.332001</ele>
  <time>2010-07-31T09:05:42Z</time>
</trkpt>
<trkpt lat="54.051132174" lon="52.039543139">
  <ele>130.975006</ele>
  <time>2010-07-31T09:05:43Z</time>
</trkpt>
<trkpt lat="54.051204678" lon="52.039974220">
  <ele>131.487000</ele>
  <time>2010-07-31T09:05:44Z</time>
</trkpt>
<trkpt lat="54.051273325" lon="52.040405301">
  <ele>131.813995</ele>
  <time>2010-07-31T09:05:45Z</time>
</trkpt>
<trkpt lat="54.051341973" lon="52.040836299">
  <ele>132.246002</ele>
  <time>2010-07-31T09:05:46Z</time>
</trkpt>
<trkpt lat="54.051410705" lon="52.041267380">
  <ele>132.714996</ele>
  <time>2010-07-31T09:05:47Z</time>
</trkpt>
<trkpt lat="54.051483124" lon="52.041694606">
  <ele>133.179993</ele>
  <time>2010-07-31T09:05:48Z</time>
</trkpt>
<trkpt lat="54.051551856" lon="52.042121915">
  <ele>133.707993</ele>
  <time>2010-07-31T09:05:49Z</time>
</trkpt>
<trkpt lat="54.051616648" lon="52.042556768">
  <ele>134.408005</ele>
  <time>2010-07-31T09:05:50Z</time>
</trkpt>
<trkpt lat="54.051685296" lon="52.042983994">
  <ele>134.617996</ele>
  <time>2010-07-31T09:05:51Z</time>
</trkpt>
<trkpt lat="54.051754028" lon="52.043415075">
  <ele>134.942001</ele>
  <time>2010-07-31T09:05:52Z</time>
</trkpt>
<trkpt lat="54.051818820" lon="52.043838529">
  <ele>135.233002</ele>
  <time>2010-07-31T09:05:53Z</time>
</trkpt>
<trkpt lat="54.051891323" lon="52.044265755">
  <ele>135.932007</ele>
  <time>2010-07-31T09:05:54Z</time>
</trkpt>
<trkpt lat="54.051959971" lon="52.044681581">
  <ele>136.552994</ele>
  <time>2010-07-31T09:05:55Z</time>
</trkpt>
<trkpt lat="54.052028619" lon="52.045104951">
  <ele>136.996002</ele>
  <time>2010-07-31T09:05:56Z</time>
</trkpt>
<trkpt lat="54.052097350" lon="52.045520777">
  <ele>137.987000</ele>
  <time>2010-07-31T09:05:57Z</time>
</trkpt>
<trkpt lat="54.052165998" lon="52.045936603">
  <ele>138.494995</ele>
  <time>2010-07-31T09:05:58Z</time>
</trkpt>
<trkpt lat="54.052230874" lon="52.046348574">
  <ele>138.904999</ele>
  <time>2010-07-31T09:05:59Z</time>
</trkpt>
<trkpt lat="54.052299522" lon="52.046764400">
  <ele>139.593994</ele>
  <time>2010-07-31T09:06:00Z</time>
</trkpt>
<trkpt lat="54.052364314" lon="52.047176370">
  <ele>140.078003</ele>
  <time>2010-07-31T09:06:01Z</time>
</trkpt>
<trkpt lat="54.052429190" lon="52.047588341">
  <ele>140.598999</ele>
  <time>2010-07-31T09:06:02Z</time>
</trkpt>
<trkpt lat="54.052497838" lon="52.048004167">
  <ele>141.063004</ele>
  <time>2010-07-31T09:06:03Z</time>
</trkpt>
<trkpt lat="54.052558858" lon="52.048419993">
  <ele>141.770004</ele>
  <time>2010-07-31T09:06:04Z</time>
</trkpt>
<trkpt lat="54.052623734" lon="52.048835736">
  <ele>142.309006</ele>
  <time>2010-07-31T09:06:05Z</time>
</trkpt>
<trkpt lat="54.052688610" lon="52.049251562">
  <ele>142.725006</ele>
  <time>2010-07-31T09:06:06Z</time>
</trkpt>
<trkpt lat="54.052753486" lon="52.049663533">
  <ele>143.363998</ele>
  <time>2010-07-31T09:06:07Z</time>
</trkpt>
<trkpt lat="54.052818278" lon="52.050071731">
  <ele>143.830994</ele>
  <time>2010-07-31T09:06:08Z</time>
</trkpt>
<trkpt lat="54.052883154" lon="52.050479930">
  <ele>144.201996</ele>
  <time>2010-07-31T09:06:09Z</time>
</trkpt>
<trkpt lat="54.052948030" lon="52.050884273">
  <ele>144.897003</ele>
  <time>2010-07-31T09:06:10Z</time>
</trkpt>
<trkpt lat="54.053012822" lon="52.051288616">
  <ele>145.440994</ele>
  <time>2010-07-31T09:06:11Z</time>
</trkpt>
<trkpt lat="54.053073842" lon="52.051685331">
  <ele>146.108002</ele>
  <time>2010-07-31T09:06:12Z</time>
</trkpt>
<trkpt lat="54.053138718" lon="52.052082047">
  <ele>146.526993</ele>
  <time>2010-07-31T09:06:13Z</time>
</trkpt>
<trkpt lat="54.053199738" lon="52.052482618">
  <ele>146.925003</ele>
  <time>2010-07-31T09:06:14Z</time>
</trkpt>
<trkpt lat="54.053268470" lon="52.052875478">
  <ele>147.205994</ele>
  <time>2010-07-31T09:06:15Z</time>
</trkpt>
<trkpt lat="54.053333262" lon="52.053268421">
  <ele>147.462006</ele>
  <time>2010-07-31T09:06:16Z</time>
</trkpt>
<trkpt lat="54.053394282" lon="52.053657509">
  <ele>147.766998</ele>
  <time>2010-07-31T09:06:17Z</time>
</trkpt>
<trkpt lat="54.053459158" lon="52.054042825">
  <ele>148.149002</ele>
  <time>2010-07-31T09:06:18Z</time>
</trkpt>
<trkpt lat="54.053520178" lon="52.054431913">
  <ele>148.264999</ele>
  <time>2010-07-31T09:06:19Z</time>
</trkpt>
<trkpt lat="54.053581199" lon="52.054817230">
  <ele>148.466003</ele>
  <time>2010-07-31T09:06:20Z</time>
</trkpt>
<trkpt lat="54.053646075" lon="52.055206317">
  <ele>148.546997</ele>
  <time>2010-07-31T09:06:21Z</time>
</trkpt>
<trkpt lat="54.053707095" lon="52.055591550">
  <ele>148.712997</ele>
  <time>2010-07-31T09:06:22Z</time>
</trkpt>
<trkpt lat="54.053768199" lon="52.055980721">
  <ele>148.720993</ele>
  <time>2010-07-31T09:06:23Z</time>
</trkpt>
<trkpt lat="54.053829219" lon="52.056369809">
  <ele>148.632004</ele>
  <time>2010-07-31T09:06:24Z</time>
</trkpt>
<trkpt lat="54.053894011" lon="52.056755042">
  <ele>148.651001</ele>
  <time>2010-07-31T09:06:25Z</time>
</trkpt>
<trkpt lat="54.053955115" lon="52.057144130">
  <ele>148.619003</ele>
  <time>2010-07-31T09:06:26Z</time>
</trkpt>
<trkpt lat="54.054019907" lon="52.057529446">
  <ele>148.608994</ele>
  <time>2010-07-31T09:06:27Z</time>
</trkpt>
<trkpt lat="54.054077156" lon="52.057918534">
  <ele>148.528000</ele>
  <time>2010-07-31T09:06:28Z</time>
</trkpt>
<trkpt lat="54.054138176" lon="52.058307622">
  <ele>148.281998</ele>
  <time>2010-07-31T09:06:29Z</time>
</trkpt>
<trkpt lat="54.054203052" lon="52.058696710">
  <ele>147.638000</ele>
  <time>2010-07-31T09:06:30Z</time>
</trkpt>
<trkpt lat="54.054264072" lon="52.059089653">
  <ele>147.147995</ele>
  <time>2010-07-31T09:06:31Z</time>
</trkpt>
<trkpt lat="54.054328948" lon="52.059478741">
  <ele>146.578995</ele>
  <time>2010-07-31T09:06:32Z</time>
</trkpt>
<trkpt lat="54.054389969" lon="52.059871685">
  <ele>146.285995</ele>
  <time>2010-07-31T09:06:33Z</time>
</trkpt>
<trkpt lat="54.054450989" lon="52.060256917">
  <ele>145.705994</ele>
  <time>2010-07-31T09:06:34Z</time>
</trkpt>
<trkpt lat="54.054512009" lon="52.060642233">
  <ele>145.026001</ele>
  <time>2010-07-31T09:06:35Z</time>
</trkpt>
<trkpt lat="54.054573029" lon="52.061031321">
  <ele>144.460999</ele>
  <time>2010-07-31T09:06:36Z</time>
</trkpt>
<trkpt lat="54.054634133" lon="52.061416637">
  <ele>144.173996</ele>
  <time>2010-07-31T09:06:37Z</time>
</trkpt>
<trkpt lat="54.054695154" lon="52.061805725">
  <ele>143.998001</ele>
  <time>2010-07-31T09:06:38Z</time>
</trkpt>
<trkpt lat="54.054759946" lon="52.062191041">
  <ele>143.664001</ele>
  <time>2010-07-31T09:06:39Z</time>
</trkpt>
<trkpt lat="54.054821050" lon="52.062572502">
  <ele>143.522003</ele>
  <time>2010-07-31T09:06:40Z</time>
</trkpt>
<trkpt lat="54.054882070" lon="52.062950106">
  <ele>143.738007</ele>
  <time>2010-07-31T09:06:41Z</time>
</trkpt>
<trkpt lat="54.054943090" lon="52.063323939">
  <ele>143.856003</ele>
  <time>2010-07-31T09:06:42Z</time>
</trkpt>
<trkpt lat="54.055000339" lon="52.063694000">
  <ele>143.964005</ele>
  <time>2010-07-31T09:06:43Z</time>
</trkpt>
<trkpt lat="54.055057503" lon="52.064060206">
  <ele>143.944000</ele>
  <time>2010-07-31T09:06:44Z</time>
</trkpt>
<trkpt lat="54.055118524" lon="52.064430267">
  <ele>143.899994</ele>
  <time>2010-07-31T09:06:45Z</time>
</trkpt>
<trkpt lat="54.055175772" lon="52.064800244">
  <ele>144.050995</ele>
  <time>2010-07-31T09:06:46Z</time>
</trkpt>
<trkpt lat="54.055236792" lon="52.065174077">
  <ele>144.216003</ele>
  <time>2010-07-31T09:06:47Z</time>
</trkpt>
<trkpt lat="54.055297812" lon="52.065551765">
  <ele>144.330994</ele>
  <time>2010-07-31T09:06:48Z</time>
</trkpt>
<trkpt lat="54.055355061" lon="52.065925598">
  <ele>144.160004</ele>
  <time>2010-07-31T09:06:49Z</time>
</trkpt>
<trkpt lat="54.055419937" lon="52.066303287">
  <ele>144.136993</ele>
  <time>2010-07-31T09:06:50Z</time>
</trkpt>
<trkpt lat="54.055480957" lon="52.066684747">
  <ele>144.212997</ele>
  <time>2010-07-31T09:06:51Z</time>
</trkpt>
<trkpt lat="54.055541977" lon="52.067062352">
  <ele>144.649994</ele>
  <time>2010-07-31T09:06:52Z</time>
</trkpt>
<trkpt lat="54.055602998" lon="52.067440040">
  <ele>144.830002</ele>
  <time>2010-07-31T09:06:53Z</time>
</trkpt>
<trkpt lat="54.055660246" lon="52.067813873">
  <ele>145.242996</ele>
  <time>2010-07-31T09:06:54Z</time>
</trkpt>
<trkpt lat="54.055721266" lon="52.068191562">
  <ele>145.748001</ele>
  <time>2010-07-31T09:06:55Z</time>
</trkpt>
<trkpt lat="54.055778515" lon="52.068565395">
  <ele>146.354996</ele>
  <time>2010-07-31T09:06:56Z</time>
</trkpt>
<trkpt lat="54.055835763" lon="52.068939228">
  <ele>147.072998</ele>
  <time>2010-07-31T09:06:57Z</time>
</trkpt>
<trkpt lat="54.055896783" lon="52.069313060">
  <ele>147.865005</ele>
  <time>2010-07-31T09:06:58Z</time>
</trkpt>
<trkpt lat="54.055957804" lon="52.069686893">
  <ele>148.585007</ele>
  <time>2010-07-31T09:06:59Z</time>
</trkpt>
<trkpt lat="54.056018824" lon="52.070060726">
  <ele>149.401001</ele>
  <time>2010-07-31T09:07:00Z</time>
</trkpt>
<trkpt lat="54.056079844" lon="52.070434559">
  <ele>150.289001</ele>
  <time>2010-07-31T09:07:01Z</time>
</trkpt>
<trkpt lat="54.056140864" lon="52.070812248">
  <ele>151.244003</ele>
  <time>2010-07-31T09:07:02Z</time>
</trkpt>
<trkpt lat="54.056201968" lon="52.071189852">
  <ele>151.934998</ele>
  <time>2010-07-31T09:07:03Z</time>
</trkpt>
<trkpt lat="54.056262989" lon="52.071563685">
  <ele>152.744003</ele>
  <time>2010-07-31T09:07:04Z</time>
</trkpt>
<trkpt lat="54.056324009" lon="52.071941374">
  <ele>153.619003</ele>
  <time>2010-07-31T09:07:05Z</time>
</trkpt>
<trkpt lat="54.056381257" lon="52.072319062">
  <ele>154.328003</ele>
  <time>2010-07-31T09:07:06Z</time>
</trkpt>
<trkpt lat="54.056438422" lon="52.072700523">
  <ele>155.108002</ele>
  <time>2010-07-31T09:07:07Z</time>
</trkpt>
<trkpt lat="54.056495670" lon="52.073081983">
  <ele>155.869995</ele>
  <time>2010-07-31T09:07:08Z</time>
</trkpt>
<trkpt lat="54.056556690" lon="52.073463444">
  <ele>156.542007</ele>
  <time>2010-07-31T09:07:09Z</time>
</trkpt>
<trkpt lat="54.056617711" lon="52.073848760">
  <ele>157.520004</ele>
  <time>2010-07-31T09:07:10Z</time>
</trkpt>
<trkpt lat="54.056678731" lon="52.074230220">
  <ele>158.337006</ele>
  <time>2010-07-31T09:07:11Z</time>
</trkpt>
<trkpt lat="54.056739835" lon="52.074619308">
  <ele>159.160995</ele>
  <time>2010-07-31T09:07:12Z</time>
</trkpt>
<trkpt lat="54.056797000" lon="52.075008396">
  <ele>159.845993</ele>
  <time>2010-07-31T09:07:13Z</time>
</trkpt>
<trkpt lat="54.056858104" lon="52.075389856">
  <ele>160.623993</ele>
  <time>2010-07-31T09:07:14Z</time>
</trkpt>
<trkpt lat="54.056915268" lon="52.075775173">
  <ele>161.298004</ele>
  <time>2010-07-31T09:07:15Z</time>
</trkpt>
<trkpt lat="54.056980144" lon="52.076160405">
  <ele>162.473007</ele>
  <time>2010-07-31T09:07:16Z</time>
</trkpt>
<trkpt lat="54.057041164" lon="52.076545721">
  <ele>163.145996</ele>
  <time>2010-07-31T09:07:17Z</time>
</trkpt>
<trkpt lat="54.057106040" lon="52.076934809">
  <ele>163.820999</ele>
  <time>2010-07-31T09:07:18Z</time>
</trkpt>
<trkpt lat="54.057167061" lon="52.077323897">
  <ele>164.281006</ele>
  <time>2010-07-31T09:07:19Z</time>
</trkpt>
<trkpt lat="54.057228081" lon="52.077705357">
  <ele>164.759003</ele>
  <time>2010-07-31T09:07:20Z</time>
</trkpt>
<trkpt lat="54.057289101" lon="52.078086818">
  <ele>165.276001</ele>
  <time>2010-07-31T09:07:21Z</time>
</trkpt>
<trkpt lat="54.057350121" lon="52.078464506">
  <ele>165.778000</ele>
  <time>2010-07-31T09:07:22Z</time>
</trkpt>
<trkpt lat="54.057411226" lon="52.078838339">
  <ele>166.149002</ele>
  <time>2010-07-31T09:07:23Z</time>
</trkpt>
<trkpt lat="54.057468390" lon="52.079204544">
  <ele>166.298004</ele>
  <time>2010-07-31T09:07:24Z</time>
</trkpt>
<trkpt lat="54.057521783" lon="52.079563122">
  <ele>166.658997</ele>
  <time>2010-07-31T09:07:25Z</time>
</trkpt>
<trkpt lat="54.057582887" lon="52.079921700">
  <ele>166.850006</ele>
  <time>2010-07-31T09:07:26Z</time>
</trkpt>
<trkpt lat="54.057640051" lon="52.080284134">
  <ele>166.914993</ele>
  <time>2010-07-31T09:07:27Z</time>
</trkpt>
<trkpt lat="54.057697300" lon="52.080642711">
  <ele>167.026001</ele>
  <time>2010-07-31T09:07:28Z</time>
</trkpt>
<trkpt lat="54.057750693" lon="52.080993662">
  <ele>167.102997</ele>
  <time>2010-07-31T09:07:29Z</time>
</trkpt>
<trkpt lat="54.057800313" lon="52.081340756">
  <ele>167.119995</ele>
  <time>2010-07-31T09:07:30Z</time>
</trkpt>
<trkpt lat="54.057846079" lon="52.081684079">
  <ele>167.164993</ele>
  <time>2010-07-31T09:07:31Z</time>
</trkpt>
<trkpt lat="54.057891844" lon="52.082019774">
  <ele>167.151001</ele>
  <time>2010-07-31T09:07:32Z</time>
</trkpt>
<trkpt lat="54.057933837" lon="52.082355469">
  <ele>167.192001</ele>
  <time>2010-07-31T09:07:33Z</time>
</trkpt>
<trkpt lat="54.057975747" lon="52.082683537">
  <ele>167.056000</ele>
  <time>2010-07-31T09:07:34Z</time>
</trkpt>
<trkpt lat="54.058017740" lon="52.083011605">
  <ele>166.718002</ele>
  <time>2010-07-31T09:07:35Z</time>
</trkpt>
<trkpt lat="54.058055878" lon="52.083328273">
  <ele>166.052002</ele>
  <time>2010-07-31T09:07:36Z</time>
</trkpt>
<trkpt lat="54.058094015" lon="52.083644858">
  <ele>165.725006</ele>
  <time>2010-07-31T09:07:37Z</time>
</trkpt>
<trkpt lat="54.058132153" lon="52.083961526">
  <ele>165.201996</ele>
  <time>2010-07-31T09:07:38Z</time>
</trkpt>
<trkpt lat="54.058174146" lon="52.084278110">
  <ele>164.604996</ele>
  <time>2010-07-31T09:07:39Z</time>
</trkpt>
<trkpt lat="54.058212284" lon="52.084587067">
  <ele>163.847000</ele>
  <time>2010-07-31T09:07:40Z</time>
</trkpt>
<trkpt lat="54.058250422" lon="52.084899880">
  <ele>163.203003</ele>
  <time>2010-07-31T09:07:41Z</time>
</trkpt>
<trkpt lat="54.058288559" lon="52.085216548">
  <ele>162.559006</ele>
  <time>2010-07-31T09:07:42Z</time>
</trkpt>
<trkpt lat="54.058330553" lon="52.085536988">
  <ele>162.134003</ele>
  <time>2010-07-31T09:07:43Z</time>
</trkpt>
<trkpt lat="54.058368690" lon="52.085861200">
  <ele>161.626007</ele>
  <time>2010-07-31T09:07:44Z</time>
</trkpt>
<trkpt lat="54.058410684" lon="52.086193124">
  <ele>160.979004</ele>
  <time>2010-07-31T09:07:45Z</time>
</trkpt>
<trkpt lat="54.058452593" lon="52.086524963">
  <ele>160.397995</ele>
  <time>2010-07-31T09:07:46Z</time>
</trkpt>
<trkpt lat="54.058494586" lon="52.086860659">
  <ele>159.917999</ele>
  <time>2010-07-31T09:07:47Z</time>
</trkpt>
<trkpt lat="54.058536496" lon="52.087200126">
  <ele>159.242996</ele>
  <time>2010-07-31T09:07:48Z</time>
</trkpt>
<trkpt lat="54.058578489" lon="52.087539677">
  <ele>158.535004</ele>
  <time>2010-07-31T09:07:49Z</time>
</trkpt>
<trkpt lat="54.058624255" lon="52.087886771">
  <ele>158.014999</ele>
  <time>2010-07-31T09:07:50Z</time>
</trkpt>
<trkpt lat="54.058670020" lon="52.088237721">
  <ele>157.417999</ele>
  <time>2010-07-31T09:07:51Z</time>
</trkpt>
<trkpt lat="54.058712013" lon="52.088596383">
  <ele>156.886993</ele>
  <time>2010-07-31T09:07:52Z</time>
</trkpt>
<trkpt lat="54.058761634" lon="52.088958733">
  <ele>156.380005</ele>
  <time>2010-07-31T09:07:53Z</time>
</trkpt>
<trkpt lat="54.058803543" lon="52.089328794">
  <ele>156.164993</ele>
  <time>2010-07-31T09:07:54Z</time>
</trkpt>
<trkpt lat="54.058849309" lon="52.089706399">
  <ele>155.669998</ele>
  <time>2010-07-31T09:07:55Z</time>
</trkpt>
<trkpt lat="54.058895074" lon="52.090087859">
  <ele>155.531998</ele>
  <time>2010-07-31T09:07:56Z</time>
</trkpt>
<trkpt lat="54.058944695" lon="52.090477031">
  <ele>155.352005</ele>
  <time>2010-07-31T09:07:57Z</time>
</trkpt>
<trkpt lat="54.058994316" lon="52.090869891">
  <ele>155.097000</ele>
  <time>2010-07-31T09:07:58Z</time>
</trkpt>
<trkpt lat="54.059043853" lon="52.091262834">
  <ele>154.841995</ele>
  <time>2010-07-31T09:07:59Z</time>
</trkpt>
<trkpt lat="54.059093473" lon="52.091648066">
  <ele>154.766006</ele>
  <time>2010-07-31T09:08:00Z</time>
</trkpt>
<trkpt lat="54.059139239" lon="52.092029611">
  <ele>154.453003</ele>
  <time>2010-07-31T09:08:01Z</time>
</trkpt>
<trkpt lat="54.059185004" lon="52.092407215">
  <ele>154.466995</ele>
  <time>2010-07-31T09:08:02Z</time>
</trkpt>
<trkpt lat="54.059230769" lon="52.092784904">
  <ele>154.067001</ele>
  <time>2010-07-31T09:08:03Z</time>
</trkpt>
<trkpt lat="54.059276618" lon="52.093158737">
  <ele>153.684998</ele>
  <time>2010-07-31T09:08:04Z</time>
</trkpt>
<trkpt lat="54.059326155" lon="52.093532570">
  <ele>153.729004</ele>
  <time>2010-07-31T09:08:05Z</time>
</trkpt>
<trkpt lat="54.059371920" lon="52.093910258">
  <ele>153.792999</ele>
  <time>2010-07-31T09:08:06Z</time>
</trkpt>
<trkpt lat="54.059421541" lon="52.094291719">
  <ele>154.556000</ele>
  <time>2010-07-31T09:08:07Z</time>
</trkpt>
<trkpt lat="54.059467306" lon="52.094673179">
  <ele>155.216995</ele>
  <time>2010-07-31T09:08:08Z</time>
</trkpt>
<trkpt lat="54.059513072" lon="52.095050784">
  <ele>155.882996</ele>
  <time>2010-07-31T09:08:09Z</time>
</trkpt>
<trkpt lat="54.059562692" lon="52.095432244">
  <ele>156.585999</ele>
  <time>2010-07-31T09:08:10Z</time>
</trkpt>
<trkpt lat="54.059608458" lon="52.095813788">
  <ele>157.201004</ele>
  <time>2010-07-31T09:08:11Z</time>
</trkpt>
<trkpt lat="54.059654223" lon="52.096202876">
  <ele>158.035995</ele>
  <time>2010-07-31T09:08:12Z</time>
</trkpt>
<trkpt lat="54.059703844" lon="52.096588109">
  <ele>158.434998</ele>
  <time>2010-07-31T09:08:13Z</time>
</trkpt>
<trkpt lat="54.059753381" lon="52.096973425">
  <ele>158.832001</ele>
  <time>2010-07-31T09:08:14Z</time>
</trkpt>
<trkpt lat="54.059799230" lon="52.097362513">
  <ele>159.455994</ele>
  <time>2010-07-31T09:08:15Z</time>
</trkpt>
<trkpt lat="54.059852622" lon="52.097755456">
  <ele>160.328003</ele>
  <time>2010-07-31T09:08:16Z</time>
</trkpt>
<trkpt lat="54.059909787" lon="52.098144544">
  <ele>161.082993</ele>
  <time>2010-07-31T09:08:17Z</time>
</trkpt>
<trkpt lat="54.059963264" lon="52.098541260">
  <ele>161.929001</ele>
  <time>2010-07-31T09:08:18Z</time>
</trkpt>
<trkpt lat="54.060016656" lon="52.098934203">
  <ele>162.516998</ele>
  <time>2010-07-31T09:08:19Z</time>
</trkpt>
<trkpt lat="54.060070049" lon="52.099330919">
  <ele>163.126999</ele>
  <time>2010-07-31T09:08:20Z</time>
</trkpt>
<trkpt lat="54.060119670" lon="52.099731406">
  <ele>163.636993</ele>
  <time>2010-07-31T09:08:21Z</time>
</trkpt>
<trkpt lat="54.060165435" lon="52.100131977">
  <ele>164.421005</ele>
  <time>2010-07-31T09:08:22Z</time>
</trkpt>
<trkpt lat="54.060207345" lon="52.100536320">
  <ele>164.865997</ele>
  <time>2010-07-31T09:08:23Z</time>
</trkpt>
<trkpt lat="54.060249338" lon="52.100944519">
  <ele>165.335007</ele>
  <time>2010-07-31T09:08:24Z</time>
</trkpt>
<trkpt lat="54.060291331" lon="52.101356490">
  <ele>165.824997</ele>
  <time>2010-07-31T09:08:25Z</time>
</trkpt>
<trkpt lat="54.060337096" lon="52.101768460">
  <ele>166.432007</ele>
  <time>2010-07-31T09:08:26Z</time>
</trkpt>
<trkpt lat="54.060386634" lon="52.102176659">
  <ele>166.848007</ele>
  <time>2010-07-31T09:08:27Z</time>
</trkpt>
<trkpt lat="54.060436254" lon="52.102588629">
  <ele>167.322998</ele>
  <time>2010-07-31T09:08:28Z</time>
</trkpt>
<trkpt lat="54.060489647" lon="52.102996828">
  <ele>167.798004</ele>
  <time>2010-07-31T09:08:29Z</time>
</trkpt>
<trkpt lat="54.060539268" lon="52.103408799">
  <ele>168.179001</ele>
  <time>2010-07-31T09:08:30Z</time>
</trkpt>
<trkpt lat="54.060588805" lon="52.103816997">
  <ele>168.542007</ele>
  <time>2010-07-31T09:08:31Z</time>
</trkpt>
<trkpt lat="54.060638426" lon="52.104225196">
  <ele>168.837006</ele>
  <time>2010-07-31T09:08:32Z</time>
</trkpt>
<trkpt lat="54.060691819" lon="52.104637166">
  <ele>169.264999</ele>
  <time>2010-07-31T09:08:33Z</time>
</trkpt>
<trkpt lat="54.060745211" lon="52.105045281">
  <ele>169.445007</ele>
  <time>2010-07-31T09:08:34Z</time>
</trkpt>
<trkpt lat="54.060794832" lon="52.105457336">
  <ele>169.699997</ele>
  <time>2010-07-31T09:08:35Z</time>
</trkpt>
<trkpt lat="54.060840597" lon="52.105865451">
  <ele>169.972000</ele>
  <time>2010-07-31T09:08:36Z</time>
</trkpt>
<trkpt lat="54.060890218" lon="52.106277505">
  <ele>170.539993</ele>
  <time>2010-07-31T09:08:37Z</time>
</trkpt>
<trkpt lat="54.060943611" lon="52.106685620">
  <ele>171.018997</ele>
  <time>2010-07-31T09:08:38Z</time>
</trkpt>
<trkpt lat="54.060993232" lon="52.107097590">
  <ele>171.559998</ele>
  <time>2010-07-31T09:08:39Z</time>
</trkpt>
<trkpt lat="54.061042769" lon="52.107509645">
  <ele>171.938995</ele>
  <time>2010-07-31T09:08:40Z</time>
</trkpt>
<trkpt lat="54.061092390" lon="52.107921615">
  <ele>172.494003</ele>
  <time>2010-07-31T09:08:41Z</time>
</trkpt>
<trkpt lat="54.061145782" lon="52.108333586">
  <ele>172.964996</ele>
  <time>2010-07-31T09:08:42Z</time>
</trkpt>
<trkpt lat="54.061195403" lon="52.108745556">
  <ele>173.516006</ele>
  <time>2010-07-31T09:08:43Z</time>
</trkpt>
<trkpt lat="54.061244940" lon="52.109153755">
  <ele>173.882004</ele>
  <time>2010-07-31T09:08:44Z</time>
</trkpt>
<trkpt lat="54.061298333" lon="52.109565726">
  <ele>174.358994</ele>
  <time>2010-07-31T09:08:45Z</time>
</trkpt>
<trkpt lat="54.061347954" lon="52.109977696">
  <ele>174.843994</ele>
  <time>2010-07-31T09:08:46Z</time>
</trkpt>
<trkpt lat="54.061401347" lon="52.110393522">
  <ele>175.397995</ele>
  <time>2010-07-31T09:08:47Z</time>
</trkpt>
<trkpt lat="54.061450968" lon="52.110801721">
  <ele>175.884003</ele>
  <time>2010-07-31T09:08:48Z</time>
</trkpt>
<trkpt lat="54.061496733" lon="52.111213692">
  <ele>176.854004</ele>
  <time>2010-07-31T09:08:49Z</time>
</trkpt>
<trkpt lat="54.061550125" lon="52.111621890">
  <ele>177.386993</ele>
  <time>2010-07-31T09:08:50Z</time>
</trkpt>
<trkpt lat="54.061599746" lon="52.112030005">
  <ele>178.162003</ele>
  <time>2010-07-31T09:08:51Z</time>
</trkpt>
<trkpt lat="54.061649283" lon="52.112434348">
  <ele>178.710007</ele>
  <time>2010-07-31T09:08:52Z</time>
</trkpt>
<trkpt lat="54.061698904" lon="52.112834919">
  <ele>179.445999</ele>
  <time>2010-07-31T09:08:53Z</time>
</trkpt>
<trkpt lat="54.061748525" lon="52.113231635">
  <ele>179.977997</ele>
  <time>2010-07-31T09:08:54Z</time>
</trkpt>
<trkpt lat="54.061798062" lon="52.113624578">
  <ele>180.714996</ele>
  <time>2010-07-31T09:08:55Z</time>
</trkpt>
<trkpt lat="54.061843911" lon="52.114017522">
  <ele>181.313995</ele>
  <time>2010-07-31T09:08:56Z</time>
</trkpt>
<trkpt lat="54.061893448" lon="52.114402754">
  <ele>181.699005</ele>
  <time>2010-07-31T09:08:57Z</time>
</trkpt>
<trkpt lat="54.061939213" lon="52.114788070">
  <ele>181.996002</ele>
  <time>2010-07-31T09:08:58Z</time>
</trkpt>
<trkpt lat="54.061984979" lon="52.115169531">
  <ele>182.276993</ele>
  <time>2010-07-31T09:08:59Z</time>
</trkpt>
<trkpt lat="54.062030828" lon="52.115547219">
  <ele>182.750000</ele>
  <time>2010-07-31T09:09:00Z</time>
</trkpt>
<trkpt lat="54.062076593" lon="52.115917196">
  <ele>182.891006</ele>
  <time>2010-07-31T09:09:01Z</time>
</trkpt>
<trkpt lat="54.062122358" lon="52.116283402">
  <ele>183.255997</ele>
  <time>2010-07-31T09:09:02Z</time>
</trkpt>
<trkpt lat="54.062168123" lon="52.116649607">
  <ele>183.645004</ele>
  <time>2010-07-31T09:09:03Z</time>
</trkpt>
<trkpt lat="54.062210117" lon="52.117012041">
  <ele>183.869003</ele>
  <time>2010-07-31T09:09:04Z</time>
</trkpt>
<trkpt lat="54.062255882" lon="52.117378246">
  <ele>184.136002</ele>
  <time>2010-07-31T09:09:05Z</time>
</trkpt>
<trkpt lat="54.062301647" lon="52.117748223">
  <ele>184.518997</ele>
  <time>2010-07-31T09:09:06Z</time>
</trkpt>
<trkpt lat="54.062347412" lon="52.118118284">
  <ele>184.841003</ele>
  <time>2010-07-31T09:09:07Z</time>
</trkpt>
<trkpt lat="54.062397033" lon="52.118488345">
  <ele>184.901001</ele>
  <time>2010-07-31T09:09:08Z</time>
</trkpt>
<trkpt lat="54.062446570" lon="52.118865950">
  <ele>185.106995</ele>
  <time>2010-07-31T09:09:09Z</time>
</trkpt>
<trkpt lat="54.062496191" lon="52.119243639">
  <ele>185.227997</ele>
  <time>2010-07-31T09:09:10Z</time>
</trkpt>
<trkpt lat="54.062541956" lon="52.119625099">
  <ele>185.035004</ele>
  <time>2010-07-31T09:09:11Z</time>
</trkpt>
<trkpt lat="54.062591577" lon="52.120006559">
  <ele>185.100006</ele>
  <time>2010-07-31T09:09:12Z</time>
</trkpt>
<trkpt lat="54.062641114" lon="52.120384248">
  <ele>185.162994</ele>
  <time>2010-07-31T09:09:13Z</time>
</trkpt>
<trkpt lat="54.062686879" lon="52.120773336">
  <ele>185.576004</ele>
  <time>2010-07-31T09:09:14Z</time>
</trkpt>
<trkpt lat="54.062736500" lon="52.121158568">
  <ele>186.014008</ele>
  <time>2010-07-31T09:09:15Z</time>
</trkpt>
<trkpt lat="54.062782265" lon="52.121540029">
  <ele>186.641006</ele>
  <time>2010-07-31T09:09:16Z</time>
</trkpt>
<trkpt lat="54.062828030" lon="52.121929200">
  <ele>187.722000</ele>
  <time>2010-07-31T09:09:17Z</time>
</trkpt>
<trkpt lat="54.062877651" lon="52.122314433">
  <ele>188.927002</ele>
  <time>2010-07-31T09:09:18Z</time>
</trkpt>
<trkpt lat="54.062923416" lon="52.122695893">
  <ele>189.981003</ele>
  <time>2010-07-31T09:09:19Z</time>
</trkpt>
<trkpt lat="54.062973037" lon="52.123077353">
  <ele>191.063995</ele>
  <time>2010-07-31T09:09:20Z</time>
</trkpt>
<trkpt lat="54.063018803" lon="52.123455042">
  <ele>192.214996</ele>
  <time>2010-07-31T09:09:21Z</time>
</trkpt>
<trkpt lat="54.063068423" lon="52.123832731">
  <ele>193.330994</ele>
  <time>2010-07-31T09:09:22Z</time>
</trkpt>
<trkpt lat="54.063114189" lon="52.124210335">
  <ele>194.453995</ele>
  <time>2010-07-31T09:09:23Z</time>
</trkpt>
<trkpt lat="54.063159954" lon="52.124584168">
  <ele>195.552002</ele>
  <time>2010-07-31T09:09:24Z</time>
</trkpt>
<trkpt lat="54.063205719" lon="52.124950374">
  <ele>196.365005</ele>
  <time>2010-07-31T09:09:25Z</time>
</trkpt>
<trkpt lat="54.063251484" lon="52.125305180">
  <ele>197.425003</ele>
  <time>2010-07-31T09:09:26Z</time>
</trkpt>
<trkpt lat="54.063293478" lon="52.125648502">
  <ele>198.016006</ele>
  <time>2010-07-31T09:09:27Z</time>
</trkpt>
<trkpt lat="54.063335387" lon="52.125980342">
  <ele>198.858994</ele>
  <time>2010-07-31T09:09:28Z</time>
</trkpt>
<trkpt lat="54.063373525" lon="52.126304638">
  <ele>199.412003</ele>
  <time>2010-07-31T09:09:29Z</time>
</trkpt>
<trkpt lat="54.063411746" lon="52.126617450">
  <ele>200.287994</ele>
  <time>2010-07-31T09:09:30Z</time>
</trkpt>
<trkpt lat="54.063449884" lon="52.126915008">
  <ele>200.794998</ele>
  <time>2010-07-31T09:09:31Z</time>
</trkpt>
<trkpt lat="54.063488021" lon="52.127204854">
  <ele>201.307007</ele>
  <time>2010-07-31T09:09:32Z</time>
</trkpt>
<trkpt lat="54.063522303" lon="52.127483385">
  <ele>201.716003</ele>
  <time>2010-07-31T09:09:33Z</time>
</trkpt>
<trkpt lat="54.063556669" lon="52.127754204">
  <ele>202.244995</ele>
  <time>2010-07-31T09:09:34Z</time>
</trkpt>
<trkpt lat="54.063587179" lon="52.128009768">
  <ele>202.682999</ele>
  <time>2010-07-31T09:09:35Z</time>
</trkpt>
<trkpt lat="54.063621545" lon="52.128261561">
  <ele>203.388000</ele>
  <time>2010-07-31T09:09:36Z</time>
</trkpt>
<trkpt lat="54.063648200" lon="52.128505725">
  <ele>203.979004</ele>
  <time>2010-07-31T09:09:37Z</time>
</trkpt>
<trkpt lat="54.063678710" lon="52.128742179">
  <ele>204.281998</ele>
  <time>2010-07-31T09:09:38Z</time>
</trkpt>
<trkpt lat="54.063705448" lon="52.128967317">
  <ele>204.671997</ele>
  <time>2010-07-31T09:09:39Z</time>
</trkpt>
<trkpt lat="54.063735958" lon="52.129188515">
  <ele>205.080994</ele>
  <time>2010-07-31T09:09:40Z</time>
</trkpt>
<trkpt lat="54.063762696" lon="52.129402170">
  <ele>205.567993</ele>
  <time>2010-07-31T09:09:41Z</time>
</trkpt>
<trkpt lat="54.063789351" lon="52.129608113">
  <ele>206.095993</ele>
  <time>2010-07-31T09:09:42Z</time>
</trkpt>
<trkpt lat="54.063816089" lon="52.129798885">
  <ele>206.623001</ele>
  <time>2010-07-31T09:09:43Z</time>
</trkpt>
<trkpt lat="54.063838972" lon="52.129970547">
  <ele>206.988998</ele>
  <time>2010-07-31T09:09:44Z</time>
</trkpt>
<trkpt lat="54.063861854" lon="52.130130809">
  <ele>207.764008</ele>
  <time>2010-07-31T09:09:45Z</time>
</trkpt>
<trkpt lat="54.063880881" lon="52.130271876">
  <ele>207.955002</ele>
  <time>2010-07-31T09:09:46Z</time>
</trkpt>
<trkpt lat="54.063899992" lon="52.130401628">
  <ele>208.324997</ele>
  <time>2010-07-31T09:09:47Z</time>
</trkpt>
<trkpt lat="54.063915247" lon="52.130512269">
  <ele>208.408997</ele>
  <time>2010-07-31T09:09:48Z</time>
</trkpt>
<trkpt lat="54.063926730" lon="52.130615199">
  <ele>208.731995</ele>
  <time>2010-07-31T09:09:49Z</time>
</trkpt>
<trkpt lat="54.063938130" lon="52.130706813">
  <ele>208.742996</ele>
  <time>2010-07-31T09:09:50Z</time>
</trkpt>
<trkpt lat="54.063953385" lon="52.130798344">
  <ele>209.235001</ele>
  <time>2010-07-31T09:09:51Z</time>
</trkpt>
<trkpt lat="54.063961012" lon="52.130878475">
  <ele>209.431000</ele>
  <time>2010-07-31T09:09:52Z</time>
</trkpt>
<trkpt lat="54.063972495" lon="52.130958522">
  <ele>209.595001</ele>
  <time>2010-07-31T09:09:53Z</time>
</trkpt>
<trkpt lat="54.063980123" lon="52.131034881">
  <ele>209.613007</ele>
  <time>2010-07-31T09:09:54Z</time>
</trkpt>
<trkpt lat="54.063991522" lon="52.131111156">
  <ele>209.699005</ele>
  <time>2010-07-31T09:09:55Z</time>
</trkpt>
<trkpt lat="54.063999150" lon="52.131195059">
  <ele>209.914001</ele>
  <time>2010-07-31T09:09:56Z</time>
</trkpt>
<trkpt lat="54.064010633" lon="52.131286589">
  <ele>210.268997</ele>
  <time>2010-07-31T09:09:57Z</time>
</trkpt>
<trkpt lat="54.064022033" lon="52.131393459">
  <ele>210.528000</ele>
  <time>2010-07-31T09:09:58Z</time>
</trkpt>
<trkpt lat="54.064033516" lon="52.131500244">
  <ele>211.134995</ele>
  <time>2010-07-31T09:09:59Z</time>
</trkpt>
<trkpt lat="54.064044915" lon="52.131603258">
  <ele>211.166000</ele>
  <time>2010-07-31T09:10:00Z</time>
</trkpt>
<trkpt lat="54.064060170" lon="52.131706271">
  <ele>211.438995</ele>
  <time>2010-07-31T09:10:01Z</time>
</trkpt>
<trkpt lat="54.064071653" lon="52.131816829">
  <ele>211.623993</ele>
  <time>2010-07-31T09:10:02Z</time>
</trkpt>
<trkpt lat="54.064083137" lon="52.131919842">
  <ele>212.128006</ele>
  <time>2010-07-31T09:10:03Z</time>
</trkpt>
<trkpt lat="54.064098392" lon="52.132022856">
  <ele>212.182999</ele>
  <time>2010-07-31T09:10:04Z</time>
</trkpt>
<trkpt lat="54.064109791" lon="52.132118242">
  <ele>212.300003</ele>
  <time>2010-07-31T09:10:05Z</time>
</trkpt>
<trkpt lat="54.064125046" lon="52.132206000">
  <ele>212.565994</ele>
  <time>2010-07-31T09:10:06Z</time>
</trkpt>
<trkpt lat="54.064132674" lon="52.132282276">
  <ele>212.916000</ele>
  <time>2010-07-31T09:10:07Z</time>
</trkpt>
<trkpt lat="54.064140301" lon="52.132347068">
  <ele>213.132004</ele>
  <time>2010-07-31T09:10:08Z</time>
</trkpt>
<trkpt lat="54.064147929" lon="52.132404316">
  <ele>213.376999</ele>
  <time>2010-07-31T09:10:09Z</time>
</trkpt>
<trkpt lat="54.064155556" lon="52.132457709">
  <ele>213.585007</ele>
  <time>2010-07-31T09:10:10Z</time>
</trkpt>
<trkpt lat="54.064163184" lon="52.132514957">
  <ele>213.748993</ele>
  <time>2010-07-31T09:10:11Z</time>
</trkpt>
<trkpt lat="54.064167039" lon="52.132583605">
  <ele>213.858994</ele>
  <time>2010-07-31T09:10:12Z</time>
</trkpt>
<trkpt lat="54.064178439" lon="52.132663736">
  <ele>213.817001</ele>
  <time>2010-07-31T09:10:13Z</time>
</trkpt>
<trkpt lat="54.064186066" lon="52.132751495">
  <ele>214.130997</ele>
  <time>2010-07-31T09:10:14Z</time>
</trkpt>
<trkpt lat="54.064197550" lon="52.132850653">
  <ele>214.410004</ele>
  <time>2010-07-31T09:10:15Z</time>
</trkpt>
<trkpt lat="54.064212805" lon="52.132953666">
  <ele>214.628998</ele>
  <time>2010-07-31T09:10:16Z</time>
</trkpt>
<trkpt lat="54.064228060" lon="52.133060452">
  <ele>214.992996</ele>
  <time>2010-07-31T09:10:17Z</time>
</trkpt>
<trkpt lat="54.064235687" lon="52.133171093">
  <ele>215.257004</ele>
  <time>2010-07-31T09:10:18Z</time>
</trkpt>
<trkpt lat="54.064250942" lon="52.133274106">
  <ele>215.253006</ele>
  <time>2010-07-31T09:10:19Z</time>
</trkpt>
<trkpt lat="54.064262426" lon="52.133380892">
  <ele>215.139999</ele>
  <time>2010-07-31T09:10:20Z</time>
</trkpt>
<trkpt lat="54.064277681" lon="52.133499160">
  <ele>215.343994</ele>
  <time>2010-07-31T09:10:21Z</time>
</trkpt>
<trkpt lat="54.064292936" lon="52.133617429">
  <ele>215.815994</ele>
  <time>2010-07-31T09:10:22Z</time>
</trkpt>
<trkpt lat="54.064308191" lon="52.133724215">
  <ele>216.037994</ele>
  <time>2010-07-31T09:10:23Z</time>
</trkpt>
<trkpt lat="54.064319590" lon="52.133823372">
  <ele>216.313995</ele>
  <time>2010-07-31T09:10:24Z</time>
</trkpt>
<trkpt lat="54.064327218" lon="52.133922614">
  <ele>216.384003</ele>
  <time>2010-07-31T09:10:25Z</time>
</trkpt>
<trkpt lat="54.064338701" lon="52.134014145">
  <ele>216.569000</ele>
  <time>2010-07-31T09:10:26Z</time>
</trkpt>
<trkpt lat="54.064350100" lon="52.134105675">
  <ele>216.606995</ele>
  <time>2010-07-31T09:10:27Z</time>
</trkpt>
<trkpt lat="54.064365355" lon="52.134204833">
  <ele>216.927002</ele>
  <time>2010-07-31T09:10:28Z</time>
</trkpt>
<trkpt lat="54.064376839" lon="52.134304075">
  <ele>217.072006</ele>
  <time>2010-07-31T09:10:29Z</time>
</trkpt>
<trkpt lat="54.064392094" lon="52.134403232">
  <ele>217.388000</ele>
  <time>2010-07-31T09:10:30Z</time>
</trkpt>
<trkpt lat="54.064403493" lon="52.134494763">
  <ele>217.699997</ele>
  <time>2010-07-31T09:10:31Z</time>
</trkpt>
<trkpt lat="54.064414976" lon="52.134582521">
  <ele>217.981003</ele>
  <time>2010-07-31T09:10:32Z</time>
</trkpt>
<trkpt lat="54.064426459" lon="52.134670280">
  <ele>218.330994</ele>
  <time>2010-07-31T09:10:33Z</time>
</trkpt>
<trkpt lat="54.064434087" lon="52.134750327">
  <ele>218.544998</ele>
  <time>2010-07-31T09:10:34Z</time>
</trkpt>
<trkpt lat="54.064441714" lon="52.134826686">
  <ele>218.671005</ele>
  <time>2010-07-31T09:10:35Z</time>
</trkpt>
<trkpt lat="54.064453114" lon="52.134899106">
  <ele>218.630997</ele>
  <time>2010-07-31T09:10:36Z</time>
</trkpt>
<trkpt lat="54.064460741" lon="52.134979237">
  <ele>218.779007</ele>
  <time>2010-07-31T09:10:37Z</time>
</trkpt>
<trkpt lat="54.064472225" lon="52.135066995">
  <ele>219.093994</ele>
  <time>2010-07-31T09:10:38Z</time>
</trkpt>
<trkpt lat="54.064483624" lon="52.135162381">
  <ele>219.447998</ele>
  <time>2010-07-31T09:10:39Z</time>
</trkpt>
<trkpt lat="54.064495107" lon="52.135253912">
  <ele>219.699005</ele>
  <time>2010-07-31T09:10:40Z</time>
</trkpt>
<trkpt lat="54.064510362" lon="52.135356925">
  <ele>219.966003</ele>
  <time>2010-07-31T09:10:41Z</time>
</trkpt>
<trkpt lat="54.064525617" lon="52.135471338">
  <ele>220.347000</ele>
  <time>2010-07-31T09:10:42Z</time>
</trkpt>
<trkpt lat="54.064544644" lon="52.135597235">
  <ele>220.686005</ele>
  <time>2010-07-31T09:10:43Z</time>
</trkpt>
<trkpt lat="54.064559899" lon="52.135726903">
  <ele>221.044006</ele>
  <time>2010-07-31T09:10:44Z</time>
</trkpt>
<trkpt lat="54.064579010" lon="52.135860426">
  <ele>221.311996</ele>
  <time>2010-07-31T09:10:45Z</time>
</trkpt>
<trkpt lat="54.064594265" lon="52.135993950">
  <ele>221.473007</ele>
  <time>2010-07-31T09:10:46Z</time>
</trkpt>
<trkpt lat="54.064609520" lon="52.136123618">
  <ele>221.910004</ele>
  <time>2010-07-31T09:10:47Z</time>
</trkpt>
<trkpt lat="54.064624775" lon="52.136253370">
  <ele>221.912003</ele>
  <time>2010-07-31T09:10:48Z</time>
</trkpt>
<trkpt lat="54.064640030" lon="52.136390666">
  <ele>222.229004</ele>
  <time>2010-07-31T09:10:49Z</time>
</trkpt>
<trkpt lat="54.064655285" lon="52.136516562">
  <ele>222.684006</ele>
  <time>2010-07-31T09:10:50Z</time>
</trkpt>
<trkpt lat="54.064666769" lon="52.136634830">
  <ele>223.386993</ele>
  <time>2010-07-31T09:10:51Z</time>
</trkpt>
<trkpt lat="54.064678168" lon="52.136733988">
  <ele>223.697006</ele>
  <time>2010-07-31T09:10:52Z</time>
</trkpt>
<trkpt lat="54.064689651" lon="52.136810264">
  <ele>223.994003</ele>
  <time>2010-07-31T09:10:53Z</time>
</trkpt>
<trkpt lat="54.064693423" lon="52.136863740">
  <ele>223.914993</ele>
  <time>2010-07-31T09:10:54Z</time>
</trkpt>
<trkpt lat="54.064701051" lon="52.136917133">
  <ele>224.389999</ele>
  <time>2010-07-31T09:10:55Z</time>
</trkpt>
<trkpt lat="54.064704906" lon="52.136962898">
  <ele>224.343002</ele>
  <time>2010-07-31T09:10:56Z</time>
</trkpt>
<trkpt lat="54.064708678" lon="52.137016291">
  <ele>224.453003</ele>
  <time>2010-07-31T09:10:57Z</time>
</trkpt>
<trkpt lat="54.064712534" lon="52.137084939">
  <ele>224.563004</ele>
  <time>2010-07-31T09:10:58Z</time>
</trkpt>
<trkpt lat="54.064716306" lon="52.137153586">
  <ele>224.477005</ele>
  <time>2010-07-31T09:10:59Z</time>
</trkpt>
<trkpt lat="54.064720161" lon="52.137233717">
  <ele>224.475998</ele>
  <time>2010-07-31T09:11:00Z</time>
</trkpt>
<trkpt lat="54.064731561" lon="52.137309993">
  <ele>224.725006</ele>
  <time>2010-07-31T09:11:01Z</time>
</trkpt>
<trkpt lat="54.064743044" lon="52.137382496">
  <ele>224.888000</ele>
  <time>2010-07-31T09:11:02Z</time>
</trkpt>
<trkpt lat="54.064750671" lon="52.137455000">
  <ele>224.953995</ele>
  <time>2010-07-31T09:11:03Z</time>
</trkpt>
<trkpt lat="54.064758299" lon="52.137519876">
  <ele>225.167007</ele>
  <time>2010-07-31T09:11:04Z</time>
</trkpt>
<trkpt lat="54.064765926" lon="52.137584668">
  <ele>225.660004</ele>
  <time>2010-07-31T09:11:05Z</time>
</trkpt>
<trkpt lat="54.064773554" lon="52.137641916">
  <ele>225.709000</ele>
  <time>2010-07-31T09:11:06Z</time>
</trkpt>
<trkpt lat="54.064781182" lon="52.137699164">
  <ele>225.701004</ele>
  <time>2010-07-31T09:11:07Z</time>
</trkpt>
<trkpt lat="54.064785037" lon="52.137760185">
  <ele>225.639008</ele>
  <time>2010-07-31T09:11:08Z</time>
</trkpt>
<trkpt lat="54.064796437" lon="52.137828832">
  <ele>225.690002</ele>
  <time>2010-07-31T09:11:09Z</time>
</trkpt>
<trkpt lat="54.064804064" lon="52.137912735">
  <ele>225.949005</ele>
  <time>2010-07-31T09:11:10Z</time>
</trkpt>
<trkpt lat="54.064815547" lon="52.138000494">
  <ele>225.970001</ele>
  <time>2010-07-31T09:11:11Z</time>
</trkpt>
<trkpt lat="54.064826947" lon="52.138080625">
  <ele>226.119995</ele>
  <time>2010-07-31T09:11:12Z</time>
</trkpt>
<trkpt lat="54.064838430" lon="52.138164528">
  <ele>226.330002</ele>
  <time>2010-07-31T09:11:13Z</time>
</trkpt>
<trkpt lat="54.064846057" lon="52.138256058">
  <ele>226.574005</ele>
  <time>2010-07-31T09:11:14Z</time>
</trkpt>
<trkpt lat="54.064853685" lon="52.138339961">
  <ele>226.751999</ele>
  <time>2010-07-31T09:11:15Z</time>
</trkpt>
<trkpt lat="54.064861313" lon="52.138427719">
  <ele>227.067993</ele>
  <time>2010-07-31T09:11:16Z</time>
</trkpt>
<trkpt lat="54.064868940" lon="52.138507850">
  <ele>227.347000</ele>
  <time>2010-07-31T09:11:17Z</time>
</trkpt>
<trkpt lat="54.064880339" lon="52.138576498">
  <ele>227.386002</ele>
  <time>2010-07-31T09:11:18Z</time>
</trkpt>
<trkpt lat="54.064887967" lon="52.138652774">
  <ele>227.550995</ele>
  <time>2010-07-31T09:11:19Z</time>
</trkpt>
<trkpt lat="54.064895594" lon="52.138736760">
  <ele>227.669006</ele>
  <time>2010-07-31T09:11:20Z</time>
</trkpt>
<trkpt lat="54.064907078" lon="52.138828291">
  <ele>227.703995</ele>
  <time>2010-07-31T09:11:21Z</time>
</trkpt>
<trkpt lat="54.064918477" lon="52.138927449">
  <ele>227.843002</ele>
  <time>2010-07-31T09:11:22Z</time>
</trkpt>
<trkpt lat="54.064929960" lon="52.139022835">
  <ele>228.087006</ele>
  <time>2010-07-31T09:11:23Z</time>
</trkpt>
<trkpt lat="54.064941444" lon="52.139114365">
  <ele>228.201004</ele>
  <time>2010-07-31T09:11:24Z</time>
</trkpt>
<trkpt lat="54.064952843" lon="52.139198268">
  <ele>228.378006</ele>
  <time>2010-07-31T09:11:25Z</time>
</trkpt>
<trkpt lat="54.064964326" lon="52.139289882">
  <ele>228.539001</ele>
  <time>2010-07-31T09:11:26Z</time>
</trkpt>
<trkpt lat="54.064975725" lon="52.139392812">
  <ele>228.770996</ele>
  <time>2010-07-31T09:11:27Z</time>
</trkpt>
<trkpt lat="54.064983353" lon="52.139495825">
  <ele>228.820999</ele>
  <time>2010-07-31T09:11:28Z</time>
</trkpt>
<trkpt lat="54.064994836" lon="52.139598839">
  <ele>228.843002</ele>
  <time>2010-07-31T09:11:29Z</time>
</trkpt>
<trkpt lat="54.065010091" lon="52.139705624">
  <ele>229.063004</ele>
  <time>2010-07-31T09:11:30Z</time>
</trkpt>
<trkpt lat="54.065021491" lon="52.139804866">
  <ele>228.970993</ele>
  <time>2010-07-31T09:11:31Z</time>
</trkpt>
<trkpt lat="54.065032974" lon="52.139904024">
  <ele>229.098007</ele>
  <time>2010-07-31T09:11:32Z</time>
</trkpt>
<trkpt lat="54.065044373" lon="52.139999410">
  <ele>229.319000</ele>
  <time>2010-07-31T09:11:33Z</time>
</trkpt>
<trkpt lat="54.065052001" lon="52.140094796">
  <ele>229.278000</ele>
  <time>2010-07-31T09:11:34Z</time>
</trkpt>
<trkpt lat="54.065063484" lon="52.140197726">
  <ele>229.455994</ele>
  <time>2010-07-31T09:11:35Z</time>
</trkpt>
<trkpt lat="54.065074883" lon="52.140296968">
  <ele>229.712997</ele>
  <time>2010-07-31T09:11:36Z</time>
</trkpt>
<trkpt lat="54.065090138" lon="52.140392270">
  <ele>229.957993</ele>
  <time>2010-07-31T09:11:37Z</time>
</trkpt>
<trkpt lat="54.065101622" lon="52.140487656">
  <ele>230.154007</ele>
  <time>2010-07-31T09:11:38Z</time>
</trkpt>
<trkpt lat="54.065113105" lon="52.140579186">
  <ele>230.143005</ele>
  <time>2010-07-31T09:11:39Z</time>
</trkpt>
<trkpt lat="54.065124504" lon="52.140670801">
  <ele>230.302994</ele>
  <time>2010-07-31T09:11:40Z</time>
</trkpt>
<trkpt lat="54.065135987" lon="52.140766103">
  <ele>230.223999</ele>
  <time>2010-07-31T09:11:41Z</time>
</trkpt>
<trkpt lat="54.065151243" lon="52.140865345">
  <ele>230.421005</ele>
  <time>2010-07-31T09:11:42Z</time>
</trkpt>
<trkpt lat="54.065162642" lon="52.140968358">
  <ele>230.684006</ele>
  <time>2010-07-31T09:11:43Z</time>
</trkpt>
<trkpt lat="54.065177897" lon="52.141078915">
  <ele>230.889999</ele>
  <time>2010-07-31T09:11:44Z</time>
</trkpt>
<trkpt lat="54.065193152" lon="52.141189557">
  <ele>230.824997</ele>
  <time>2010-07-31T09:11:45Z</time>
</trkpt>
<trkpt lat="54.065204635" lon="52.141300198">
  <ele>230.869003</ele>
  <time>2010-07-31T09:11:46Z</time>
</trkpt>
<trkpt lat="54.065219890" lon="52.141422238">
  <ele>230.835999</ele>
  <time>2010-07-31T09:11:47Z</time>
</trkpt>
<trkpt lat="54.065235145" lon="52.141548134">
  <ele>230.817993</ele>
  <time>2010-07-31T09:11:48Z</time>
</trkpt>
<trkpt lat="54.065250400" lon="52.141674031">
  <ele>231.059006</ele>
  <time>2010-07-31T09:11:49Z</time>
</trkpt>
<trkpt lat="54.065269511" lon="52.141807554">
  <ele>231.018005</ele>
  <time>2010-07-31T09:11:50Z</time>
</trkpt>
<trkpt lat="54.065288538" lon="52.141948706">
  <ele>231.283997</ele>
  <time>2010-07-31T09:11:51Z</time>
</trkpt>
<trkpt lat="54.065303793" lon="52.142101256">
  <ele>231.250000</ele>
  <time>2010-07-31T09:11:52Z</time>
</trkpt>
<trkpt lat="54.065322904" lon="52.142261518">
  <ele>231.207993</ele>
  <time>2010-07-31T09:11:53Z</time>
</trkpt>
<trkpt lat="54.065345787" lon="52.142429324">
  <ele>231.309998</ele>
  <time>2010-07-31T09:11:54Z</time>
</trkpt>
<trkpt lat="54.065368669" lon="52.142600985">
  <ele>231.365005</ele>
  <time>2010-07-31T09:11:55Z</time>
</trkpt>
<trkpt lat="54.065391552" lon="52.142776502">
  <ele>231.294006</ele>
  <time>2010-07-31T09:11:56Z</time>
</trkpt>
<trkpt lat="54.065410579" lon="52.142959563">
  <ele>231.057999</ele>
  <time>2010-07-31T09:11:57Z</time>
</trkpt>
<trkpt lat="54.065433461" lon="52.143150335">
  <ele>230.802002</ele>
  <time>2010-07-31T09:11:58Z</time>
</trkpt>
<trkpt lat="54.065460199" lon="52.143344879">
  <ele>230.768997</ele>
  <time>2010-07-31T09:11:59Z</time>
</trkpt>
<trkpt lat="54.065483082" lon="52.143550906">
  <ele>230.449005</ele>
  <time>2010-07-31T09:12:00Z</time>
</trkpt>
<trkpt lat="54.065509820" lon="52.143764477">
  <ele>230.014008</ele>
  <time>2010-07-31T09:12:01Z</time>
</trkpt>
<trkpt lat="54.065536475" lon="52.143981904">
  <ele>229.895004</ele>
  <time>2010-07-31T09:12:02Z</time>
</trkpt>
<trkpt lat="54.065563213" lon="52.144203186">
  <ele>229.582993</ele>
  <time>2010-07-31T09:12:03Z</time>
</trkpt>
<trkpt lat="54.065589868" lon="52.144428240">
  <ele>229.158997</ele>
  <time>2010-07-31T09:12:04Z</time>
</trkpt>
<trkpt lat="54.065616606" lon="52.144641895">
  <ele>229.311005</ele>
  <time>2010-07-31T09:12:05Z</time>
</trkpt>
<trkpt lat="54.065643344" lon="52.144840211">
  <ele>228.945999</ele>
  <time>2010-07-31T09:12:06Z</time>
</trkpt>
<trkpt lat="54.065669999" lon="52.145030983">
  <ele>228.617996</ele>
  <time>2010-07-31T09:12:07Z</time>
</trkpt>
<trkpt lat="54.065692881" lon="52.145221671">
  <ele>228.412994</ele>
  <time>2010-07-31T09:12:08Z</time>
</trkpt>
<trkpt lat="54.065715764" lon="52.145420071">
  <ele>227.714996</ele>
  <time>2010-07-31T09:12:09Z</time>
</trkpt>
<trkpt lat="54.065742502" lon="52.145629870">
  <ele>227.373993</ele>
  <time>2010-07-31T09:12:10Z</time>
</trkpt>
<trkpt lat="54.065773012" lon="52.145847296">
  <ele>227.084000</ele>
  <time>2010-07-31T09:12:11Z</time>
</trkpt>
<trkpt lat="54.065799750" lon="52.146068579">
  <ele>226.684998</ele>
  <time>2010-07-31T09:12:12Z</time>
</trkpt>
<trkpt lat="54.065826405" lon="52.146297488">
  <ele>226.264999</ele>
  <time>2010-07-31T09:12:13Z</time>
</trkpt>
<trkpt lat="54.065853143" lon="52.146533942">
  <ele>225.955994</ele>
  <time>2010-07-31T09:12:14Z</time>
</trkpt>
<trkpt lat="54.065883653" lon="52.146778107">
  <ele>225.287994</ele>
  <time>2010-07-31T09:12:15Z</time>
</trkpt>
<trkpt lat="54.065914163" lon="52.147026043">
  <ele>224.589996</ele>
  <time>2010-07-31T09:12:16Z</time>
</trkpt>
<trkpt lat="54.065944673" lon="52.147277836">
  <ele>224.029999</ele>
  <time>2010-07-31T09:12:17Z</time>
</trkpt>
<trkpt lat="54.065975184" lon="52.147533400">
  <ele>223.623001</ele>
  <time>2010-07-31T09:12:18Z</time>
</trkpt>
<trkpt lat="54.066005694" lon="52.147788964">
  <ele>222.897995</ele>
  <time>2010-07-31T09:12:19Z</time>
</trkpt>
<trkpt lat="54.066040060" lon="52.148052240">
  <ele>222.195007</ele>
  <time>2010-07-31T09:12:20Z</time>
</trkpt>
<trkpt lat="54.066070570" lon="52.148319203">
  <ele>221.529007</ele>
  <time>2010-07-31T09:12:21Z</time>
</trkpt>
<trkpt lat="54.066101080" lon="52.148586251">
  <ele>220.597000</ele>
  <time>2010-07-31T09:12:22Z</time>
</trkpt>
<trkpt lat="54.066131590" lon="52.148853298">
  <ele>219.748993</ele>
  <time>2010-07-31T09:12:23Z</time>
</trkpt>
<trkpt lat="54.066169728" lon="52.149120346">
  <ele>219.106995</ele>
  <time>2010-07-31T09:12:24Z</time>
</trkpt>
<trkpt lat="54.066200238" lon="52.149391165">
  <ele>218.360992</ele>
  <time>2010-07-31T09:12:25Z</time>
</trkpt>
<trkpt lat="54.066234604" lon="52.149661984">
  <ele>217.671997</ele>
  <time>2010-07-31T09:12:26Z</time>
</trkpt>
<trkpt lat="54.066265114" lon="52.149936659">
  <ele>216.697998</ele>
  <time>2010-07-31T09:12:27Z</time>
</trkpt>
<trkpt lat="54.066299479" lon="52.150207479">
  <ele>215.901993</ele>
  <time>2010-07-31T09:12:28Z</time>
</trkpt>
<trkpt lat="54.066333761" lon="52.150482154">
  <ele>215.160995</ele>
  <time>2010-07-31T09:12:29Z</time>
</trkpt>
<trkpt lat="54.066364272" lon="52.150760684">
  <ele>213.955002</ele>
  <time>2010-07-31T09:12:30Z</time>
</trkpt>
<trkpt lat="54.066394782" lon="52.151039131">
  <ele>213.195007</ele>
  <time>2010-07-31T09:12:31Z</time>
</trkpt>
<trkpt lat="54.066429147" lon="52.151325205">
  <ele>212.604996</ele>
  <time>2010-07-31T09:12:32Z</time>
</trkpt>
<trkpt lat="54.066463429" lon="52.151603736">
  <ele>212.028000</ele>
  <time>2010-07-31T09:12:33Z</time>
</trkpt>
<trkpt lat="54.066501651" lon="52.151885955">
  <ele>211.339005</ele>
  <time>2010-07-31T09:12:34Z</time>
</trkpt>
<trkpt lat="54.066535933" lon="52.152164485">
  <ele>210.464005</ele>
  <time>2010-07-31T09:12:35Z</time>
</trkpt>
<trkpt lat="54.066570299" lon="52.152446788">
  <ele>209.742996</ele>
  <time>2010-07-31T09:12:36Z</time>
</trkpt>
<trkpt lat="54.066608436" lon="52.152729006">
  <ele>208.914993</ele>
  <time>2010-07-31T09:12:37Z</time>
</trkpt>
<trkpt lat="54.066642802" lon="52.153011309">
  <ele>208.335007</ele>
  <time>2010-07-31T09:12:38Z</time>
</trkpt>
<trkpt lat="54.066673312" lon="52.153289756">
  <ele>207.701004</ele>
  <time>2010-07-31T09:12:39Z</time>
</trkpt>
<trkpt lat="54.066707594" lon="52.153572058">
  <ele>206.820007</ele>
  <time>2010-07-31T09:12:40Z</time>
</trkpt>
<trkpt lat="54.066738104" lon="52.153861988">
  <ele>206.119995</ele>
  <time>2010-07-31T09:12:41Z</time>
</trkpt>
<trkpt lat="54.066772470" lon="52.154148063">
  <ele>205.375000</ele>
  <time>2010-07-31T09:12:42Z</time>
</trkpt>
<trkpt lat="54.066810608" lon="52.154437993">
  <ele>204.800995</ele>
  <time>2010-07-31T09:12:43Z</time>
</trkpt>
<trkpt lat="54.066848746" lon="52.154731778">
  <ele>204.253998</ele>
  <time>2010-07-31T09:12:44Z</time>
</trkpt>
<trkpt lat="54.066886883" lon="52.155029336">
  <ele>203.264999</ele>
  <time>2010-07-31T09:12:45Z</time>
</trkpt>
<trkpt lat="54.066921249" lon="52.155326810">
  <ele>202.518997</ele>
  <time>2010-07-31T09:12:46Z</time>
</trkpt>
<trkpt lat="54.066963159" lon="52.155628223">
  <ele>201.912994</ele>
  <time>2010-07-31T09:12:47Z</time>
</trkpt>
<trkpt lat="54.067001380" lon="52.155941036">
  <ele>201.253006</ele>
  <time>2010-07-31T09:12:48Z</time>
</trkpt>
<trkpt lat="54.067039518" lon="52.156249993">
  <ele>200.248001</ele>
  <time>2010-07-31T09:12:49Z</time>
</trkpt>
<trkpt lat="54.067077655" lon="52.156562805">
  <ele>199.362000</ele>
  <time>2010-07-31T09:12:50Z</time>
</trkpt>
<trkpt lat="54.067115793" lon="52.156879390">
  <ele>198.436996</ele>
  <time>2010-07-31T09:12:51Z</time>
</trkpt>
<trkpt lat="54.067153931" lon="52.157196058">
  <ele>197.384003</ele>
  <time>2010-07-31T09:12:52Z</time>
</trkpt>
<trkpt lat="54.067192068" lon="52.157516498">
  <ele>196.201996</ele>
  <time>2010-07-31T09:12:53Z</time>
</trkpt>
<trkpt lat="54.067234062" lon="52.157840710">
  <ele>195.085999</ele>
  <time>2010-07-31T09:12:54Z</time>
</trkpt>
<trkpt lat="54.067275971" lon="52.158161150">
  <ele>193.917999</ele>
  <time>2010-07-31T09:12:55Z</time>
</trkpt>
<trkpt lat="54.067317965" lon="52.158485446">
  <ele>192.619995</ele>
  <time>2010-07-31T09:12:56Z</time>
</trkpt>
<trkpt lat="54.067359958" lon="52.158813514">
  <ele>191.617004</ele>
  <time>2010-07-31T09:12:57Z</time>
</trkpt>
<trkpt lat="54.067401867" lon="52.159137726">
  <ele>190.544998</ele>
  <time>2010-07-31T09:12:58Z</time>
</trkpt>
<trkpt lat="54.067440005" lon="52.159465794">
  <ele>189.548996</ele>
  <time>2010-07-31T09:12:59Z</time>
</trkpt>
<trkpt lat="54.067481998" lon="52.159793861">
  <ele>188.513000</ele>
  <time>2010-07-31T09:13:00Z</time>
</trkpt>
<trkpt lat="54.067523992" lon="52.160121929">
  <ele>187.154007</ele>
  <time>2010-07-31T09:13:01Z</time>
</trkpt>
<trkpt lat="54.067562129" lon="52.160449997">
  <ele>185.606003</ele>
  <time>2010-07-31T09:13:02Z</time>
</trkpt>
<trkpt lat="54.067607895" lon="52.160781836">
  <ele>184.272995</ele>
  <time>2010-07-31T09:13:03Z</time>
</trkpt>
<trkpt lat="54.067649804" lon="52.161109904">
  <ele>183.175995</ele>
  <time>2010-07-31T09:13:04Z</time>
</trkpt>
<trkpt lat="54.067691797" lon="52.161445599">
  <ele>182.173996</ele>
  <time>2010-07-31T09:13:05Z</time>
</trkpt>
<trkpt lat="54.067733791" lon="52.161781294">
  <ele>181.091995</ele>
  <time>2010-07-31T09:13:06Z</time>
</trkpt>
<trkpt lat="54.067775700" lon="52.162116989">
  <ele>179.953995</ele>
  <time>2010-07-31T09:13:07Z</time>
</trkpt>
<trkpt lat="54.067813838" lon="52.162448913">
  <ele>178.360001</ele>
  <time>2010-07-31T09:13:08Z</time>
</trkpt>
<trkpt lat="54.067855831" lon="52.162784608">
  <ele>176.893997</ele>
  <time>2010-07-31T09:13:09Z</time>
</trkpt>
<trkpt lat="54.067897825" lon="52.163120303">
  <ele>175.472000</ele>
  <time>2010-07-31T09:13:10Z</time>
</trkpt>
<trkpt lat="54.067939734" lon="52.163459770">
  <ele>174.057007</ele>
  <time>2010-07-31T09:13:11Z</time>
</trkpt>
<trkpt lat="54.067981727" lon="52.163803093">
  <ele>172.820999</ele>
  <time>2010-07-31T09:13:12Z</time>
</trkpt>
<trkpt lat="54.068027493" lon="52.164146416">
  <ele>171.173004</ele>
  <time>2010-07-31T09:13:13Z</time>
</trkpt>
<trkpt lat="54.068069486" lon="52.164485967">
  <ele>169.686005</ele>
  <time>2010-07-31T09:13:14Z</time>
</trkpt>
<trkpt lat="54.068111395" lon="52.164833061">
  <ele>168.873993</ele>
  <time>2010-07-31T09:13:15Z</time>
</trkpt>
<trkpt lat="54.068153389" lon="52.165180240">
  <ele>167.970001</ele>
  <time>2010-07-31T09:13:16Z</time>
</trkpt>
<trkpt lat="54.068195382" lon="52.165527334">
  <ele>167.171005</ele>
  <time>2010-07-31T09:13:17Z</time>
</trkpt>
<trkpt lat="54.068237292" lon="52.165874513">
  <ele>166.080002</ele>
  <time>2010-07-31T09:13:18Z</time>
</trkpt>
<trkpt lat="54.068283057" lon="52.166221607">
  <ele>164.845001</ele>
  <time>2010-07-31T09:13:19Z</time>
</trkpt>
<trkpt lat="54.068325050" lon="52.166568786">
  <ele>163.709000</ele>
  <time>2010-07-31T09:13:20Z</time>
</trkpt>
<trkpt lat="54.068363188" lon="52.166912109">
  <ele>162.649994</ele>
  <time>2010-07-31T09:13:21Z</time>
</trkpt>
<trkpt lat="54.068405181" lon="52.167263059">
  <ele>162.186005</ele>
  <time>2010-07-31T09:13:22Z</time>
</trkpt>
<trkpt lat="54.068447091" lon="52.167614009">
  <ele>161.669006</ele>
  <time>2010-07-31T09:13:23Z</time>
</trkpt>
<trkpt lat="54.068492856" lon="52.167972587">
  <ele>161.425995</ele>
  <time>2010-07-31T09:13:24Z</time>
</trkpt>
<trkpt lat="54.068534849" lon="52.168331165">
  <ele>161.567993</ele>
  <time>2010-07-31T09:13:25Z</time>
</trkpt>
<trkpt lat="54.068576843" lon="52.168685887">
  <ele>161.541000</ele>
  <time>2010-07-31T09:13:26Z</time>
</trkpt>
<trkpt lat="54.068618752" lon="52.169040693">
  <ele>161.490005</ele>
  <time>2010-07-31T09:13:27Z</time>
</trkpt>
<trkpt lat="54.068660745" lon="52.169395415">
  <ele>161.322998</ele>
  <time>2010-07-31T09:13:28Z</time>
</trkpt>
<trkpt lat="54.068706511" lon="52.169750221">
  <ele>160.987000</ele>
  <time>2010-07-31T09:13:29Z</time>
</trkpt>
<trkpt lat="54.068748504" lon="52.170101171">
  <ele>161.033005</ele>
  <time>2010-07-31T09:13:30Z</time>
</trkpt>
<trkpt lat="54.068790413" lon="52.170455894">
  <ele>161.136002</ele>
  <time>2010-07-31T09:13:31Z</time>
</trkpt>
<trkpt lat="54.068836179" lon="52.170806844">
  <ele>161.419998</ele>
  <time>2010-07-31T09:13:32Z</time>
</trkpt>
<trkpt lat="54.068878172" lon="52.171150167">
  <ele>161.613007</ele>
  <time>2010-07-31T09:13:33Z</time>
</trkpt>
<trkpt lat="54.068920165" lon="52.171493489">
  <ele>161.660004</ele>
  <time>2010-07-31T09:13:34Z</time>
</trkpt>
<trkpt lat="54.068958303" lon="52.171833040">
  <ele>161.656006</ele>
  <time>2010-07-31T09:13:35Z</time>
</trkpt>
<trkpt lat="54.069000212" lon="52.172164880">
  <ele>161.645996</ele>
  <time>2010-07-31T09:13:36Z</time>
</trkpt>
<trkpt lat="54.069038350" lon="52.172496803">
  <ele>161.712997</ele>
  <time>2010-07-31T09:13:37Z</time>
</trkpt>
<trkpt lat="54.069080343" lon="52.172824871">
  <ele>161.561996</ele>
  <time>2010-07-31T09:13:38Z</time>
</trkpt>
<trkpt lat="54.069122337" lon="52.173149083">
  <ele>161.604004</ele>
  <time>2010-07-31T09:13:39Z</time>
</trkpt>
<trkpt lat="54.069168102" lon="52.173477150">
  <ele>161.557007</ele>
  <time>2010-07-31T09:13:40Z</time>
</trkpt>
<trkpt lat="54.069210012" lon="52.173809074">
  <ele>161.585999</ele>
  <time>2010-07-31T09:13:41Z</time>
</trkpt>
<trkpt lat="54.069248233" lon="52.174137142">
  <ele>161.207993</ele>
  <time>2010-07-31T09:13:42Z</time>
</trkpt>
<trkpt lat="54.069290143" lon="52.174468981">
  <ele>160.768997</ele>
  <time>2010-07-31T09:13:43Z</time>
</trkpt>
<trkpt lat="54.069328280" lon="52.174797049">
  <ele>160.546997</ele>
  <time>2010-07-31T09:13:44Z</time>
</trkpt>
<trkpt lat="54.069370274" lon="52.175128972">
  <ele>160.240997</ele>
  <time>2010-07-31T09:13:45Z</time>
</trkpt>
<trkpt lat="54.069412267" lon="52.175464667">
  <ele>160.026001</ele>
  <time>2010-07-31T09:13:46Z</time>
</trkpt>
<trkpt lat="54.069454176" lon="52.175796507">
  <ele>159.552994</ele>
  <time>2010-07-31T09:13:47Z</time>
</trkpt>
<trkpt lat="54.069496170" lon="52.176132202">
  <ele>159.399002</ele>
  <time>2010-07-31T09:13:48Z</time>
</trkpt>
<trkpt lat="54.069538079" lon="52.176464042">
  <ele>159.063995</ele>
  <time>2010-07-31T09:13:49Z</time>
</trkpt>
<trkpt lat="54.069576301" lon="52.176792109">
  <ele>158.427994</ele>
  <time>2010-07-31T09:13:50Z</time>
</trkpt>
<trkpt lat="54.069618210" lon="52.177116405">
  <ele>157.442001</ele>
  <time>2010-07-31T09:13:51Z</time>
</trkpt>
<trkpt lat="54.069656348" lon="52.177444473">
  <ele>156.401993</ele>
  <time>2010-07-31T09:13:52Z</time>
</trkpt>
<trkpt lat="54.069698341" lon="52.177772541">
  <ele>155.500000</ele>
  <time>2010-07-31T09:13:53Z</time>
</trkpt>
<trkpt lat="54.069736479" lon="52.178100608">
  <ele>154.679993</ele>
  <time>2010-07-31T09:13:54Z</time>
</trkpt>
<trkpt lat="54.069778472" lon="52.178424820">
  <ele>153.666000</ele>
  <time>2010-07-31T09:13:55Z</time>
</trkpt>
<trkpt lat="54.069816610" lon="52.178741489">
  <ele>152.792999</ele>
  <time>2010-07-31T09:13:56Z</time>
</trkpt>
<trkpt lat="54.069854748" lon="52.179054301">
  <ele>151.714005</ele>
  <time>2010-07-31T09:13:57Z</time>
</trkpt>
<trkpt lat="54.069892885" lon="52.179367030">
  <ele>150.610992</ele>
  <time>2010-07-31T09:13:58Z</time>
</trkpt>
<trkpt lat="54.069934878" lon="52.179683698">
  <ele>149.638000</ele>
  <time>2010-07-31T09:13:59Z</time>
</trkpt>
<trkpt lat="54.069973016" lon="52.179996511">
  <ele>148.335999</ele>
  <time>2010-07-31T09:14:00Z</time>
</trkpt>
<trkpt lat="54.070011154" lon="52.180316951">
  <ele>147.315002</ele>
  <time>2010-07-31T09:14:01Z</time>
</trkpt>
<trkpt lat="54.070049291" lon="52.180637391">
  <ele>146.289993</ele>
  <time>2010-07-31T09:14:02Z</time>
</trkpt>
<trkpt lat="54.070087429" lon="52.180957831">
  <ele>145.156006</ele>
  <time>2010-07-31T09:14:03Z</time>
</trkpt>
<trkpt lat="54.070125567" lon="52.181282043">
  <ele>144.104004</ele>
  <time>2010-07-31T09:14:04Z</time>
</trkpt>
<trkpt lat="54.070163704" lon="52.181606255">
  <ele>143.119995</ele>
  <time>2010-07-31T09:14:05Z</time>
</trkpt>
<trkpt lat="54.070201842" lon="52.181922924">
  <ele>141.811996</ele>
  <time>2010-07-31T09:14:06Z</time>
</trkpt>
<trkpt lat="54.070239980" lon="52.182243364">
  <ele>140.709000</ele>
  <time>2010-07-31T09:14:07Z</time>
</trkpt>
<trkpt lat="54.070281973" lon="52.182567576">
  <ele>139.985992</ele>
  <time>2010-07-31T09:14:08Z</time>
</trkpt>
<trkpt lat="54.070323966" lon="52.182891872">
  <ele>139.399002</ele>
  <time>2010-07-31T09:14:09Z</time>
</trkpt>
<trkpt lat="54.070365876" lon="52.183223711">
  <ele>138.916000</ele>
  <time>2010-07-31T09:14:10Z</time>
</trkpt>
<trkpt lat="54.070407869" lon="52.183559407">
  <ele>138.503998</ele>
  <time>2010-07-31T09:14:11Z</time>
</trkpt>
<trkpt lat="54.070453634" lon="52.183891330">
  <ele>138.382004</ele>
  <time>2010-07-31T09:14:12Z</time>
</trkpt>
<trkpt lat="54.070495628" lon="52.184227025">
  <ele>138.201996</ele>
  <time>2010-07-31T09:14:13Z</time>
</trkpt>
<trkpt lat="54.070541393" lon="52.184566492">
  <ele>138.294998</ele>
  <time>2010-07-31T09:14:14Z</time>
</trkpt>
<trkpt lat="54.070579531" lon="52.184909815">
  <ele>138.341995</ele>
  <time>2010-07-31T09:14:15Z</time>
</trkpt>
<trkpt lat="54.070617668" lon="52.185245510">
  <ele>138.352997</ele>
  <time>2010-07-31T09:14:16Z</time>
</trkpt>
<trkpt lat="54.070655806" lon="52.185573578">
  <ele>138.903000</ele>
  <time>2010-07-31T09:14:17Z</time>
</trkpt>
<trkpt lat="54.070690172" lon="52.185897790">
  <ele>139.522003</ele>
  <time>2010-07-31T09:14:18Z</time>
</trkpt>
<trkpt lat="54.070724454" lon="52.186218230">
  <ele>140.307999</ele>
  <time>2010-07-31T09:14:19Z</time>
</trkpt>
<trkpt lat="54.070758820" lon="52.186534898">
  <ele>140.966995</ele>
  <time>2010-07-31T09:14:20Z</time>
</trkpt>
<trkpt lat="54.070793185" lon="52.186847711">
  <ele>141.992004</ele>
  <time>2010-07-31T09:14:21Z</time>
</trkpt>
<trkpt lat="54.070827467" lon="52.187156668">
  <ele>142.912994</ele>
  <time>2010-07-31T09:14:22Z</time>
</trkpt>
<trkpt lat="54.070857977" lon="52.187461853">
  <ele>143.671997</ele>
  <time>2010-07-31T09:14:23Z</time>
</trkpt>
<trkpt lat="54.070884716" lon="52.187763182">
  <ele>144.145004</ele>
  <time>2010-07-31T09:14:24Z</time>
</trkpt>
<trkpt lat="54.070915226" lon="52.188056968">
  <ele>144.921005</ele>
  <time>2010-07-31T09:14:25Z</time>
</trkpt>
<trkpt lat="54.070938108" lon="52.188346898">
  <ele>145.376007</ele>
  <time>2010-07-31T09:14:26Z</time>
</trkpt>
<trkpt lat="54.070964847" lon="52.188640600">
  <ele>146.186996</ele>
  <time>2010-07-31T09:14:27Z</time>
</trkpt>
<trkpt lat="54.070987729" lon="52.188938158">
  <ele>146.794006</ele>
  <time>2010-07-31T09:14:28Z</time>
</trkpt>
<trkpt lat="54.071014384" lon="52.189235715">
  <ele>147.356995</ele>
  <time>2010-07-31T09:14:29Z</time>
</trkpt>
<trkpt lat="54.071037266" lon="52.189525645">
  <ele>147.850006</ele>
  <time>2010-07-31T09:14:30Z</time>
</trkpt>
<trkpt lat="54.071060149" lon="52.189815491">
  <ele>148.451004</ele>
  <time>2010-07-31T09:14:31Z</time>
</trkpt>
<trkpt lat="54.071079260" lon="52.190105421">
  <ele>148.932999</ele>
  <time>2010-07-31T09:14:32Z</time>
</trkpt>
<trkpt lat="54.071098287" lon="52.190399207">
  <ele>149.151001</ele>
  <time>2010-07-31T09:14:33Z</time>
</trkpt>
<trkpt lat="54.071113626" lon="52.190692909">
  <ele>149.490005</ele>
  <time>2010-07-31T09:14:34Z</time>
</trkpt>
<trkpt lat="54.071132652" lon="52.190986611">
  <ele>149.660004</ele>
  <time>2010-07-31T09:14:35Z</time>
</trkpt>
<trkpt lat="54.071151763" lon="52.191280397">
  <ele>150.026993</ele>
  <time>2010-07-31T09:14:36Z</time>
</trkpt>
<trkpt lat="54.071170790" lon="52.191570243">
  <ele>150.291000</ele>
  <time>2010-07-31T09:14:37Z</time>
</trkpt>
<trkpt lat="54.071189901" lon="52.191860173">
  <ele>150.496002</ele>
  <time>2010-07-31T09:14:38Z</time>
</trkpt>
<trkpt lat="54.071208928" lon="52.192146331">
  <ele>150.457001</ele>
  <time>2010-07-31T09:14:39Z</time>
</trkpt>
<trkpt lat="54.071224183" lon="52.192436177">
  <ele>150.785004</ele>
  <time>2010-07-31T09:14:40Z</time>
</trkpt>
<trkpt lat="54.071243294" lon="52.192726107">
  <ele>150.826004</ele>
  <time>2010-07-31T09:14:41Z</time>
</trkpt>
<trkpt lat="54.071262321" lon="52.193012265">
  <ele>150.865005</ele>
  <time>2010-07-31T09:14:42Z</time>
</trkpt>
<trkpt lat="54.071277659" lon="52.193298340">
  <ele>150.852005</ele>
  <time>2010-07-31T09:14:43Z</time>
</trkpt>
<trkpt lat="54.071292914" lon="52.193576787">
  <ele>150.904007</ele>
  <time>2010-07-31T09:14:44Z</time>
</trkpt>
<trkpt lat="54.071308170" lon="52.193847690">
  <ele>150.626007</ele>
  <time>2010-07-31T09:14:45Z</time>
</trkpt>
<trkpt lat="54.071323425" lon="52.194118509">
  <ele>150.675995</ele>
  <time>2010-07-31T09:14:46Z</time>
</trkpt>
<trkpt lat="54.071338680" lon="52.194385557">
  <ele>150.429001</ele>
  <time>2010-07-31T09:14:47Z</time>
</trkpt>
<trkpt lat="54.071353935" lon="52.194648748">
  <ele>150.660004</ele>
  <time>2010-07-31T09:14:48Z</time>
</trkpt>
<trkpt lat="54.071369190" lon="52.194911940">
  <ele>150.707993</ele>
  <time>2010-07-31T09:14:49Z</time>
</trkpt>
<trkpt lat="54.071388217" lon="52.195175132">
  <ele>150.787994</ele>
  <time>2010-07-31T09:14:50Z</time>
</trkpt>
<trkpt lat="54.071403472" lon="52.195430780">
  <ele>150.429001</ele>
  <time>2010-07-31T09:14:51Z</time>
</trkpt>
<trkpt lat="54.071418727" lon="52.195697743">
  <ele>150.192001</ele>
  <time>2010-07-31T09:14:52Z</time>
</trkpt>
<trkpt lat="54.071433982" lon="52.195964791">
  <ele>150.035995</ele>
  <time>2010-07-31T09:14:53Z</time>
</trkpt>
<trkpt lat="54.071453093" lon="52.196239466">
  <ele>150.035995</ele>
  <time>2010-07-31T09:14:54Z</time>
</trkpt>
<trkpt lat="54.071468348" lon="52.196506513">
  <ele>149.783005</ele>
  <time>2010-07-31T09:14:55Z</time>
</trkpt>
<trkpt lat="54.071479831" lon="52.196777333">
  <ele>149.492996</ele>
  <time>2010-07-31T09:14:56Z</time>
</trkpt>
<trkpt lat="54.071495086" lon="52.197052008">
  <ele>149.033005</ele>
  <time>2010-07-31T09:14:57Z</time>
</trkpt>
<trkpt lat="54.071514113" lon="52.197330454">
  <ele>148.789001</ele>
  <time>2010-07-31T09:14:58Z</time>
</trkpt>
<trkpt lat="54.071529368" lon="52.197605129">
  <ele>148.406006</ele>
  <time>2010-07-31T09:14:59Z</time>
</trkpt>
<trkpt lat="54.071548479" lon="52.197879804">
  <ele>147.977005</ele>
  <time>2010-07-31T09:15:00Z</time>
</trkpt>
<trkpt lat="54.071563734" lon="52.198158251">
  <ele>147.548996</ele>
  <time>2010-07-31T09:15:01Z</time>
</trkpt>
<trkpt lat="54.071578989" lon="52.198436698">
  <ele>146.992996</ele>
  <time>2010-07-31T09:15:02Z</time>
</trkpt>
<trkpt lat="54.071594244" lon="52.198722856">
  <ele>146.466003</ele>
  <time>2010-07-31T09:15:03Z</time>
</trkpt>
<trkpt lat="54.071613271" lon="52.199012786">
  <ele>145.710999</ele>
  <time>2010-07-31T09:15:04Z</time>
</trkpt>
<trkpt lat="54.071628610" lon="52.199310344">
  <ele>145.268997</ele>
  <time>2010-07-31T09:15:05Z</time>
</trkpt>
<trkpt lat="54.071643865" lon="52.199611673">
  <ele>144.669006</ele>
  <time>2010-07-31T09:15:06Z</time>
</trkpt>
<trkpt lat="54.071662892" lon="52.199920630">
  <ele>144.143997</ele>
  <time>2010-07-31T09:15:07Z</time>
</trkpt>
<trkpt lat="54.071678147" lon="52.200229671">
  <ele>143.432999</ele>
  <time>2010-07-31T09:15:08Z</time>
</trkpt>
<trkpt lat="54.071701029" lon="52.200542483">
  <ele>142.817001</ele>
  <time>2010-07-31T09:15:09Z</time>
</trkpt>
<trkpt lat="54.071720140" lon="52.200866695">
  <ele>142.276993</ele>
  <time>2010-07-31T09:15:10Z</time>
</trkpt>
<trkpt lat="54.071739167" lon="52.201194763">
  <ele>141.673004</ele>
  <time>2010-07-31T09:15:11Z</time>
</trkpt>
<trkpt lat="54.071758278" lon="52.201518975">
  <ele>141.054993</ele>
  <time>2010-07-31T09:15:12Z</time>
</trkpt>
<trkpt lat="54.071777305" lon="52.201847043">
  <ele>140.365997</ele>
  <time>2010-07-31T09:15:13Z</time>
</trkpt>
<trkpt lat="54.071800271" lon="52.202171339">
  <ele>139.897003</ele>
  <time>2010-07-31T09:15:14Z</time>
</trkpt>
<trkpt lat="54.071815526" lon="52.202499406">
  <ele>139.526001</ele>
  <time>2010-07-31T09:15:15Z</time>
</trkpt>
<trkpt lat="54.071834553" lon="52.202823618">
  <ele>139.098007</ele>
  <time>2010-07-31T09:15:16Z</time>
</trkpt>
<trkpt lat="54.071849808" lon="52.203144059">
  <ele>138.787994</ele>
  <time>2010-07-31T09:15:17Z</time>
</trkpt>
<trkpt lat="54.071868919" lon="52.203456871">
  <ele>138.397003</ele>
  <time>2010-07-31T09:15:18Z</time>
</trkpt>
<trkpt lat="54.071884174" lon="52.203773540">
  <ele>138.363998</ele>
  <time>2010-07-31T09:15:19Z</time>
</trkpt>
<trkpt lat="54.071903201" lon="52.204082496">
  <ele>138.421997</ele>
  <time>2010-07-31T09:15:20Z</time>
</trkpt>
<trkpt lat="54.071918456" lon="52.204387682">
  <ele>138.684006</ele>
  <time>2010-07-31T09:15:21Z</time>
</trkpt>
<trkpt lat="54.071941338" lon="52.204685239">
  <ele>138.837006</ele>
  <time>2010-07-31T09:15:22Z</time>
</trkpt>
<trkpt lat="54.071956594" lon="52.204982797">
  <ele>139.031006</ele>
  <time>2010-07-31T09:15:23Z</time>
</trkpt>
<trkpt lat="54.071979560" lon="52.205276499">
  <ele>138.964005</ele>
  <time>2010-07-31T09:15:24Z</time>
</trkpt>
<trkpt lat="54.071998587" lon="52.205562573">
  <ele>138.884003</ele>
  <time>2010-07-31T09:15:25Z</time>
</trkpt>
<trkpt lat="54.072013842" lon="52.205852503">
  <ele>138.820999</ele>
  <time>2010-07-31T09:15:26Z</time>
</trkpt>
<trkpt lat="54.072032953" lon="52.206142433">
  <ele>138.876999</ele>
  <time>2010-07-31T09:15:27Z</time>
</trkpt>
<trkpt lat="54.072048208" lon="52.206439991">
  <ele>138.906998</ele>
  <time>2010-07-31T09:15:28Z</time>
</trkpt>
<trkpt lat="54.072063463" lon="52.206729921">
  <ele>138.727997</ele>
  <time>2010-07-31T09:15:29Z</time>
</trkpt>
<trkpt lat="54.072082490" lon="52.207031250">
  <ele>138.531998</ele>
  <time>2010-07-31T09:15:30Z</time>
</trkpt>
<trkpt lat="54.072097745" lon="52.207332579">
  <ele>138.419998</ele>
  <time>2010-07-31T09:15:31Z</time>
</trkpt>
<trkpt lat="54.072116856" lon="52.207633993">
  <ele>138.095001</ele>
  <time>2010-07-31T09:15:32Z</time>
</trkpt>
<trkpt lat="54.072135966" lon="52.207939178">
  <ele>137.985001</ele>
  <time>2010-07-31T09:15:33Z</time>
</trkpt>
<trkpt lat="54.072154993" lon="52.208240507">
  <ele>137.751007</ele>
  <time>2010-07-31T09:15:34Z</time>
</trkpt>
<trkpt lat="54.072174104" lon="52.208545692">
  <ele>137.283005</ele>
  <time>2010-07-31T09:15:35Z</time>
</trkpt>
<trkpt lat="54.072193131" lon="52.208854649">
  <ele>136.837997</ele>
  <time>2010-07-31T09:15:36Z</time>
</trkpt>
<trkpt lat="54.072212242" lon="52.209171318">
  <ele>136.285995</ele>
  <time>2010-07-31T09:15:37Z</time>
</trkpt>
<trkpt lat="54.072235124" lon="52.209491758">
  <ele>135.876007</ele>
  <time>2010-07-31T09:15:38Z</time>
</trkpt>
<trkpt lat="54.072254151" lon="52.209819825">
  <ele>135.488998</ele>
  <time>2010-07-31T09:15:39Z</time>
</trkpt>
<trkpt lat="54.072273262" lon="52.210155521">
  <ele>134.841995</ele>
  <time>2010-07-31T09:15:40Z</time>
</trkpt>
<trkpt lat="54.072288517" lon="52.210494988">
  <ele>134.285995</ele>
  <time>2010-07-31T09:15:41Z</time>
</trkpt>
<trkpt lat="54.072311400" lon="52.210838310">
  <ele>134.095001</ele>
  <time>2010-07-31T09:15:42Z</time>
</trkpt>
<trkpt lat="54.072330510" lon="52.211185489">
  <ele>133.567001</ele>
  <time>2010-07-31T09:15:43Z</time>
</trkpt>
<trkpt lat="54.072353393" lon="52.211540211">
  <ele>133.074997</ele>
  <time>2010-07-31T09:15:44Z</time>
</trkpt>
<trkpt lat="54.072372420" lon="52.211891161">
  <ele>132.334000</ele>
  <time>2010-07-31T09:15:45Z</time>
</trkpt>
<trkpt lat="54.072391530" lon="52.212253595">
  <ele>131.593994</ele>
  <time>2010-07-31T09:15:46Z</time>
</trkpt>
<trkpt lat="54.072414413" lon="52.212612173">
  <ele>130.843994</ele>
  <time>2010-07-31T09:15:47Z</time>
</trkpt>
<trkpt lat="54.072433440" lon="52.212982150">
  <ele>130.050003</ele>
  <time>2010-07-31T09:15:48Z</time>
</trkpt>
<trkpt lat="54.072456323" lon="52.213355983">
  <ele>129.302994</ele>
  <time>2010-07-31T09:15:49Z</time>
</trkpt>
<trkpt lat="54.072475433" lon="52.213737527">
  <ele>128.694000</ele>
  <time>2010-07-31T09:15:50Z</time>
</trkpt>
<trkpt lat="54.072498316" lon="52.214122759">
  <ele>128.164993</ele>
  <time>2010-07-31T09:15:51Z</time>
</trkpt>
<trkpt lat="54.072525054" lon="52.214508075">
  <ele>127.680000</ele>
  <time>2010-07-31T09:15:52Z</time>
</trkpt>
<trkpt lat="54.072547937" lon="52.214897163">
  <ele>127.496002</ele>
  <time>2010-07-31T09:15:53Z</time>
</trkpt>
<trkpt lat="54.072566964" lon="52.215286251">
  <ele>127.164001</ele>
  <time>2010-07-31T09:15:54Z</time>
</trkpt>
<trkpt lat="54.072589846" lon="52.215679195">
  <ele>127.053001</ele>
  <time>2010-07-31T09:15:55Z</time>
</trkpt>
<trkpt lat="54.072612729" lon="52.216075910">
  <ele>126.962997</ele>
  <time>2010-07-31T09:15:56Z</time>
</trkpt>
<trkpt lat="54.072631840" lon="52.216472626">
  <ele>126.960999</ele>
  <time>2010-07-31T09:15:57Z</time>
</trkpt>
<trkpt lat="54.072658578" lon="52.216865569">
  <ele>126.859001</ele>
  <time>2010-07-31T09:15:58Z</time>
</trkpt>
<trkpt lat="54.072681461" lon="52.217262285">
  <ele>127.070999</ele>
  <time>2010-07-31T09:15:59Z</time>
</trkpt>
<trkpt lat="54.072704343" lon="52.217662772">
  <ele>127.154999</ele>
  <time>2010-07-31T09:16:00Z</time>
</trkpt>
<trkpt lat="54.072730998" lon="52.218063343">
  <ele>127.432999</ele>
  <time>2010-07-31T09:16:01Z</time>
</trkpt>
<trkpt lat="54.072753880" lon="52.218471542">
  <ele>127.872002</ele>
  <time>2010-07-31T09:16:02Z</time>
</trkpt>
<trkpt lat="54.072780618" lon="52.218875885">
  <ele>128.162994</ele>
  <time>2010-07-31T09:16:03Z</time>
</trkpt>
<trkpt lat="54.072803501" lon="52.219276456">
  <ele>128.921005</ele>
  <time>2010-07-31T09:16:04Z</time>
</trkpt>
<trkpt lat="54.072830239" lon="52.219673172">
  <ele>129.701996</ele>
  <time>2010-07-31T09:16:05Z</time>
</trkpt>
<trkpt lat="54.072853122" lon="52.220066031">
  <ele>130.682007</ele>
  <time>2010-07-31T09:16:06Z</time>
</trkpt>
<trkpt lat="54.072872149" lon="52.220443720">
  <ele>131.335999</ele>
  <time>2010-07-31T09:16:07Z</time>
</trkpt>
<trkpt lat="54.072898887" lon="52.220813781">
  <ele>132.274994</ele>
  <time>2010-07-31T09:16:08Z</time>
</trkpt>
<trkpt lat="54.072921770" lon="52.221179986">
  <ele>133.084000</ele>
  <time>2010-07-31T09:16:09Z</time>
</trkpt>
<trkpt lat="54.072948424" lon="52.221546192">
  <ele>133.973999</ele>
  <time>2010-07-31T09:16:10Z</time>
</trkpt>
<trkpt lat="54.072971307" lon="52.221908541">
  <ele>134.796997</ele>
  <time>2010-07-31T09:16:11Z</time>
</trkpt>
<trkpt lat="54.072994273" lon="52.222267119">
  <ele>135.546997</ele>
  <time>2010-07-31T09:16:12Z</time>
</trkpt>
<trkpt lat="54.073013300" lon="52.222621925">
  <ele>136.009995</ele>
  <time>2010-07-31T09:16:13Z</time>
</trkpt>
<trkpt lat="54.073036183" lon="52.222969020">
  <ele>136.563004</ele>
  <time>2010-07-31T09:16:14Z</time>
</trkpt>
<trkpt lat="54.073055293" lon="52.223304715">
  <ele>137.063995</ele>
  <time>2010-07-31T09:16:15Z</time>
</trkpt>
<trkpt lat="54.073078176" lon="52.223632783">
  <ele>137.352997</ele>
  <time>2010-07-31T09:16:16Z</time>
</trkpt>
<trkpt lat="54.073097203" lon="52.223953223">
  <ele>137.699997</ele>
  <time>2010-07-31T09:16:17Z</time>
</trkpt>
<trkpt lat="54.073116314" lon="52.224266035">
  <ele>137.746002</ele>
  <time>2010-07-31T09:16:18Z</time>
</trkpt>
<trkpt lat="54.073131569" lon="52.224575076">
  <ele>138.029999</ele>
  <time>2010-07-31T09:16:19Z</time>
</trkpt>
<trkpt lat="54.073150596" lon="52.224872550">
  <ele>137.955994</ele>
  <time>2010-07-31T09:16:20Z</time>
</trkpt>
<trkpt lat="54.073169706" lon="52.225166336">
  <ele>138.384995</ele>
  <time>2010-07-31T09:16:21Z</time>
</trkpt>
<trkpt lat="54.073184961" lon="52.225452410">
  <ele>138.345993</ele>
  <time>2010-07-31T09:16:22Z</time>
</trkpt>
<trkpt lat="54.073204072" lon="52.225730857">
  <ele>138.684998</ele>
  <time>2010-07-31T09:16:23Z</time>
</trkpt>
<trkpt lat="54.073219327" lon="52.226005532">
  <ele>138.718002</ele>
  <time>2010-07-31T09:16:24Z</time>
</trkpt>
<trkpt lat="54.073234582" lon="52.226287834">
  <ele>138.692001</ele>
  <time>2010-07-31T09:16:25Z</time>
</trkpt>
<trkpt lat="54.073249837" lon="52.226570137">
  <ele>138.822006</ele>
  <time>2010-07-31T09:16:26Z</time>
</trkpt>
<trkpt lat="54.073265092" lon="52.226848584">
  <ele>138.798996</ele>
  <time>2010-07-31T09:16:27Z</time>
</trkpt>
<trkpt lat="54.073280348" lon="52.227123259">
  <ele>138.804001</ele>
  <time>2010-07-31T09:16:28Z</time>
</trkpt>
<trkpt lat="54.073295603" lon="52.227394078">
  <ele>138.500000</ele>
  <time>2010-07-31T09:16:29Z</time>
</trkpt>
<trkpt lat="54.073310858" lon="52.227668753">
  <ele>138.404999</ele>
  <time>2010-07-31T09:16:30Z</time>
</trkpt>
<trkpt lat="54.073326113" lon="52.227954827">
  <ele>138.410004</ele>
  <time>2010-07-31T09:16:31Z</time>
</trkpt>
<trkpt lat="54.073341368" lon="52.228237130">
  <ele>138.240005</ele>
  <time>2010-07-31T09:16:32Z</time>
</trkpt>
<trkpt lat="54.073360479" lon="52.228530915">
  <ele>137.966995</ele>
  <time>2010-07-31T09:16:33Z</time>
</trkpt>
<trkpt lat="54.073375734" lon="52.228828389">
  <ele>137.794998</ele>
  <time>2010-07-31T09:16:34Z</time>
</trkpt>
<trkpt lat="54.073390989" lon="52.229129802">
  <ele>137.701004</ele>
  <time>2010-07-31T09:16:35Z</time>
</trkpt>
<trkpt lat="54.073410016" lon="52.229431132">
  <ele>137.550995</ele>
  <time>2010-07-31T09:16:36Z</time>
</trkpt>
<trkpt lat="54.073429126" lon="52.229728689">
  <ele>136.947006</ele>
  <time>2010-07-31T09:16:37Z</time>
</trkpt>
<trkpt lat="54.073448153" lon="52.230026247">
  <ele>136.393005</ele>
  <time>2010-07-31T09:16:38Z</time>
</trkpt>
<trkpt lat="54.073471036" lon="52.230319949">
  <ele>136.253006</ele>
  <time>2010-07-31T09:16:39Z</time>
</trkpt>
<trkpt lat="54.073486291" lon="52.230598480">
  <ele>135.863007</ele>
  <time>2010-07-31T09:16:40Z</time>
</trkpt>
<trkpt lat="54.073501546" lon="52.230869299">
  <ele>135.173004</ele>
  <time>2010-07-31T09:16:41Z</time>
</trkpt>
<trkpt lat="54.073516885" lon="52.231136346">
  <ele>134.496994</ele>
  <time>2010-07-31T09:16:42Z</time>
</trkpt>
<trkpt lat="54.073532140" lon="52.231403310">
  <ele>133.891006</ele>
  <time>2010-07-31T09:16:43Z</time>
</trkpt>
<trkpt lat="54.073551167" lon="52.231681840">
  <ele>133.285995</ele>
  <time>2010-07-31T09:16:44Z</time>
</trkpt>
<trkpt lat="54.073566422" lon="52.231971771">
  <ele>132.589996</ele>
  <time>2010-07-31T09:16:45Z</time>
</trkpt>
<trkpt lat="54.073581677" lon="52.232269328">
  <ele>131.964996</ele>
  <time>2010-07-31T09:16:46Z</time>
</trkpt>
<trkpt lat="54.073600788" lon="52.232570658">
  <ele>131.128998</ele>
  <time>2010-07-31T09:16:47Z</time>
</trkpt>
<trkpt lat="54.073619815" lon="52.232879614">
  <ele>130.440994</ele>
  <time>2010-07-31T09:16:48Z</time>
</trkpt>
<trkpt lat="54.073638925" lon="52.233196283">
  <ele>129.600006</ele>
  <time>2010-07-31T09:16:49Z</time>
</trkpt>
<trkpt lat="54.073657952" lon="52.233516723">
  <ele>128.899994</ele>
  <time>2010-07-31T09:16:50Z</time>
</trkpt>
<trkpt lat="54.073677063" lon="52.233856190">
  <ele>128.261993</ele>
  <time>2010-07-31T09:16:51Z</time>
</trkpt>
<trkpt lat="54.073699946" lon="52.234207140">
  <ele>127.676003</ele>
  <time>2010-07-31T09:16:52Z</time>
</trkpt>
<trkpt lat="54.073722828" lon="52.234573346">
  <ele>127.625000</ele>
  <time>2010-07-31T09:16:53Z</time>
</trkpt>
<trkpt lat="54.073745711" lon="52.234954806">
  <ele>127.414001</ele>
  <time>2010-07-31T09:16:54Z</time>
</trkpt>
<trkpt lat="54.073772449" lon="52.235351522">
  <ele>127.183998</ele>
  <time>2010-07-31T09:16:55Z</time>
</trkpt>
<trkpt lat="54.073806731" lon="52.235763576">
  <ele>127.067001</ele>
  <time>2010-07-31T09:16:56Z</time>
</trkpt>
<trkpt lat="54.073841097" lon="52.236190801">
  <ele>127.263000</ele>
  <time>2010-07-31T09:16:57Z</time>
</trkpt>
<trkpt lat="54.073867835" lon="52.236625655">
  <ele>127.428001</ele>
  <time>2010-07-31T09:16:58Z</time>
</trkpt>
<trkpt lat="54.073890718" lon="52.237068135">
  <ele>128.022003</ele>
  <time>2010-07-31T09:16:59Z</time>
</trkpt>
<trkpt lat="54.073909745" lon="52.237506844">
  <ele>128.035995</ele>
  <time>2010-07-31T09:17:00Z</time>
</trkpt>
<trkpt lat="54.073925000" lon="52.237953180">
  <ele>128.160995</ele>
  <time>2010-07-31T09:17:01Z</time>
</trkpt>
<trkpt lat="54.073944110" lon="52.238399517">
  <ele>128.942001</ele>
  <time>2010-07-31T09:17:02Z</time>
</trkpt>
<trkpt lat="54.073966993" lon="52.238841997">
  <ele>129.494003</ele>
  <time>2010-07-31T09:17:03Z</time>
</trkpt>
<trkpt lat="54.073989876" lon="52.239273079">
  <ele>130.326004</ele>
  <time>2010-07-31T09:17:04Z</time>
</trkpt>
<trkpt lat="54.074012758" lon="52.239685049">
  <ele>130.768997</ele>
  <time>2010-07-31T09:17:05Z</time>
</trkpt>
<trkpt lat="54.074031869" lon="52.240089392">
  <ele>132.039001</ele>
  <time>2010-07-31T09:17:06Z</time>
</trkpt>
<trkpt lat="54.074054752" lon="52.240486108">
  <ele>133.339996</ele>
  <time>2010-07-31T09:17:07Z</time>
</trkpt>
<trkpt lat="54.074073778" lon="52.240871424">
  <ele>134.365997</ele>
  <time>2010-07-31T09:17:08Z</time>
</trkpt>
<trkpt lat="54.074092889" lon="52.241245257">
  <ele>135.184998</ele>
  <time>2010-07-31T09:17:09Z</time>
</trkpt>
<trkpt lat="54.074111916" lon="52.241611462">
  <ele>136.807999</ele>
  <time>2010-07-31T09:17:10Z</time>
</trkpt>
<trkpt lat="54.074131027" lon="52.241970040">
  <ele>137.895996</ele>
  <time>2010-07-31T09:17:11Z</time>
</trkpt>
<trkpt lat="54.074153909" lon="52.242317218">
  <ele>139.220001</ele>
  <time>2010-07-31T09:17:12Z</time>
</trkpt>
<trkpt lat="54.074176792" lon="52.242652914">
  <ele>140.250000</ele>
  <time>2010-07-31T09:17:13Z</time>
</trkpt>
<trkpt lat="54.074195903" lon="52.242961871">
  <ele>141.186996</ele>
  <time>2010-07-31T09:17:14Z</time>
</trkpt>
<trkpt lat="54.074214930" lon="52.243236545">
  <ele>141.602997</ele>
  <time>2010-07-31T09:17:15Z</time>
</trkpt>
<trkpt lat="54.074226413" lon="52.243476855">
  <ele>142.436996</ele>
  <time>2010-07-31T09:17:16Z</time>
</trkpt>
<trkpt lat="54.074241668" lon="52.243698137">
  <ele>143.046997</ele>
  <time>2010-07-31T09:17:17Z</time>
</trkpt>
<trkpt lat="54.074253067" lon="52.243900308">
  <ele>143.526001</ele>
  <time>2010-07-31T09:17:18Z</time>
</trkpt>
<trkpt lat="54.074264551" lon="52.244087225">
  <ele>143.567001</ele>
  <time>2010-07-31T09:17:19Z</time>
</trkpt>
<trkpt lat="54.074275950" lon="52.244258886">
  <ele>143.858002</ele>
  <time>2010-07-31T09:17:20Z</time>
</trkpt>
<trkpt lat="54.074287433" lon="52.244415293">
  <ele>144.190002</ele>
  <time>2010-07-31T09:17:21Z</time>
</trkpt>
<trkpt lat="54.074295061" lon="52.244556444">
  <ele>144.423996</ele>
  <time>2010-07-31T09:17:22Z</time>
</trkpt>
<trkpt lat="54.074302688" lon="52.244682340">
  <ele>145.369995</ele>
  <time>2010-07-31T09:17:23Z</time>
</trkpt>
<trkpt lat="54.074310316" lon="52.244796753">
  <ele>145.580994</ele>
  <time>2010-07-31T09:17:24Z</time>
</trkpt>
<trkpt lat="54.074321715" lon="52.244903538">
  <ele>145.908997</ele>
  <time>2010-07-31T09:17:25Z</time>
</trkpt>
<trkpt lat="54.074325571" lon="52.245006552">
  <ele>146.341995</ele>
  <time>2010-07-31T09:17:26Z</time>
</trkpt>
<trkpt lat="54.074333198" lon="52.245124821">
  <ele>146.945007</ele>
  <time>2010-07-31T09:17:27Z</time>
</trkpt>
<trkpt lat="54.074340826" lon="52.245258344">
  <ele>147.337006</ele>
  <time>2010-07-31T09:17:28Z</time>
</trkpt>
<trkpt lat="54.074348453" lon="52.245395640">
  <ele>148.266006</ele>
  <time>2010-07-31T09:17:29Z</time>
</trkpt>
<trkpt lat="54.074359853" lon="52.245525392">
  <ele>148.720001</ele>
  <time>2010-07-31T09:17:30Z</time>
</trkpt>
<trkpt lat="54.074367564" lon="52.245651204">
  <ele>149.139008</ele>
  <time>2010-07-31T09:17:31Z</time>
</trkpt>
<trkpt lat="54.074375192" lon="52.245777100">
  <ele>149.268005</ele>
  <time>2010-07-31T09:17:32Z</time>
</trkpt>
<trkpt lat="54.074386591" lon="52.245902997">
  <ele>149.761002</ele>
  <time>2010-07-31T09:17:33Z</time>
</trkpt>
<trkpt lat="54.074390447" lon="52.246017493">
  <ele>149.936996</ele>
  <time>2010-07-31T09:17:34Z</time>
</trkpt>
<trkpt lat="54.074394219" lon="52.246128051">
  <ele>150.421997</ele>
  <time>2010-07-31T09:17:35Z</time>
</trkpt>
<trkpt lat="54.074398074" lon="52.246227292">
  <ele>150.507996</ele>
  <time>2010-07-31T09:17:36Z</time>
</trkpt>
<trkpt lat="54.074401846" lon="52.246326450">
  <ele>150.651001</ele>
  <time>2010-07-31T09:17:37Z</time>
</trkpt>
<trkpt lat="54.074409474" lon="52.246421836">
  <ele>151.046005</ele>
  <time>2010-07-31T09:17:38Z</time>
</trkpt>
<trkpt lat="54.074413329" lon="52.246517222">
  <ele>151.251007</ele>
  <time>2010-07-31T09:17:39Z</time>
</trkpt>
<trkpt lat="54.074420957" lon="52.246624008">
  <ele>151.660004</ele>
  <time>2010-07-31T09:17:40Z</time>
</trkpt>
<trkpt lat="54.074428584" lon="52.246742276">
  <ele>152.188004</ele>
  <time>2010-07-31T09:17:41Z</time>
</trkpt>
<trkpt lat="54.074432356" lon="52.246860545">
  <ele>152.423996</ele>
  <time>2010-07-31T09:17:42Z</time>
</trkpt>
<trkpt lat="54.074439984" lon="52.246974958">
  <ele>152.882996</ele>
  <time>2010-07-31T09:17:43Z</time>
</trkpt>
<trkpt lat="54.074447611" lon="52.247081744">
  <ele>152.819000</ele>
  <time>2010-07-31T09:17:44Z</time>
</trkpt>
<trkpt lat="54.074451467" lon="52.247177130">
  <ele>153.311005</ele>
  <time>2010-07-31T09:17:45Z</time>
</trkpt>
<trkpt lat="54.074459095" lon="52.247264888">
  <ele>153.550003</ele>
  <time>2010-07-31T09:17:46Z</time>
</trkpt>
<trkpt lat="54.074462866" lon="52.247344935">
  <ele>153.871002</ele>
  <time>2010-07-31T09:17:47Z</time>
</trkpt>
<trkpt lat="54.074466722" lon="52.247421294">
  <ele>153.932999</ele>
  <time>2010-07-31T09:17:48Z</time>
</trkpt>
<trkpt lat="54.074474350" lon="52.247497570">
  <ele>154.061996</ele>
  <time>2010-07-31T09:17:49Z</time>
</trkpt>
<trkpt lat="54.074478121" lon="52.247570073">
  <ele>154.102005</ele>
  <time>2010-07-31T09:17:50Z</time>
</trkpt>
<trkpt lat="54.074485749" lon="52.247638721">
  <ele>154.341995</ele>
  <time>2010-07-31T09:17:51Z</time>
</trkpt>
<trkpt lat="54.074493377" lon="52.247703513">
  <ele>154.649994</ele>
  <time>2010-07-31T09:17:52Z</time>
</trkpt>
<trkpt lat="54.074493377" lon="52.247776017">
  <ele>154.983002</ele>
  <time>2010-07-31T09:17:53Z</time>
</trkpt>
<trkpt lat="54.074497232" lon="52.247856148">
  <ele>155.225998</ele>
  <time>2010-07-31T09:17:54Z</time>
</trkpt>
<trkpt lat="54.074497232" lon="52.247936279">
  <ele>155.162003</ele>
  <time>2010-07-31T09:17:55Z</time>
</trkpt>
<trkpt lat="54.074501004" lon="52.248023953">
  <ele>155.649002</ele>
  <time>2010-07-31T09:17:56Z</time>
</trkpt>
<trkpt lat="54.074508632" lon="52.248111712">
  <ele>156.276001</ele>
  <time>2010-07-31T09:17:57Z</time>
</trkpt>
<trkpt lat="54.074516259" lon="52.248210870">
  <ele>156.589996</ele>
  <time>2010-07-31T09:17:58Z</time>
</trkpt>
<trkpt lat="54.074523887" lon="52.248321511">
  <ele>156.828003</ele>
  <time>2010-07-31T09:17:59Z</time>
</trkpt>
<trkpt lat="54.074531514" lon="52.248439780">
  <ele>157.024002</ele>
  <time>2010-07-31T09:18:00Z</time>
</trkpt>
<trkpt lat="54.074535370" lon="52.248558048">
  <ele>157.057999</ele>
  <time>2010-07-31T09:18:01Z</time>
</trkpt>
<trkpt lat="54.074546853" lon="52.248680089">
  <ele>157.285004</ele>
  <time>2010-07-31T09:18:02Z</time>
</trkpt>
<trkpt lat="54.074550625" lon="52.248805985">
  <ele>157.438004</ele>
  <time>2010-07-31T09:18:03Z</time>
</trkpt>
<trkpt lat="54.074558252" lon="52.248935737">
  <ele>157.763000</ele>
  <time>2010-07-31T09:18:04Z</time>
</trkpt>
<trkpt lat="54.074573508" lon="52.249073032">
  <ele>158.110001</ele>
  <time>2010-07-31T09:18:05Z</time>
</trkpt>
<trkpt lat="54.074581135" lon="52.249206556">
  <ele>158.048996</ele>
  <time>2010-07-31T09:18:06Z</time>
</trkpt>
<trkpt lat="54.074588763" lon="52.249340080">
  <ele>158.186005</ele>
  <time>2010-07-31T09:18:07Z</time>
</trkpt>
<trkpt lat="54.074596390" lon="52.249481231">
  <ele>158.619003</ele>
  <time>2010-07-31T09:18:08Z</time>
</trkpt>
<trkpt lat="54.074604018" lon="52.249618527">
  <ele>158.671997</ele>
  <time>2010-07-31T09:18:09Z</time>
</trkpt>
<trkpt lat="54.074611645" lon="52.249763450">
  <ele>158.835999</ele>
  <time>2010-07-31T09:18:10Z</time>
</trkpt>
<trkpt lat="54.074619273" lon="52.249896973">
  <ele>158.908005</ele>
  <time>2010-07-31T09:18:11Z</time>
</trkpt>
<trkpt lat="54.074626900" lon="52.250030497">
  <ele>159.156998</ele>
  <time>2010-07-31T09:18:12Z</time>
</trkpt>
<trkpt lat="54.074638383" lon="52.250160249">
  <ele>159.419998</ele>
  <time>2010-07-31T09:18:13Z</time>
</trkpt>
<trkpt lat="54.074642155" lon="52.250286061">
  <ele>159.712006</ele>
  <time>2010-07-31T09:18:14Z</time>
</trkpt>
<trkpt lat="54.074649783" lon="52.250404330">
  <ele>159.531006</ele>
  <time>2010-07-31T09:18:15Z</time>
</trkpt>
<trkpt lat="54.074657410" lon="52.250526454">
  <ele>159.632996</ele>
  <time>2010-07-31T09:18:16Z</time>
</trkpt>
<trkpt lat="54.074665038" lon="52.250644723">
  <ele>159.785004</ele>
  <time>2010-07-31T09:18:17Z</time>
</trkpt>
<trkpt lat="54.074672665" lon="52.250759136">
  <ele>159.983002</ele>
  <time>2010-07-31T09:18:18Z</time>
</trkpt>
<trkpt lat="54.074680293" lon="52.250873549">
  <ele>160.160004</ele>
  <time>2010-07-31T09:18:19Z</time>
</trkpt>
<trkpt lat="54.074687921" lon="52.250988046">
  <ele>160.216995</ele>
  <time>2010-07-31T09:18:20Z</time>
</trkpt>
<trkpt lat="54.074691776" lon="52.251106231">
  <ele>160.266998</ele>
  <time>2010-07-31T09:18:21Z</time>
</trkpt>
<trkpt lat="54.074699404" lon="52.251232127">
  <ele>160.266006</ele>
  <time>2010-07-31T09:18:22Z</time>
</trkpt>
<trkpt lat="54.074707031" lon="52.251361879">
  <ele>160.307999</ele>
  <time>2010-07-31T09:18:23Z</time>
</trkpt>
<trkpt lat="54.074714659" lon="52.251491547">
  <ele>160.278000</ele>
  <time>2010-07-31T09:18:24Z</time>
</trkpt>
<trkpt lat="54.074726142" lon="52.251621215">
  <ele>160.192001</ele>
  <time>2010-07-31T09:18:25Z</time>
</trkpt>
<trkpt lat="54.074733770" lon="52.251758594">
  <ele>160.108994</ele>
  <time>2010-07-31T09:18:26Z</time>
</trkpt>
<trkpt lat="54.074745169" lon="52.251899745">
  <ele>160.261002</ele>
  <time>2010-07-31T09:18:27Z</time>
</trkpt>
<trkpt lat="54.074752796" lon="52.252044668">
  <ele>160.388000</ele>
  <time>2010-07-31T09:18:28Z</time>
</trkpt>
<trkpt lat="54.074760424" lon="52.252193447">
  <ele>160.414993</ele>
  <time>2010-07-31T09:18:29Z</time>
</trkpt>
<trkpt lat="54.074771907" lon="52.252349854">
  <ele>160.339996</ele>
  <time>2010-07-31T09:18:30Z</time>
</trkpt>
<trkpt lat="54.074779535" lon="52.252510032">
  <ele>160.328995</ele>
  <time>2010-07-31T09:18:31Z</time>
</trkpt>
<trkpt lat="54.074787162" lon="52.252685549">
  <ele>160.408997</ele>
  <time>2010-07-31T09:18:32Z</time>
</trkpt>
<trkpt lat="54.074798562" lon="52.252864838">
  <ele>160.376007</ele>
  <time>2010-07-31T09:18:33Z</time>
</trkpt>
<trkpt lat="54.074813817" lon="52.253059382">
  <ele>160.272995</ele>
  <time>2010-07-31T09:18:34Z</time>
</trkpt>
<trkpt lat="54.074829072" lon="52.253250154">
  <ele>160.074005</ele>
  <time>2010-07-31T09:18:35Z</time>
</trkpt>
<trkpt lat="54.074844327" lon="52.253448470">
  <ele>159.953995</ele>
  <time>2010-07-31T09:18:36Z</time>
</trkpt>
<trkpt lat="54.074855810" lon="52.253646869">
  <ele>159.888000</ele>
  <time>2010-07-31T09:18:37Z</time>
</trkpt>
<trkpt lat="54.074863438" lon="52.253845185">
  <ele>159.550003</ele>
  <time>2010-07-31T09:18:38Z</time>
</trkpt>
<trkpt lat="54.074871065" lon="52.254043585">
  <ele>159.447006</ele>
  <time>2010-07-31T09:18:39Z</time>
</trkpt>
<trkpt lat="54.074882548" lon="52.254241984">
  <ele>159.322006</ele>
  <time>2010-07-31T09:18:40Z</time>
</trkpt>
<trkpt lat="54.074890176" lon="52.254440300">
  <ele>159.143005</ele>
  <time>2010-07-31T09:18:41Z</time>
</trkpt>
<trkpt lat="54.074901575" lon="52.254638700">
  <ele>158.705002</ele>
  <time>2010-07-31T09:18:42Z</time>
</trkpt>
<trkpt lat="54.074913058" lon="52.254837016">
  <ele>158.220993</ele>
  <time>2010-07-31T09:18:43Z</time>
</trkpt>
<trkpt lat="54.074928313" lon="52.255039187">
  <ele>157.873001</ele>
  <time>2010-07-31T09:18:44Z</time>
</trkpt>
<trkpt lat="54.074943569" lon="52.255252842">
  <ele>157.417999</ele>
  <time>2010-07-31T09:18:45Z</time>
</trkpt>
<trkpt lat="54.074966451" lon="52.255481752">
  <ele>157.097000</ele>
  <time>2010-07-31T09:18:46Z</time>
</trkpt>
<trkpt lat="54.074993106" lon="52.255733460">
  <ele>156.449005</ele>
  <time>2010-07-31T09:18:47Z</time>
</trkpt>
<trkpt lat="54.075012216" lon="52.256004363">
  <ele>156.113007</ele>
  <time>2010-07-31T09:18:48Z</time>
</trkpt>
<trkpt lat="54.075031243" lon="52.256305693">
  <ele>155.535004</ele>
  <time>2010-07-31T09:18:49Z</time>
</trkpt>
<trkpt lat="54.075046498" lon="52.256629905">
  <ele>155.643005</ele>
  <time>2010-07-31T09:18:50Z</time>
</trkpt>
<trkpt lat="54.075065609" lon="52.256954201">
  <ele>155.210007</ele>
  <time>2010-07-31T09:18:51Z</time>
</trkpt>
<trkpt lat="54.075077092" lon="52.257286040">
  <ele>155.490997</ele>
  <time>2010-07-31T09:18:52Z</time>
</trkpt>
<trkpt lat="54.075092347" lon="52.257621735">
  <ele>155.921005</ele>
  <time>2010-07-31T09:18:53Z</time>
</trkpt>
<trkpt lat="54.075103747" lon="52.257946031">
  <ele>156.429993</ele>
  <time>2010-07-31T09:18:54Z</time>
</trkpt>
<trkpt lat="54.075115230" lon="52.258258844">
  <ele>156.970993</ele>
  <time>2010-07-31T09:18:55Z</time>
</trkpt>
<trkpt lat="54.075126629" lon="52.258564029">
  <ele>157.365005</ele>
  <time>2010-07-31T09:18:56Z</time>
</trkpt>
<trkpt lat="54.075145740" lon="52.258853875">
  <ele>157.837006</ele>
  <time>2010-07-31T09:18:57Z</time>
</trkpt>
<trkpt lat="54.075160995" lon="52.259136178">
  <ele>158.332001</ele>
  <time>2010-07-31T09:18:58Z</time>
</trkpt>
<trkpt lat="54.075176250" lon="52.259403225">
  <ele>158.945999</ele>
  <time>2010-07-31T09:18:59Z</time>
</trkpt>
<trkpt lat="54.075187650" lon="52.259658789">
  <ele>159.569000</ele>
  <time>2010-07-31T09:19:00Z</time>
</trkpt>
<trkpt lat="54.075202905" lon="52.259891471">
  <ele>159.774002</ele>
  <time>2010-07-31T09:19:01Z</time>
</trkpt>
<trkpt lat="54.075214388" lon="52.260101354">
  <ele>160.397003</ele>
  <time>2010-07-31T09:19:02Z</time>
</trkpt>
<trkpt lat="54.075225871" lon="52.260280643">
  <ele>160.695007</ele>
  <time>2010-07-31T09:19:03Z</time>
</trkpt>
<trkpt lat="54.075233499" lon="52.260448448">
  <ele>161.464996</ele>
  <time>2010-07-31T09:19:04Z</time>
</trkpt>
<trkpt lat="54.075244898" lon="52.260604855">
  <ele>161.662994</ele>
  <time>2010-07-31T09:19:05Z</time>
</trkpt>
<trkpt lat="54.075256381" lon="52.260757405">
  <ele>162.205994</ele>
  <time>2010-07-31T09:19:06Z</time>
</trkpt>
<trkpt lat="54.075267781" lon="52.260917667">
  <ele>162.472000</ele>
  <time>2010-07-31T09:19:07Z</time>
</trkpt>
<trkpt lat="54.075275408" lon="52.261081701">
  <ele>163.028000</ele>
  <time>2010-07-31T09:19:08Z</time>
</trkpt>
<trkpt lat="54.075283036" lon="52.261241879">
  <ele>163.397995</ele>
  <time>2010-07-31T09:19:09Z</time>
</trkpt>
<trkpt lat="54.075294519" lon="52.261402141">
  <ele>164.029999</ele>
  <time>2010-07-31T09:19:10Z</time>
</trkpt>
<trkpt lat="54.075302146" lon="52.261558548">
  <ele>164.110992</ele>
  <time>2010-07-31T09:19:11Z</time>
</trkpt>
<trkpt lat="54.075313546" lon="52.261707326">
  <ele>164.479004</ele>
  <time>2010-07-31T09:19:12Z</time>
</trkpt>
<trkpt lat="54.075325029" lon="52.261856105">
  <ele>164.445007</ele>
  <time>2010-07-31T09:19:13Z</time>
</trkpt>
<trkpt lat="54.075332657" lon="52.262004884">
  <ele>165.210007</ele>
  <time>2010-07-31T09:19:14Z</time>
</trkpt>
<trkpt lat="54.075340284" lon="52.262146035">
  <ele>165.535995</ele>
  <time>2010-07-31T09:19:15Z</time>
</trkpt>
<trkpt lat="54.075351683" lon="52.262283331">
  <ele>166.014999</ele>
  <time>2010-07-31T09:19:16Z</time>
</trkpt>
<trkpt lat="54.075359311" lon="52.262424482">
  <ele>166.246994</ele>
  <time>2010-07-31T09:19:17Z</time>
</trkpt>
<trkpt lat="54.075366938" lon="52.262561778">
  <ele>166.528000</ele>
  <time>2010-07-31T09:19:18Z</time>
</trkpt>
<trkpt lat="54.075374566" lon="52.262702929">
  <ele>166.570007</ele>
  <time>2010-07-31T09:19:19Z</time>
</trkpt>
<trkpt lat="54.075382194" lon="52.262844080">
  <ele>166.425995</ele>
  <time>2010-07-31T09:19:20Z</time>
</trkpt>
<trkpt lat="54.075389821" lon="52.262985231">
  <ele>166.455994</ele>
  <time>2010-07-31T09:19:21Z</time>
</trkpt>
<trkpt lat="54.075397532" lon="52.263130154">
  <ele>166.660995</ele>
  <time>2010-07-31T09:19:22Z</time>
</trkpt>
<trkpt lat="54.075408932" lon="52.263278933">
  <ele>167.035995</ele>
  <time>2010-07-31T09:19:23Z</time>
</trkpt>
<trkpt lat="54.075420415" lon="52.263431568">
  <ele>167.550995</ele>
  <time>2010-07-31T09:19:24Z</time>
</trkpt>
<trkpt lat="54.075431814" lon="52.263580346">
  <ele>167.824005</ele>
  <time>2010-07-31T09:19:25Z</time>
</trkpt>
<trkpt lat="54.075443298" lon="52.263729125">
  <ele>168.054001</ele>
  <time>2010-07-31T09:19:26Z</time>
</trkpt>
<trkpt lat="54.075458553" lon="52.263885532">
  <ele>168.531006</ele>
  <time>2010-07-31T09:19:27Z</time>
</trkpt>
<trkpt lat="54.075469952" lon="52.264057193">
  <ele>168.968002</ele>
  <time>2010-07-31T09:19:28Z</time>
</trkpt>
<trkpt lat="54.075489063" lon="52.264247881">
  <ele>169.434998</ele>
  <time>2010-07-31T09:19:29Z</time>
</trkpt>
<trkpt lat="54.075504318" lon="52.264453908">
  <ele>169.934006</ele>
  <time>2010-07-31T09:19:30Z</time>
</trkpt>
<trkpt lat="54.075523345" lon="52.264678963">
  <ele>170.604996</ele>
  <time>2010-07-31T09:19:31Z</time>
</trkpt>
<trkpt lat="54.075534828" lon="52.264919272">
  <ele>171.110001</ele>
  <time>2010-07-31T09:19:32Z</time>
</trkpt>
<trkpt lat="54.075546227" lon="52.265171064">
  <ele>171.406006</ele>
  <time>2010-07-31T09:19:33Z</time>
</trkpt>
<trkpt lat="54.075550083" lon="52.265434256">
  <ele>171.858994</ele>
  <time>2010-07-31T09:19:34Z</time>
</trkpt>
<trkpt lat="54.075557711" lon="52.265708931">
  <ele>172.251999</ele>
  <time>2010-07-31T09:19:35Z</time>
</trkpt>
<trkpt lat="54.075569194" lon="52.265991233">
  <ele>173.020996</ele>
  <time>2010-07-31T09:19:36Z</time>
</trkpt>
<trkpt lat="54.075584449" lon="52.266273536">
  <ele>173.501007</ele>
  <time>2010-07-31T09:19:37Z</time>
</trkpt>
<trkpt lat="54.075603476" lon="52.266567238">
  <ele>173.990005</ele>
  <time>2010-07-31T09:19:38Z</time>
</trkpt>
<trkpt lat="54.075618731" lon="52.266872423">
  <ele>174.210007</ele>
  <time>2010-07-31T09:19:39Z</time>
</trkpt>
<trkpt lat="54.075633986" lon="52.267181380">
  <ele>174.561005</ele>
  <time>2010-07-31T09:19:40Z</time>
</trkpt>
<trkpt lat="54.075656869" lon="52.267494192">
  <ele>175.115005</ele>
  <time>2010-07-31T09:19:41Z</time>
</trkpt>
<trkpt lat="54.075672124" lon="52.267814633">
  <ele>175.776001</ele>
  <time>2010-07-31T09:19:42Z</time>
</trkpt>
<trkpt lat="54.075691234" lon="52.268135073">
  <ele>176.317993</ele>
  <time>2010-07-31T09:19:43Z</time>
</trkpt>
<trkpt lat="54.075710261" lon="52.268463140">
  <ele>176.574005</ele>
  <time>2010-07-31T09:19:44Z</time>
</trkpt>
<trkpt lat="54.075729372" lon="52.268791208">
  <ele>177.009003</ele>
  <time>2010-07-31T09:19:45Z</time>
</trkpt>
<trkpt lat="54.075748483" lon="52.269119276">
  <ele>177.621002</ele>
  <time>2010-07-31T09:19:46Z</time>
</trkpt>
<trkpt lat="54.075767510" lon="52.269447343">
  <ele>178.190002</ele>
  <time>2010-07-31T09:19:47Z</time>
</trkpt>
<trkpt lat="54.075786620" lon="52.269775411">
  <ele>178.770004</ele>
  <time>2010-07-31T09:19:48Z</time>
</trkpt>
<trkpt lat="54.075805647" lon="52.270114878">
  <ele>179.485992</ele>
  <time>2010-07-31T09:19:49Z</time>
</trkpt>
<trkpt lat="54.075828530" lon="52.270458201">
  <ele>180.154007</ele>
  <time>2010-07-31T09:19:50Z</time>
</trkpt>
<trkpt lat="54.075847641" lon="52.270793896">
  <ele>180.751007</ele>
  <time>2010-07-31T09:19:51Z</time>
</trkpt>
<trkpt lat="54.075870523" lon="52.271129591">
  <ele>181.242996</ele>
  <time>2010-07-31T09:19:52Z</time>
</trkpt>
<trkpt lat="54.075893406" lon="52.271469142">
  <ele>181.684006</ele>
  <time>2010-07-31T09:19:53Z</time>
</trkpt>
<trkpt lat="54.075912517" lon="52.271812465">
  <ele>182.281998</ele>
  <time>2010-07-31T09:19:54Z</time>
</trkpt>
<trkpt lat="54.075931543" lon="52.272159560">
  <ele>182.796997</ele>
  <time>2010-07-31T09:19:55Z</time>
</trkpt>
<trkpt lat="54.075950654" lon="52.272506738">
  <ele>183.365997</ele>
  <time>2010-07-31T09:19:56Z</time>
</trkpt>
<trkpt lat="54.075969681" lon="52.272857688">
  <ele>183.895996</ele>
  <time>2010-07-31T09:19:57Z</time>
</trkpt>
<trkpt lat="54.075984936" lon="52.273212411">
  <ele>184.557007</ele>
  <time>2010-07-31T09:19:58Z</time>
</trkpt>
<trkpt lat="54.076000191" lon="52.273567216">
  <ele>184.970001</ele>
  <time>2010-07-31T09:19:59Z</time>
</trkpt>
<trkpt lat="54.076015446" lon="52.273933422">
  <ele>185.414001</ele>
  <time>2010-07-31T09:20:00Z</time>
</trkpt>
<trkpt lat="54.076034557" lon="52.274295771">
  <ele>185.830994</ele>
  <time>2010-07-31T09:20:01Z</time>
</trkpt>
<trkpt lat="54.076049812" lon="52.274661977">
  <ele>186.270004</ele>
  <time>2010-07-31T09:20:02Z</time>
</trkpt>
<trkpt lat="54.076068839" lon="52.275028266">
  <ele>186.697006</ele>
  <time>2010-07-31T09:20:03Z</time>
</trkpt>
<trkpt lat="54.076084178" lon="52.275398243">
  <ele>187.205002</ele>
  <time>2010-07-31T09:20:04Z</time>
</trkpt>
<trkpt lat="54.076103205" lon="52.275775932">
  <ele>187.841995</ele>
  <time>2010-07-31T09:20:05Z</time>
</trkpt>
<trkpt lat="54.076126087" lon="52.276149765">
  <ele>188.410004</ele>
  <time>2010-07-31T09:20:06Z</time>
</trkpt>
<trkpt lat="54.076145198" lon="52.276527369">
  <ele>189.139999</ele>
  <time>2010-07-31T09:20:07Z</time>
</trkpt>
<trkpt lat="54.076160453" lon="52.276905058">
  <ele>189.804993</ele>
  <time>2010-07-31T09:20:08Z</time>
</trkpt>
<trkpt lat="54.076171853" lon="52.277286518">
  <ele>190.324005</ele>
  <time>2010-07-31T09:20:09Z</time>
</trkpt>
<trkpt lat="54.076179480" lon="52.277667979">
  <ele>190.947998</ele>
  <time>2010-07-31T09:20:10Z</time>
</trkpt>
<trkpt lat="54.076187108" lon="52.278053295">
  <ele>191.410004</ele>
  <time>2010-07-31T09:20:11Z</time>
</trkpt>
<trkpt lat="54.076194735" lon="52.278438527">
  <ele>191.673004</ele>
  <time>2010-07-31T09:20:12Z</time>
</trkpt>
<trkpt lat="54.076202363" lon="52.278827699">
  <ele>191.949005</ele>
  <time>2010-07-31T09:20:13Z</time>
</trkpt>
<trkpt lat="54.076209990" lon="52.279224414">
  <ele>192.281006</ele>
  <time>2010-07-31T09:20:14Z</time>
</trkpt>
<trkpt lat="54.076221474" lon="52.279621130">
  <ele>192.645004</ele>
  <time>2010-07-31T09:20:15Z</time>
</trkpt>
<trkpt lat="54.076229101" lon="52.280021701">
  <ele>192.834000</ele>
  <time>2010-07-31T09:20:16Z</time>
</trkpt>
<trkpt lat="54.076236729" lon="52.280422188">
  <ele>192.763000</ele>
  <time>2010-07-31T09:20:17Z</time>
</trkpt>
<trkpt lat="54.076248128" lon="52.280830387">
  <ele>192.703003</ele>
  <time>2010-07-31T09:20:18Z</time>
</trkpt>
<trkpt lat="54.076255839" lon="52.281246213">
  <ele>192.858994</ele>
  <time>2010-07-31T09:20:19Z</time>
</trkpt>
<trkpt lat="54.076267239" lon="52.281665811">
  <ele>192.863998</ele>
  <time>2010-07-31T09:20:20Z</time>
</trkpt>
<trkpt lat="54.076274866" lon="52.282085409">
  <ele>192.457001</ele>
  <time>2010-07-31T09:20:21Z</time>
</trkpt>
<trkpt lat="54.076286349" lon="52.282512635">
  <ele>192.136002</ele>
  <time>2010-07-31T09:20:22Z</time>
</trkpt>
<trkpt lat="54.076293977" lon="52.282943716">
  <ele>192.016998</ele>
  <time>2010-07-31T09:20:23Z</time>
</trkpt>
<trkpt lat="54.076301605" lon="52.283378569">
  <ele>191.921005</ele>
  <time>2010-07-31T09:20:24Z</time>
</trkpt>
<trkpt lat="54.076316860" lon="52.283813506">
  <ele>191.817001</ele>
  <time>2010-07-31T09:20:25Z</time>
</trkpt>
<trkpt lat="54.076324487" lon="52.284248360">
  <ele>191.673996</ele>
  <time>2010-07-31T09:20:26Z</time>
</trkpt>
<trkpt lat="54.076335886" lon="52.284687068">
  <ele>191.404007</ele>
  <time>2010-07-31T09:20:27Z</time>
</trkpt>
<trkpt lat="54.076347370" lon="52.285129549">
  <ele>191.130997</ele>
  <time>2010-07-31T09:20:28Z</time>
</trkpt>
<trkpt lat="54.076358769" lon="52.285572030">
  <ele>190.440994</ele>
  <time>2010-07-31T09:20:29Z</time>
</trkpt>
<trkpt lat="54.076370252" lon="52.286006967">
  <ele>190.328995</ele>
  <time>2010-07-31T09:20:30Z</time>
</trkpt>
<trkpt lat="54.076381652" lon="52.286434192">
  <ele>189.947006</ele>
  <time>2010-07-31T09:20:31Z</time>
</trkpt>
<trkpt lat="54.076393135" lon="52.286857646">
  <ele>189.628006</ele>
  <time>2010-07-31T09:20:32Z</time>
</trkpt>
<trkpt lat="54.076400762" lon="52.287269616">
  <ele>189.139008</ele>
  <time>2010-07-31T09:20:33Z</time>
</trkpt>
<trkpt lat="54.076412162" lon="52.287681587">
  <ele>188.492996</ele>
  <time>2010-07-31T09:20:34Z</time>
</trkpt>
<trkpt lat="54.076423645" lon="52.288089786">
  <ele>188.186996</ele>
  <time>2010-07-31T09:20:35Z</time>
</trkpt>
<trkpt lat="54.076435128" lon="52.288501756">
  <ele>187.582001</ele>
  <time>2010-07-31T09:20:36Z</time>
</trkpt>
<trkpt lat="54.076446528" lon="52.288909871">
  <ele>187.044998</ele>
  <time>2010-07-31T09:20:37Z</time>
</trkpt>
<trkpt lat="54.076454155" lon="52.289325697">
  <ele>186.494995</ele>
  <time>2010-07-31T09:20:38Z</time>
</trkpt>
<trkpt lat="54.076461783" lon="52.289741524">
  <ele>185.970001</ele>
  <time>2010-07-31T09:20:39Z</time>
</trkpt>
<trkpt lat="54.076469410" lon="52.290157350">
  <ele>185.227005</ele>
  <time>2010-07-31T09:20:40Z</time>
</trkpt>
<trkpt lat="54.076477038" lon="52.290576948">
  <ele>184.322998</ele>
  <time>2010-07-31T09:20:41Z</time>
</trkpt>
<trkpt lat="54.076488521" lon="52.291000402">
  <ele>183.807999</ele>
  <time>2010-07-31T09:20:42Z</time>
</trkpt>
<trkpt lat="54.076496148" lon="52.291420000">
  <ele>183.151993</ele>
  <time>2010-07-31T09:20:43Z</time>
</trkpt>
<trkpt lat="54.076507548" lon="52.291843453">
  <ele>182.395996</ele>
  <time>2010-07-31T09:20:44Z</time>
</trkpt>
<trkpt lat="54.076519031" lon="52.292270679">
  <ele>181.714996</ele>
  <time>2010-07-31T09:20:45Z</time>
</trkpt>
<trkpt lat="54.076530430" lon="52.292701760">
  <ele>180.751999</ele>
  <time>2010-07-31T09:20:46Z</time>
</trkpt>
<trkpt lat="54.076541914" lon="52.293132758">
  <ele>180.018005</ele>
  <time>2010-07-31T09:20:47Z</time>
</trkpt>
<trkpt lat="54.076553313" lon="52.293560067">
  <ele>178.998001</ele>
  <time>2010-07-31T09:20:48Z</time>
</trkpt>
<trkpt lat="54.076560941" lon="52.293994920">
  <ele>178.115997</ele>
  <time>2010-07-31T09:20:49Z</time>
</trkpt>
<trkpt lat="54.076572424" lon="52.294429773">
  <ele>177.429001</ele>
  <time>2010-07-31T09:20:50Z</time>
</trkpt>
<trkpt lat="54.076583823" lon="52.294864627">
  <ele>176.880005</ele>
  <time>2010-07-31T09:20:51Z</time>
</trkpt>
<trkpt lat="54.076595306" lon="52.295303335">
  <ele>176.514008</ele>
  <time>2010-07-31T09:20:52Z</time>
</trkpt>
<trkpt lat="54.076606790" lon="52.295742044">
  <ele>176.227997</ele>
  <time>2010-07-31T09:20:53Z</time>
</trkpt>
<trkpt lat="54.076618189" lon="52.296180753">
  <ele>175.651993</ele>
  <time>2010-07-31T09:20:54Z</time>
</trkpt>
<trkpt lat="54.076629672" lon="52.296619378">
  <ele>174.979996</ele>
  <time>2010-07-31T09:20:55Z</time>
</trkpt>
<trkpt lat="54.076641072" lon="52.297054315">
  <ele>173.828995</ele>
  <time>2010-07-31T09:20:56Z</time>
</trkpt>
<trkpt lat="54.076656327" lon="52.297492940">
  <ele>172.934006</ele>
  <time>2010-07-31T09:20:57Z</time>
</trkpt>
<trkpt lat="54.076663954" lon="52.297931649">
  <ele>171.729004</ele>
  <time>2010-07-31T09:20:58Z</time>
</trkpt>
<trkpt lat="54.076671582" lon="52.298377985">
  <ele>170.638000</ele>
  <time>2010-07-31T09:20:59Z</time>
</trkpt>
<trkpt lat="54.076686837" lon="52.298820466">
  <ele>169.378006</ele>
  <time>2010-07-31T09:21:00Z</time>
</trkpt>
<trkpt lat="54.076694464" lon="52.299259175">
  <ele>168.447998</ele>
  <time>2010-07-31T09:21:01Z</time>
</trkpt>
<trkpt lat="54.076705948" lon="52.299686400">
  <ele>167.354996</ele>
  <time>2010-07-31T09:21:02Z</time>
</trkpt>
<trkpt lat="54.076721203" lon="52.300106082">
  <ele>166.201004</ele>
  <time>2010-07-31T09:21:03Z</time>
</trkpt>
<trkpt lat="54.076732602" lon="52.300525680">
  <ele>165.061996</ele>
  <time>2010-07-31T09:21:04Z</time>
</trkpt>
<trkpt lat="54.076740230" lon="52.300941506">
  <ele>163.753998</ele>
  <time>2010-07-31T09:21:05Z</time>
</trkpt>
<trkpt lat="54.076751713" lon="52.301353477">
  <ele>162.442993</ele>
  <time>2010-07-31T09:21:06Z</time>
</trkpt>
<trkpt lat="54.076759340" lon="52.301769219">
  <ele>161.233002</ele>
  <time>2010-07-31T09:21:07Z</time>
</trkpt>
<trkpt lat="54.076766968" lon="52.302185046">
  <ele>160.078003</ele>
  <time>2010-07-31T09:21:08Z</time>
</trkpt>
<trkpt lat="54.076774595" lon="52.302593244">
  <ele>159.171005</ele>
  <time>2010-07-31T09:21:09Z</time>
</trkpt>
<trkpt lat="54.076782223" lon="52.303005215">
  <ele>158.576996</ele>
  <time>2010-07-31T09:21:10Z</time>
</trkpt>
<trkpt lat="54.076789850" lon="52.303405786">
  <ele>158.139008</ele>
  <time>2010-07-31T09:21:11Z</time>
</trkpt>
<trkpt lat="54.076801334" lon="52.303802501">
  <ele>158.048004</ele>
  <time>2010-07-31T09:21:12Z</time>
</trkpt>
<trkpt lat="54.076808961" lon="52.304191589">
  <ele>157.735001</ele>
  <time>2010-07-31T09:21:13Z</time>
</trkpt>
<trkpt lat="54.076820360" lon="52.304576905">
  <ele>157.649994</ele>
  <time>2010-07-31T09:21:14Z</time>
</trkpt>
<trkpt lat="54.076831844" lon="52.304958366">
  <ele>157.365005</ele>
  <time>2010-07-31T09:21:15Z</time>
</trkpt>
<trkpt lat="54.076839471" lon="52.305335971">
  <ele>157.186005</ele>
  <time>2010-07-31T09:21:16Z</time>
</trkpt>
<trkpt lat="54.076847099" lon="52.305717431">
  <ele>157.167999</ele>
  <time>2010-07-31T09:21:17Z</time>
</trkpt>
<trkpt lat="54.076858498" lon="52.306095120">
  <ele>157.246002</ele>
  <time>2010-07-31T09:21:18Z</time>
</trkpt>
<trkpt lat="54.076866126" lon="52.306472808">
  <ele>157.119995</ele>
  <time>2010-07-31T09:21:19Z</time>
</trkpt>
<trkpt lat="54.076877609" lon="52.306842785">
  <ele>157.007996</ele>
  <time>2010-07-31T09:21:20Z</time>
</trkpt>
<trkpt lat="54.076885236" lon="52.307216618">
  <ele>156.845001</ele>
  <time>2010-07-31T09:21:21Z</time>
</trkpt>
<trkpt lat="54.076896636" lon="52.307586679">
  <ele>156.929001</ele>
  <time>2010-07-31T09:21:22Z</time>
</trkpt>
<trkpt lat="54.076908119" lon="52.307960512">
  <ele>156.828003</ele>
  <time>2010-07-31T09:21:23Z</time>
</trkpt>
<trkpt lat="54.076915747" lon="52.308334345">
  <ele>156.697006</ele>
  <time>2010-07-31T09:21:24Z</time>
</trkpt>
<trkpt lat="54.076927146" lon="52.308712034">
  <ele>156.613007</ele>
  <time>2010-07-31T09:21:25Z</time>
</trkpt>
<trkpt lat="54.076934773" lon="52.309089638">
  <ele>156.641006</ele>
  <time>2010-07-31T09:21:26Z</time>
</trkpt>
<trkpt lat="54.076946257" lon="52.309471099">
  <ele>156.531998</ele>
  <time>2010-07-31T09:21:27Z</time>
</trkpt>
<trkpt lat="54.076953884" lon="52.309860270">
  <ele>156.386002</ele>
  <time>2010-07-31T09:21:28Z</time>
</trkpt>
<trkpt lat="54.076965367" lon="52.310256986">
  <ele>156.255005</ele>
  <time>2010-07-31T09:21:29Z</time>
</trkpt>
<trkpt lat="54.076976767" lon="52.310661329">
  <ele>155.919006</ele>
  <time>2010-07-31T09:21:30Z</time>
</trkpt>
<trkpt lat="54.076988250" lon="52.311065672">
  <ele>155.686005</ele>
  <time>2010-07-31T09:21:31Z</time>
</trkpt>
<trkpt lat="54.076995878" lon="52.311473871">
  <ele>155.684006</ele>
  <time>2010-07-31T09:21:32Z</time>
</trkpt>
<trkpt lat="54.077003505" lon="52.311878214">
  <ele>155.585999</ele>
  <time>2010-07-31T09:21:33Z</time>
</trkpt>
<trkpt lat="54.077014904" lon="52.312286412">
  <ele>155.854004</ele>
  <time>2010-07-31T09:21:34Z</time>
</trkpt>
<trkpt lat="54.077026388" lon="52.312690755">
  <ele>155.955002</ele>
  <time>2010-07-31T09:21:35Z</time>
</trkpt>
<trkpt lat="54.077034015" lon="52.313095098">
  <ele>156.130997</ele>
  <time>2010-07-31T09:21:36Z</time>
</trkpt>
<trkpt lat="54.077045415" lon="52.313499441">
  <ele>156.434998</ele>
  <time>2010-07-31T09:21:37Z</time>
</trkpt>
<trkpt lat="54.077053042" lon="52.313900013">
  <ele>157.022995</ele>
  <time>2010-07-31T09:21:38Z</time>
</trkpt>
<trkpt lat="54.077064525" lon="52.314304356">
  <ele>157.641006</ele>
  <time>2010-07-31T09:21:39Z</time>
</trkpt>
<trkpt lat="54.077072153" lon="52.314704927">
  <ele>158.509003</ele>
  <time>2010-07-31T09:21:40Z</time>
</trkpt>
<trkpt lat="54.077079780" lon="52.315101642">
  <ele>159.688995</ele>
  <time>2010-07-31T09:21:41Z</time>
</trkpt>
<trkpt lat="54.077087408" lon="52.315498358">
  <ele>160.987000</ele>
  <time>2010-07-31T09:21:42Z</time>
</trkpt>
<trkpt lat="54.077095035" lon="52.315883674">
  <ele>162.195007</ele>
  <time>2010-07-31T09:21:43Z</time>
</trkpt>
<trkpt lat="54.077102663" lon="52.316265134">
  <ele>163.044998</ele>
  <time>2010-07-31T09:21:44Z</time>
</trkpt>
<trkpt lat="54.077114146" lon="52.316638967">
  <ele>163.929993</ele>
  <time>2010-07-31T09:21:45Z</time>
</trkpt>
<trkpt lat="54.077121774" lon="52.317012800">
  <ele>164.701996</ele>
  <time>2010-07-31T09:21:46Z</time>
</trkpt>
<trkpt lat="54.077133173" lon="52.317386633">
  <ele>165.410995</ele>
  <time>2010-07-31T09:21:47Z</time>
</trkpt>
<trkpt lat="54.077140801" lon="52.317756694">
  <ele>165.932007</ele>
  <time>2010-07-31T09:21:48Z</time>
</trkpt>
<trkpt lat="54.077152284" lon="52.318130527">
  <ele>166.619995</ele>
  <time>2010-07-31T09:21:49Z</time>
</trkpt>
<trkpt lat="54.077159911" lon="52.318496732">
  <ele>167.233002</ele>
  <time>2010-07-31T09:21:50Z</time>
</trkpt>
<trkpt lat="54.077171311" lon="52.318866709">
  <ele>167.830002</ele>
  <time>2010-07-31T09:21:51Z</time>
</trkpt>
<trkpt lat="54.077178938" lon="52.319232915">
  <ele>168.160004</ele>
  <time>2010-07-31T09:21:52Z</time>
</trkpt>
<trkpt lat="54.077186566" lon="52.319599120">
  <ele>168.479004</ele>
  <time>2010-07-31T09:21:53Z</time>
</trkpt>
<trkpt lat="54.077198049" lon="52.319972953">
  <ele>168.802994</ele>
  <time>2010-07-31T09:21:54Z</time>
</trkpt>
<trkpt lat="54.077205677" lon="52.320346870">
  <ele>169.149002</ele>
  <time>2010-07-31T09:21:55Z</time>
</trkpt>
<trkpt lat="54.077217076" lon="52.320720702">
  <ele>169.412994</ele>
  <time>2010-07-31T09:21:56Z</time>
</trkpt>
<trkpt lat="54.077228559" lon="52.321094535">
  <ele>169.889999</ele>
  <time>2010-07-31T09:21:57Z</time>
</trkpt>
<trkpt lat="54.077236187" lon="52.321464512">
  <ele>170.061996</ele>
  <time>2010-07-31T09:21:58Z</time>
</trkpt>
<trkpt lat="54.077243814" lon="52.321838345">
  <ele>170.052002</ele>
  <time>2010-07-31T09:21:59Z</time>
</trkpt>
<trkpt lat="54.077251442" lon="52.322219890">
  <ele>169.934998</ele>
  <time>2010-07-31T09:22:00Z</time>
</trkpt>
<trkpt lat="54.077262841" lon="52.322605122">
  <ele>169.972000</ele>
  <time>2010-07-31T09:22:01Z</time>
</trkpt>
<trkpt lat="54.077270469" lon="52.322994210">
  <ele>169.869995</ele>
  <time>2010-07-31T09:22:02Z</time>
</trkpt>
<trkpt lat="54.077278096" lon="52.323387153">
  <ele>169.850006</ele>
  <time>2010-07-31T09:22:03Z</time>
</trkpt>
<trkpt lat="54.077289579" lon="52.323787725">
  <ele>169.979004</ele>
  <time>2010-07-31T09:22:04Z</time>
</trkpt>
<trkpt lat="54.077301063" lon="52.324192068">
  <ele>170.386002</ele>
  <time>2010-07-31T09:22:05Z</time>
</trkpt>
<trkpt lat="54.077308690" lon="52.324600182">
  <ele>170.675003</ele>
  <time>2010-07-31T09:22:06Z</time>
</trkpt>
<trkpt lat="54.077320090" lon="52.325008381">
  <ele>171.042007</ele>
  <time>2010-07-31T09:22:07Z</time>
</trkpt>
<trkpt lat="54.077327717" lon="52.325416580">
  <ele>171.404999</ele>
  <time>2010-07-31T09:22:08Z</time>
</trkpt>
<trkpt lat="54.077339200" lon="52.325824779">
  <ele>171.970993</ele>
  <time>2010-07-31T09:22:09Z</time>
</trkpt>
<trkpt lat="54.077346828" lon="52.326240521">
  <ele>172.807999</ele>
  <time>2010-07-31T09:22:10Z</time>
</trkpt>
<trkpt lat="54.077354455" lon="52.326656347">
  <ele>173.313004</ele>
  <time>2010-07-31T09:22:11Z</time>
</trkpt>
<trkpt lat="54.077365855" lon="52.327072173">
  <ele>173.744995</ele>
  <time>2010-07-31T09:22:12Z</time>
</trkpt>
<trkpt lat="54.077377338" lon="52.327491771">
  <ele>174.278000</ele>
  <time>2010-07-31T09:22:13Z</time>
</trkpt>
<trkpt lat="54.077388737" lon="52.327911370">
  <ele>174.804001</ele>
  <time>2010-07-31T09:22:14Z</time>
</trkpt>
<trkpt lat="54.077400221" lon="52.328327196">
  <ele>175.324997</ele>
  <time>2010-07-31T09:22:15Z</time>
</trkpt>
<trkpt lat="54.077411620" lon="52.328746794">
  <ele>175.770004</ele>
  <time>2010-07-31T09:22:16Z</time>
</trkpt>
<trkpt lat="54.077426875" lon="52.329170248">
  <ele>176.106995</ele>
  <time>2010-07-31T09:22:17Z</time>
</trkpt>
<trkpt lat="54.077438358" lon="52.329589846">
  <ele>176.403000</ele>
  <time>2010-07-31T09:22:18Z</time>
</trkpt>
<trkpt lat="54.077449758" lon="52.330005672">
  <ele>176.393997</ele>
  <time>2010-07-31T09:22:19Z</time>
</trkpt>
<trkpt lat="54.077461241" lon="52.330421414">
  <ele>176.526993</ele>
  <time>2010-07-31T09:22:20Z</time>
</trkpt>
<trkpt lat="54.077476496" lon="52.330837240">
  <ele>176.537003</ele>
  <time>2010-07-31T09:22:21Z</time>
</trkpt>
<trkpt lat="54.077495607" lon="52.331253067">
  <ele>176.593994</ele>
  <time>2010-07-31T09:22:22Z</time>
</trkpt>
<trkpt lat="54.077518489" lon="52.331661265">
  <ele>176.421005</ele>
  <time>2010-07-31T09:22:23Z</time>
</trkpt>
<trkpt lat="54.077545144" lon="52.332073236">
  <ele>176.639999</ele>
  <time>2010-07-31T09:22:24Z</time>
</trkpt>
<trkpt lat="54.077575654" lon="52.332485206">
  <ele>176.537994</ele>
  <time>2010-07-31T09:22:25Z</time>
</trkpt>
<trkpt lat="54.077606164" lon="52.332893405">
  <ele>176.369003</ele>
  <time>2010-07-31T09:22:26Z</time>
</trkpt>
<trkpt lat="54.077636758" lon="52.333297748">
  <ele>175.858994</ele>
  <time>2010-07-31T09:22:27Z</time>
</trkpt>
<trkpt lat="54.077663412" lon="52.333702091">
  <ele>175.432007</ele>
  <time>2010-07-31T09:22:28Z</time>
</trkpt>
<trkpt lat="54.077697778" lon="52.334110290">
  <ele>175.132996</ele>
  <time>2010-07-31T09:22:29Z</time>
</trkpt>
<trkpt lat="54.077728288" lon="52.334518405">
  <ele>175.033997</ele>
  <time>2010-07-31T09:22:30Z</time>
</trkpt>
<trkpt lat="54.077758798" lon="52.334926603">
  <ele>174.675003</ele>
  <time>2010-07-31T09:22:31Z</time>
</trkpt>
<trkpt lat="54.077793080" lon="52.335334802">
  <ele>174.447998</ele>
  <time>2010-07-31T09:22:32Z</time>
</trkpt>
<trkpt lat="54.077831302" lon="52.335746773">
  <ele>173.841003</ele>
  <time>2010-07-31T09:22:33Z</time>
</trkpt>
<trkpt lat="54.077861812" lon="52.336154971">
  <ele>173.306000</ele>
  <time>2010-07-31T09:22:34Z</time>
</trkpt>
<trkpt lat="54.077899950" lon="52.336563086">
  <ele>172.809998</ele>
  <time>2010-07-31T09:22:35Z</time>
</trkpt>
<trkpt lat="54.077934232" lon="52.336971285">
  <ele>172.151001</ele>
  <time>2010-07-31T09:22:36Z</time>
</trkpt>
<trkpt lat="54.077972453" lon="52.337379484">
  <ele>171.477997</ele>
  <time>2010-07-31T09:22:37Z</time>
</trkpt>
<trkpt lat="54.078010591" lon="52.337787598">
  <ele>170.945007</ele>
  <time>2010-07-31T09:22:38Z</time>
</trkpt>
<trkpt lat="54.078048728" lon="52.338199653">
  <ele>170.395996</ele>
  <time>2010-07-31T09:22:39Z</time>
</trkpt>
<trkpt lat="54.078086866" lon="52.338611623">
  <ele>169.834000</ele>
  <time>2010-07-31T09:22:40Z</time>
</trkpt>
<trkpt lat="54.078125004" lon="52.339023594">
  <ele>169.367996</ele>
  <time>2010-07-31T09:22:41Z</time>
</trkpt>
<trkpt lat="54.078163141" lon="52.339431792">
  <ele>169.061996</ele>
  <time>2010-07-31T09:22:42Z</time>
</trkpt>
<trkpt lat="54.078197507" lon="52.339839907">
  <ele>168.550995</ele>
  <time>2010-07-31T09:22:43Z</time>
</trkpt>
<trkpt lat="54.078235645" lon="52.340251962">
  <ele>168.154999</ele>
  <time>2010-07-31T09:22:44Z</time>
</trkpt>
<trkpt lat="54.078269927" lon="52.340660077">
  <ele>167.953003</ele>
  <time>2010-07-31T09:22:45Z</time>
</trkpt>
<trkpt lat="54.078308064" lon="52.341068275">
  <ele>167.569000</ele>
  <time>2010-07-31T09:22:46Z</time>
</trkpt>
<trkpt lat="54.078346286" lon="52.341472618">
  <ele>167.419006</ele>
  <time>2010-07-31T09:22:47Z</time>
</trkpt>
<trkpt lat="54.078380568" lon="52.341873189">
  <ele>167.285995</ele>
  <time>2010-07-31T09:22:48Z</time>
</trkpt>
<trkpt lat="54.078414934" lon="52.342269905">
  <ele>167.052002</ele>
  <time>2010-07-31T09:22:49Z</time>
</trkpt>
<trkpt lat="54.078453071" lon="52.342662849">
  <ele>166.925003</ele>
  <time>2010-07-31T09:22:50Z</time>
</trkpt>
<trkpt lat="54.078483582" lon="52.343051936">
  <ele>166.811996</ele>
  <time>2010-07-31T09:22:51Z</time>
</trkpt>
<trkpt lat="54.078517947" lon="52.343437169">
  <ele>166.768997</ele>
  <time>2010-07-31T09:22:52Z</time>
</trkpt>
<trkpt lat="54.078548457" lon="52.343811002">
  <ele>166.554993</ele>
  <time>2010-07-31T09:22:53Z</time>
</trkpt>
<trkpt lat="54.078578968" lon="52.344165808">
  <ele>166.186005</ele>
  <time>2010-07-31T09:22:54Z</time>
</trkpt>
<trkpt lat="54.078613250" lon="52.344501503">
  <ele>166.160004</ele>
  <time>2010-07-31T09:22:55Z</time>
</trkpt>
<trkpt lat="54.078639988" lon="52.344825715">
  <ele>165.822998</ele>
  <time>2010-07-31T09:22:56Z</time>
</trkpt>
<trkpt lat="54.078670498" lon="52.345130900">
  <ele>165.774002</ele>
  <time>2010-07-31T09:22:57Z</time>
</trkpt>
<trkpt lat="54.078697236" lon="52.345420830">
  <ele>165.686005</ele>
  <time>2010-07-31T09:22:58Z</time>
</trkpt>
<trkpt lat="54.078727746" lon="52.345703132">
  <ele>165.563004</ele>
  <time>2010-07-31T09:22:59Z</time>
</trkpt>
<trkpt lat="54.078754401" lon="52.345989207">
  <ele>165.492004</ele>
  <time>2010-07-31T09:23:00Z</time>
</trkpt>
<trkpt lat="54.078781139" lon="52.346275365">
  <ele>165.542007</ele>
  <time>2010-07-31T09:23:01Z</time>
</trkpt>
<trkpt lat="54.078807794" lon="52.346561439">
  <ele>165.319000</ele>
  <time>2010-07-31T09:23:02Z</time>
</trkpt>
<trkpt lat="54.078830760" lon="52.346847514">
  <ele>164.901001</ele>
  <time>2010-07-31T09:23:03Z</time>
</trkpt>
<trkpt lat="54.078857414" lon="52.347133672">
  <ele>164.561005</ele>
  <time>2010-07-31T09:23:04Z</time>
</trkpt>
<trkpt lat="54.078884153" lon="52.347415891">
  <ele>164.442001</ele>
  <time>2010-07-31T09:23:05Z</time>
</trkpt>
<trkpt lat="54.078910807" lon="52.347690566">
  <ele>163.944000</ele>
  <time>2010-07-31T09:23:06Z</time>
</trkpt>
<trkpt lat="54.078933690" lon="52.347969096">
  <ele>164.048004</ele>
  <time>2010-07-31T09:23:07Z</time>
</trkpt>
<trkpt lat="54.078956572" lon="52.348236060">
  <ele>163.766998</ele>
  <time>2010-07-31T09:23:08Z</time>
</trkpt>
<trkpt lat="54.078983311" lon="52.348491708">
  <ele>163.716995</ele>
  <time>2010-07-31T09:23:09Z</time>
</trkpt>
<trkpt lat="54.079006193" lon="52.348743416">
  <ele>163.488007</ele>
  <time>2010-07-31T09:23:10Z</time>
</trkpt>
<trkpt lat="54.079029076" lon="52.348995209">
  <ele>163.488998</ele>
  <time>2010-07-31T09:23:11Z</time>
</trkpt>
<trkpt lat="54.079051958" lon="52.349243145">
  <ele>163.110992</ele>
  <time>2010-07-31T09:23:12Z</time>
</trkpt>
<trkpt lat="54.079074841" lon="52.349502565">
  <ele>162.626999</ele>
  <time>2010-07-31T09:23:13Z</time>
</trkpt>
<trkpt lat="54.079097724" lon="52.349769613">
  <ele>162.432999</ele>
  <time>2010-07-31T09:23:14Z</time>
</trkpt>
<trkpt lat="54.079120606" lon="52.350048060">
  <ele>162.182999</ele>
  <time>2010-07-31T09:23:15Z</time>
</trkpt>
<trkpt lat="54.079147344" lon="52.350334134">
  <ele>162.026993</ele>
  <time>2010-07-31T09:23:16Z</time>
</trkpt>
<trkpt lat="54.079174083" lon="52.350627920">
  <ele>161.720001</ele>
  <time>2010-07-31T09:23:17Z</time>
</trkpt>
<trkpt lat="54.079200737" lon="52.350933105">
  <ele>161.524002</ele>
  <time>2010-07-31T09:23:18Z</time>
</trkpt>
<trkpt lat="54.079227475" lon="52.351238290">
  <ele>161.229004</ele>
  <time>2010-07-31T09:23:19Z</time>
</trkpt>
<trkpt lat="54.079257986" lon="52.351554874">
  <ele>161.052994</ele>
  <time>2010-07-31T09:23:20Z</time>
</trkpt>
<trkpt lat="54.079284640" lon="52.351875314">
  <ele>160.720993</ele>
  <time>2010-07-31T09:23:21Z</time>
</trkpt>
<trkpt lat="54.079315150" lon="52.352203382">
  <ele>160.367004</ele>
  <time>2010-07-31T09:23:22Z</time>
</trkpt>
<trkpt lat="54.079341888" lon="52.352535222">
  <ele>159.800995</ele>
  <time>2010-07-31T09:23:23Z</time>
</trkpt>
<trkpt lat="54.079372399" lon="52.352874773">
  <ele>159.022003</ele>
  <time>2010-07-31T09:23:24Z</time>
</trkpt>
<trkpt lat="54.079406764" lon="52.353221867">
  <ele>158.199005</ele>
  <time>2010-07-31T09:23:25Z</time>
</trkpt>
<trkpt lat="54.079441046" lon="52.353576673">
  <ele>157.470001</ele>
  <time>2010-07-31T09:23:26Z</time>
</trkpt>
<trkpt lat="54.079475412" lon="52.353942879">
  <ele>156.766998</ele>
  <time>2010-07-31T09:23:27Z</time>
</trkpt>
<trkpt lat="54.079509694" lon="52.354309084">
  <ele>156.016006</ele>
  <time>2010-07-31T09:23:28Z</time>
</trkpt>
<trkpt lat="54.079544060" lon="52.354679145">
  <ele>155.181000</ele>
  <time>2010-07-31T09:23:29Z</time>
</trkpt>
<trkpt lat="54.079578426" lon="52.355049122">
  <ele>153.979004</ele>
  <time>2010-07-31T09:23:30Z</time>
</trkpt>
<trkpt lat="54.079612708" lon="52.355415327">
  <ele>152.858002</ele>
  <time>2010-07-31T09:23:31Z</time>
</trkpt>
<trkpt lat="54.079643218" lon="52.355785388">
  <ele>151.919006</ele>
  <time>2010-07-31T09:23:32Z</time>
</trkpt>
<trkpt lat="54.079677584" lon="52.356155366">
  <ele>151.011002</ele>
  <time>2010-07-31T09:23:33Z</time>
</trkpt>
<trkpt lat="54.079708094" lon="52.356529199">
  <ele>150.130005</ele>
  <time>2010-07-31T09:23:34Z</time>
</trkpt>
<trkpt lat="54.079742460" lon="52.356899260">
  <ele>149.190994</ele>
  <time>2010-07-31T09:23:35Z</time>
</trkpt>
<trkpt lat="54.079776742" lon="52.357269321">
  <ele>148.244995</ele>
  <time>2010-07-31T09:23:36Z</time>
</trkpt>
<trkpt lat="54.079807252" lon="52.357639298">
  <ele>147.231003</ele>
  <time>2010-07-31T09:23:37Z</time>
</trkpt>
<trkpt lat="54.079841617" lon="52.358016986">
  <ele>146.268005</ele>
  <time>2010-07-31T09:23:38Z</time>
</trkpt>
<trkpt lat="54.079879755" lon="52.358394591">
  <ele>145.242004</ele>
  <time>2010-07-31T09:23:39Z</time>
</trkpt>
<trkpt lat="54.079914121" lon="52.358779907">
  <ele>144.473999</ele>
  <time>2010-07-31T09:23:40Z</time>
</trkpt>
<trkpt lat="54.079948403" lon="52.359165223">
  <ele>143.897003</ele>
  <time>2010-07-31T09:23:41Z</time>
</trkpt>
<trkpt lat="54.079986541" lon="52.359558083">
  <ele>143.472000</ele>
  <time>2010-07-31T09:23:42Z</time>
</trkpt>
<trkpt lat="54.080020906" lon="52.359947171">
  <ele>142.908005</ele>
  <time>2010-07-31T09:23:43Z</time>
</trkpt>
<trkpt lat="54.080055272" lon="52.360340115">
  <ele>142.483994</ele>
  <time>2010-07-31T09:23:44Z</time>
</trkpt>
<trkpt lat="54.080089554" lon="52.360736830">
  <ele>142.065002</ele>
  <time>2010-07-31T09:23:45Z</time>
</trkpt>
<trkpt lat="54.080123920" lon="52.361129774">
  <ele>141.585999</ele>
  <time>2010-07-31T09:23:46Z</time>
</trkpt>
<trkpt lat="54.080162058" lon="52.361526489">
  <ele>141.304993</ele>
  <time>2010-07-31T09:23:47Z</time>
</trkpt>
<trkpt lat="54.080200195" lon="52.361923205">
  <ele>141.121002</ele>
  <time>2010-07-31T09:23:48Z</time>
</trkpt>
<trkpt lat="54.080234561" lon="52.362327548">
  <ele>141.108994</ele>
  <time>2010-07-31T09:23:49Z</time>
</trkpt>
<trkpt lat="54.080272699" lon="52.362724263">
  <ele>141.190994</ele>
  <time>2010-07-31T09:23:50Z</time>
</trkpt>
<trkpt lat="54.080310836" lon="52.363128690">
  <ele>141.341003</ele>
  <time>2010-07-31T09:23:51Z</time>
</trkpt>
<trkpt lat="54.080348974" lon="52.363536805">
  <ele>141.496002</ele>
  <time>2010-07-31T09:23:52Z</time>
</trkpt>
<trkpt lat="54.080387112" lon="52.363945004">
  <ele>141.582001</ele>
  <time>2010-07-31T09:23:53Z</time>
</trkpt>
<trkpt lat="54.080421478" lon="52.364353202">
  <ele>141.498001</ele>
  <time>2010-07-31T09:23:54Z</time>
</trkpt>
<trkpt lat="54.080463387" lon="52.364761317">
  <ele>141.845001</ele>
  <time>2010-07-31T09:23:55Z</time>
</trkpt>
<trkpt lat="54.080497753" lon="52.365173372">
  <ele>142.408997</ele>
  <time>2010-07-31T09:23:56Z</time>
</trkpt>
<trkpt lat="54.080535891" lon="52.365589114">
  <ele>142.587997</ele>
  <time>2010-07-31T09:23:57Z</time>
</trkpt>
<trkpt lat="54.080574028" lon="52.366004940">
  <ele>142.785004</ele>
  <time>2010-07-31T09:23:58Z</time>
</trkpt>
<trkpt lat="54.080612166" lon="52.366416911">
  <ele>142.994995</ele>
  <time>2010-07-31T09:23:59Z</time>
</trkpt>
<trkpt lat="54.080646532" lon="52.366832737">
  <ele>143.386993</ele>
  <time>2010-07-31T09:24:00Z</time>
</trkpt>
<trkpt lat="54.080688441" lon="52.367248563">
  <ele>143.600006</ele>
  <time>2010-07-31T09:24:01Z</time>
</trkpt>
<trkpt lat="54.080726663" lon="52.367660534">
  <ele>143.925003</ele>
  <time>2010-07-31T09:24:02Z</time>
</trkpt>
<trkpt lat="54.080764800" lon="52.368080132">
  <ele>144.449005</ele>
  <time>2010-07-31T09:24:03Z</time>
</trkpt>
<trkpt lat="54.080802938" lon="52.368495958">
  <ele>144.727005</ele>
  <time>2010-07-31T09:24:04Z</time>
</trkpt>
<trkpt lat="54.080837220" lon="52.368907928">
  <ele>145.128006</ele>
  <time>2010-07-31T09:24:05Z</time>
</trkpt>
<trkpt lat="54.080871586" lon="52.369308500">
  <ele>145.371994</ele>
  <time>2010-07-31T09:24:06Z</time>
</trkpt>
<trkpt lat="54.080905952" lon="52.369705215">
  <ele>145.841003</ele>
  <time>2010-07-31T09:24:07Z</time>
</trkpt>
<trkpt lat="54.080944089" lon="52.370086676">
  <ele>146.578995</ele>
  <time>2010-07-31T09:24:08Z</time>
</trkpt>
<trkpt lat="54.080978371" lon="52.370464364">
  <ele>147.404999</ele>
  <time>2010-07-31T09:24:09Z</time>
</trkpt>
<trkpt lat="54.081016509" lon="52.370826714">
  <ele>147.990005</ele>
  <time>2010-07-31T09:24:10Z</time>
</trkpt>
<trkpt lat="54.081047019" lon="52.371181520">
  <ele>148.776993</ele>
  <time>2010-07-31T09:24:11Z</time>
</trkpt>
<trkpt lat="54.081081385" lon="52.371536242">
  <ele>149.410995</ele>
  <time>2010-07-31T09:24:12Z</time>
</trkpt>
<trkpt lat="54.081111895" lon="52.371883420">
  <ele>150.391998</ele>
  <time>2010-07-31T09:24:13Z</time>
</trkpt>
<trkpt lat="54.081142405" lon="52.372226743">
  <ele>150.787994</ele>
  <time>2010-07-31T09:24:14Z</time>
</trkpt>
<trkpt lat="54.081172915" lon="52.372562438">
  <ele>151.395004</ele>
  <time>2010-07-31T09:24:15Z</time>
</trkpt>
<trkpt lat="54.081203425" lon="52.372890506">
  <ele>151.776001</ele>
  <time>2010-07-31T09:24:16Z</time>
</trkpt>
<trkpt lat="54.081230164" lon="52.373214718">
  <ele>152.192001</ele>
  <time>2010-07-31T09:24:17Z</time>
</trkpt>
<trkpt lat="54.081260674" lon="52.373531302">
  <ele>152.335999</ele>
  <time>2010-07-31T09:24:18Z</time>
</trkpt>
<trkpt lat="54.081287412" lon="52.373851743">
  <ele>152.875000</ele>
  <time>2010-07-31T09:24:19Z</time>
</trkpt>
<trkpt lat="54.081317922" lon="52.374168411">
  <ele>152.921997</ele>
  <time>2010-07-31T09:24:20Z</time>
</trkpt>
<trkpt lat="54.081340805" lon="52.374477368">
  <ele>153.029999</ele>
  <time>2010-07-31T09:24:21Z</time>
</trkpt>
<trkpt lat="54.081363687" lon="52.374786409">
  <ele>152.901993</ele>
  <time>2010-07-31T09:24:22Z</time>
</trkpt>
<trkpt lat="54.081390342" lon="52.375095366">
  <ele>152.845993</ele>
  <time>2010-07-31T09:24:23Z</time>
</trkpt>
<trkpt lat="54.081413308" lon="52.375415806">
  <ele>153.061005</ele>
  <time>2010-07-31T09:24:24Z</time>
</trkpt>
<trkpt lat="54.081443818" lon="52.375736246">
  <ele>152.953995</ele>
  <time>2010-07-31T09:24:25Z</time>
</trkpt>
<trkpt lat="54.081474328" lon="52.376056686">
  <ele>152.787994</ele>
  <time>2010-07-31T09:24:26Z</time>
</trkpt>
<trkpt lat="54.081504839" lon="52.376377126">
  <ele>152.563004</ele>
  <time>2010-07-31T09:24:27Z</time>
</trkpt>
<trkpt lat="54.081539121" lon="52.376708966">
  <ele>152.410004</ele>
  <time>2010-07-31T09:24:28Z</time>
</trkpt>
<trkpt lat="54.081573486" lon="52.377048517">
  <ele>152.167007</ele>
  <time>2010-07-31T09:24:29Z</time>
</trkpt>
<trkpt lat="54.081607852" lon="52.377399467">
  <ele>151.848007</ele>
  <time>2010-07-31T09:24:30Z</time>
</trkpt>
<trkpt lat="54.081642134" lon="52.377746562">
  <ele>151.151993</ele>
  <time>2010-07-31T09:24:31Z</time>
</trkpt>
<trkpt lat="54.081676500" lon="52.378093740">
  <ele>150.641006</ele>
  <time>2010-07-31T09:24:32Z</time>
</trkpt>
<trkpt lat="54.081710782" lon="52.378440835">
  <ele>150.175003</ele>
  <time>2010-07-31T09:24:33Z</time>
</trkpt>
<trkpt lat="54.081745148" lon="52.378791785">
  <ele>149.834000</ele>
  <time>2010-07-31T09:24:34Z</time>
</trkpt>
<trkpt lat="54.081775658" lon="52.379138963">
  <ele>149.001007</ele>
  <time>2010-07-31T09:24:35Z</time>
</trkpt>
<trkpt lat="54.081802396" lon="52.379482286">
  <ele>148.080994</ele>
  <time>2010-07-31T09:24:36Z</time>
</trkpt>
<trkpt lat="54.081832906" lon="52.379833236">
  <ele>147.080994</ele>
  <time>2010-07-31T09:24:37Z</time>
</trkpt>
<trkpt lat="54.081863416" lon="52.380184187">
  <ele>146.242004</ele>
  <time>2010-07-31T09:24:38Z</time>
</trkpt>
<trkpt lat="54.081893926" lon="52.380535137">
  <ele>144.957001</ele>
  <time>2010-07-31T09:24:39Z</time>
</trkpt>
<trkpt lat="54.081928292" lon="52.380882232">
  <ele>143.559998</ele>
  <time>2010-07-31T09:24:40Z</time>
</trkpt>
<trkpt lat="54.081958802" lon="52.381237037">
  <ele>142.408005</ele>
  <time>2010-07-31T09:24:41Z</time>
</trkpt>
<trkpt lat="54.081989313" lon="52.381595615">
  <ele>141.001007</ele>
  <time>2010-07-31T09:24:42Z</time>
</trkpt>
<trkpt lat="54.082019823" lon="52.381958049">
  <ele>140.126007</ele>
  <time>2010-07-31T09:24:43Z</time>
</trkpt>
<trkpt lat="54.082057960" lon="52.382328026">
  <ele>139.416000</ele>
  <time>2010-07-31T09:24:44Z</time>
</trkpt>
<trkpt lat="54.082092326" lon="52.382701859">
  <ele>138.839996</ele>
  <time>2010-07-31T09:24:45Z</time>
</trkpt>
<trkpt lat="54.082126608" lon="52.383079547">
  <ele>138.190002</ele>
  <time>2010-07-31T09:24:46Z</time>
</trkpt>
<trkpt lat="54.082157118" lon="52.383453380">
  <ele>137.802994</ele>
  <time>2010-07-31T09:24:47Z</time>
</trkpt>
<trkpt lat="54.082195256" lon="52.383834841">
  <ele>137.445007</ele>
  <time>2010-07-31T09:24:48Z</time>
</trkpt>
<trkpt lat="54.082233394" lon="52.384216301">
  <ele>137.591003</ele>
  <time>2010-07-31T09:24:49Z</time>
</trkpt>
<trkpt lat="54.082267759" lon="52.384601617">
  <ele>137.664001</ele>
  <time>2010-07-31T09:24:50Z</time>
</trkpt>
<trkpt lat="54.082302125" lon="52.384983078">
  <ele>137.802994</ele>
  <time>2010-07-31T09:24:51Z</time>
</trkpt>
<trkpt lat="54.082340263" lon="52.385368310">
  <ele>138.029007</ele>
  <time>2010-07-31T09:24:52Z</time>
</trkpt>
<trkpt lat="54.082374545" lon="52.385761254">
  <ele>138.923004</ele>
  <time>2010-07-31T09:24:53Z</time>
</trkpt>
<trkpt lat="54.082405055" lon="52.386146570">
  <ele>139.591003</ele>
  <time>2010-07-31T09:24:54Z</time>
</trkpt>
<trkpt lat="54.082443276" lon="52.386535658">
  <ele>140.324005</ele>
  <time>2010-07-31T09:24:55Z</time>
</trkpt>
<trkpt lat="54.082477558" lon="52.386928517">
  <ele>141.022003</ele>
  <time>2010-07-31T09:24:56Z</time>
</trkpt>
<trkpt lat="54.082515696" lon="52.387310062">
  <ele>141.822006</ele>
  <time>2010-07-31T09:24:57Z</time>
</trkpt>
<trkpt lat="54.082550062" lon="52.387691522">
  <ele>143.001999</ele>
  <time>2010-07-31T09:24:58Z</time>
</trkpt>
<trkpt lat="54.082584344" lon="52.388069127">
  <ele>143.781006</ele>
  <time>2010-07-31T09:24:59Z</time>
</trkpt>
<trkpt lat="54.082618710" lon="52.388446815">
  <ele>144.457001</ele>
  <time>2010-07-31T09:25:00Z</time>
</trkpt>
<trkpt lat="54.082656847" lon="52.388824504">
  <ele>145.330002</ele>
  <time>2010-07-31T09:25:01Z</time>
</trkpt>
<trkpt lat="54.082687357" lon="52.389198337">
  <ele>146.220993</ele>
  <time>2010-07-31T09:25:02Z</time>
</trkpt>
<trkpt lat="54.082721723" lon="52.389568314">
  <ele>147.039001</ele>
  <time>2010-07-31T09:25:03Z</time>
</trkpt>
<trkpt lat="54.082756005" lon="52.389938375">
  <ele>147.539993</ele>
  <time>2010-07-31T09:25:04Z</time>
</trkpt>
<trkpt lat="54.082786599" lon="52.390300725">
  <ele>147.977005</ele>
  <time>2010-07-31T09:25:05Z</time>
</trkpt>
<trkpt lat="54.082820881" lon="52.390666930">
  <ele>148.481003</ele>
  <time>2010-07-31T09:25:06Z</time>
</trkpt>
<trkpt lat="54.082855247" lon="52.391029363">
  <ele>148.938995</ele>
  <time>2010-07-31T09:25:07Z</time>
</trkpt>
<trkpt lat="54.082889529" lon="52.391387941">
  <ele>149.404007</ele>
  <time>2010-07-31T09:25:08Z</time>
</trkpt>
<trkpt lat="54.082920039" lon="52.391746519">
  <ele>149.787003</ele>
  <time>2010-07-31T09:25:09Z</time>
</trkpt>
<trkpt lat="54.082954405" lon="52.392105097">
  <ele>150.231995</ele>
  <time>2010-07-31T09:25:10Z</time>
</trkpt>
<trkpt lat="54.082988771" lon="52.392463675">
  <ele>150.800003</ele>
  <time>2010-07-31T09:25:11Z</time>
</trkpt>
<trkpt lat="54.083023053" lon="52.392822253">
  <ele>151.153000</ele>
  <time>2010-07-31T09:25:12Z</time>
</trkpt>
<trkpt lat="54.083057418" lon="52.393184686">
  <ele>151.399002</ele>
  <time>2010-07-31T09:25:13Z</time>
</trkpt>
<trkpt lat="54.083091700" lon="52.393543264">
  <ele>151.257004</ele>
  <time>2010-07-31T09:25:14Z</time>
</trkpt>
<trkpt lat="54.083122294" lon="52.393909469">
  <ele>151.472000</ele>
  <time>2010-07-31T09:25:15Z</time>
</trkpt>
<trkpt lat="54.083156576" lon="52.394279446">
  <ele>151.593002</ele>
  <time>2010-07-31T09:25:16Z</time>
</trkpt>
<trkpt lat="54.083194714" lon="52.394653279">
  <ele>151.617004</ele>
  <time>2010-07-31T09:25:17Z</time>
</trkpt>
<trkpt lat="54.083225224" lon="52.395023340">
  <ele>151.600006</ele>
  <time>2010-07-31T09:25:18Z</time>
</trkpt>
<trkpt lat="54.083263362" lon="52.395397173">
  <ele>151.770996</ele>
  <time>2010-07-31T09:25:19Z</time>
</trkpt>
<trkpt lat="54.083293956" lon="52.395774862">
  <ele>151.960007</ele>
  <time>2010-07-31T09:25:20Z</time>
</trkpt>
<trkpt lat="54.083328238" lon="52.396148695">
  <ele>151.955994</ele>
  <time>2010-07-31T09:25:21Z</time>
</trkpt>
<trkpt lat="54.083362604" lon="52.396530155">
  <ele>152.128006</ele>
  <time>2010-07-31T09:25:22Z</time>
</trkpt>
<trkpt lat="54.083396886" lon="52.396907844">
  <ele>152.367996</ele>
  <time>2010-07-31T09:25:23Z</time>
</trkpt>
<trkpt lat="54.083431251" lon="52.397285448">
  <ele>152.748993</ele>
  <time>2010-07-31T09:25:24Z</time>
</trkpt>
<trkpt lat="54.083461761" lon="52.397659281">
  <ele>153.259995</ele>
  <time>2010-07-31T09:25:25Z</time>
</trkpt>
<trkpt lat="54.083496127" lon="52.398033114">
  <ele>153.580002</ele>
  <time>2010-07-31T09:25:26Z</time>
</trkpt>
<trkpt lat="54.083530409" lon="52.398406947">
  <ele>154.190994</ele>
  <time>2010-07-31T09:25:27Z</time>
</trkpt>
<trkpt lat="54.083564775" lon="52.398784636">
  <ele>154.654999</ele>
  <time>2010-07-31T09:25:28Z</time>
</trkpt>
<trkpt lat="54.083599057" lon="52.399158468">
  <ele>155.259003</ele>
  <time>2010-07-31T09:25:29Z</time>
</trkpt>
<trkpt lat="54.083633423" lon="52.399532301">
  <ele>155.826996</ele>
  <time>2010-07-31T09:25:30Z</time>
</trkpt>
<trkpt lat="54.083667789" lon="52.399906134">
  <ele>156.369995</ele>
  <time>2010-07-31T09:25:31Z</time>
</trkpt>
<trkpt lat="54.083702071" lon="52.400279967">
  <ele>156.889999</ele>
  <time>2010-07-31T09:25:32Z</time>
</trkpt>
<trkpt lat="54.083740208" lon="52.400657656">
  <ele>157.335999</ele>
  <time>2010-07-31T09:25:33Z</time>
</trkpt>
<trkpt lat="54.083774574" lon="52.401031489">
  <ele>157.998993</ele>
  <time>2010-07-31T09:25:34Z</time>
</trkpt>
<trkpt lat="54.083808940" lon="52.401409177">
  <ele>158.272003</ele>
  <time>2010-07-31T09:25:35Z</time>
</trkpt>
<trkpt lat="54.083843222" lon="52.401783010">
  <ele>158.501007</ele>
  <time>2010-07-31T09:25:36Z</time>
</trkpt>
<trkpt lat="54.083877588" lon="52.402156843">
  <ele>158.848007</ele>
  <time>2010-07-31T09:25:37Z</time>
</trkpt>
<trkpt lat="54.083911870" lon="52.402530676">
  <ele>158.981995</ele>
  <time>2010-07-31T09:25:38Z</time>
</trkpt>
<trkpt lat="54.083946235" lon="52.402900737">
  <ele>158.809006</ele>
  <time>2010-07-31T09:25:39Z</time>
</trkpt>
<trkpt lat="54.083980601" lon="52.403270714">
  <ele>158.729996</ele>
  <time>2010-07-31T09:25:40Z</time>
</trkpt>
<trkpt lat="54.084014883" lon="52.403636919">
  <ele>158.354996</ele>
  <time>2010-07-31T09:25:41Z</time>
</trkpt>
<trkpt lat="54.084045393" lon="52.404003125">
  <ele>158.251999</ele>
  <time>2010-07-31T09:25:42Z</time>
</trkpt>
<trkpt lat="54.084079759" lon="52.404369330">
  <ele>157.875000</ele>
  <time>2010-07-31T09:25:43Z</time>
</trkpt>
<trkpt lat="54.084110269" lon="52.404731764">
  <ele>157.822006</ele>
  <time>2010-07-31T09:25:44Z</time>
</trkpt>
<trkpt lat="54.084144551" lon="52.405090341">
  <ele>157.550003</ele>
  <time>2010-07-31T09:25:45Z</time>
</trkpt>
<trkpt lat="54.084175145" lon="52.405445063">
  <ele>157.350998</ele>
  <time>2010-07-31T09:25:46Z</time>
</trkpt>
<trkpt lat="54.084205655" lon="52.405796014">
  <ele>156.919006</ele>
  <time>2010-07-31T09:25:47Z</time>
</trkpt>
<trkpt lat="54.084239937" lon="52.406146964">
  <ele>156.529007</ele>
  <time>2010-07-31T09:25:48Z</time>
</trkpt>
<trkpt lat="54.084270447" lon="52.406501770">
  <ele>155.988998</ele>
  <time>2010-07-31T09:25:49Z</time>
</trkpt>
<trkpt lat="54.084304813" lon="52.406860348">
  <ele>155.255005</ele>
  <time>2010-07-31T09:25:50Z</time>
</trkpt>
<trkpt lat="54.084335323" lon="52.407230409">
  <ele>154.774994</ele>
  <time>2010-07-31T09:25:51Z</time>
</trkpt>
<trkpt lat="54.084369689" lon="52.407608014">
  <ele>154.024994</ele>
  <time>2010-07-31T09:25:52Z</time>
</trkpt>
<trkpt lat="54.084403971" lon="52.407993330">
  <ele>153.216995</ele>
  <time>2010-07-31T09:25:53Z</time>
</trkpt>
<trkpt lat="54.084438337" lon="52.408382418">
  <ele>152.255997</ele>
  <time>2010-07-31T09:25:54Z</time>
</trkpt>
<trkpt lat="54.084472619" lon="52.408775361">
  <ele>151.483002</ele>
  <time>2010-07-31T09:25:55Z</time>
</trkpt>
<trkpt lat="54.084506985" lon="52.409175849">
  <ele>150.778000</ele>
  <time>2010-07-31T09:25:56Z</time>
</trkpt>
<trkpt lat="54.084545122" lon="52.409580192">
  <ele>150.089996</ele>
  <time>2010-07-31T09:25:57Z</time>
</trkpt>
<trkpt lat="54.084583260" lon="52.409988390">
  <ele>149.082993</ele>
  <time>2010-07-31T09:25:58Z</time>
</trkpt>
<trkpt lat="54.084621398" lon="52.410400361">
  <ele>148.320999</ele>
  <time>2010-07-31T09:25:59Z</time>
</trkpt>
<trkpt lat="54.084659535" lon="52.410816187">
  <ele>147.600006</ele>
  <time>2010-07-31T09:26:00Z</time>
</trkpt>
<trkpt lat="54.084701529" lon="52.411232013">
  <ele>147.285004</ele>
  <time>2010-07-31T09:26:01Z</time>
</trkpt>
<trkpt lat="54.084739666" lon="52.411659239">
  <ele>147.046997</ele>
  <time>2010-07-31T09:26:02Z</time>
</trkpt>
<trkpt lat="54.084777804" lon="52.412086464">
  <ele>146.889999</ele>
  <time>2010-07-31T09:26:03Z</time>
</trkpt>
<trkpt lat="54.084812170" lon="52.412509918">
  <ele>146.615005</ele>
  <time>2010-07-31T09:26:04Z</time>
</trkpt>
<trkpt lat="54.084850308" lon="52.412937144">
  <ele>146.552994</ele>
  <time>2010-07-31T09:26:05Z</time>
</trkpt>
<trkpt lat="54.084888445" lon="52.413368225">
  <ele>146.492996</ele>
  <time>2010-07-31T09:26:06Z</time>
</trkpt>
<trkpt lat="54.084926583" lon="52.413799306">
  <ele>146.705002</ele>
  <time>2010-07-31T09:26:07Z</time>
</trkpt>
<trkpt lat="54.084960949" lon="52.414230388">
  <ele>146.888000</ele>
  <time>2010-07-31T09:26:08Z</time>
</trkpt>
<trkpt lat="54.084999086" lon="52.414665241">
  <ele>147.514008</ele>
  <time>2010-07-31T09:26:09Z</time>
</trkpt>
<trkpt lat="54.085033452" lon="52.415088695">
  <ele>147.649994</ele>
  <time>2010-07-31T09:26:10Z</time>
</trkpt>
<trkpt lat="54.085075362" lon="52.415515920">
  <ele>148.244995</ele>
  <time>2010-07-31T09:26:11Z</time>
</trkpt>
<trkpt lat="54.085117355" lon="52.415939290">
  <ele>148.697998</ele>
  <time>2010-07-31T09:26:12Z</time>
</trkpt>
<trkpt lat="54.085155493" lon="52.416362744">
  <ele>149.337006</ele>
  <time>2010-07-31T09:26:13Z</time>
</trkpt>
<trkpt lat="54.085193630" lon="52.416786198">
  <ele>150.123001</ele>
  <time>2010-07-31T09:26:14Z</time>
</trkpt>
<trkpt lat="54.085235624" lon="52.417213423">
  <ele>150.869995</ele>
  <time>2010-07-31T09:26:15Z</time>
</trkpt>
<trkpt lat="54.085273761" lon="52.417633021">
  <ele>151.820999</ele>
  <time>2010-07-31T09:26:16Z</time>
</trkpt>
<trkpt lat="54.085308043" lon="52.418052703">
  <ele>152.557999</ele>
  <time>2010-07-31T09:26:17Z</time>
</trkpt>
<trkpt lat="54.085346181" lon="52.418472301">
  <ele>153.466995</ele>
  <time>2010-07-31T09:26:18Z</time>
</trkpt>
<trkpt lat="54.085384402" lon="52.418895755">
  <ele>154.378006</ele>
  <time>2010-07-31T09:26:19Z</time>
</trkpt>
<trkpt lat="54.085422540" lon="52.419315353">
  <ele>155.031006</ele>
  <time>2010-07-31T09:26:20Z</time>
</trkpt>
<trkpt lat="54.085460678" lon="52.419738807">
  <ele>155.843002</ele>
  <time>2010-07-31T09:26:21Z</time>
</trkpt>
<trkpt lat="54.085498815" lon="52.420158405">
  <ele>156.462006</ele>
  <time>2010-07-31T09:26:22Z</time>
</trkpt>
<trkpt lat="54.085536953" lon="52.420578003">
  <ele>157.513000</ele>
  <time>2010-07-31T09:26:23Z</time>
</trkpt>
<trkpt lat="54.085575091" lon="52.420993829">
  <ele>158.423004</ele>
  <time>2010-07-31T09:26:24Z</time>
</trkpt>
<trkpt lat="54.085613228" lon="52.421405800">
  <ele>159.041000</ele>
  <time>2010-07-31T09:26:25Z</time>
</trkpt>
<trkpt lat="54.085647594" lon="52.421821626">
  <ele>159.919006</ele>
  <time>2010-07-31T09:26:26Z</time>
</trkpt>
<trkpt lat="54.085685732" lon="52.422225969">
  <ele>160.643997</ele>
  <time>2010-07-31T09:26:27Z</time>
</trkpt>
<trkpt lat="54.085720098" lon="52.422626456">
  <ele>161.104004</ele>
  <time>2010-07-31T09:26:28Z</time>
</trkpt>
<trkpt lat="54.085754380" lon="52.423019400">
  <ele>161.410995</ele>
  <time>2010-07-31T09:26:29Z</time>
</trkpt>
<trkpt lat="54.085788745" lon="52.423412343">
  <ele>161.619995</ele>
  <time>2010-07-31T09:26:30Z</time>
</trkpt>
<trkpt lat="54.085823027" lon="52.423805203">
  <ele>161.824005</ele>
  <time>2010-07-31T09:26:31Z</time>
</trkpt>
<trkpt lat="54.085861165" lon="52.424190519">
  <ele>161.884003</ele>
  <time>2010-07-31T09:26:32Z</time>
</trkpt>
<trkpt lat="54.085895531" lon="52.424583463">
  <ele>162.477005</ele>
  <time>2010-07-31T09:26:33Z</time>
</trkpt>
<trkpt lat="54.085929897" lon="52.424980178">
  <ele>162.682999</ele>
  <time>2010-07-31T09:26:34Z</time>
</trkpt>
<trkpt lat="54.085968034" lon="52.425373038">
  <ele>163.044998</ele>
  <time>2010-07-31T09:26:35Z</time>
</trkpt>
<trkpt lat="54.086002316" lon="52.425758354">
  <ele>163.317001</ele>
  <time>2010-07-31T09:26:36Z</time>
</trkpt>
<trkpt lat="54.086036682" lon="52.426143670">
  <ele>163.459000</ele>
  <time>2010-07-31T09:26:37Z</time>
</trkpt>
<trkpt lat="54.086074820" lon="52.426536530">
  <ele>163.981995</ele>
  <time>2010-07-31T09:26:38Z</time>
</trkpt>
<trkpt lat="54.086109186" lon="52.426921846">
  <ele>164.104004</ele>
  <time>2010-07-31T09:26:39Z</time>
</trkpt>
<trkpt lat="54.086143468" lon="52.427310934">
  <ele>164.362000</ele>
  <time>2010-07-31T09:26:40Z</time>
</trkpt>
<trkpt lat="54.086181605" lon="52.427700022">
  <ele>164.647995</ele>
  <time>2010-07-31T09:26:41Z</time>
</trkpt>
<trkpt lat="54.086215971" lon="52.428089110">
  <ele>164.839005</ele>
  <time>2010-07-31T09:26:42Z</time>
</trkpt>
<trkpt lat="54.086246481" lon="52.428478282">
  <ele>164.912994</ele>
  <time>2010-07-31T09:26:43Z</time>
</trkpt>
<trkpt lat="54.086284619" lon="52.428863514">
  <ele>165.130997</ele>
  <time>2010-07-31T09:26:44Z</time>
</trkpt>
<trkpt lat="54.086315129" lon="52.429244975">
  <ele>165.156998</ele>
  <time>2010-07-31T09:26:45Z</time>
</trkpt>
<trkpt lat="54.086353267" lon="52.429626435">
  <ele>165.279999</ele>
  <time>2010-07-31T09:26:46Z</time>
</trkpt>
<trkpt lat="54.086387632" lon="52.430011751">
  <ele>165.235992</ele>
  <time>2010-07-31T09:26:47Z</time>
</trkpt>
<trkpt lat="54.086418143" lon="52.430400839">
  <ele>165.149002</ele>
  <time>2010-07-31T09:26:48Z</time>
</trkpt>
<trkpt lat="54.086452508" lon="52.430789927">
  <ele>164.938004</ele>
  <time>2010-07-31T09:26:49Z</time>
</trkpt>
<trkpt lat="54.086486790" lon="52.431182871">
  <ele>164.865005</ele>
  <time>2010-07-31T09:26:50Z</time>
</trkpt>
<trkpt lat="54.086524928" lon="52.431579586">
  <ele>164.977005</ele>
  <time>2010-07-31T09:26:51Z</time>
</trkpt>
<trkpt lat="54.086563149" lon="52.431980157">
  <ele>164.970001</ele>
  <time>2010-07-31T09:26:52Z</time>
</trkpt>
<trkpt lat="54.086601287" lon="52.432376873">
  <ele>164.932007</ele>
  <time>2010-07-31T09:26:53Z</time>
</trkpt>
<trkpt lat="54.086635569" lon="52.432777444">
  <ele>164.899002</ele>
  <time>2010-07-31T09:26:54Z</time>
</trkpt>
<trkpt lat="54.086669935" lon="52.433181787">
  <ele>164.789001</ele>
  <time>2010-07-31T09:26:55Z</time>
</trkpt>
<trkpt lat="54.086708073" lon="52.433578502">
  <ele>164.639008</ele>
  <time>2010-07-31T09:26:56Z</time>
</trkpt>
<trkpt lat="54.086746210" lon="52.433979074">
  <ele>164.688004</ele>
  <time>2010-07-31T09:26:57Z</time>
</trkpt>
<trkpt lat="54.086784348" lon="52.434383417">
  <ele>164.679993</ele>
  <time>2010-07-31T09:26:58Z</time>
</trkpt>
<trkpt lat="54.086818714" lon="52.434780132">
  <ele>164.470993</ele>
  <time>2010-07-31T09:26:59Z</time>
</trkpt>
<trkpt lat="54.086852996" lon="52.435180703">
  <ele>163.960999</ele>
  <time>2010-07-31T09:27:00Z</time>
</trkpt>
<trkpt lat="54.086887361" lon="52.435577419">
  <ele>163.880005</ele>
  <time>2010-07-31T09:27:01Z</time>
</trkpt>
<trkpt lat="54.086925499" lon="52.435970278">
  <ele>164.018997</ele>
  <time>2010-07-31T09:27:02Z</time>
</trkpt>
<trkpt lat="54.086963637" lon="52.436363222">
  <ele>164.134995</ele>
  <time>2010-07-31T09:27:03Z</time>
</trkpt>
<trkpt lat="54.086998003" lon="52.436748538">
  <ele>164.005005</ele>
  <time>2010-07-31T09:27:04Z</time>
</trkpt>
<trkpt lat="54.087032285" lon="52.437137626">
  <ele>163.569000</ele>
  <time>2010-07-31T09:27:05Z</time>
</trkpt>
<trkpt lat="54.087066650" lon="52.437522858">
  <ele>163.397995</ele>
  <time>2010-07-31T09:27:06Z</time>
</trkpt>
<trkpt lat="54.087101016" lon="52.437904319">
  <ele>162.804001</ele>
  <time>2010-07-31T09:27:07Z</time>
</trkpt>
<trkpt lat="54.087135298" lon="52.438278235">
  <ele>162.171005</ele>
  <time>2010-07-31T09:27:08Z</time>
</trkpt>
<trkpt lat="54.087169664" lon="52.438652068">
  <ele>161.401993</ele>
  <time>2010-07-31T09:27:09Z</time>
</trkpt>
<trkpt lat="54.087200174" lon="52.439025901">
  <ele>160.600998</ele>
  <time>2010-07-31T09:27:10Z</time>
</trkpt>
<trkpt lat="54.087238312" lon="52.439403506">
  <ele>159.876007</ele>
  <time>2010-07-31T09:27:11Z</time>
</trkpt>
<trkpt lat="54.087276449" lon="52.439773567">
  <ele>158.938004</ele>
  <time>2010-07-31T09:27:12Z</time>
</trkpt>
<trkpt lat="54.087306960" lon="52.440147400">
  <ele>157.891998</ele>
  <time>2010-07-31T09:27:13Z</time>
</trkpt>
<trkpt lat="54.087345097" lon="52.440528860">
  <ele>156.804993</ele>
  <time>2010-07-31T09:27:14Z</time>
</trkpt>
<trkpt lat="54.087379463" lon="52.440917948">
  <ele>155.755005</ele>
  <time>2010-07-31T09:27:15Z</time>
</trkpt>
<trkpt lat="54.087417601" lon="52.441303264">
  <ele>154.671005</ele>
  <time>2010-07-31T09:27:16Z</time>
</trkpt>
<trkpt lat="54.087463366" lon="52.441696208">
  <ele>153.457993</ele>
  <time>2010-07-31T09:27:17Z</time>
</trkpt>
<trkpt lat="54.087509131" lon="52.442100551">
  <ele>152.632004</ele>
  <time>2010-07-31T09:27:18Z</time>
</trkpt>
<trkpt lat="54.087554896" lon="52.442512522">
  <ele>151.514008</ele>
  <time>2010-07-31T09:27:19Z</time>
</trkpt>
<trkpt lat="54.087608373" lon="52.442932120">
  <ele>150.906998</ele>
  <time>2010-07-31T09:27:20Z</time>
</trkpt>
<trkpt lat="54.087657910" lon="52.443355573">
  <ele>150.246994</ele>
  <time>2010-07-31T09:27:21Z</time>
</trkpt>
<trkpt lat="54.087711303" lon="52.443782799">
  <ele>150.212006</ele>
  <time>2010-07-31T09:27:22Z</time>
</trkpt>
<trkpt lat="54.087768551" lon="52.444206253">
  <ele>150.466995</ele>
  <time>2010-07-31T09:27:23Z</time>
</trkpt>
<trkpt lat="54.087829571" lon="52.444622079">
  <ele>150.992004</ele>
  <time>2010-07-31T09:27:24Z</time>
</trkpt>
<trkpt lat="54.087890591" lon="52.445041677">
  <ele>151.563995</ele>
  <time>2010-07-31T09:27:25Z</time>
</trkpt>
<trkpt lat="54.087959323" lon="52.445457419">
  <ele>151.940994</ele>
  <time>2010-07-31T09:27:26Z</time>
</trkpt>
<trkpt lat="54.088024115" lon="52.445873246">
  <ele>152.738998</ele>
  <time>2010-07-31T09:27:27Z</time>
</trkpt>
<trkpt lat="54.088092763" lon="52.446281444">
  <ele>153.748001</ele>
  <time>2010-07-31T09:27:28Z</time>
</trkpt>
<trkpt lat="54.088161495" lon="52.446685787">
  <ele>155.007004</ele>
  <time>2010-07-31T09:27:29Z</time>
</trkpt>
<trkpt lat="54.088233914" lon="52.447082503">
  <ele>156.098007</ele>
  <time>2010-07-31T09:27:30Z</time>
</trkpt>
<trkpt lat="54.088310273" lon="52.447471591">
  <ele>157.139999</ele>
  <time>2010-07-31T09:27:31Z</time>
</trkpt>
<trkpt lat="54.088386549" lon="52.447856907">
  <ele>157.897003</ele>
  <time>2010-07-31T09:27:32Z</time>
</trkpt>
<trkpt lat="54.088462824" lon="52.448238367">
  <ele>158.848999</ele>
  <time>2010-07-31T09:27:33Z</time>
</trkpt>
<trkpt lat="54.088539099" lon="52.448616056">
  <ele>159.145004</ele>
  <time>2010-07-31T09:27:34Z</time>
</trkpt>
<trkpt lat="54.088615458" lon="52.448986033">
  <ele>159.862000</ele>
  <time>2010-07-31T09:27:35Z</time>
</trkpt>
<trkpt lat="54.088695506" lon="52.449356094">
  <ele>160.195999</ele>
  <time>2010-07-31T09:27:36Z</time>
</trkpt>
<trkpt lat="54.088775637" lon="52.449718444">
  <ele>160.580002</ele>
  <time>2010-07-31T09:27:37Z</time>
</trkpt>
<trkpt lat="54.088855768" lon="52.450073250">
  <ele>160.654999</ele>
  <time>2010-07-31T09:27:38Z</time>
</trkpt>
<trkpt lat="54.088943442" lon="52.450424200">
  <ele>161.199997</ele>
  <time>2010-07-31T09:27:39Z</time>
</trkpt>
<trkpt lat="54.089027429" lon="52.450771295">
  <ele>161.311005</ele>
  <time>2010-07-31T09:27:40Z</time>
</trkpt>
<trkpt lat="54.089115104" lon="52.451118473">
  <ele>161.296005</ele>
  <time>2010-07-31T09:27:41Z</time>
</trkpt>
<trkpt lat="54.089199090" lon="52.451465568">
  <ele>161.378006</ele>
  <time>2010-07-31T09:27:42Z</time>
</trkpt>
<trkpt lat="54.089282993" lon="52.451801263">
  <ele>161.134995</ele>
  <time>2010-07-31T09:27:43Z</time>
</trkpt>
<trkpt lat="54.089370752" lon="52.452129330">
  <ele>160.789993</ele>
  <time>2010-07-31T09:27:44Z</time>
</trkpt>
<trkpt lat="54.089462282" lon="52.452457398">
  <ele>160.798996</ele>
  <time>2010-07-31T09:27:45Z</time>
</trkpt>
<trkpt lat="54.089550041" lon="52.452785466">
  <ele>160.417999</ele>
  <time>2010-07-31T09:27:46Z</time>
</trkpt>
<trkpt lat="54.089637715" lon="52.453113534">
  <ele>159.802002</ele>
  <time>2010-07-31T09:27:47Z</time>
</trkpt>
<trkpt lat="54.089729330" lon="52.453430202">
  <ele>159.477997</ele>
  <time>2010-07-31T09:27:48Z</time>
</trkpt>
<trkpt lat="54.089820860" lon="52.453746786">
  <ele>158.860001</ele>
  <time>2010-07-31T09:27:49Z</time>
</trkpt>
<trkpt lat="54.089912390" lon="52.454059599">
  <ele>158.378998</ele>
  <time>2010-07-31T09:27:50Z</time>
</trkpt>
<trkpt lat="54.090007776" lon="52.454372412">
  <ele>157.882004</ele>
  <time>2010-07-31T09:27:51Z</time>
</trkpt>
<trkpt lat="54.090103162" lon="52.454681369">
  <ele>157.468002</ele>
  <time>2010-07-31T09:27:52Z</time>
</trkpt>
<trkpt lat="54.090202320" lon="52.454994181">
  <ele>156.830994</ele>
  <time>2010-07-31T09:27:53Z</time>
</trkpt>
<trkpt lat="54.090305334" lon="52.455306994">
  <ele>156.628006</ele>
  <time>2010-07-31T09:27:54Z</time>
</trkpt>
<trkpt lat="54.090408348" lon="52.455623662">
  <ele>156.477005</ele>
  <time>2010-07-31T09:27:55Z</time>
</trkpt>
<trkpt lat="54.090511361" lon="52.455940247">
  <ele>156.365005</ele>
  <time>2010-07-31T09:27:56Z</time>
</trkpt>
<trkpt lat="54.090614291" lon="52.456256831">
  <ele>156.445007</ele>
  <time>2010-07-31T09:27:57Z</time>
</trkpt>
<trkpt lat="54.090721160" lon="52.456569644">
  <ele>157.076004</ele>
  <time>2010-07-31T09:27:58Z</time>
</trkpt>
<trkpt lat="54.090831717" lon="52.456874829">
  <ele>157.487000</ele>
  <time>2010-07-31T09:27:59Z</time>
</trkpt>
<trkpt lat="54.090942359" lon="52.457183870">
  <ele>158.264999</ele>
  <time>2010-07-31T09:28:00Z</time>
</trkpt>
<trkpt lat="54.091056855" lon="52.457489055">
  <ele>158.785995</ele>
  <time>2010-07-31T09:28:01Z</time>
</trkpt>
<trkpt lat="54.091171268" lon="52.457790384">
  <ele>159.186005</ele>
  <time>2010-07-31T09:28:02Z</time>
</trkpt>
<trkpt lat="54.091285681" lon="52.458095569">
  <ele>159.673996</ele>
  <time>2010-07-31T09:28:03Z</time>
</trkpt>
<trkpt lat="54.091400178" lon="52.458396899">
  <ele>160.237000</ele>
  <time>2010-07-31T09:28:04Z</time>
</trkpt>
<trkpt lat="54.091514591" lon="52.458702084">
  <ele>160.949997</ele>
  <time>2010-07-31T09:28:05Z</time>
</trkpt>
<trkpt lat="54.091629004" lon="52.459007269">
  <ele>161.401993</ele>
  <time>2010-07-31T09:28:06Z</time>
</trkpt>
<trkpt lat="54.091747273" lon="52.459316226">
  <ele>161.923004</ele>
  <time>2010-07-31T09:28:07Z</time>
</trkpt>
<trkpt lat="54.091865541" lon="52.459625266">
  <ele>162.479004</ele>
  <time>2010-07-31T09:28:08Z</time>
</trkpt>
<trkpt lat="54.091983810" lon="52.459930452">
  <ele>163.108994</ele>
  <time>2010-07-31T09:28:09Z</time>
</trkpt>
<trkpt lat="54.092105851" lon="52.460243264">
  <ele>163.876007</ele>
  <time>2010-07-31T09:28:10Z</time>
</trkpt>
<trkpt lat="54.092224119" lon="52.460559849">
  <ele>164.479996</ele>
  <time>2010-07-31T09:28:11Z</time>
</trkpt>
<trkpt lat="54.092346160" lon="52.460872661">
  <ele>164.871994</ele>
  <time>2010-07-31T09:28:12Z</time>
</trkpt>
<trkpt lat="54.092464428" lon="52.461189246">
  <ele>165.322998</ele>
  <time>2010-07-31T09:28:13Z</time>
</trkpt>
<trkpt lat="54.092586553" lon="52.461498287">
  <ele>165.707993</ele>
  <time>2010-07-31T09:28:14Z</time>
</trkpt>
<trkpt lat="54.092700966" lon="52.461807244">
  <ele>165.916000</ele>
  <time>2010-07-31T09:28:15Z</time>
</trkpt>
<trkpt lat="54.092819234" lon="52.462120056">
  <ele>166.139008</ele>
  <time>2010-07-31T09:28:16Z</time>
</trkpt>
<trkpt lat="54.092933647" lon="52.462425241">
  <ele>166.304001</ele>
  <time>2010-07-31T09:28:17Z</time>
</trkpt>
<trkpt lat="54.093051916" lon="52.462726571">
  <ele>166.341003</ele>
  <time>2010-07-31T09:28:18Z</time>
</trkpt>
<trkpt lat="54.093166329" lon="52.463024128">
  <ele>166.334000</ele>
  <time>2010-07-31T09:28:19Z</time>
</trkpt>
<trkpt lat="54.093276970" lon="52.463317830">
  <ele>166.009003</ele>
  <time>2010-07-31T09:28:20Z</time>
</trkpt>
<trkpt lat="54.093387611" lon="52.463611616">
  <ele>165.835999</ele>
  <time>2010-07-31T09:28:21Z</time>
</trkpt>
<trkpt lat="54.093498252" lon="52.463901546">
  <ele>165.533005</ele>
  <time>2010-07-31T09:28:22Z</time>
</trkpt>
<trkpt lat="54.093605038" lon="52.464187620">
  <ele>165.643997</ele>
  <time>2010-07-31T09:28:23Z</time>
</trkpt>
<trkpt lat="54.093715679" lon="52.464477550">
  <ele>165.589005</ele>
  <time>2010-07-31T09:28:24Z</time>
</trkpt>
<trkpt lat="54.093822464" lon="52.464759853">
  <ele>165.451996</ele>
  <time>2010-07-31T09:28:25Z</time>
</trkpt>
<trkpt lat="54.093929250" lon="52.465042155">
  <ele>165.190994</ele>
  <time>2010-07-31T09:28:26Z</time>
</trkpt>
<trkpt lat="54.094036119" lon="52.465320602">
  <ele>164.899002</ele>
  <time>2010-07-31T09:28:27Z</time>
</trkpt>
<trkpt lat="54.094139133" lon="52.465595277">
  <ele>164.416000</ele>
  <time>2010-07-31T09:28:28Z</time>
</trkpt>
<trkpt lat="54.094245918" lon="52.465869868">
  <ele>164.076004</ele>
  <time>2010-07-31T09:28:29Z</time>
</trkpt>
<trkpt lat="54.094348932" lon="52.466148399">
  <ele>163.660995</ele>
  <time>2010-07-31T09:28:30Z</time>
</trkpt>
<trkpt lat="54.094451945" lon="52.466423074">
  <ele>163.326004</ele>
  <time>2010-07-31T09:28:31Z</time>
</trkpt>
<trkpt lat="54.094554875" lon="52.466690037">
  <ele>162.934006</ele>
  <time>2010-07-31T09:28:32Z</time>
</trkpt>
<trkpt lat="54.094661744" lon="52.466960941">
  <ele>162.537994</ele>
  <time>2010-07-31T09:28:33Z</time>
</trkpt>
<trkpt lat="54.094776157" lon="52.467235532">
  <ele>161.938995</ele>
  <time>2010-07-31T09:28:34Z</time>
</trkpt>
<trkpt lat="54.094890570" lon="52.467514062">
  <ele>161.164993</ele>
  <time>2010-07-31T09:28:35Z</time>
</trkpt>
<trkpt lat="54.095005067" lon="52.467796365">
  <ele>160.358002</ele>
  <time>2010-07-31T09:28:36Z</time>
</trkpt>
<trkpt lat="54.095119480" lon="52.468090067">
  <ele>159.488998</ele>
  <time>2010-07-31T09:28:37Z</time>
</trkpt>
<trkpt lat="54.095237749" lon="52.468399024">
  <ele>158.602997</ele>
  <time>2010-07-31T09:28:38Z</time>
</trkpt>
<trkpt lat="54.095359789" lon="52.468715692">
  <ele>157.684006</ele>
  <time>2010-07-31T09:28:39Z</time>
</trkpt>
<trkpt lat="54.095485685" lon="52.469047531">
  <ele>156.863007</ele>
  <time>2010-07-31T09:28:40Z</time>
</trkpt>
<trkpt lat="54.095611582" lon="52.469387082">
  <ele>156.042999</ele>
  <time>2010-07-31T09:28:41Z</time>
</trkpt>
<trkpt lat="54.095745105" lon="52.469734177">
  <ele>155.490005</ele>
  <time>2010-07-31T09:28:42Z</time>
</trkpt>
<trkpt lat="54.095878629" lon="52.470088983">
  <ele>154.811996</ele>
  <time>2010-07-31T09:28:43Z</time>
</trkpt>
<trkpt lat="54.096015925" lon="52.470439933">
  <ele>154.300995</ele>
  <time>2010-07-31T09:28:44Z</time>
</trkpt>
<trkpt lat="54.096149448" lon="52.470798511">
  <ele>153.835007</ele>
  <time>2010-07-31T09:28:45Z</time>
</trkpt>
<trkpt lat="54.096282972" lon="52.471149461">
  <ele>153.322006</ele>
  <time>2010-07-31T09:28:46Z</time>
</trkpt>
<trkpt lat="54.096416496" lon="52.471500412">
  <ele>153.080002</ele>
  <time>2010-07-31T09:28:47Z</time>
</trkpt>
<trkpt lat="54.096546164" lon="52.471851362">
  <ele>153.000000</ele>
  <time>2010-07-31T09:28:48Z</time>
</trkpt>
<trkpt lat="54.096668204" lon="52.472198457">
  <ele>153.084000</ele>
  <time>2010-07-31T09:28:49Z</time>
</trkpt>
<trkpt lat="54.096786473" lon="52.472541779">
  <ele>153.559998</ele>
  <time>2010-07-31T09:28:50Z</time>
</trkpt>
<trkpt lat="54.096900970" lon="52.472873703">
  <ele>153.703003</ele>
  <time>2010-07-31T09:28:51Z</time>
</trkpt>
<trkpt lat="54.097011527" lon="52.473182660">
  <ele>153.871002</ele>
  <time>2010-07-31T09:28:52Z</time>
</trkpt>
<trkpt lat="54.097114541" lon="52.473468818">
  <ele>154.330994</ele>
  <time>2010-07-31T09:28:53Z</time>
</trkpt>
<trkpt lat="54.097221410" lon="52.473747265">
  <ele>154.837006</ele>
  <time>2010-07-31T09:28:54Z</time>
</trkpt>
<trkpt lat="54.097328195" lon="52.474014312">
  <ele>154.990997</ele>
  <time>2010-07-31T09:28:55Z</time>
</trkpt>
<trkpt lat="54.097427353" lon="52.474273648">
  <ele>155.535995</ele>
  <time>2010-07-31T09:28:56Z</time>
</trkpt>
<trkpt lat="54.097526511" lon="52.474525440">
  <ele>155.764999</ele>
  <time>2010-07-31T09:28:57Z</time>
</trkpt>
<trkpt lat="54.097625753" lon="52.474773377">
  <ele>156.026001</ele>
  <time>2010-07-31T09:28:58Z</time>
</trkpt>
<trkpt lat="54.097721139" lon="52.475025170">
  <ele>156.257996</ele>
  <time>2010-07-31T09:28:59Z</time>
</trkpt>
<trkpt lat="54.097816441" lon="52.475276962">
  <ele>156.684006</ele>
  <time>2010-07-31T09:29:00Z</time>
</trkpt>
<trkpt lat="54.097911827" lon="52.475536382">
  <ele>156.845001</ele>
  <time>2010-07-31T09:29:01Z</time>
</trkpt>
<trkpt lat="54.098007213" lon="52.475791946">
  <ele>157.160995</ele>
  <time>2010-07-31T09:29:02Z</time>
</trkpt>
<trkpt lat="54.098102599" lon="52.476047510">
  <ele>157.550003</ele>
  <time>2010-07-31T09:29:03Z</time>
</trkpt>
<trkpt lat="54.098197902" lon="52.476303075">
  <ele>158.123001</ele>
  <time>2010-07-31T09:29:04Z</time>
</trkpt>
<trkpt lat="54.098293288" lon="52.476554867">
  <ele>158.477005</ele>
  <time>2010-07-31T09:29:05Z</time>
</trkpt>
<trkpt lat="54.098388674" lon="52.476810431">
  <ele>158.903000</ele>
  <time>2010-07-31T09:29:06Z</time>
</trkpt>
<trkpt lat="54.098484060" lon="52.477062223">
  <ele>159.289993</ele>
  <time>2010-07-31T09:29:07Z</time>
</trkpt>
<trkpt lat="54.098579446" lon="52.477317788">
  <ele>159.809998</ele>
  <time>2010-07-31T09:29:08Z</time>
</trkpt>
<trkpt lat="54.098678604" lon="52.477573436">
  <ele>160.246994</ele>
  <time>2010-07-31T09:29:09Z</time>
</trkpt>
<trkpt lat="54.098777762" lon="52.477829000">
  <ele>160.800995</ele>
  <time>2010-07-31T09:29:10Z</time>
</trkpt>
<trkpt lat="54.098876920" lon="52.478088420">
  <ele>161.233994</ele>
  <time>2010-07-31T09:29:11Z</time>
</trkpt>
<trkpt lat="54.098976161" lon="52.478351612">
  <ele>161.666000</ele>
  <time>2010-07-31T09:29:12Z</time>
</trkpt>
<trkpt lat="54.099079091" lon="52.478622431">
  <ele>161.975006</ele>
  <time>2010-07-31T09:29:13Z</time>
</trkpt>
<trkpt lat="54.099189732" lon="52.478897106">
  <ele>162.257996</ele>
  <time>2010-07-31T09:29:14Z</time>
</trkpt>
<trkpt lat="54.099296601" lon="52.479179408">
  <ele>162.604004</ele>
  <time>2010-07-31T09:29:15Z</time>
</trkpt>
<trkpt lat="54.099403387" lon="52.479457855">
  <ele>163.003998</ele>
  <time>2010-07-31T09:29:16Z</time>
</trkpt>
<trkpt lat="54.099506401" lon="52.479743930">
  <ele>163.490005</ele>
  <time>2010-07-31T09:29:17Z</time>
</trkpt>
<trkpt lat="54.099609414" lon="52.480026232">
  <ele>163.947006</ele>
  <time>2010-07-31T09:29:18Z</time>
</trkpt>
<trkpt lat="54.099712344" lon="52.480304679">
  <ele>164.149994</ele>
  <time>2010-07-31T09:29:19Z</time>
</trkpt>
<trkpt lat="54.099815357" lon="52.480571726">
  <ele>164.356995</ele>
  <time>2010-07-31T09:29:20Z</time>
</trkpt>
<trkpt lat="54.099918371" lon="52.480831146">
  <ele>164.632996</ele>
  <time>2010-07-31T09:29:21Z</time>
</trkpt>
<trkpt lat="54.100025157" lon="52.481090566">
  <ele>164.610992</ele>
  <time>2010-07-31T09:29:22Z</time>
</trkpt>
<trkpt lat="54.100135798" lon="52.481349986">
  <ele>164.839996</ele>
  <time>2010-07-31T09:29:23Z</time>
</trkpt>
<trkpt lat="54.100246439" lon="52.481616950">
  <ele>164.865005</ele>
  <time>2010-07-31T09:29:24Z</time>
</trkpt>
<trkpt lat="54.100349452" lon="52.481883997">
  <ele>164.675003</ele>
  <time>2010-07-31T09:29:25Z</time>
</trkpt>
<trkpt lat="54.100440983" lon="52.482139561">
  <ele>164.714005</ele>
  <time>2010-07-31T09:29:26Z</time>
</trkpt>
<trkpt lat="54.100521114" lon="52.482372243">
  <ele>164.834000</ele>
  <time>2010-07-31T09:29:27Z</time>
</trkpt>
<trkpt lat="54.100597389" lon="52.482593525">
  <ele>164.901001</ele>
  <time>2010-07-31T09:29:28Z</time>
</trkpt>
<trkpt lat="54.100669893" lon="52.482810952">
  <ele>164.789001</ele>
  <time>2010-07-31T09:29:29Z</time>
</trkpt>
<trkpt lat="54.100749940" lon="52.483024606">
  <ele>164.593002</ele>
  <time>2010-07-31T09:29:30Z</time>
</trkpt>
<trkpt lat="54.100830071" lon="52.483230550">
  <ele>164.522003</ele>
  <time>2010-07-31T09:29:31Z</time>
</trkpt>
<trkpt lat="54.100910202" lon="52.483440433">
  <ele>164.195999</ele>
  <time>2010-07-31T09:29:32Z</time>
</trkpt>
<trkpt lat="54.100990333" lon="52.483654004">
  <ele>163.850998</ele>
  <time>2010-07-31T09:29:33Z</time>
</trkpt>
<trkpt lat="54.101070380" lon="52.483871430">
  <ele>163.488007</ele>
  <time>2010-07-31T09:29:34Z</time>
</trkpt>
<trkpt lat="54.101150511" lon="52.484088857">
  <ele>163.177994</ele>
  <time>2010-07-31T09:29:35Z</time>
</trkpt>
<trkpt lat="54.101230642" lon="52.484310139">
  <ele>162.940002</ele>
  <time>2010-07-31T09:29:36Z</time>
</trkpt>
<trkpt lat="54.101314545" lon="52.484527566">
  <ele>162.738998</ele>
  <time>2010-07-31T09:29:37Z</time>
</trkpt>
<trkpt lat="54.101398448" lon="52.484748848">
  <ele>162.287994</ele>
  <time>2010-07-31T09:29:38Z</time>
</trkpt>
<trkpt lat="54.101482350" lon="52.484970130">
  <ele>161.899002</ele>
  <time>2010-07-31T09:29:39Z</time>
</trkpt>
<trkpt lat="54.101566337" lon="52.485195184">
  <ele>161.445999</ele>
  <time>2010-07-31T09:29:40Z</time>
</trkpt>
<trkpt lat="54.101650240" lon="52.485420238">
  <ele>161.035004</ele>
  <time>2010-07-31T09:29:41Z</time>
</trkpt>
<trkpt lat="54.101737998" lon="52.485641520">
  <ele>160.248001</ele>
  <time>2010-07-31T09:29:42Z</time>
</trkpt>
<trkpt lat="54.101825673" lon="52.485870346">
  <ele>159.723007</ele>
  <time>2010-07-31T09:29:43Z</time>
</trkpt>
<trkpt lat="54.101913432" lon="52.486103028">
  <ele>159.011002</ele>
  <time>2010-07-31T09:29:44Z</time>
</trkpt>
<trkpt lat="54.102005046" lon="52.486339565">
  <ele>158.279007</ele>
  <time>2010-07-31T09:29:45Z</time>
</trkpt>
<trkpt lat="54.102096576" lon="52.486579875">
  <ele>157.604996</ele>
  <time>2010-07-31T09:29:46Z</time>
</trkpt>
<trkpt lat="54.102188107" lon="52.486820184">
  <ele>156.656998</ele>
  <time>2010-07-31T09:29:47Z</time>
</trkpt>
<trkpt lat="54.102283493" lon="52.487064349">
  <ele>156.106003</ele>
  <time>2010-07-31T09:29:48Z</time>
</trkpt>
<trkpt lat="54.102382651" lon="52.487312285">
  <ele>155.315994</ele>
  <time>2010-07-31T09:29:49Z</time>
</trkpt>
<trkpt lat="54.102481809" lon="52.487571705">
  <ele>154.647003</ele>
  <time>2010-07-31T09:29:50Z</time>
</trkpt>
<trkpt lat="54.102577195" lon="52.487827269">
  <ele>153.610001</ele>
  <time>2010-07-31T09:29:51Z</time>
</trkpt>
<trkpt lat="54.102680208" lon="52.488086689">
  <ele>152.750000</ele>
  <time>2010-07-31T09:29:52Z</time>
</trkpt>
<trkpt lat="54.102779366" lon="52.488349881">
  <ele>151.735992</ele>
  <time>2010-07-31T09:29:53Z</time>
</trkpt>
<trkpt lat="54.102878608" lon="52.488613157">
  <ele>150.826004</ele>
  <time>2010-07-31T09:29:54Z</time>
</trkpt>
<trkpt lat="54.102973910" lon="52.488872493">
  <ele>149.804993</ele>
  <time>2010-07-31T09:29:55Z</time>
</trkpt>
<trkpt lat="54.103073152" lon="52.489135768">
  <ele>149.089996</ele>
  <time>2010-07-31T09:29:56Z</time>
</trkpt>
<trkpt lat="54.103172310" lon="52.489398960">
  <ele>148.337997</ele>
  <time>2010-07-31T09:29:57Z</time>
</trkpt>
<trkpt lat="54.103271468" lon="52.489662152">
  <ele>147.466003</ele>
  <time>2010-07-31T09:29:58Z</time>
</trkpt>
<trkpt lat="54.103370626" lon="52.489925344">
  <ele>146.664993</ele>
  <time>2010-07-31T09:29:59Z</time>
</trkpt>
<trkpt lat="54.103469867" lon="52.490188619">
  <ele>145.841003</ele>
  <time>2010-07-31T09:30:00Z</time>
</trkpt>
<trkpt lat="54.103569025" lon="52.490448039">
  <ele>145.268997</ele>
  <time>2010-07-31T09:30:01Z</time>
</trkpt>
<trkpt lat="54.103672039" lon="52.490703603">
  <ele>145.001007</ele>
  <time>2010-07-31T09:30:02Z</time>
</trkpt>
<trkpt lat="54.103775052" lon="52.490959167">
  <ele>144.871002</ele>
  <time>2010-07-31T09:30:03Z</time>
</trkpt>
<trkpt lat="54.103874210" lon="52.491218587">
  <ele>144.875000</ele>
  <time>2010-07-31T09:30:04Z</time>
</trkpt>
<trkpt lat="54.103973368" lon="52.491481779">
  <ele>144.970993</ele>
  <time>2010-07-31T09:30:05Z</time>
</trkpt>
<trkpt lat="54.104068754" lon="52.491744971">
  <ele>145.147003</ele>
  <time>2010-07-31T09:30:06Z</time>
</trkpt>
<trkpt lat="54.104164140" lon="52.492000619">
  <ele>145.483994</ele>
  <time>2010-07-31T09:30:07Z</time>
</trkpt>
<trkpt lat="54.104259526" lon="52.492259955">
  <ele>145.776001</ele>
  <time>2010-07-31T09:30:08Z</time>
</trkpt>
<trkpt lat="54.104354829" lon="52.492519375">
  <ele>146.156998</ele>
  <time>2010-07-31T09:30:09Z</time>
</trkpt>
<trkpt lat="54.104450215" lon="52.492782567">
  <ele>146.544998</ele>
  <time>2010-07-31T09:30:10Z</time>
</trkpt>
<trkpt lat="54.104549373" lon="52.493041987">
  <ele>146.970001</ele>
  <time>2010-07-31T09:30:11Z</time>
</trkpt>
<trkpt lat="54.104652386" lon="52.493305178">
  <ele>147.516006</ele>
  <time>2010-07-31T09:30:12Z</time>
</trkpt>
<trkpt lat="54.104751628" lon="52.493568454">
  <ele>148.009995</ele>
  <time>2010-07-31T09:30:13Z</time>
</trkpt>
<trkpt lat="54.104850786" lon="52.493831646">
  <ele>148.542999</ele>
  <time>2010-07-31T09:30:14Z</time>
</trkpt>
<trkpt lat="54.104949944" lon="52.494102465">
  <ele>149.091003</ele>
  <time>2010-07-31T09:30:15Z</time>
</trkpt>
<trkpt lat="54.105049102" lon="52.494373284">
  <ele>150.069000</ele>
  <time>2010-07-31T09:30:16Z</time>
</trkpt>
<trkpt lat="54.105148343" lon="52.494636560">
  <ele>150.981995</ele>
  <time>2010-07-31T09:30:17Z</time>
</trkpt>
<trkpt lat="54.105251273" lon="52.494903523">
  <ele>152.220001</ele>
  <time>2010-07-31T09:30:18Z</time>
</trkpt>
<trkpt lat="54.105350515" lon="52.495166799">
  <ele>153.229996</ele>
  <time>2010-07-31T09:30:19Z</time>
</trkpt>
<trkpt lat="54.105445901" lon="52.495422363">
  <ele>154.324997</ele>
  <time>2010-07-31T09:30:20Z</time>
</trkpt>
<trkpt lat="54.105537431" lon="52.495670300">
  <ele>155.093994</ele>
  <time>2010-07-31T09:30:21Z</time>
</trkpt>
<trkpt lat="54.105625190" lon="52.495906837">
  <ele>155.968002</ele>
  <time>2010-07-31T09:30:22Z</time>
</trkpt>
<trkpt lat="54.105709093" lon="52.496131891">
  <ele>156.761993</ele>
  <time>2010-07-31T09:30:23Z</time>
</trkpt>
<trkpt lat="54.105792996" lon="52.496349318">
  <ele>157.666000</ele>
  <time>2010-07-31T09:30:24Z</time>
</trkpt>
<trkpt lat="54.105873127" lon="52.496551489">
  <ele>158.460999</ele>
  <time>2010-07-31T09:30:25Z</time>
</trkpt>
<trkpt lat="54.105949402" lon="52.496753661">
  <ele>159.186005</ele>
  <time>2010-07-31T09:30:26Z</time>
</trkpt>
<trkpt lat="54.106025677" lon="52.496955832">
  <ele>159.970993</ele>
  <time>2010-07-31T09:30:27Z</time>
</trkpt>
<trkpt lat="54.106098181" lon="52.497158088">
  <ele>160.707001</ele>
  <time>2010-07-31T09:30:28Z</time>
</trkpt>
<trkpt lat="54.106170684" lon="52.497356404">
  <ele>161.352997</ele>
  <time>2010-07-31T09:30:29Z</time>
</trkpt>
<trkpt lat="54.106243104" lon="52.497550948">
  <ele>162.117996</ele>
  <time>2010-07-31T09:30:30Z</time>
</trkpt>
<trkpt lat="54.106311835" lon="52.497737864">
  <ele>162.755005</ele>
  <time>2010-07-31T09:30:31Z</time>
</trkpt>
<trkpt lat="54.106384255" lon="52.497924780">
  <ele>163.313995</ele>
  <time>2010-07-31T09:30:32Z</time>
</trkpt>
<trkpt lat="54.106452903" lon="52.498111697">
  <ele>163.845001</ele>
  <time>2010-07-31T09:30:33Z</time>
</trkpt>
<trkpt lat="54.106521634" lon="52.498294841">
  <ele>164.451996</ele>
  <time>2010-07-31T09:30:34Z</time>
</trkpt>
<trkpt lat="54.106590282" lon="52.498477902">
  <ele>164.955994</ele>
  <time>2010-07-31T09:30:35Z</time>
</trkpt>
<trkpt lat="54.106658930" lon="52.498664819">
  <ele>165.490997</ele>
  <time>2010-07-31T09:30:36Z</time>
</trkpt>
<trkpt lat="54.106735205" lon="52.498851735">
  <ele>166.117996</ele>
  <time>2010-07-31T09:30:37Z</time>
</trkpt>
<trkpt lat="54.106807709" lon="52.499034880">
  <ele>166.559006</ele>
  <time>2010-07-31T09:30:38Z</time>
</trkpt>
<trkpt lat="54.106880212" lon="52.499225652">
  <ele>166.960007</ele>
  <time>2010-07-31T09:30:39Z</time>
</trkpt>
<trkpt lat="54.106952632" lon="52.499423968">
  <ele>167.382996</ele>
  <time>2010-07-31T09:30:40Z</time>
</trkpt>
<trkpt lat="54.107025135" lon="52.499622367">
  <ele>167.865005</ele>
  <time>2010-07-31T09:30:41Z</time>
</trkpt>
<trkpt lat="54.107101411" lon="52.499824539">
  <ele>168.352997</ele>
  <time>2010-07-31T09:30:42Z</time>
</trkpt>
<trkpt lat="54.107181542" lon="52.500019083">
  <ele>169.059998</ele>
  <time>2010-07-31T09:30:43Z</time>
</trkpt>
<trkpt lat="54.107257817" lon="52.500209771">
  <ele>169.404007</ele>
  <time>2010-07-31T09:30:44Z</time>
</trkpt>
<trkpt lat="54.107337948" lon="52.500408171">
  <ele>169.610001</ele>
  <time>2010-07-31T09:30:45Z</time>
</trkpt>
<trkpt lat="54.107418079" lon="52.500614198">
  <ele>169.882004</ele>
  <time>2010-07-31T09:30:46Z</time>
</trkpt>
<trkpt lat="54.107505837" lon="52.500827769">
  <ele>170.031006</ele>
  <time>2010-07-31T09:30:47Z</time>
</trkpt>
<trkpt lat="54.107593512" lon="52.501049051">
  <ele>170.328003</ele>
  <time>2010-07-31T09:30:48Z</time>
</trkpt>
<trkpt lat="54.107685126" lon="52.501277961">
  <ele>170.554001</ele>
  <time>2010-07-31T09:30:49Z</time>
</trkpt>
<trkpt lat="54.107780429" lon="52.501518270">
  <ele>170.940994</ele>
  <time>2010-07-31T09:30:50Z</time>
</trkpt>
<trkpt lat="54.107879670" lon="52.501766207">
  <ele>171.255005</ele>
  <time>2010-07-31T09:30:51Z</time>
</trkpt>
<trkpt lat="54.107978828" lon="52.502025627">
  <ele>171.376999</ele>
  <time>2010-07-31T09:30:52Z</time>
</trkpt>
<trkpt lat="54.108081842" lon="52.502296446">
  <ele>171.899002</ele>
  <time>2010-07-31T09:30:53Z</time>
</trkpt>
<trkpt lat="54.108184855" lon="52.502574893">
  <ele>172.052994</ele>
  <time>2010-07-31T09:30:54Z</time>
</trkpt>
<trkpt lat="54.108291641" lon="52.502861051">
  <ele>172.292999</ele>
  <time>2010-07-31T09:30:55Z</time>
</trkpt>
<trkpt lat="54.108398426" lon="52.503162380">
  <ele>172.884995</ele>
  <time>2010-07-31T09:30:56Z</time>
</trkpt>
<trkpt lat="54.108509067" lon="52.503471337">
  <ele>173.348007</ele>
  <time>2010-07-31T09:30:57Z</time>
</trkpt>
<trkpt lat="54.108619709" lon="52.503791777">
  <ele>173.647995</ele>
  <time>2010-07-31T09:30:58Z</time>
</trkpt>
<trkpt lat="54.108734122" lon="52.504112218">
  <ele>173.955002</ele>
  <time>2010-07-31T09:30:59Z</time>
</trkpt>
<trkpt lat="54.108852390" lon="52.504432658">
  <ele>174.197998</ele>
  <time>2010-07-31T09:31:00Z</time>
</trkpt>
<trkpt lat="54.108970659" lon="52.504753098">
  <ele>174.585999</ele>
  <time>2010-07-31T09:31:01Z</time>
</trkpt>
<trkpt lat="54.109092699" lon="52.505081166">
  <ele>175.255997</ele>
  <time>2010-07-31T09:31:02Z</time>
</trkpt>
<trkpt lat="54.109210968" lon="52.505405461">
  <ele>175.772003</ele>
  <time>2010-07-31T09:31:03Z</time>
</trkpt>
<trkpt lat="54.109329237" lon="52.505729673">
  <ele>176.319000</ele>
  <time>2010-07-31T09:31:04Z</time>
</trkpt>
<trkpt lat="54.109451277" lon="52.506050114">
  <ele>176.561005</ele>
  <time>2010-07-31T09:31:05Z</time>
</trkpt>
<trkpt lat="54.109569546" lon="52.506370554">
  <ele>177.016998</ele>
  <time>2010-07-31T09:31:06Z</time>
</trkpt>
<trkpt lat="54.109691586" lon="52.506698621">
  <ele>177.516006</ele>
  <time>2010-07-31T09:31:07Z</time>
</trkpt>
<trkpt lat="54.109813711" lon="52.507022833">
  <ele>178.091003</ele>
  <time>2010-07-31T09:31:08Z</time>
</trkpt>
<trkpt lat="54.109935751" lon="52.507343274">
  <ele>178.479004</ele>
  <time>2010-07-31T09:31:09Z</time>
</trkpt>
<trkpt lat="54.110057792" lon="52.507667569">
  <ele>179.020996</ele>
  <time>2010-07-31T09:31:10Z</time>
</trkpt>
<trkpt lat="54.110179916" lon="52.507995637">
  <ele>179.557999</ele>
  <time>2010-07-31T09:31:11Z</time>
</trkpt>
<trkpt lat="54.110301957" lon="52.508319849">
  <ele>179.822998</ele>
  <time>2010-07-31T09:31:12Z</time>
</trkpt>
<trkpt lat="54.110427853" lon="52.508640289">
  <ele>180.098999</ele>
  <time>2010-07-31T09:31:13Z</time>
</trkpt>
<trkpt lat="54.110549893" lon="52.508960729">
  <ele>180.725006</ele>
  <time>2010-07-31T09:31:14Z</time>
</trkpt>
<trkpt lat="54.110668162" lon="52.509284941">
  <ele>181.087006</ele>
  <time>2010-07-31T09:31:15Z</time>
</trkpt>
<trkpt lat="54.110790286" lon="52.509605382">
  <ele>181.729996</ele>
  <time>2010-07-31T09:31:16Z</time>
</trkpt>
<trkpt lat="54.110912327" lon="52.509929677">
  <ele>182.042999</ele>
  <time>2010-07-31T09:31:17Z</time>
</trkpt>
<trkpt lat="54.111034367" lon="52.510250118">
  <ele>182.414001</ele>
  <time>2010-07-31T09:31:18Z</time>
</trkpt>
<trkpt lat="54.111156492" lon="52.510566702">
  <ele>182.725998</ele>
  <time>2010-07-31T09:31:19Z</time>
</trkpt>
<trkpt lat="54.111278532" lon="52.510887142">
  <ele>183.397003</ele>
  <time>2010-07-31T09:31:20Z</time>
</trkpt>
<trkpt lat="54.111396801" lon="52.511203727">
  <ele>183.837997</ele>
  <time>2010-07-31T09:31:21Z</time>
</trkpt>
<trkpt lat="54.111515069" lon="52.511516539">
  <ele>184.436996</ele>
  <time>2010-07-31T09:31:22Z</time>
</trkpt>
<trkpt lat="54.111633338" lon="52.511829352">
  <ele>184.873993</ele>
  <time>2010-07-31T09:31:23Z</time>
</trkpt>
<trkpt lat="54.111751523" lon="52.512142165">
  <ele>185.408997</ele>
  <time>2010-07-31T09:31:24Z</time>
</trkpt>
<trkpt lat="54.111866020" lon="52.512447350">
  <ele>186.063995</ele>
  <time>2010-07-31T09:31:25Z</time>
</trkpt>
<trkpt lat="54.111980433" lon="52.512748679">
  <ele>186.720001</ele>
  <time>2010-07-31T09:31:26Z</time>
</trkpt>
<trkpt lat="54.112091074" lon="52.513038609">
  <ele>187.048004</ele>
  <time>2010-07-31T09:31:27Z</time>
</trkpt>
<trkpt lat="54.112197859" lon="52.513324767">
  <ele>187.587997</ele>
  <time>2010-07-31T09:31:28Z</time>
</trkpt>
<trkpt lat="54.112304728" lon="52.513606986">
  <ele>187.968002</ele>
  <time>2010-07-31T09:31:29Z</time>
</trkpt>
<trkpt lat="54.112411514" lon="52.513881661">
  <ele>188.250000</ele>
  <time>2010-07-31T09:31:30Z</time>
</trkpt>
<trkpt lat="54.112518299" lon="52.514160192">
  <ele>188.757004</ele>
  <time>2010-07-31T09:31:31Z</time>
</trkpt>
<trkpt lat="54.112625085" lon="52.514442410">
  <ele>189.296005</ele>
  <time>2010-07-31T09:31:32Z</time>
</trkpt>
<trkpt lat="54.112731954" lon="52.514724713">
  <ele>189.651001</ele>
  <time>2010-07-31T09:31:33Z</time>
</trkpt>
<trkpt lat="54.112838740" lon="52.515007015">
  <ele>189.912994</ele>
  <time>2010-07-31T09:31:34Z</time>
</trkpt>
<trkpt lat="54.112945525" lon="52.515289318">
  <ele>190.261002</ele>
  <time>2010-07-31T09:31:35Z</time>
</trkpt>
<trkpt lat="54.113052394" lon="52.515579248">
  <ele>190.632004</ele>
  <time>2010-07-31T09:31:36Z</time>
</trkpt>
<trkpt lat="54.113159180" lon="52.515869178">
  <ele>190.895004</ele>
  <time>2010-07-31T09:31:37Z</time>
</trkpt>
<trkpt lat="54.113262193" lon="52.516162880">
  <ele>191.457993</ele>
  <time>2010-07-31T09:31:38Z</time>
</trkpt>
<trkpt lat="54.113368979" lon="52.516460437">
  <ele>192.067993</ele>
  <time>2010-07-31T09:31:39Z</time>
</trkpt>
<trkpt lat="54.113471992" lon="52.516757995">
  <ele>192.535004</ele>
  <time>2010-07-31T09:31:40Z</time>
</trkpt>
<trkpt lat="54.113575006" lon="52.517059324">
  <ele>193.302994</ele>
  <time>2010-07-31T09:31:41Z</time>
</trkpt>
<trkpt lat="54.113678019" lon="52.517364509">
  <ele>193.658997</ele>
  <time>2010-07-31T09:31:42Z</time>
</trkpt>
<trkpt lat="54.113773322" lon="52.517673466">
  <ele>194.235001</ele>
  <time>2010-07-31T09:31:43Z</time>
</trkpt>
<trkpt lat="54.113872563" lon="52.517978651">
  <ele>194.520996</ele>
  <time>2010-07-31T09:31:44Z</time>
</trkpt>
<trkpt lat="54.113967866" lon="52.518287692">
  <ele>194.912003</ele>
  <time>2010-07-31T09:31:45Z</time>
</trkpt>
<trkpt lat="54.114059480" lon="52.518600505">
  <ele>195.313004</ele>
  <time>2010-07-31T09:31:46Z</time>
</trkpt>
<trkpt lat="54.114154782" lon="52.518913234">
  <ele>195.580994</ele>
  <time>2010-07-31T09:31:47Z</time>
</trkpt>
<trkpt lat="54.114246396" lon="52.519222274">
  <ele>195.912003</ele>
  <time>2010-07-31T09:31:48Z</time>
</trkpt>
<trkpt lat="54.114337927" lon="52.519527460">
  <ele>196.572998</ele>
  <time>2010-07-31T09:31:49Z</time>
</trkpt>
<trkpt lat="54.114425685" lon="52.519828789">
  <ele>196.981995</ele>
  <time>2010-07-31T09:31:50Z</time>
</trkpt>
<trkpt lat="54.114513360" lon="52.520133974">
  <ele>197.656998</ele>
  <time>2010-07-31T09:31:51Z</time>
</trkpt>
<trkpt lat="54.114593491" lon="52.520435303">
  <ele>197.789001</ele>
  <time>2010-07-31T09:31:52Z</time>
</trkpt>
<trkpt lat="54.114677394" lon="52.520736717">
  <ele>197.940994</ele>
  <time>2010-07-31T09:31:53Z</time>
</trkpt>
<trkpt lat="54.114761380" lon="52.521045674">
  <ele>198.199997</ele>
  <time>2010-07-31T09:31:54Z</time>
</trkpt>
<trkpt lat="54.114841428" lon="52.521350859">
  <ele>198.546997</ele>
  <time>2010-07-31T09:31:55Z</time>
</trkpt>
<trkpt lat="54.114921559" lon="52.521648416">
  <ele>198.761993</ele>
  <time>2010-07-31T09:31:56Z</time>
</trkpt>
<trkpt lat="54.114997834" lon="52.521945974">
  <ele>198.897995</ele>
  <time>2010-07-31T09:31:57Z</time>
</trkpt>
<trkpt lat="54.115070337" lon="52.522235904">
  <ele>198.899002</ele>
  <time>2010-07-31T09:31:58Z</time>
</trkpt>
<trkpt lat="54.115146613" lon="52.522521978">
  <ele>198.994003</ele>
  <time>2010-07-31T09:31:59Z</time>
</trkpt>
<trkpt lat="54.115215261" lon="52.522804281">
  <ele>198.987000</ele>
  <time>2010-07-31T09:32:00Z</time>
</trkpt>
<trkpt lat="54.115287764" lon="52.523090355">
  <ele>199.085999</ele>
  <time>2010-07-31T09:32:01Z</time>
</trkpt>
<trkpt lat="54.115356412" lon="52.523372658">
  <ele>198.940002</ele>
  <time>2010-07-31T09:32:02Z</time>
</trkpt>
<trkpt lat="54.115425143" lon="52.523651104">
  <ele>199.065002</ele>
  <time>2010-07-31T09:32:03Z</time>
</trkpt>
<trkpt lat="54.115493791" lon="52.523918152">
  <ele>198.828995</ele>
  <time>2010-07-31T09:32:04Z</time>
</trkpt>
<trkpt lat="54.115558583" lon="52.524177572">
  <ele>198.705002</ele>
  <time>2010-07-31T09:32:05Z</time>
</trkpt>
<trkpt lat="54.115619687" lon="52.524429280">
  <ele>198.544998</ele>
  <time>2010-07-31T09:32:06Z</time>
</trkpt>
<trkpt lat="54.115680708" lon="52.524681073">
  <ele>198.464005</ele>
  <time>2010-07-31T09:32:07Z</time>
</trkpt>
<trkpt lat="54.115741728" lon="52.524925238">
  <ele>198.330994</ele>
  <time>2010-07-31T09:32:08Z</time>
</trkpt>
<trkpt lat="54.115802748" lon="52.525169402">
  <ele>198.246002</ele>
  <time>2010-07-31T09:32:09Z</time>
</trkpt>
<trkpt lat="54.115863768" lon="52.525409712">
  <ele>198.018997</ele>
  <time>2010-07-31T09:32:10Z</time>
</trkpt>
<trkpt lat="54.115924872" lon="52.525650021">
  <ele>197.962006</ele>
  <time>2010-07-31T09:32:11Z</time>
</trkpt>
<trkpt lat="54.115982037" lon="52.525890330">
  <ele>198.042007</ele>
  <time>2010-07-31T09:32:12Z</time>
</trkpt>
<trkpt lat="54.116039285" lon="52.526130639">
  <ele>197.852005</ele>
  <time>2010-07-31T09:32:13Z</time>
</trkpt>
<trkpt lat="54.116100306" lon="52.526363404">
  <ele>197.886993</ele>
  <time>2010-07-31T09:32:14Z</time>
</trkpt>
<trkpt lat="54.116161326" lon="52.526599858">
  <ele>197.703995</ele>
  <time>2010-07-31T09:32:15Z</time>
</trkpt>
<trkpt lat="54.116218574" lon="52.526832540">
  <ele>197.406998</ele>
  <time>2010-07-31T09:32:16Z</time>
</trkpt>
<trkpt lat="54.116279595" lon="52.527065305">
  <ele>197.341995</ele>
  <time>2010-07-31T09:32:17Z</time>
</trkpt>
<trkpt lat="54.116336843" lon="52.527301759">
  <ele>197.212997</ele>
  <time>2010-07-31T09:32:18Z</time>
</trkpt>
<trkpt lat="54.116397863" lon="52.527542152">
  <ele>197.059006</ele>
  <time>2010-07-31T09:32:19Z</time>
</trkpt>
<trkpt lat="54.116455112" lon="52.527786233">
  <ele>196.910995</ele>
  <time>2010-07-31T09:32:20Z</time>
</trkpt>
<trkpt lat="54.116516132" lon="52.528030397">
  <ele>196.889999</ele>
  <time>2010-07-31T09:32:21Z</time>
</trkpt>
<trkpt lat="54.116577152" lon="52.528278334">
  <ele>196.705002</ele>
  <time>2010-07-31T09:32:22Z</time>
</trkpt>
<trkpt lat="54.116638172" lon="52.528533898">
  <ele>196.464005</ele>
  <time>2010-07-31T09:32:23Z</time>
</trkpt>
<trkpt lat="54.116703048" lon="52.528793318">
  <ele>196.322998</ele>
  <time>2010-07-31T09:32:24Z</time>
</trkpt>
<trkpt lat="54.116767924" lon="52.529052738">
  <ele>195.955994</ele>
  <time>2010-07-31T09:32:25Z</time>
</trkpt>
<trkpt lat="54.116832716" lon="52.529319786">
  <ele>195.570007</ele>
  <time>2010-07-31T09:32:26Z</time>
</trkpt>
<trkpt lat="54.116905220" lon="52.529594461">
  <ele>195.151993</ele>
  <time>2010-07-31T09:32:27Z</time>
</trkpt>
<trkpt lat="54.116970096" lon="52.529869052">
  <ele>194.979996</ele>
  <time>2010-07-31T09:32:28Z</time>
</trkpt>
<trkpt lat="54.117042515" lon="52.530151354">
  <ele>194.729996</ele>
  <time>2010-07-31T09:32:29Z</time>
</trkpt>
<trkpt lat="54.117115019" lon="52.530437429">
  <ele>194.156006</ele>
  <time>2010-07-31T09:32:30Z</time>
</trkpt>
<trkpt lat="54.117183667" lon="52.530723587">
  <ele>193.557007</ele>
  <time>2010-07-31T09:32:31Z</time>
</trkpt>
<trkpt lat="54.117256170" lon="52.531017289">
  <ele>193.255005</ele>
  <time>2010-07-31T09:32:32Z</time>
</trkpt>
<trkpt lat="54.117324818" lon="52.531311074">
  <ele>192.589996</ele>
  <time>2010-07-31T09:32:33Z</time>
</trkpt>
<trkpt lat="54.117401093" lon="52.531600920">
  <ele>192.134995</ele>
  <time>2010-07-31T09:32:34Z</time>
</trkpt>
<trkpt lat="54.117473597" lon="52.531898478">
  <ele>191.733994</ele>
  <time>2010-07-31T09:32:35Z</time>
</trkpt>
<trkpt lat="54.117549872" lon="52.532196036">
  <ele>191.253998</ele>
  <time>2010-07-31T09:32:36Z</time>
</trkpt>
<trkpt lat="54.117622375" lon="52.532497365">
  <ele>190.753006</ele>
  <time>2010-07-31T09:32:37Z</time>
</trkpt>
<trkpt lat="54.117698651" lon="52.532806406">
  <ele>190.253006</ele>
  <time>2010-07-31T09:32:38Z</time>
</trkpt>
<trkpt lat="54.117774926" lon="52.533119218">
  <ele>189.921997</ele>
  <time>2010-07-31T09:32:39Z</time>
</trkpt>
<trkpt lat="54.117855057" lon="52.533439659">
  <ele>189.535995</ele>
  <time>2010-07-31T09:32:40Z</time>
</trkpt>
<trkpt lat="54.117935188" lon="52.533760099">
  <ele>188.878006</ele>
  <time>2010-07-31T09:32:41Z</time>
</trkpt>
<trkpt lat="54.118019091" lon="52.534084311">
  <ele>188.279999</ele>
  <time>2010-07-31T09:32:42Z</time>
</trkpt>
<trkpt lat="54.118102994" lon="52.534416234">
  <ele>187.606003</ele>
  <time>2010-07-31T09:32:43Z</time>
</trkpt>
<trkpt lat="54.118183125" lon="52.534748074">
  <ele>186.699005</ele>
  <time>2010-07-31T09:32:44Z</time>
</trkpt>
<trkpt lat="54.118270883" lon="52.535079997">
  <ele>185.852997</ele>
  <time>2010-07-31T09:32:45Z</time>
</trkpt>
<trkpt lat="54.118354786" lon="52.535419464">
  <ele>184.569000</ele>
  <time>2010-07-31T09:32:46Z</time>
</trkpt>
<trkpt lat="54.118438689" lon="52.535758931">
  <ele>183.675995</ele>
  <time>2010-07-31T09:32:47Z</time>
</trkpt>
<trkpt lat="54.118526448" lon="52.536109965">
  <ele>182.779007</ele>
  <time>2010-07-31T09:32:48Z</time>
</trkpt>
<trkpt lat="54.118617978" lon="52.536468543">
  <ele>181.639999</ele>
  <time>2010-07-31T09:32:49Z</time>
</trkpt>
<trkpt lat="54.118709592" lon="52.536834748">
  <ele>180.574005</ele>
  <time>2010-07-31T09:32:50Z</time>
</trkpt>
<trkpt lat="54.118804894" lon="52.537200954">
  <ele>179.447006</ele>
  <time>2010-07-31T09:32:51Z</time>
</trkpt>
<trkpt lat="54.118896509" lon="52.537567159">
  <ele>178.395004</ele>
  <time>2010-07-31T09:32:52Z</time>
</trkpt>
<trkpt lat="54.118991811" lon="52.537944764">
  <ele>177.334000</ele>
  <time>2010-07-31T09:32:53Z</time>
</trkpt>
<trkpt lat="54.119087197" lon="52.538322452">
  <ele>176.268005</ele>
  <time>2010-07-31T09:32:54Z</time>
</trkpt>
<trkpt lat="54.119182583" lon="52.538700141">
  <ele>175.237000</ele>
  <time>2010-07-31T09:32:55Z</time>
</trkpt>
<trkpt lat="54.119281741" lon="52.539081601">
  <ele>174.339996</ele>
  <time>2010-07-31T09:32:56Z</time>
</trkpt>
<trkpt lat="54.119373355" lon="52.539463062">
  <ele>173.518997</ele>
  <time>2010-07-31T09:32:57Z</time>
</trkpt>
<trkpt lat="54.119468657" lon="52.539844522">
  <ele>172.776001</ele>
  <time>2010-07-31T09:32:58Z</time>
</trkpt>
<trkpt lat="54.119564043" lon="52.540229838">
  <ele>172.300003</ele>
  <time>2010-07-31T09:32:59Z</time>
</trkpt>
<trkpt lat="54.119663201" lon="52.540615071">
  <ele>171.757004</ele>
  <time>2010-07-31T09:33:00Z</time>
</trkpt>
<trkpt lat="54.119758587" lon="52.541004159">
  <ele>171.222000</ele>
  <time>2010-07-31T09:33:01Z</time>
</trkpt>
<trkpt lat="54.119857829" lon="52.541393247">
  <ele>170.705002</ele>
  <time>2010-07-31T09:33:02Z</time>
</trkpt>
<trkpt lat="54.119953131" lon="52.541782418">
  <ele>170.557007</ele>
  <time>2010-07-31T09:33:03Z</time>
</trkpt>
<trkpt lat="54.120052373" lon="52.542171506">
  <ele>170.460999</ele>
  <time>2010-07-31T09:33:04Z</time>
</trkpt>
<trkpt lat="54.120151531" lon="52.542560594">
  <ele>170.552994</ele>
  <time>2010-07-31T09:33:05Z</time>
</trkpt>
<trkpt lat="54.120246917" lon="52.542949682">
  <ele>170.546005</ele>
  <time>2010-07-31T09:33:06Z</time>
</trkpt>
<trkpt lat="54.120342219" lon="52.543334998">
  <ele>170.598999</ele>
  <time>2010-07-31T09:33:07Z</time>
</trkpt>
<trkpt lat="54.120437605" lon="52.543716459">
  <ele>170.311005</ele>
  <time>2010-07-31T09:33:08Z</time>
</trkpt>
<trkpt lat="54.120536763" lon="52.544101691">
  <ele>170.264008</ele>
  <time>2010-07-31T09:33:09Z</time>
</trkpt>
<trkpt lat="54.120628377" lon="52.544475524">
  <ele>170.220001</ele>
  <time>2010-07-31T09:33:10Z</time>
</trkpt>
<trkpt lat="54.120723763" lon="52.544853212">
  <ele>170.164993</ele>
  <time>2010-07-31T09:33:11Z</time>
</trkpt>
<trkpt lat="54.120822921" lon="52.545227045">
  <ele>170.287003</ele>
  <time>2010-07-31T09:33:12Z</time>
</trkpt>
<trkpt lat="54.120918307" lon="52.545604734">
  <ele>170.378998</ele>
  <time>2010-07-31T09:33:13Z</time>
</trkpt>
<trkpt lat="54.121009838" lon="52.545978567">
  <ele>170.580994</ele>
  <time>2010-07-31T09:33:14Z</time>
</trkpt>
<trkpt lat="54.121105224" lon="52.546352400">
  <ele>170.962006</ele>
  <time>2010-07-31T09:33:15Z</time>
</trkpt>
<trkpt lat="54.121196754" lon="52.546722377">
  <ele>171.059998</ele>
  <time>2010-07-31T09:33:16Z</time>
</trkpt>
<trkpt lat="54.121292140" lon="52.547088582">
  <ele>171.279999</ele>
  <time>2010-07-31T09:33:17Z</time>
</trkpt>
<trkpt lat="54.121383671" lon="52.547458643">
  <ele>171.720001</ele>
  <time>2010-07-31T09:33:18Z</time>
</trkpt>
<trkpt lat="54.121475201" lon="52.547821077">
  <ele>171.863007</ele>
  <time>2010-07-31T09:33:19Z</time>
</trkpt>
<trkpt lat="54.121566731" lon="52.548175799">
  <ele>171.897003</ele>
  <time>2010-07-31T09:33:20Z</time>
</trkpt>
<trkpt lat="54.121654490" lon="52.548530605">
  <ele>171.934006</ele>
  <time>2010-07-31T09:33:21Z</time>
</trkpt>
<trkpt lat="54.121742249" lon="52.548881555">
  <ele>172.007004</ele>
  <time>2010-07-31T09:33:22Z</time>
</trkpt>
<trkpt lat="54.121833779" lon="52.549240133">
  <ele>171.964005</ele>
  <time>2010-07-31T09:33:23Z</time>
</trkpt>
<trkpt lat="54.121921537" lon="52.549594855">
  <ele>172.108994</ele>
  <time>2010-07-31T09:33:24Z</time>
</trkpt>
<trkpt lat="54.122013068" lon="52.549953433">
  <ele>172.192001</ele>
  <time>2010-07-31T09:33:25Z</time>
</trkpt>
<trkpt lat="54.122100826" lon="52.550308239">
  <ele>172.289993</ele>
  <time>2010-07-31T09:33:26Z</time>
</trkpt>
<trkpt lat="54.122188585" lon="52.550662961">
  <ele>172.248001</ele>
  <time>2010-07-31T09:33:27Z</time>
</trkpt>
<trkpt lat="54.122280115" lon="52.551017767">
  <ele>172.220993</ele>
  <time>2010-07-31T09:33:28Z</time>
</trkpt>
<trkpt lat="54.122371646" lon="52.551380116">
  <ele>172.320007</ele>
  <time>2010-07-31T09:33:29Z</time>
</trkpt>
<trkpt lat="54.122463260" lon="52.551746406">
  <ele>172.662994</ele>
  <time>2010-07-31T09:33:30Z</time>
</trkpt>
<trkpt lat="54.122554790" lon="52.552112611">
  <ele>172.647995</ele>
  <time>2010-07-31T09:33:31Z</time>
</trkpt>
<trkpt lat="54.122646321" lon="52.552474961">
  <ele>172.792999</ele>
  <time>2010-07-31T09:33:32Z</time>
</trkpt>
<trkpt lat="54.122737851" lon="52.552833539">
  <ele>172.587997</ele>
  <time>2010-07-31T09:33:33Z</time>
</trkpt>
<trkpt lat="54.122829465" lon="52.553192116">
  <ele>172.460999</ele>
  <time>2010-07-31T09:33:34Z</time>
</trkpt>
<trkpt lat="54.122917140" lon="52.553554550">
  <ele>172.516006</ele>
  <time>2010-07-31T09:33:35Z</time>
</trkpt>
<trkpt lat="54.123004898" lon="52.553916899">
  <ele>172.772003</ele>
  <time>2010-07-31T09:33:36Z</time>
</trkpt>
<trkpt lat="54.123096429" lon="52.554271705">
  <ele>172.839005</ele>
  <time>2010-07-31T09:33:37Z</time>
</trkpt>
<trkpt lat="54.123188043" lon="52.554626428">
  <ele>173.190002</ele>
  <time>2010-07-31T09:33:38Z</time>
</trkpt>
<trkpt lat="54.123279573" lon="52.554985005">
  <ele>173.134003</ele>
  <time>2010-07-31T09:33:39Z</time>
</trkpt>
<trkpt lat="54.123367332" lon="52.555336040">
  <ele>173.376007</ele>
  <time>2010-07-31T09:33:40Z</time>
</trkpt>
<trkpt lat="54.123455007" lon="52.555690762">
  <ele>173.291000</ele>
  <time>2010-07-31T09:33:41Z</time>
</trkpt>
<trkpt lat="54.123542765" lon="52.556041712">
  <ele>173.382996</ele>
  <time>2010-07-31T09:33:42Z</time>
</trkpt>
<trkpt lat="54.123626668" lon="52.556388890">
  <ele>173.380005</ele>
  <time>2010-07-31T09:33:43Z</time>
</trkpt>
<trkpt lat="54.123714427" lon="52.556728357">
  <ele>173.358994</ele>
  <time>2010-07-31T09:33:44Z</time>
</trkpt>
<trkpt lat="54.123798329" lon="52.557067908">
  <ele>173.434006</ele>
  <time>2010-07-31T09:33:45Z</time>
</trkpt>
<trkpt lat="54.123886088" lon="52.557403604">
  <ele>173.421997</ele>
  <time>2010-07-31T09:33:46Z</time>
</trkpt>
<trkpt lat="54.123969991" lon="52.557739299">
  <ele>173.350998</ele>
  <time>2010-07-31T09:33:47Z</time>
</trkpt>
<trkpt lat="54.124053977" lon="52.558071138">
  <ele>173.194000</ele>
  <time>2010-07-31T09:33:48Z</time>
</trkpt>
<trkpt lat="54.124134025" lon="52.558406834">
  <ele>173.041000</ele>
  <time>2010-07-31T09:33:49Z</time>
</trkpt>
<trkpt lat="54.124221783" lon="52.558746301">
  <ele>173.149002</ele>
  <time>2010-07-31T09:33:50Z</time>
</trkpt>
<trkpt lat="54.124301914" lon="52.559078224">
  <ele>173.195007</ele>
  <time>2010-07-31T09:33:51Z</time>
</trkpt>
<trkpt lat="54.124385817" lon="52.559402436">
  <ele>172.968994</ele>
  <time>2010-07-31T09:33:52Z</time>
</trkpt>
<trkpt lat="54.124469720" lon="52.559726732">
  <ele>173.240005</ele>
  <time>2010-07-31T09:33:53Z</time>
</trkpt>
<trkpt lat="54.124553706" lon="52.560058571">
  <ele>173.309998</ele>
  <time>2010-07-31T09:33:54Z</time>
</trkpt>
<trkpt lat="54.124637609" lon="52.560390495">
  <ele>173.319000</ele>
  <time>2010-07-31T09:33:55Z</time>
</trkpt>
<trkpt lat="54.124721512" lon="52.560729962">
  <ele>173.352005</ele>
  <time>2010-07-31T09:33:56Z</time>
</trkpt>
<trkpt lat="54.124805415" lon="52.561065657">
  <ele>173.468994</ele>
  <time>2010-07-31T09:33:57Z</time>
</trkpt>
<trkpt lat="54.124889402" lon="52.561393725">
  <ele>173.466003</ele>
  <time>2010-07-31T09:33:58Z</time>
</trkpt>
<trkpt lat="54.124973305" lon="52.561725648">
  <ele>173.658005</ele>
  <time>2010-07-31T09:33:59Z</time>
</trkpt>
<trkpt lat="54.125061063" lon="52.562057488">
  <ele>173.582001</ele>
  <time>2010-07-31T09:34:00Z</time>
</trkpt>
<trkpt lat="54.125141110" lon="52.562389411">
  <ele>173.707001</ele>
  <time>2010-07-31T09:34:01Z</time>
</trkpt>
<trkpt lat="54.125225097" lon="52.562713623">
  <ele>173.820999</ele>
  <time>2010-07-31T09:34:02Z</time>
</trkpt>
<trkpt lat="54.125305144" lon="52.563037835">
  <ele>173.770004</ele>
  <time>2010-07-31T09:34:03Z</time>
</trkpt>
<trkpt lat="54.125385275" lon="52.563362131">
  <ele>173.699005</ele>
  <time>2010-07-31T09:34:04Z</time>
</trkpt>
<trkpt lat="54.125465406" lon="52.563682571">
  <ele>173.472000</ele>
  <time>2010-07-31T09:34:05Z</time>
</trkpt>
<trkpt lat="54.125545537" lon="52.564006783">
  <ele>173.371994</ele>
  <time>2010-07-31T09:34:06Z</time>
</trkpt>
<trkpt lat="54.125629440" lon="52.564334851">
  <ele>173.164001</ele>
  <time>2010-07-31T09:34:07Z</time>
</trkpt>
<trkpt lat="54.125713343" lon="52.564666774">
  <ele>172.901993</ele>
  <time>2010-07-31T09:34:08Z</time>
</trkpt>
<trkpt lat="54.125793474" lon="52.565006241">
  <ele>172.675003</ele>
  <time>2010-07-31T09:34:09Z</time>
</trkpt>
<trkpt lat="54.125881232" lon="52.565349564">
  <ele>172.563995</ele>
  <time>2010-07-31T09:34:10Z</time>
</trkpt>
<trkpt lat="54.125965135" lon="52.565692887">
  <ele>172.311996</ele>
  <time>2010-07-31T09:34:11Z</time>
</trkpt>
<trkpt lat="54.126056666" lon="52.566043837">
  <ele>172.561996</ele>
  <time>2010-07-31T09:34:12Z</time>
</trkpt>
<trkpt lat="54.126144424" lon="52.566398643">
  <ele>172.488998</ele>
  <time>2010-07-31T09:34:13Z</time>
</trkpt>
<trkpt lat="54.126232183" lon="52.566757221">
  <ele>172.658997</ele>
  <time>2010-07-31T09:34:14Z</time>
</trkpt>
<trkpt lat="54.126319857" lon="52.567115799">
  <ele>172.860001</ele>
  <time>2010-07-31T09:34:15Z</time>
</trkpt>
<trkpt lat="54.126407616" lon="52.567470521">
  <ele>172.718002</ele>
  <time>2010-07-31T09:34:16Z</time>
</trkpt>
<trkpt lat="54.126495374" lon="52.567821471">
  <ele>172.572998</ele>
  <time>2010-07-31T09:34:17Z</time>
</trkpt>
<trkpt lat="54.126583133" lon="52.568172421">
  <ele>172.302994</ele>
  <time>2010-07-31T09:34:18Z</time>
</trkpt>
<trkpt lat="54.126670808" lon="52.568527227">
  <ele>172.110001</ele>
  <time>2010-07-31T09:34:19Z</time>
</trkpt>
<trkpt lat="54.126758566" lon="52.568878178">
  <ele>171.623001</ele>
  <time>2010-07-31T09:34:20Z</time>
</trkpt>
<trkpt lat="54.126850097" lon="52.569232900">
  <ele>171.541000</ele>
  <time>2010-07-31T09:34:21Z</time>
</trkpt>
<trkpt lat="54.126941711" lon="52.569583934">
  <ele>171.421997</ele>
  <time>2010-07-31T09:34:22Z</time>
</trkpt>
<trkpt lat="54.127033241" lon="52.569938656">
  <ele>171.304993</ele>
  <time>2010-07-31T09:34:23Z</time>
</trkpt>
<trkpt lat="54.127121000" lon="52.570293462">
  <ele>171.182999</ele>
  <time>2010-07-31T09:34:24Z</time>
</trkpt>
<trkpt lat="54.127204902" lon="52.570636785">
  <ele>170.871994</ele>
  <time>2010-07-31T09:34:25Z</time>
</trkpt>
<trkpt lat="54.127292661" lon="52.570976252">
  <ele>170.707001</ele>
  <time>2010-07-31T09:34:26Z</time>
</trkpt>
<trkpt lat="54.127376564" lon="52.571308175">
  <ele>170.503998</ele>
  <time>2010-07-31T09:34:27Z</time>
</trkpt>
<trkpt lat="54.127456695" lon="52.571628531">
  <ele>170.529007</ele>
  <time>2010-07-31T09:34:28Z</time>
</trkpt>
<trkpt lat="54.127532970" lon="52.571929945">
  <ele>170.432999</ele>
  <time>2010-07-31T09:34:29Z</time>
</trkpt>
<trkpt lat="54.127605474" lon="52.572208392">
  <ele>170.826996</ele>
  <time>2010-07-31T09:34:30Z</time>
</trkpt>
<trkpt lat="54.127670266" lon="52.572467811">
  <ele>170.837997</ele>
  <time>2010-07-31T09:34:31Z</time>
</trkpt>
<trkpt lat="54.127727514" lon="52.572704349">
  <ele>171.132996</ele>
  <time>2010-07-31T09:34:32Z</time>
</trkpt>
<trkpt lat="54.127780907" lon="52.572910292">
  <ele>171.188004</ele>
  <time>2010-07-31T09:34:33Z</time>
</trkpt>
<trkpt lat="54.127826672" lon="52.573101064">
  <ele>171.658997</ele>
  <time>2010-07-31T09:34:34Z</time>
</trkpt>
<trkpt lat="54.127861038" lon="52.573265098">
  <ele>171.645996</ele>
  <time>2010-07-31T09:34:35Z</time>
</trkpt>
<trkpt lat="54.127891548" lon="52.573402394">
  <ele>172.227005</ele>
  <time>2010-07-31T09:34:36Z</time>
</trkpt>
<trkpt lat="54.127910575" lon="52.573516807">
  <ele>172.108002</ele>
  <time>2010-07-31T09:34:37Z</time>
</trkpt>
<trkpt lat="54.127925914" lon="52.573604565">
  <ele>172.179001</ele>
  <time>2010-07-31T09:34:38Z</time>
</trkpt>
<trkpt lat="54.127933541" lon="52.573657958">
  <ele>172.052002</ele>
  <time>2010-07-31T09:34:39Z</time>
</trkpt>
<trkpt lat="54.127941169" lon="52.573692324">
  <ele>172.498001</ele>
  <time>2010-07-31T09:34:40Z</time>
</trkpt>
<trkpt lat="54.127944941" lon="52.573715206">
  <ele>172.263000</ele>
  <time>2010-07-31T09:34:41Z</time>
</trkpt>
</trkseg>
</trk>
</gpx>
