<?xml version="1.0" encoding="UTF-8"?>
<gpx
  version="1.0"
  creator="GPSBabel - http://www.gpsbabel.org"
  xmlns:xsi="http://www.w3.org/2001/XMLSchema-instance"
  xmlns="http://www.topografix.com/GPX/1/0"
  xsi:schemaLocation="http://www.topografix.com/GPX/1/0 http://www.topografix.com/GPX/1/0/gpx.xsd">
<time>2026-09-09T10:26:07Z</time>
<bounds minlat="53.233161941" minlon="48.931510895" maxlat="53.541210210" maxlon="50.502132447"/>
<trk>
  <name>Track 000</name>
<trkseg>
<trkpt lat="53.233161941" lon="48.931514751">
  <ele>122.698997</ele>
  <time>2010-07-31T05:35:32Z</time>
</trkpt>
<trkpt lat="53.233161941" lon="48.931510895">
  <ele>122.781998</ele>
  <time>2010-07-31T05:35:33Z</time>
</trkpt>
<trkpt lat="53.233165713" lon="48.931514751">
  <ele>122.641998</ele>
  <time>2010-07-31T05:35:43Z</time>
</trkpt>
<trkpt lat="53.233165713" lon="48.931526151">
  <ele>122.519997</ele>
  <time>2010-07-31T05:35:44Z</time>
</trkpt>
<trkpt lat="53.233169569" lon="48.931541406">
  <ele>122.435997</ele>
  <time>2010-07-31T05:35:45Z</time>
</trkpt>
<trkpt lat="53.233173341" lon="48.931549033">
  <ele>122.485001</ele>
  <time>2010-07-31T05:35:46Z</time>
</trkpt>
<trkpt lat="53.233180968" lon="48.931560516">
  <ele>122.633003</ele>
  <time>2010-07-31T05:35:47Z</time>
</trkpt>
<trkpt lat="53.233192451" lon="48.931564372">
  <ele>122.866997</ele>
  <time>2010-07-31T05:35:48Z</time>
</trkpt>
<trkpt lat="53.233203851" lon="48.931568144">
  <ele>122.924004</ele>
  <time>2010-07-31T05:35:49Z</time>
</trkpt>
<trkpt lat="53.233215334" lon="48.931564372">
  <ele>122.960999</ele>
  <time>2010-07-31T05:35:50Z</time>
</trkpt>
<trkpt lat="53.233226817" lon="48.931556661">
  <ele>123.263000</ele>
  <time>2010-07-31T05:35:51Z</time>
</trkpt>
<trkpt lat="53.233238216" lon="48.931545261">
  <ele>123.475998</ele>
  <time>2010-07-31T05:35:52Z</time>
</trkpt>
<trkpt lat="53.233253472" lon="48.931541406">
  <ele>123.549004</ele>
  <time>2010-07-31T05:35:53Z</time>
</trkpt>
<trkpt lat="53.233276354" lon="48.931537634">
  <ele>123.689003</ele>
  <time>2010-07-31T05:35:54Z</time>
</trkpt>
<trkpt lat="53.233295465" lon="48.931533778">
  <ele>123.455002</ele>
  <time>2010-07-31T05:35:55Z</time>
</trkpt>
<trkpt lat="53.233314492" lon="48.931533778">
  <ele>123.633003</ele>
  <time>2010-07-31T05:35:56Z</time>
</trkpt>
<trkpt lat="53.233337374" lon="48.931537634">
  <ele>123.922997</ele>
  <time>2010-07-31T05:35:57Z</time>
</trkpt>
<trkpt lat="53.233364113" lon="48.931541406">
  <ele>123.976997</ele>
  <time>2010-07-31T05:35:58Z</time>
</trkpt>
<trkpt lat="53.233390767" lon="48.931549033">
  <ele>124.108002</ele>
  <time>2010-07-31T05:35:59Z</time>
</trkpt>
<trkpt lat="53.233413734" lon="48.931556661">
  <ele>124.001999</ele>
  <time>2010-07-31T05:36:00Z</time>
</trkpt>
<trkpt lat="53.233440388" lon="48.931560516">
  <ele>124.094002</ele>
  <time>2010-07-31T05:36:01Z</time>
</trkpt>
<trkpt lat="53.233467126" lon="48.931568144">
  <ele>123.901001</ele>
  <time>2010-07-31T05:36:02Z</time>
</trkpt>
<trkpt lat="53.233497636" lon="48.931583399">
  <ele>123.847000</ele>
  <time>2010-07-31T05:36:03Z</time>
</trkpt>
<trkpt lat="53.233528147" lon="48.931591026">
  <ele>123.892998</ele>
  <time>2010-07-31T05:36:04Z</time>
</trkpt>
<trkpt lat="53.233558657" lon="48.931594882">
  <ele>124.458000</ele>
  <time>2010-07-31T05:36:05Z</time>
</trkpt>
<trkpt lat="53.233593022" lon="48.931602510">
  <ele>124.745003</ele>
  <time>2010-07-31T05:36:06Z</time>
</trkpt>
<trkpt lat="53.233619677" lon="48.931606282">
  <ele>125.116997</ele>
  <time>2010-07-31T05:36:07Z</time>
</trkpt>
<trkpt lat="53.233646415" lon="48.931610137">
  <ele>125.499001</ele>
  <time>2010-07-31T05:36:08Z</time>
</trkpt>
<trkpt lat="53.233673070" lon="48.931621537">
  <ele>125.500000</ele>
  <time>2010-07-31T05:36:09Z</time>
</trkpt>
<trkpt lat="53.233707435" lon="48.931636792">
  <ele>125.436996</ele>
  <time>2010-07-31T05:36:10Z</time>
</trkpt>
<trkpt lat="53.233749429" lon="48.931671157">
  <ele>125.263000</ele>
  <time>2010-07-31T05:36:11Z</time>
</trkpt>
<trkpt lat="53.233787566" lon="48.931728322">
  <ele>125.407997</ele>
  <time>2010-07-31T05:36:12Z</time>
</trkpt>
<trkpt lat="53.233821848" lon="48.931816081">
  <ele>125.595001</ele>
  <time>2010-07-31T05:36:13Z</time>
</trkpt>
<trkpt lat="53.233848587" lon="48.931938205">
  <ele>125.710999</ele>
  <time>2010-07-31T05:36:14Z</time>
</trkpt>
<trkpt lat="53.233875241" lon="48.932094611">
  <ele>125.686996</ele>
  <time>2010-07-31T05:36:15Z</time>
</trkpt>
<trkpt lat="53.233905751" lon="48.932262417">
  <ele>125.521004</ele>
  <time>2010-07-31T05:36:16Z</time>
</trkpt>
<trkpt lat="53.233940117" lon="48.932456961">
  <ele>125.363998</ele>
  <time>2010-07-31T05:36:17Z</time>
</trkpt>
<trkpt lat="53.233974483" lon="48.932666760">
  <ele>124.915001</ele>
  <time>2010-07-31T05:36:18Z</time>
</trkpt>
<trkpt lat="53.234012621" lon="48.932891814">
  <ele>124.832001</ele>
  <time>2010-07-31T05:36:19Z</time>
</trkpt>
<trkpt lat="53.234054530" lon="48.933128351">
  <ele>124.717003</ele>
  <time>2010-07-31T05:36:20Z</time>
</trkpt>
<trkpt lat="53.234092752" lon="48.933380144">
  <ele>124.668999</ele>
  <time>2010-07-31T05:36:21Z</time>
</trkpt>
<trkpt lat="53.234138517" lon="48.933647191">
  <ele>124.531998</ele>
  <time>2010-07-31T05:36:22Z</time>
</trkpt>
<trkpt lat="53.234184282" lon="48.933929410">
  <ele>124.463997</ele>
  <time>2010-07-31T05:36:23Z</time>
</trkpt>
<trkpt lat="53.234233819" lon="48.934223196">
  <ele>124.361000</ele>
  <time>2010-07-31T05:36:24Z</time>
</trkpt>
<trkpt lat="53.234291067" lon="48.934520753">
  <ele>124.486000</ele>
  <time>2010-07-31T05:36:25Z</time>
</trkpt>
<trkpt lat="53.234348316" lon="48.934833566">
  <ele>124.504997</ele>
  <time>2010-07-31T05:36:26Z</time>
</trkpt>
<trkpt lat="53.234401708" lon="48.935161550">
  <ele>124.393997</ele>
  <time>2010-07-31T05:36:27Z</time>
</trkpt>
<trkpt lat="53.234458957" lon="48.935497245">
  <ele>124.331001</ele>
  <time>2010-07-31T05:36:28Z</time>
</trkpt>
<trkpt lat="53.234516121" lon="48.935848195">
  <ele>124.494003</ele>
  <time>2010-07-31T05:36:29Z</time>
</trkpt>
<trkpt lat="53.234573370" lon="48.936206857">
  <ele>124.704002</ele>
  <time>2010-07-31T05:36:30Z</time>
</trkpt>
<trkpt lat="53.234634390" lon="48.936576834">
  <ele>125.066002</ele>
  <time>2010-07-31T05:36:31Z</time>
</trkpt>
<trkpt lat="53.234699266" lon="48.936954523">
  <ele>125.288002</ele>
  <time>2010-07-31T05:36:32Z</time>
</trkpt>
<trkpt lat="53.234760286" lon="48.937332127">
  <ele>125.058998</ele>
  <time>2010-07-31T05:36:33Z</time>
</trkpt>
<trkpt lat="53.234828934" lon="48.937717443">
  <ele>124.959000</ele>
  <time>2010-07-31T05:36:34Z</time>
</trkpt>
<trkpt lat="53.234893810" lon="48.938106531">
  <ele>125.002998</ele>
  <time>2010-07-31T05:36:35Z</time>
</trkpt>
<trkpt lat="53.234962458" lon="48.938499475">
  <ele>125.057999</ele>
  <time>2010-07-31T05:36:36Z</time>
</trkpt>
<trkpt lat="53.235027334" lon="48.938888563">
  <ele>125.157997</ele>
  <time>2010-07-31T05:36:37Z</time>
</trkpt>
<trkpt lat="53.235095982" lon="48.939285278">
  <ele>125.334999</ele>
  <time>2010-07-31T05:36:38Z</time>
</trkpt>
<trkpt lat="53.235164629" lon="48.939685849">
  <ele>125.490997</ele>
  <time>2010-07-31T05:36:39Z</time>
</trkpt>
<trkpt lat="53.235233277" lon="48.940086337">
  <ele>125.538002</ele>
  <time>2010-07-31T05:36:40Z</time>
</trkpt>
<trkpt lat="53.235302009" lon="48.940486908">
  <ele>125.842003</ele>
  <time>2010-07-31T05:36:41Z</time>
</trkpt>
<trkpt lat="53.235370656" lon="48.940895107">
  <ele>126.238998</ele>
  <time>2010-07-31T05:36:42Z</time>
</trkpt>
<trkpt lat="53.235439304" lon="48.941303222">
  <ele>126.355003</ele>
  <time>2010-07-31T05:36:43Z</time>
</trkpt>
<trkpt lat="53.235507952" lon="48.941715276">
  <ele>126.607002</ele>
  <time>2010-07-31T05:36:44Z</time>
</trkpt>
<trkpt lat="53.235576600" lon="48.942134874">
  <ele>126.834999</ele>
  <time>2010-07-31T05:36:45Z</time>
</trkpt>
<trkpt lat="53.235641476" lon="48.942554472">
  <ele>126.776001</ele>
  <time>2010-07-31T05:36:46Z</time>
</trkpt>
<trkpt lat="53.235713979" lon="48.942974070">
  <ele>127.043999</ele>
  <time>2010-07-31T05:36:47Z</time>
</trkpt>
<trkpt lat="53.235786399" lon="48.943401296">
  <ele>127.299004</ele>
  <time>2010-07-31T05:36:48Z</time>
</trkpt>
<trkpt lat="53.235855130" lon="48.943828605">
  <ele>127.609001</ele>
  <time>2010-07-31T05:36:49Z</time>
</trkpt>
<trkpt lat="53.235927550" lon="48.944259603">
  <ele>127.638000</ele>
  <time>2010-07-31T05:36:50Z</time>
</trkpt>
<trkpt lat="53.236000054" lon="48.944694540">
  <ele>127.939003</ele>
  <time>2010-07-31T05:36:51Z</time>
</trkpt>
<trkpt lat="53.236076329" lon="48.945133248">
  <ele>128.270004</ele>
  <time>2010-07-31T05:36:52Z</time>
</trkpt>
<trkpt lat="53.236152688" lon="48.945571873">
  <ele>128.692993</ele>
  <time>2010-07-31T05:36:53Z</time>
</trkpt>
<trkpt lat="53.236228963" lon="48.946006810">
  <ele>129.106995</ele>
  <time>2010-07-31T05:36:54Z</time>
</trkpt>
<trkpt lat="53.236305239" lon="48.946449291">
  <ele>129.647995</ele>
  <time>2010-07-31T05:36:55Z</time>
</trkpt>
<trkpt lat="53.236381514" lon="48.946891772">
  <ele>129.804993</ele>
  <time>2010-07-31T05:36:56Z</time>
</trkpt>
<trkpt lat="53.236454017" lon="48.947334252">
  <ele>130.121002</ele>
  <time>2010-07-31T05:36:57Z</time>
</trkpt>
<trkpt lat="53.236526521" lon="48.947776817">
  <ele>130.347000</ele>
  <time>2010-07-31T05:36:58Z</time>
</trkpt>
<trkpt lat="53.236602796" lon="48.948215526">
  <ele>130.789993</ele>
  <time>2010-07-31T05:36:59Z</time>
</trkpt>
<trkpt lat="53.236679072" lon="48.948661778">
  <ele>131.082993</ele>
  <time>2010-07-31T05:37:00Z</time>
</trkpt>
<trkpt lat="53.236755347" lon="48.949111970">
  <ele>131.384003</ele>
  <time>2010-07-31T05:37:01Z</time>
</trkpt>
<trkpt lat="53.236831706" lon="48.949558223">
  <ele>131.638000</ele>
  <time>2010-07-31T05:37:02Z</time>
</trkpt>
<trkpt lat="53.236907981" lon="48.950000787">
  <ele>131.893005</ele>
  <time>2010-07-31T05:37:03Z</time>
</trkpt>
<trkpt lat="53.236984257" lon="48.950443268">
  <ele>132.464005</ele>
  <time>2010-07-31T05:37:04Z</time>
</trkpt>
<trkpt lat="53.237060532" lon="48.950881977">
  <ele>132.897003</ele>
  <time>2010-07-31T05:37:05Z</time>
</trkpt>
<trkpt lat="53.237136807" lon="48.951324457">
  <ele>133.238007</ele>
  <time>2010-07-31T05:37:06Z</time>
</trkpt>
<trkpt lat="53.237209311" lon="48.951763166">
  <ele>133.423996</ele>
  <time>2010-07-31T05:37:07Z</time>
</trkpt>
<trkpt lat="53.237281814" lon="48.952201875">
  <ele>133.335007</ele>
  <time>2010-07-31T05:37:08Z</time>
</trkpt>
<trkpt lat="53.237358090" lon="48.952636728">
  <ele>133.300003</ele>
  <time>2010-07-31T05:37:09Z</time>
</trkpt>
<trkpt lat="53.237430593" lon="48.953075437">
  <ele>133.201996</ele>
  <time>2010-07-31T05:37:10Z</time>
</trkpt>
<trkpt lat="53.237506868" lon="48.953514062">
  <ele>133.205002</ele>
  <time>2010-07-31T05:37:11Z</time>
</trkpt>
<trkpt lat="53.237579372" lon="48.953945143">
  <ele>133.272995</ele>
  <time>2010-07-31T05:37:12Z</time>
</trkpt>
<trkpt lat="53.237651791" lon="48.954379996">
  <ele>133.188004</ele>
  <time>2010-07-31T05:37:13Z</time>
</trkpt>
<trkpt lat="53.237724295" lon="48.954811078">
  <ele>133.175003</ele>
  <time>2010-07-31T05:37:14Z</time>
</trkpt>
<trkpt lat="53.237796798" lon="48.955238303">
  <ele>133.117996</ele>
  <time>2010-07-31T05:37:15Z</time>
</trkpt>
<trkpt lat="53.237873074" lon="48.955665613">
  <ele>133.102005</ele>
  <time>2010-07-31T05:37:16Z</time>
</trkpt>
<trkpt lat="53.237945577" lon="48.956092838">
  <ele>133.001999</ele>
  <time>2010-07-31T05:37:17Z</time>
</trkpt>
<trkpt lat="53.238017997" lon="48.956516292">
  <ele>133.054001</ele>
  <time>2010-07-31T05:37:18Z</time>
</trkpt>
<trkpt lat="53.238086728" lon="48.956935890">
  <ele>133.205994</ele>
  <time>2010-07-31T05:37:19Z</time>
</trkpt>
<trkpt lat="53.238155376" lon="48.957359344">
  <ele>133.447006</ele>
  <time>2010-07-31T05:37:20Z</time>
</trkpt>
<trkpt lat="53.238224024" lon="48.957778942">
  <ele>133.602997</ele>
  <time>2010-07-31T05:37:21Z</time>
</trkpt>
<trkpt lat="53.238288900" lon="48.958194768">
  <ele>133.889008</ele>
  <time>2010-07-31T05:37:22Z</time>
</trkpt>
<trkpt lat="53.238361320" lon="48.958610510">
  <ele>133.740997</ele>
  <time>2010-07-31T05:37:23Z</time>
</trkpt>
<trkpt lat="53.238430051" lon="48.959030192">
  <ele>133.660995</ele>
  <time>2010-07-31T05:37:24Z</time>
</trkpt>
<trkpt lat="53.238506326" lon="48.959438307">
  <ele>133.223999</ele>
  <time>2010-07-31T05:37:25Z</time>
</trkpt>
<trkpt lat="53.238586457" lon="48.959850278">
  <ele>133.024002</ele>
  <time>2010-07-31T05:37:26Z</time>
</trkpt>
<trkpt lat="53.238666505" lon="48.960258476">
  <ele>132.703995</ele>
  <time>2010-07-31T05:37:27Z</time>
</trkpt>
<trkpt lat="53.238754263" lon="48.960666675">
  <ele>132.567001</ele>
  <time>2010-07-31T05:37:28Z</time>
</trkpt>
<trkpt lat="53.238842022" lon="48.961067162">
  <ele>132.287003</ele>
  <time>2010-07-31T05:37:29Z</time>
</trkpt>
<trkpt lat="53.238933552" lon="48.961471589">
  <ele>131.977997</ele>
  <time>2010-07-31T05:37:30Z</time>
</trkpt>
<trkpt lat="53.239021311" lon="48.961868305">
  <ele>131.727997</ele>
  <time>2010-07-31T05:37:31Z</time>
</trkpt>
<trkpt lat="53.239112841" lon="48.962272648">
  <ele>131.423004</ele>
  <time>2010-07-31T05:37:32Z</time>
</trkpt>
<trkpt lat="53.239204371" lon="48.962673219">
  <ele>131.141006</ele>
  <time>2010-07-31T05:37:33Z</time>
</trkpt>
<trkpt lat="53.239292130" lon="48.963077562">
  <ele>130.701004</ele>
  <time>2010-07-31T05:37:34Z</time>
</trkpt>
<trkpt lat="53.239383660" lon="48.963481905">
  <ele>130.298996</ele>
  <time>2010-07-31T05:37:35Z</time>
</trkpt>
<trkpt lat="53.239475274" lon="48.963890104">
  <ele>129.613998</ele>
  <time>2010-07-31T05:37:36Z</time>
</trkpt>
<trkpt lat="53.239566805" lon="48.964298218">
  <ele>129.007996</ele>
  <time>2010-07-31T05:37:37Z</time>
</trkpt>
<trkpt lat="53.239658335" lon="48.964706417">
  <ele>128.585999</ele>
  <time>2010-07-31T05:37:38Z</time>
</trkpt>
<trkpt lat="53.239749949" lon="48.965110760">
  <ele>127.953003</ele>
  <time>2010-07-31T05:37:39Z</time>
</trkpt>
<trkpt lat="53.239841480" lon="48.965518959">
  <ele>127.683998</ele>
  <time>2010-07-31T05:37:40Z</time>
</trkpt>
<trkpt lat="53.239933010" lon="48.965927158">
  <ele>127.330002</ele>
  <time>2010-07-31T05:37:41Z</time>
</trkpt>
<trkpt lat="53.240024541" lon="48.966335272">
  <ele>126.949997</ele>
  <time>2010-07-31T05:37:42Z</time>
</trkpt>
<trkpt lat="53.240116155" lon="48.966743471">
  <ele>126.380997</ele>
  <time>2010-07-31T05:37:43Z</time>
</trkpt>
<trkpt lat="53.240203829" lon="48.967147814">
  <ele>125.928001</ele>
  <time>2010-07-31T05:37:44Z</time>
</trkpt>
<trkpt lat="53.240291588" lon="48.967556013">
  <ele>125.346001</ele>
  <time>2010-07-31T05:37:45Z</time>
</trkpt>
<trkpt lat="53.240383118" lon="48.967960356">
  <ele>124.966003</ele>
  <time>2010-07-31T05:37:46Z</time>
</trkpt>
<trkpt lat="53.240474733" lon="48.968360927">
  <ele>124.652000</ele>
  <time>2010-07-31T05:37:47Z</time>
</trkpt>
<trkpt lat="53.240562407" lon="48.968761414">
  <ele>124.320000</ele>
  <time>2010-07-31T05:37:48Z</time>
</trkpt>
<trkpt lat="53.240650166" lon="48.969154358">
  <ele>124.018997</ele>
  <time>2010-07-31T05:37:49Z</time>
</trkpt>
<trkpt lat="53.240737924" lon="48.969543446">
  <ele>123.527000</ele>
  <time>2010-07-31T05:37:50Z</time>
</trkpt>
<trkpt lat="53.240829455" lon="48.969932534">
  <ele>123.103996</ele>
  <time>2010-07-31T05:37:51Z</time>
</trkpt>
<trkpt lat="53.240917213" lon="48.970321622">
  <ele>122.558998</ele>
  <time>2010-07-31T05:37:52Z</time>
</trkpt>
<trkpt lat="53.241008744" lon="48.970710794">
  <ele>122.176003</ele>
  <time>2010-07-31T05:37:53Z</time>
</trkpt>
<trkpt lat="53.241096502" lon="48.971099881">
  <ele>121.697998</ele>
  <time>2010-07-31T05:37:54Z</time>
</trkpt>
<trkpt lat="53.241176633" lon="48.971485114">
  <ele>121.320000</ele>
  <time>2010-07-31T05:37:55Z</time>
</trkpt>
<trkpt lat="53.241264308" lon="48.971874202">
  <ele>120.824997</ele>
  <time>2010-07-31T05:37:56Z</time>
</trkpt>
<trkpt lat="53.241348295" lon="48.972263373">
  <ele>120.414001</ele>
  <time>2010-07-31T05:37:57Z</time>
</trkpt>
<trkpt lat="53.241432197" lon="48.972652461">
  <ele>120.093002</ele>
  <time>2010-07-31T05:37:58Z</time>
</trkpt>
<trkpt lat="53.241519956" lon="48.973037694">
  <ele>119.797997</ele>
  <time>2010-07-31T05:37:59Z</time>
</trkpt>
<trkpt lat="53.241607631" lon="48.973426782">
  <ele>119.169998</ele>
  <time>2010-07-31T05:38:00Z</time>
</trkpt>
<trkpt lat="53.241695389" lon="48.973812098">
  <ele>118.556000</ele>
  <time>2010-07-31T05:38:01Z</time>
</trkpt>
<trkpt lat="53.241783148" lon="48.974201186">
  <ele>117.985001</ele>
  <time>2010-07-31T05:38:02Z</time>
</trkpt>
<trkpt lat="53.241870906" lon="48.974594129">
  <ele>117.721001</ele>
  <time>2010-07-31T05:38:03Z</time>
</trkpt>
<trkpt lat="53.241954809" lon="48.974979362">
  <ele>117.350998</ele>
  <time>2010-07-31T05:38:04Z</time>
</trkpt>
<trkpt lat="53.242046339" lon="48.975360906">
  <ele>117.031998</ele>
  <time>2010-07-31T05:38:05Z</time>
</trkpt>
<trkpt lat="53.242130242" lon="48.975746138">
  <ele>116.568001</ele>
  <time>2010-07-31T05:38:06Z</time>
</trkpt>
<trkpt lat="53.242218001" lon="48.976127598">
  <ele>116.012001</ele>
  <time>2010-07-31T05:38:07Z</time>
</trkpt>
<trkpt lat="53.242301904" lon="48.976516686">
  <ele>115.577003</ele>
  <time>2010-07-31T05:38:08Z</time>
</trkpt>
<trkpt lat="53.242393518" lon="48.976909630">
  <ele>115.001999</ele>
  <time>2010-07-31T05:38:09Z</time>
</trkpt>
<trkpt lat="53.242481193" lon="48.977302574">
  <ele>114.235001</ele>
  <time>2010-07-31T05:38:10Z</time>
</trkpt>
<trkpt lat="53.242568951" lon="48.977699289">
  <ele>113.431000</ele>
  <time>2010-07-31T05:38:11Z</time>
</trkpt>
<trkpt lat="53.242660481" lon="48.978099860">
  <ele>112.723999</ele>
  <time>2010-07-31T05:38:12Z</time>
</trkpt>
<trkpt lat="53.242748240" lon="48.978496576">
  <ele>112.041000</ele>
  <time>2010-07-31T05:38:13Z</time>
</trkpt>
<trkpt lat="53.242839854" lon="48.978897063">
  <ele>111.251999</ele>
  <time>2010-07-31T05:38:14Z</time>
</trkpt>
<trkpt lat="53.242935156" lon="48.979297634">
  <ele>110.676003</ele>
  <time>2010-07-31T05:38:15Z</time>
</trkpt>
<trkpt lat="53.243026771" lon="48.979698205">
  <ele>110.345001</ele>
  <time>2010-07-31T05:38:16Z</time>
</trkpt>
<trkpt lat="53.243114445" lon="48.980094921">
  <ele>109.945999</ele>
  <time>2010-07-31T05:38:17Z</time>
</trkpt>
<trkpt lat="53.243206060" lon="48.980491636">
  <ele>109.699997</ele>
  <time>2010-07-31T05:38:18Z</time>
</trkpt>
<trkpt lat="53.243289962" lon="48.980884580">
  <ele>109.321999</ele>
  <time>2010-07-31T05:38:19Z</time>
</trkpt>
<trkpt lat="53.243377721" lon="48.981273668">
  <ele>109.136002</ele>
  <time>2010-07-31T05:38:20Z</time>
</trkpt>
<trkpt lat="53.243465396" lon="48.981666528">
  <ele>109.183998</ele>
  <time>2010-07-31T05:38:21Z</time>
</trkpt>
<trkpt lat="53.243553154" lon="48.982051844">
  <ele>109.253998</ele>
  <time>2010-07-31T05:38:22Z</time>
</trkpt>
<trkpt lat="53.243637057" lon="48.982437160">
  <ele>109.266998</ele>
  <time>2010-07-31T05:38:23Z</time>
</trkpt>
<trkpt lat="53.243717188" lon="48.982826248">
  <ele>109.271004</ele>
  <time>2010-07-31T05:38:24Z</time>
</trkpt>
<trkpt lat="53.243793463" lon="48.983215336">
  <ele>109.338997</ele>
  <time>2010-07-31T05:38:25Z</time>
</trkpt>
<trkpt lat="53.243858339" lon="48.983608279">
  <ele>109.225998</ele>
  <time>2010-07-31T05:38:26Z</time>
</trkpt>
<trkpt lat="53.243919360" lon="48.984004995">
  <ele>109.217003</ele>
  <time>2010-07-31T05:38:27Z</time>
</trkpt>
<trkpt lat="53.243976608" lon="48.984405482">
  <ele>109.121002</ele>
  <time>2010-07-31T05:38:28Z</time>
</trkpt>
<trkpt lat="53.244026145" lon="48.984809909">
  <ele>109.082001</ele>
  <time>2010-07-31T05:38:29Z</time>
</trkpt>
<trkpt lat="53.244075766" lon="48.985214252">
  <ele>109.257004</ele>
  <time>2010-07-31T05:38:30Z</time>
</trkpt>
<trkpt lat="53.244121531" lon="48.985614739">
  <ele>109.085999</ele>
  <time>2010-07-31T05:38:31Z</time>
</trkpt>
<trkpt lat="53.244171152" lon="48.986019166">
  <ele>108.866997</ele>
  <time>2010-07-31T05:38:32Z</time>
</trkpt>
<trkpt lat="53.244220773" lon="48.986423509">
  <ele>108.628998</ele>
  <time>2010-07-31T05:38:33Z</time>
</trkpt>
<trkpt lat="53.244270310" lon="48.986823997">
  <ele>108.583000</ele>
  <time>2010-07-31T05:38:34Z</time>
</trkpt>
<trkpt lat="53.244319931" lon="48.987228423">
  <ele>108.567001</ele>
  <time>2010-07-31T05:38:35Z</time>
</trkpt>
<trkpt lat="53.244369468" lon="48.987636538">
  <ele>108.755997</ele>
  <time>2010-07-31T05:38:36Z</time>
</trkpt>
<trkpt lat="53.244415317" lon="48.988044737">
  <ele>108.801003</ele>
  <time>2010-07-31T05:38:37Z</time>
</trkpt>
<trkpt lat="53.244464854" lon="48.988452936">
  <ele>108.717003</ele>
  <time>2010-07-31T05:38:38Z</time>
</trkpt>
<trkpt lat="53.244514475" lon="48.988861050">
  <ele>108.641998</ele>
  <time>2010-07-31T05:38:39Z</time>
</trkpt>
<trkpt lat="53.244560240" lon="48.989269249">
  <ele>108.438004</ele>
  <time>2010-07-31T05:38:40Z</time>
</trkpt>
<trkpt lat="53.244613633" lon="48.989677448">
  <ele>108.508003</ele>
  <time>2010-07-31T05:38:41Z</time>
</trkpt>
<trkpt lat="53.244663253" lon="48.990085563">
  <ele>108.677002</ele>
  <time>2010-07-31T05:38:42Z</time>
</trkpt>
<trkpt lat="53.244716646" lon="48.990493761">
  <ele>108.903999</ele>
  <time>2010-07-31T05:38:43Z</time>
</trkpt>
<trkpt lat="53.244762411" lon="48.990898104">
  <ele>109.032997</ele>
  <time>2010-07-31T05:38:44Z</time>
</trkpt>
<trkpt lat="53.244812032" lon="48.991302531">
  <ele>109.032997</ele>
  <time>2010-07-31T05:38:45Z</time>
</trkpt>
<trkpt lat="53.244861569" lon="48.991706874">
  <ele>109.242996</ele>
  <time>2010-07-31T05:38:46Z</time>
</trkpt>
<trkpt lat="53.244907418" lon="48.992114989">
  <ele>109.427002</ele>
  <time>2010-07-31T05:38:47Z</time>
</trkpt>
<trkpt lat="53.244953183" lon="48.992523188">
  <ele>109.669998</ele>
  <time>2010-07-31T05:38:48Z</time>
</trkpt>
<trkpt lat="53.245002721" lon="48.992931386">
  <ele>109.956001</ele>
  <time>2010-07-31T05:38:49Z</time>
</trkpt>
<trkpt lat="53.245048486" lon="48.993335729">
  <ele>110.254997</ele>
  <time>2010-07-31T05:38:50Z</time>
</trkpt>
<trkpt lat="53.245098107" lon="48.993736301">
  <ele>110.754997</ele>
  <time>2010-07-31T05:38:51Z</time>
</trkpt>
<trkpt lat="53.245143872" lon="48.994140644">
  <ele>111.107002</ele>
  <time>2010-07-31T05:38:52Z</time>
</trkpt>
<trkpt lat="53.245193493" lon="48.994544987">
  <ele>111.307999</ele>
  <time>2010-07-31T05:38:53Z</time>
</trkpt>
<trkpt lat="53.245250741" lon="48.994949330">
  <ele>111.546997</ele>
  <time>2010-07-31T05:38:54Z</time>
</trkpt>
<trkpt lat="53.245304134" lon="48.995353673">
  <ele>111.799004</ele>
  <time>2010-07-31T05:38:55Z</time>
</trkpt>
<trkpt lat="53.245357526" lon="48.995761871">
  <ele>111.947998</ele>
  <time>2010-07-31T05:38:56Z</time>
</trkpt>
<trkpt lat="53.245410919" lon="48.996170070">
  <ele>112.094002</ele>
  <time>2010-07-31T05:38:57Z</time>
</trkpt>
<trkpt lat="53.245460540" lon="48.996578185">
  <ele>112.410004</ele>
  <time>2010-07-31T05:38:58Z</time>
</trkpt>
<trkpt lat="53.245510077" lon="48.996994011">
  <ele>112.824997</ele>
  <time>2010-07-31T05:38:59Z</time>
</trkpt>
<trkpt lat="53.245563470" lon="48.997409837">
  <ele>113.234001</ele>
  <time>2010-07-31T05:39:00Z</time>
</trkpt>
<trkpt lat="53.245616946" lon="48.997821808">
  <ele>113.792999</ele>
  <time>2010-07-31T05:39:01Z</time>
</trkpt>
<trkpt lat="53.245666483" lon="48.998233778">
  <ele>114.483002</ele>
  <time>2010-07-31T05:39:02Z</time>
</trkpt>
<trkpt lat="53.245716104" lon="48.998649605">
  <ele>115.069000</ele>
  <time>2010-07-31T05:39:03Z</time>
</trkpt>
<trkpt lat="53.245769497" lon="48.999061575">
  <ele>115.803001</ele>
  <time>2010-07-31T05:39:04Z</time>
</trkpt>
<trkpt lat="53.245819118" lon="48.999473546">
  <ele>116.862000</ele>
  <time>2010-07-31T05:39:05Z</time>
</trkpt>
<trkpt lat="53.245868655" lon="48.999881744">
  <ele>117.694000</ele>
  <time>2010-07-31T05:39:06Z</time>
</trkpt>
<trkpt lat="53.245918276" lon="49.000278460">
  <ele>118.722000</ele>
  <time>2010-07-31T05:39:07Z</time>
</trkpt>
<trkpt lat="53.245964041" lon="49.000667548">
  <ele>119.404999</ele>
  <time>2010-07-31T05:39:08Z</time>
</trkpt>
<trkpt lat="53.246009806" lon="49.001041381">
  <ele>120.291000</ele>
  <time>2010-07-31T05:39:09Z</time>
</trkpt>
<trkpt lat="53.246051800" lon="49.001399959">
  <ele>121.022003</ele>
  <time>2010-07-31T05:39:10Z</time>
</trkpt>
<trkpt lat="53.246093709" lon="49.001754764">
  <ele>121.664001</ele>
  <time>2010-07-31T05:39:11Z</time>
</trkpt>
<trkpt lat="53.246135702" lon="49.002094232">
  <ele>121.975998</ele>
  <time>2010-07-31T05:39:12Z</time>
</trkpt>
<trkpt lat="53.246177696" lon="49.002422299">
  <ele>122.205002</ele>
  <time>2010-07-31T05:39:13Z</time>
</trkpt>
<trkpt lat="53.246219605" lon="49.002738968">
  <ele>122.189003</ele>
  <time>2010-07-31T05:39:14Z</time>
</trkpt>
<trkpt lat="53.246261599" lon="49.003051780">
  <ele>122.384003</ele>
  <time>2010-07-31T05:39:15Z</time>
</trkpt>
<trkpt lat="53.246299736" lon="49.003353110">
  <ele>122.612000</ele>
  <time>2010-07-31T05:39:16Z</time>
</trkpt>
<trkpt lat="53.246337874" lon="49.003658295">
  <ele>122.730003</ele>
  <time>2010-07-31T05:39:17Z</time>
</trkpt>
<trkpt lat="53.246376012" lon="49.003951997">
  <ele>122.799004</ele>
  <time>2010-07-31T05:39:18Z</time>
</trkpt>
<trkpt lat="53.246414149" lon="49.004238155">
  <ele>122.883003</ele>
  <time>2010-07-31T05:39:19Z</time>
</trkpt>
<trkpt lat="53.246448515" lon="49.004520457">
  <ele>122.688004</ele>
  <time>2010-07-31T05:39:20Z</time>
</trkpt>
<trkpt lat="53.246482881" lon="49.004798904">
  <ele>122.829002</ele>
  <time>2010-07-31T05:39:21Z</time>
</trkpt>
<trkpt lat="53.246513391" lon="49.005069723">
  <ele>122.945000</ele>
  <time>2010-07-31T05:39:22Z</time>
</trkpt>
<trkpt lat="53.246547673" lon="49.005332915">
  <ele>122.872002</ele>
  <time>2010-07-31T05:39:23Z</time>
</trkpt>
<trkpt lat="53.246574411" lon="49.005599963">
  <ele>122.948997</ele>
  <time>2010-07-31T05:39:24Z</time>
</trkpt>
<trkpt lat="53.246604921" lon="49.005859382">
  <ele>122.985001</ele>
  <time>2010-07-31T05:39:25Z</time>
</trkpt>
<trkpt lat="53.246631660" lon="49.006118802">
  <ele>123.028999</ele>
  <time>2010-07-31T05:39:26Z</time>
</trkpt>
<trkpt lat="53.246658314" lon="49.006374367">
  <ele>123.161003</ele>
  <time>2010-07-31T05:39:27Z</time>
</trkpt>
<trkpt lat="53.246688824" lon="49.006626159">
  <ele>123.112999</ele>
  <time>2010-07-31T05:39:28Z</time>
</trkpt>
<trkpt lat="53.246723190" lon="49.006877868">
  <ele>123.147003</ele>
  <time>2010-07-31T05:39:29Z</time>
</trkpt>
<trkpt lat="53.246753700" lon="49.007125888">
  <ele>123.208000</ele>
  <time>2010-07-31T05:39:30Z</time>
</trkpt>
<trkpt lat="53.246784210" lon="49.007369969">
  <ele>123.210999</ele>
  <time>2010-07-31T05:39:31Z</time>
</trkpt>
<trkpt lat="53.246814720" lon="49.007614134">
  <ele>123.138000</ele>
  <time>2010-07-31T05:39:32Z</time>
</trkpt>
<trkpt lat="53.246845230" lon="49.007854443">
  <ele>122.841003</ele>
  <time>2010-07-31T05:39:33Z</time>
</trkpt>
<trkpt lat="53.246871969" lon="49.008098608">
  <ele>122.709999</ele>
  <time>2010-07-31T05:39:34Z</time>
</trkpt>
<trkpt lat="53.246902479" lon="49.008346545">
  <ele>122.538002</ele>
  <time>2010-07-31T05:39:35Z</time>
</trkpt>
<trkpt lat="53.246932989" lon="49.008590709">
  <ele>122.420998</ele>
  <time>2010-07-31T05:39:36Z</time>
</trkpt>
<trkpt lat="53.246963499" lon="49.008834874">
  <ele>122.067001</ele>
  <time>2010-07-31T05:39:37Z</time>
</trkpt>
<trkpt lat="53.246994009" lon="49.009082811">
  <ele>121.904999</ele>
  <time>2010-07-31T05:39:38Z</time>
</trkpt>
<trkpt lat="53.247024519" lon="49.009326976">
  <ele>121.821999</ele>
  <time>2010-07-31T05:39:39Z</time>
</trkpt>
<trkpt lat="53.247055029" lon="49.009574912">
  <ele>121.774002</ele>
  <time>2010-07-31T05:39:40Z</time>
</trkpt>
<trkpt lat="53.247085540" lon="49.009815222">
  <ele>121.635002</ele>
  <time>2010-07-31T05:39:41Z</time>
</trkpt>
<trkpt lat="53.247112278" lon="49.010059386">
  <ele>121.420998</ele>
  <time>2010-07-31T05:39:42Z</time>
</trkpt>
<trkpt lat="53.247139016" lon="49.010299696">
  <ele>121.042000</ele>
  <time>2010-07-31T05:39:43Z</time>
</trkpt>
<trkpt lat="53.247165671" lon="49.010536233">
  <ele>120.733002</ele>
  <time>2010-07-31T05:39:44Z</time>
</trkpt>
<trkpt lat="53.247196181" lon="49.010776542">
  <ele>120.259003</ele>
  <time>2010-07-31T05:39:45Z</time>
</trkpt>
<trkpt lat="53.247226691" lon="49.011016851">
  <ele>119.823997</ele>
  <time>2010-07-31T05:39:46Z</time>
</trkpt>
<trkpt lat="53.247257201" lon="49.011253389">
  <ele>119.244003</ele>
  <time>2010-07-31T05:39:47Z</time>
</trkpt>
<trkpt lat="53.247283939" lon="49.011489842">
  <ele>118.880997</ele>
  <time>2010-07-31T05:39:48Z</time>
</trkpt>
<trkpt lat="53.247314449" lon="49.011722524">
  <ele>118.192001</ele>
  <time>2010-07-31T05:39:49Z</time>
</trkpt>
<trkpt lat="53.247341188" lon="49.011955289">
  <ele>117.472000</ele>
  <time>2010-07-31T05:39:50Z</time>
</trkpt>
<trkpt lat="53.247371698" lon="49.012191743">
  <ele>116.846001</ele>
  <time>2010-07-31T05:39:51Z</time>
</trkpt>
<trkpt lat="53.247405980" lon="49.012435907">
  <ele>116.184998</ele>
  <time>2010-07-31T05:39:52Z</time>
</trkpt>
<trkpt lat="53.247440346" lon="49.012680072">
  <ele>115.570999</ele>
  <time>2010-07-31T05:39:53Z</time>
</trkpt>
<trkpt lat="53.247474711" lon="49.012928009">
  <ele>114.991997</ele>
  <time>2010-07-31T05:39:54Z</time>
</trkpt>
<trkpt lat="53.247505222" lon="49.013175946">
  <ele>114.248001</ele>
  <time>2010-07-31T05:39:55Z</time>
</trkpt>
<trkpt lat="53.247535732" lon="49.013423882">
  <ele>113.497002</ele>
  <time>2010-07-31T05:39:56Z</time>
</trkpt>
<trkpt lat="53.247566242" lon="49.013671903">
  <ele>112.859001</ele>
  <time>2010-07-31T05:39:57Z</time>
</trkpt>
<trkpt lat="53.247596752" lon="49.013923611">
  <ele>112.273003</ele>
  <time>2010-07-31T05:39:58Z</time>
</trkpt>
<trkpt lat="53.247623406" lon="49.014175404">
  <ele>111.435997</ele>
  <time>2010-07-31T05:39:59Z</time>
</trkpt>
<trkpt lat="53.247657772" lon="49.014430968">
  <ele>110.698997</ele>
  <time>2010-07-31T05:40:00Z</time>
</trkpt>
<trkpt lat="53.247688282" lon="49.014686616">
  <ele>110.042000</ele>
  <time>2010-07-31T05:40:01Z</time>
</trkpt>
<trkpt lat="53.247722648" lon="49.014945952">
  <ele>109.285004</ele>
  <time>2010-07-31T05:40:02Z</time>
</trkpt>
<trkpt lat="53.247756930" lon="49.015205372">
  <ele>108.322998</ele>
  <time>2010-07-31T05:40:03Z</time>
</trkpt>
<trkpt lat="53.247791296" lon="49.015472420">
  <ele>107.257004</ele>
  <time>2010-07-31T05:40:04Z</time>
</trkpt>
<trkpt lat="53.247825662" lon="49.015739467">
  <ele>105.994003</ele>
  <time>2010-07-31T05:40:05Z</time>
</trkpt>
<trkpt lat="53.247859944" lon="49.016006431">
  <ele>104.913002</ele>
  <time>2010-07-31T05:40:06Z</time>
</trkpt>
<trkpt lat="53.247898081" lon="49.016284961">
  <ele>103.983002</ele>
  <time>2010-07-31T05:40:07Z</time>
</trkpt>
<trkpt lat="53.247940075" lon="49.016559636">
  <ele>103.014000</ele>
  <time>2010-07-31T05:40:08Z</time>
</trkpt>
<trkpt lat="53.247978212" lon="49.016838083">
  <ele>102.135002</ele>
  <time>2010-07-31T05:40:09Z</time>
</trkpt>
<trkpt lat="53.248020206" lon="49.017116530">
  <ele>101.204002</ele>
  <time>2010-07-31T05:40:10Z</time>
</trkpt>
<trkpt lat="53.248065971" lon="49.017391205">
  <ele>100.302002</ele>
  <time>2010-07-31T05:40:11Z</time>
</trkpt>
<trkpt lat="53.248115508" lon="49.017658252">
  <ele>99.471001</ele>
  <time>2010-07-31T05:40:12Z</time>
</trkpt>
<trkpt lat="53.248165129" lon="49.017925300">
  <ele>98.871002</ele>
  <time>2010-07-31T05:40:13Z</time>
</trkpt>
<trkpt lat="53.248218521" lon="49.018188491">
  <ele>98.155998</ele>
  <time>2010-07-31T05:40:14Z</time>
</trkpt>
<trkpt lat="53.248275770" lon="49.018447911">
  <ele>97.225998</ele>
  <time>2010-07-31T05:40:15Z</time>
</trkpt>
<trkpt lat="53.248336790" lon="49.018711103">
  <ele>96.394997</ele>
  <time>2010-07-31T05:40:16Z</time>
</trkpt>
<trkpt lat="53.248397810" lon="49.018966667">
  <ele>95.718002</ele>
  <time>2010-07-31T05:40:17Z</time>
</trkpt>
<trkpt lat="53.248462686" lon="49.019226087">
  <ele>95.259003</ele>
  <time>2010-07-31T05:40:18Z</time>
</trkpt>
<trkpt lat="53.248527562" lon="49.019477880">
  <ele>94.893997</ele>
  <time>2010-07-31T05:40:19Z</time>
</trkpt>
<trkpt lat="53.248596210" lon="49.019729588">
  <ele>94.329002</ele>
  <time>2010-07-31T05:40:20Z</time>
</trkpt>
<trkpt lat="53.248661002" lon="49.019977609">
  <ele>93.767998</ele>
  <time>2010-07-31T05:40:21Z</time>
</trkpt>
<trkpt lat="53.248725878" lon="49.020229317">
  <ele>93.486000</ele>
  <time>2010-07-31T05:40:22Z</time>
</trkpt>
<trkpt lat="53.248794526" lon="49.020481110">
  <ele>93.051003</ele>
  <time>2010-07-31T05:40:23Z</time>
</trkpt>
<trkpt lat="53.248863257" lon="49.020736674">
  <ele>92.698997</ele>
  <time>2010-07-31T05:40:24Z</time>
</trkpt>
<trkpt lat="53.248931905" lon="49.020988466">
  <ele>92.428001</ele>
  <time>2010-07-31T05:40:25Z</time>
</trkpt>
<trkpt lat="53.249004325" lon="49.021244030">
  <ele>91.945000</ele>
  <time>2010-07-31T05:40:26Z</time>
</trkpt>
<trkpt lat="53.249076828" lon="49.021503450">
  <ele>91.470001</ele>
  <time>2010-07-31T05:40:27Z</time>
</trkpt>
<trkpt lat="53.249149332" lon="49.021762870">
  <ele>91.041000</ele>
  <time>2010-07-31T05:40:28Z</time>
</trkpt>
<trkpt lat="53.249225607" lon="49.022029918">
  <ele>90.781998</ele>
  <time>2010-07-31T05:40:29Z</time>
</trkpt>
<trkpt lat="53.249301882" lon="49.022296881">
  <ele>90.245003</ele>
  <time>2010-07-31T05:40:30Z</time>
</trkpt>
<trkpt lat="53.249378242" lon="49.022567784">
  <ele>90.013000</ele>
  <time>2010-07-31T05:40:31Z</time>
</trkpt>
<trkpt lat="53.249450661" lon="49.022838604">
  <ele>89.859001</ele>
  <time>2010-07-31T05:40:32Z</time>
</trkpt>
<trkpt lat="53.249523165" lon="49.023113279">
  <ele>89.925003</ele>
  <time>2010-07-31T05:40:33Z</time>
</trkpt>
<trkpt lat="53.249599440" lon="49.023384098">
  <ele>89.955002</ele>
  <time>2010-07-31T05:40:34Z</time>
</trkpt>
<trkpt lat="53.249671943" lon="49.023658773">
  <ele>90.081001</ele>
  <time>2010-07-31T05:40:35Z</time>
</trkpt>
<trkpt lat="53.249744447" lon="49.023933448">
  <ele>90.181000</ele>
  <time>2010-07-31T05:40:36Z</time>
</trkpt>
<trkpt lat="53.249816867" lon="49.024208039">
  <ele>90.279999</ele>
  <time>2010-07-31T05:40:37Z</time>
</trkpt>
<trkpt lat="53.249889370" lon="49.024478942">
  <ele>90.362999</ele>
  <time>2010-07-31T05:40:38Z</time>
</trkpt>
<trkpt lat="53.249961874" lon="49.024749761">
  <ele>90.633003</ele>
  <time>2010-07-31T05:40:39Z</time>
</trkpt>
<trkpt lat="53.250034293" lon="49.025020581">
  <ele>90.721001</ele>
  <time>2010-07-31T05:40:40Z</time>
</trkpt>
<trkpt lat="53.250106797" lon="49.025291484">
  <ele>90.676003</ele>
  <time>2010-07-31T05:40:41Z</time>
</trkpt>
<trkpt lat="53.250175444" lon="49.025558447">
  <ele>90.806999</ele>
  <time>2010-07-31T05:40:42Z</time>
</trkpt>
<trkpt lat="53.250251804" lon="49.025829351">
  <ele>91.051003</ele>
  <time>2010-07-31T05:40:43Z</time>
</trkpt>
<trkpt lat="53.250324223" lon="49.026096314">
  <ele>91.160004</ele>
  <time>2010-07-31T05:40:44Z</time>
</trkpt>
<trkpt lat="53.250396727" lon="49.026363362">
  <ele>91.248001</ele>
  <time>2010-07-31T05:40:45Z</time>
</trkpt>
<trkpt lat="53.250465374" lon="49.026630409">
  <ele>91.540001</ele>
  <time>2010-07-31T05:40:46Z</time>
</trkpt>
<trkpt lat="53.250534022" lon="49.026901228">
  <ele>91.669998</ele>
  <time>2010-07-31T05:40:47Z</time>
</trkpt>
<trkpt lat="53.250602754" lon="49.027168276">
  <ele>91.963997</ele>
  <time>2010-07-31T05:40:48Z</time>
</trkpt>
<trkpt lat="53.250675173" lon="49.027431468">
  <ele>92.155998</ele>
  <time>2010-07-31T05:40:49Z</time>
</trkpt>
<trkpt lat="53.250743905" lon="49.027694743">
  <ele>92.253998</ele>
  <time>2010-07-31T05:40:50Z</time>
</trkpt>
<trkpt lat="53.250812553" lon="49.027957935">
  <ele>92.677002</ele>
  <time>2010-07-31T05:40:51Z</time>
</trkpt>
<trkpt lat="53.250877345" lon="49.028221127">
  <ele>92.997002</ele>
  <time>2010-07-31T05:40:52Z</time>
</trkpt>
<trkpt lat="53.250949848" lon="49.028480547">
  <ele>93.073997</ele>
  <time>2010-07-31T05:40:53Z</time>
</trkpt>
<trkpt lat="53.251018496" lon="49.028743738">
  <ele>93.168999</ele>
  <time>2010-07-31T05:40:54Z</time>
</trkpt>
<trkpt lat="53.251091000" lon="49.029010786">
  <ele>93.222000</ele>
  <time>2010-07-31T05:40:55Z</time>
</trkpt>
<trkpt lat="53.251163503" lon="49.029277833">
  <ele>93.151001</ele>
  <time>2010-07-31T05:40:56Z</time>
</trkpt>
<trkpt lat="53.251239778" lon="49.029552424">
  <ele>93.144997</ele>
  <time>2010-07-31T05:40:57Z</time>
</trkpt>
<trkpt lat="53.251316054" lon="49.029834727">
  <ele>93.009003</ele>
  <time>2010-07-31T05:40:58Z</time>
</trkpt>
<trkpt lat="53.251392329" lon="49.030120885">
  <ele>92.933998</ele>
  <time>2010-07-31T05:40:59Z</time>
</trkpt>
<trkpt lat="53.251472460" lon="49.030414587">
  <ele>92.855003</ele>
  <time>2010-07-31T05:41:00Z</time>
</trkpt>
<trkpt lat="53.251552591" lon="49.030708289">
  <ele>92.821999</ele>
  <time>2010-07-31T05:41:01Z</time>
</trkpt>
<trkpt lat="53.251636494" lon="49.031002074">
  <ele>92.990997</ele>
  <time>2010-07-31T05:41:02Z</time>
</trkpt>
<trkpt lat="53.251716625" lon="49.031299632">
  <ele>93.074997</ele>
  <time>2010-07-31T05:41:03Z</time>
</trkpt>
<trkpt lat="53.251800528" lon="49.031600961">
  <ele>93.191002</ele>
  <time>2010-07-31T05:41:04Z</time>
</trkpt>
<trkpt lat="53.251884431" lon="49.031906147">
  <ele>93.197998</ele>
  <time>2010-07-31T05:41:05Z</time>
</trkpt>
<trkpt lat="53.251968417" lon="49.032215104">
  <ele>93.257004</ele>
  <time>2010-07-31T05:41:06Z</time>
</trkpt>
<trkpt lat="53.252052320" lon="49.032520289">
  <ele>93.646004</ele>
  <time>2010-07-31T05:41:07Z</time>
</trkpt>
<trkpt lat="53.252136223" lon="49.032825474">
  <ele>94.130997</ele>
  <time>2010-07-31T05:41:08Z</time>
</trkpt>
<trkpt lat="53.252220126" lon="49.033134431">
  <ele>94.615997</ele>
  <time>2010-07-31T05:41:09Z</time>
</trkpt>
<trkpt lat="53.252304113" lon="49.033443471">
  <ele>95.308998</ele>
  <time>2010-07-31T05:41:10Z</time>
</trkpt>
<trkpt lat="53.252388015" lon="49.033756284">
  <ele>96.299004</ele>
  <time>2010-07-31T05:41:11Z</time>
</trkpt>
<trkpt lat="53.252471918" lon="49.034065241">
  <ele>97.188004</ele>
  <time>2010-07-31T05:41:12Z</time>
</trkpt>
<trkpt lat="53.252555821" lon="49.034378054">
  <ele>98.153999</ele>
  <time>2010-07-31T05:41:13Z</time>
</trkpt>
<trkpt lat="53.252635952" lon="49.034690866">
  <ele>99.374001</ele>
  <time>2010-07-31T05:41:14Z</time>
</trkpt>
<trkpt lat="53.252719855" lon="49.035003679">
  <ele>100.574997</ele>
  <time>2010-07-31T05:41:15Z</time>
</trkpt>
<trkpt lat="53.252807613" lon="49.035320263">
  <ele>101.866997</ele>
  <time>2010-07-31T05:41:16Z</time>
</trkpt>
<trkpt lat="53.252895372" lon="49.035633076">
  <ele>103.115997</ele>
  <time>2010-07-31T05:41:17Z</time>
</trkpt>
<trkpt lat="53.252979275" lon="49.035949744">
  <ele>104.337997</ele>
  <time>2010-07-31T05:41:18Z</time>
</trkpt>
<trkpt lat="53.253063178" lon="49.036270101">
  <ele>105.722000</ele>
  <time>2010-07-31T05:41:19Z</time>
</trkpt>
<trkpt lat="53.253147164" lon="49.036586769">
  <ele>106.919998</ele>
  <time>2010-07-31T05:41:20Z</time>
</trkpt>
<trkpt lat="53.253231067" lon="49.036903353">
  <ele>108.313004</ele>
  <time>2010-07-31T05:41:21Z</time>
</trkpt>
<trkpt lat="53.253314970" lon="49.037220022">
  <ele>109.662003</ele>
  <time>2010-07-31T05:41:22Z</time>
</trkpt>
<trkpt lat="53.253398873" lon="49.037532834">
  <ele>110.773003</ele>
  <time>2010-07-31T05:41:23Z</time>
</trkpt>
<trkpt lat="53.253482860" lon="49.037849419">
  <ele>111.861000</ele>
  <time>2010-07-31T05:41:24Z</time>
</trkpt>
<trkpt lat="53.253562907" lon="49.038169859">
  <ele>112.886002</ele>
  <time>2010-07-31T05:41:25Z</time>
</trkpt>
<trkpt lat="53.253646810" lon="49.038494071">
  <ele>113.987000</ele>
  <time>2010-07-31T05:41:26Z</time>
</trkpt>
<trkpt lat="53.253730796" lon="49.038825994">
  <ele>114.741997</ele>
  <time>2010-07-31T05:41:27Z</time>
</trkpt>
<trkpt lat="53.253807072" lon="49.039165461">
  <ele>115.634003</ele>
  <time>2010-07-31T05:41:28Z</time>
</trkpt>
<trkpt lat="53.253883347" lon="49.039512640">
  <ele>116.305000</ele>
  <time>2010-07-31T05:41:29Z</time>
</trkpt>
<trkpt lat="53.253955850" lon="49.039871218">
  <ele>116.964996</ele>
  <time>2010-07-31T05:41:30Z</time>
</trkpt>
<trkpt lat="53.254028354" lon="49.040233651">
  <ele>117.582001</ele>
  <time>2010-07-31T05:41:31Z</time>
</trkpt>
<trkpt lat="53.254100773" lon="49.040607484">
  <ele>118.098999</ele>
  <time>2010-07-31T05:41:32Z</time>
</trkpt>
<trkpt lat="53.254165649" lon="49.040988944">
  <ele>118.385002</ele>
  <time>2010-07-31T05:41:33Z</time>
</trkpt>
<trkpt lat="53.254230525" lon="49.041378032">
  <ele>118.161003</ele>
  <time>2010-07-31T05:41:34Z</time>
</trkpt>
<trkpt lat="53.254291546" lon="49.041770976">
  <ele>118.172997</ele>
  <time>2010-07-31T05:41:35Z</time>
</trkpt>
<trkpt lat="53.254344938" lon="49.042175319">
  <ele>117.822998</ele>
  <time>2010-07-31T05:41:36Z</time>
</trkpt>
<trkpt lat="53.254402187" lon="49.042587290">
  <ele>117.540001</ele>
  <time>2010-07-31T05:41:37Z</time>
</trkpt>
<trkpt lat="53.254451724" lon="49.042999260">
  <ele>117.068001</ele>
  <time>2010-07-31T05:41:38Z</time>
</trkpt>
<trkpt lat="53.254505116" lon="49.043415086">
  <ele>116.294998</ele>
  <time>2010-07-31T05:41:39Z</time>
</trkpt>
<trkpt lat="53.254558593" lon="49.043830913">
  <ele>115.434998</ele>
  <time>2010-07-31T05:41:40Z</time>
</trkpt>
<trkpt lat="53.254608130" lon="49.044246655">
  <ele>114.874001</ele>
  <time>2010-07-31T05:41:41Z</time>
</trkpt>
<trkpt lat="53.254661523" lon="49.044670109">
  <ele>114.064003</ele>
  <time>2010-07-31T05:41:42Z</time>
</trkpt>
<trkpt lat="53.254714999" lon="49.045093562">
  <ele>113.349998</ele>
  <time>2010-07-31T05:41:43Z</time>
</trkpt>
<trkpt lat="53.254768392" lon="49.045520788">
  <ele>112.695999</ele>
  <time>2010-07-31T05:41:44Z</time>
</trkpt>
<trkpt lat="53.254821785" lon="49.045948014">
  <ele>111.849998</ele>
  <time>2010-07-31T05:41:45Z</time>
</trkpt>
<trkpt lat="53.254875178" lon="49.046379095">
  <ele>111.011002</ele>
  <time>2010-07-31T05:41:46Z</time>
</trkpt>
<trkpt lat="53.254932426" lon="49.046806321">
  <ele>110.530998</ele>
  <time>2010-07-31T05:41:47Z</time>
</trkpt>
<trkpt lat="53.254985819" lon="49.047237402">
  <ele>110.221001</ele>
  <time>2010-07-31T05:41:48Z</time>
</trkpt>
<trkpt lat="53.255039211" lon="49.047672255">
  <ele>109.761002</ele>
  <time>2010-07-31T05:41:49Z</time>
</trkpt>
<trkpt lat="53.255096460" lon="49.048107108">
  <ele>109.268997</ele>
  <time>2010-07-31T05:41:50Z</time>
</trkpt>
<trkpt lat="53.255149852" lon="49.048542045">
  <ele>108.792999</ele>
  <time>2010-07-31T05:41:51Z</time>
</trkpt>
<trkpt lat="53.255203245" lon="49.048976898">
  <ele>108.496002</ele>
  <time>2010-07-31T05:41:52Z</time>
</trkpt>
<trkpt lat="53.255256638" lon="49.049407979">
  <ele>108.199997</ele>
  <time>2010-07-31T05:41:53Z</time>
</trkpt>
<trkpt lat="53.255310031" lon="49.049835205">
  <ele>107.825996</ele>
  <time>2010-07-31T05:41:54Z</time>
</trkpt>
<trkpt lat="53.255363423" lon="49.050270058">
  <ele>107.616997</ele>
  <time>2010-07-31T05:41:55Z</time>
</trkpt>
<trkpt lat="53.255416900" lon="49.050704995">
  <ele>107.307999</ele>
  <time>2010-07-31T05:41:56Z</time>
</trkpt>
<trkpt lat="53.255470293" lon="49.051135993">
  <ele>107.287003</ele>
  <time>2010-07-31T05:41:57Z</time>
</trkpt>
<trkpt lat="53.255523685" lon="49.051563302">
  <ele>107.398003</ele>
  <time>2010-07-31T05:41:58Z</time>
</trkpt>
<trkpt lat="53.255577078" lon="49.051990528">
  <ele>107.207001</ele>
  <time>2010-07-31T05:41:59Z</time>
</trkpt>
<trkpt lat="53.255630471" lon="49.052417753">
  <ele>107.098999</ele>
  <time>2010-07-31T05:42:00Z</time>
</trkpt>
<trkpt lat="53.255687719" lon="49.052844979">
  <ele>107.053001</ele>
  <time>2010-07-31T05:42:01Z</time>
</trkpt>
<trkpt lat="53.255744968" lon="49.053272288">
  <ele>107.025002</ele>
  <time>2010-07-31T05:42:02Z</time>
</trkpt>
<trkpt lat="53.255798360" lon="49.053699514">
  <ele>107.095001</ele>
  <time>2010-07-31T05:42:03Z</time>
</trkpt>
<trkpt lat="53.255851753" lon="49.054126740">
  <ele>107.139000</ele>
  <time>2010-07-31T05:42:04Z</time>
</trkpt>
<trkpt lat="53.255901374" lon="49.054550193">
  <ele>107.161003</ele>
  <time>2010-07-31T05:42:05Z</time>
</trkpt>
<trkpt lat="53.255954767" lon="49.054973563">
  <ele>107.214996</ele>
  <time>2010-07-31T05:42:06Z</time>
</trkpt>
<trkpt lat="53.256004304" lon="49.055393245">
  <ele>107.272003</ele>
  <time>2010-07-31T05:42:07Z</time>
</trkpt>
<trkpt lat="53.256057780" lon="49.055812843">
  <ele>107.374001</ele>
  <time>2010-07-31T05:42:08Z</time>
</trkpt>
<trkpt lat="53.256107317" lon="49.056232441">
  <ele>107.461998</ele>
  <time>2010-07-31T05:42:09Z</time>
</trkpt>
<trkpt lat="53.256160710" lon="49.056648267">
  <ele>107.608002</ele>
  <time>2010-07-31T05:42:10Z</time>
</trkpt>
<trkpt lat="53.256210331" lon="49.057060238">
  <ele>107.689003</ele>
  <time>2010-07-31T05:42:11Z</time>
</trkpt>
<trkpt lat="53.256263724" lon="49.057468437">
  <ele>108.002998</ele>
  <time>2010-07-31T05:42:12Z</time>
</trkpt>
<trkpt lat="53.256317116" lon="49.057876552">
  <ele>108.109001</ele>
  <time>2010-07-31T05:42:13Z</time>
</trkpt>
<trkpt lat="53.256366737" lon="49.058284750">
  <ele>108.216003</ele>
  <time>2010-07-31T05:42:14Z</time>
</trkpt>
<trkpt lat="53.256420130" lon="49.058692949">
  <ele>108.192001</ele>
  <time>2010-07-31T05:42:15Z</time>
</trkpt>
<trkpt lat="53.256469751" lon="49.059104919">
  <ele>108.452003</ele>
  <time>2010-07-31T05:42:16Z</time>
</trkpt>
<trkpt lat="53.256515516" lon="49.059516890">
  <ele>108.699997</ele>
  <time>2010-07-31T05:42:17Z</time>
</trkpt>
<trkpt lat="53.256565053" lon="49.059928861">
  <ele>109.389999</ele>
  <time>2010-07-31T05:42:18Z</time>
</trkpt>
<trkpt lat="53.256618530" lon="49.060340915">
  <ele>110.314003</ele>
  <time>2010-07-31T05:42:19Z</time>
</trkpt>
<trkpt lat="53.256671922" lon="49.060756657">
  <ele>110.982002</ele>
  <time>2010-07-31T05:42:20Z</time>
</trkpt>
<trkpt lat="53.256725315" lon="49.061172483">
  <ele>111.917000</ele>
  <time>2010-07-31T05:42:21Z</time>
</trkpt>
<trkpt lat="53.256774936" lon="49.061584454">
  <ele>113.059998</ele>
  <time>2010-07-31T05:42:22Z</time>
</trkpt>
<trkpt lat="53.256828329" lon="49.062000280">
  <ele>114.433998</ele>
  <time>2010-07-31T05:42:23Z</time>
</trkpt>
<trkpt lat="53.256881721" lon="49.062412251">
  <ele>115.811996</ele>
  <time>2010-07-31T05:42:24Z</time>
</trkpt>
<trkpt lat="53.256931342" lon="49.062828077">
  <ele>117.100998</ele>
  <time>2010-07-31T05:42:25Z</time>
</trkpt>
<trkpt lat="53.256980879" lon="49.063240048">
  <ele>118.378998</ele>
  <time>2010-07-31T05:42:26Z</time>
</trkpt>
<trkpt lat="53.257030500" lon="49.063655874">
  <ele>119.907997</ele>
  <time>2010-07-31T05:42:27Z</time>
</trkpt>
<trkpt lat="53.257083893" lon="49.064067844">
  <ele>121.042000</ele>
  <time>2010-07-31T05:42:28Z</time>
</trkpt>
<trkpt lat="53.257137286" lon="49.064476043">
  <ele>121.848999</ele>
  <time>2010-07-31T05:42:29Z</time>
</trkpt>
<trkpt lat="53.257190678" lon="49.064888014">
  <ele>122.467003</ele>
  <time>2010-07-31T05:42:30Z</time>
</trkpt>
<trkpt lat="53.257244071" lon="49.065299984">
  <ele>123.140999</ele>
  <time>2010-07-31T05:42:31Z</time>
</trkpt>
<trkpt lat="53.257293692" lon="49.065715810">
  <ele>123.466003</ele>
  <time>2010-07-31T05:42:32Z</time>
</trkpt>
<trkpt lat="53.257343313" lon="49.066131553">
  <ele>123.514000</ele>
  <time>2010-07-31T05:42:33Z</time>
</trkpt>
<trkpt lat="53.257396705" lon="49.066555006">
  <ele>123.689003</ele>
  <time>2010-07-31T05:42:34Z</time>
</trkpt>
<trkpt lat="53.257450098" lon="49.066978460">
  <ele>123.709000</ele>
  <time>2010-07-31T05:42:35Z</time>
</trkpt>
<trkpt lat="53.257499719" lon="49.067413313">
  <ele>123.956001</ele>
  <time>2010-07-31T05:42:36Z</time>
</trkpt>
<trkpt lat="53.257553112" lon="49.067848166">
  <ele>124.129997</ele>
  <time>2010-07-31T05:42:37Z</time>
</trkpt>
<trkpt lat="53.257606504" lon="49.068286875">
  <ele>124.089996</ele>
  <time>2010-07-31T05:42:38Z</time>
</trkpt>
<trkpt lat="53.257659897" lon="49.068725584">
  <ele>124.139000</ele>
  <time>2010-07-31T05:42:39Z</time>
</trkpt>
<trkpt lat="53.257713290" lon="49.069168065">
  <ele>123.971001</ele>
  <time>2010-07-31T05:42:40Z</time>
</trkpt>
<trkpt lat="53.257766683" lon="49.069610629">
  <ele>123.862999</ele>
  <time>2010-07-31T05:42:41Z</time>
</trkpt>
<trkpt lat="53.257820159" lon="49.070053110">
  <ele>123.943001</ele>
  <time>2010-07-31T05:42:42Z</time>
</trkpt>
<trkpt lat="53.257873552" lon="49.070495591">
  <ele>123.713997</ele>
  <time>2010-07-31T05:42:43Z</time>
</trkpt>
<trkpt lat="53.257930716" lon="49.070938071">
  <ele>123.542000</ele>
  <time>2010-07-31T05:42:44Z</time>
</trkpt>
<trkpt lat="53.257987965" lon="49.071376780">
  <ele>123.455002</ele>
  <time>2010-07-31T05:42:45Z</time>
</trkpt>
<trkpt lat="53.258045213" lon="49.071815489">
  <ele>123.300003</ele>
  <time>2010-07-31T05:42:46Z</time>
</trkpt>
<trkpt lat="53.258098606" lon="49.072254198">
  <ele>123.096001</ele>
  <time>2010-07-31T05:42:47Z</time>
</trkpt>
<trkpt lat="53.258151999" lon="49.072689051">
  <ele>122.863998</ele>
  <time>2010-07-31T05:42:48Z</time>
</trkpt>
<trkpt lat="53.258205391" lon="49.073120132">
  <ele>122.634003</ele>
  <time>2010-07-31T05:42:49Z</time>
</trkpt>
<trkpt lat="53.258262640" lon="49.073554985">
  <ele>122.607002</ele>
  <time>2010-07-31T05:42:50Z</time>
</trkpt>
<trkpt lat="53.258319888" lon="49.073982211">
  <ele>122.301003</ele>
  <time>2010-07-31T05:42:51Z</time>
</trkpt>
<trkpt lat="53.258377053" lon="49.074409520">
  <ele>122.177002</ele>
  <time>2010-07-31T05:42:52Z</time>
</trkpt>
<trkpt lat="53.258434301" lon="49.074832890">
  <ele>122.041000</ele>
  <time>2010-07-31T05:42:53Z</time>
</trkpt>
<trkpt lat="53.258491550" lon="49.075256344">
  <ele>122.084000</ele>
  <time>2010-07-31T05:42:54Z</time>
</trkpt>
<trkpt lat="53.258544942" lon="49.075683570">
  <ele>122.133003</ele>
  <time>2010-07-31T05:42:55Z</time>
</trkpt>
<trkpt lat="53.258598335" lon="49.076114651">
  <ele>122.161003</ele>
  <time>2010-07-31T05:42:56Z</time>
</trkpt>
<trkpt lat="53.258647956" lon="49.076541876">
  <ele>122.195000</ele>
  <time>2010-07-31T05:42:57Z</time>
</trkpt>
<trkpt lat="53.258701349" lon="49.076969186">
  <ele>122.425003</ele>
  <time>2010-07-31T05:42:58Z</time>
</trkpt>
<trkpt lat="53.258758513" lon="49.077396411">
  <ele>122.348000</ele>
  <time>2010-07-31T05:42:59Z</time>
</trkpt>
<trkpt lat="53.258811990" lon="49.077823637">
  <ele>122.606003</ele>
  <time>2010-07-31T05:43:00Z</time>
</trkpt>
<trkpt lat="53.258865383" lon="49.078250863">
  <ele>122.737000</ele>
  <time>2010-07-31T05:43:01Z</time>
</trkpt>
<trkpt lat="53.258922547" lon="49.078678172">
  <ele>123.085999</ele>
  <time>2010-07-31T05:43:02Z</time>
</trkpt>
<trkpt lat="53.258976024" lon="49.079101542">
  <ele>123.447998</ele>
  <time>2010-07-31T05:43:03Z</time>
</trkpt>
<trkpt lat="53.259029416" lon="49.079528768">
  <ele>123.705002</ele>
  <time>2010-07-31T05:43:04Z</time>
</trkpt>
<trkpt lat="53.259086581" lon="49.079956077">
  <ele>124.030998</ele>
  <time>2010-07-31T05:43:05Z</time>
</trkpt>
<trkpt lat="53.259136202" lon="49.080383303">
  <ele>124.394997</ele>
  <time>2010-07-31T05:43:06Z</time>
</trkpt>
<trkpt lat="53.259189595" lon="49.080810528">
  <ele>124.739998</ele>
  <time>2010-07-31T05:43:07Z</time>
</trkpt>
<trkpt lat="53.259239215" lon="49.081233982">
  <ele>125.108002</ele>
  <time>2010-07-31T05:43:08Z</time>
</trkpt>
<trkpt lat="53.259288752" lon="49.081657436">
  <ele>125.424004</ele>
  <time>2010-07-31T05:43:09Z</time>
</trkpt>
<trkpt lat="53.259338373" lon="49.082077034">
  <ele>125.935997</ele>
  <time>2010-07-31T05:43:10Z</time>
</trkpt>
<trkpt lat="53.259376511" lon="49.082496632">
  <ele>126.057999</ele>
  <time>2010-07-31T05:43:11Z</time>
</trkpt>
<trkpt lat="53.259407021" lon="49.082920086">
  <ele>126.348000</ele>
  <time>2010-07-31T05:43:12Z</time>
</trkpt>
<trkpt lat="53.259433759" lon="49.083335912">
  <ele>126.529999</ele>
  <time>2010-07-31T05:43:13Z</time>
</trkpt>
<trkpt lat="53.259449014" lon="49.083755510">
  <ele>126.636002</ele>
  <time>2010-07-31T05:43:14Z</time>
</trkpt>
<trkpt lat="53.259456642" lon="49.084178964">
  <ele>126.617996</ele>
  <time>2010-07-31T05:43:15Z</time>
</trkpt>
<trkpt lat="53.259456642" lon="49.084602334">
  <ele>126.518997</ele>
  <time>2010-07-31T05:43:16Z</time>
</trkpt>
<trkpt lat="53.259449014" lon="49.085018160">
  <ele>126.514999</ele>
  <time>2010-07-31T05:43:17Z</time>
</trkpt>
<trkpt lat="53.259437531" lon="49.085433986">
  <ele>126.193001</ele>
  <time>2010-07-31T05:43:18Z</time>
</trkpt>
<trkpt lat="53.259418504" lon="49.085845957">
  <ele>125.949997</ele>
  <time>2010-07-31T05:43:19Z</time>
</trkpt>
<trkpt lat="53.259399394" lon="49.086257927">
  <ele>125.655998</ele>
  <time>2010-07-31T05:43:20Z</time>
</trkpt>
<trkpt lat="53.259376511" lon="49.086662270">
  <ele>125.372002</ele>
  <time>2010-07-31T05:43:21Z</time>
</trkpt>
<trkpt lat="53.259349857" lon="49.087066613">
  <ele>124.876999</ele>
  <time>2010-07-31T05:43:22Z</time>
</trkpt>
<trkpt lat="53.259319346" lon="49.087467184">
  <ele>123.989998</ele>
  <time>2010-07-31T05:43:23Z</time>
</trkpt>
<trkpt lat="53.259284981" lon="49.087871527">
  <ele>123.244003</ele>
  <time>2010-07-31T05:43:24Z</time>
</trkpt>
<trkpt lat="53.259254470" lon="49.088279726">
  <ele>122.237000</ele>
  <time>2010-07-31T05:43:25Z</time>
</trkpt>
<trkpt lat="53.259223960" lon="49.088687925">
  <ele>121.234001</ele>
  <time>2010-07-31T05:43:26Z</time>
</trkpt>
<trkpt lat="53.259193450" lon="49.089099895">
  <ele>120.570000</ele>
  <time>2010-07-31T05:43:27Z</time>
</trkpt>
<trkpt lat="53.259162940" lon="49.089511866">
  <ele>119.563004</ele>
  <time>2010-07-31T05:43:28Z</time>
</trkpt>
<trkpt lat="53.259128574" lon="49.089920064">
  <ele>118.708000</ele>
  <time>2010-07-31T05:43:29Z</time>
</trkpt>
<trkpt lat="53.259098064" lon="49.090332035">
  <ele>117.718002</ele>
  <time>2010-07-31T05:43:30Z</time>
</trkpt>
<trkpt lat="53.259067554" lon="49.090740234">
  <ele>117.153000</ele>
  <time>2010-07-31T05:43:31Z</time>
</trkpt>
<trkpt lat="53.259037044" lon="49.091152204">
  <ele>116.306000</ele>
  <time>2010-07-31T05:43:32Z</time>
</trkpt>
<trkpt lat="53.259006534" lon="49.091560403">
  <ele>115.359001</ele>
  <time>2010-07-31T05:43:33Z</time>
</trkpt>
<trkpt lat="53.258976024" lon="49.091968518">
  <ele>114.398003</ele>
  <time>2010-07-31T05:43:34Z</time>
</trkpt>
<trkpt lat="53.258949285" lon="49.092380488">
  <ele>113.945000</ele>
  <time>2010-07-31T05:43:35Z</time>
</trkpt>
<trkpt lat="53.258918775" lon="49.092788687">
  <ele>113.389000</ele>
  <time>2010-07-31T05:43:36Z</time>
</trkpt>
<trkpt lat="53.258888265" lon="49.093204513">
  <ele>112.878998</ele>
  <time>2010-07-31T05:43:37Z</time>
</trkpt>
<trkpt lat="53.258857755" lon="49.093616484">
  <ele>112.504997</ele>
  <time>2010-07-31T05:43:38Z</time>
</trkpt>
<trkpt lat="53.258827245" lon="49.094028454">
  <ele>112.176003</ele>
  <time>2010-07-31T05:43:39Z</time>
</trkpt>
<trkpt lat="53.258796651" lon="49.094440425">
  <ele>111.558998</ele>
  <time>2010-07-31T05:43:40Z</time>
</trkpt>
<trkpt lat="53.258769996" lon="49.094852479">
  <ele>110.887001</ele>
  <time>2010-07-31T05:43:41Z</time>
</trkpt>
<trkpt lat="53.258743258" lon="49.095268222">
  <ele>110.494003</ele>
  <time>2010-07-31T05:43:42Z</time>
</trkpt>
<trkpt lat="53.258712748" lon="49.095687903">
  <ele>110.176003</ele>
  <time>2010-07-31T05:43:43Z</time>
</trkpt>
<trkpt lat="53.258682238" lon="49.096103646">
  <ele>109.759003</ele>
  <time>2010-07-31T05:43:44Z</time>
</trkpt>
<trkpt lat="53.258651728" lon="49.096523244">
  <ele>109.516998</ele>
  <time>2010-07-31T05:43:45Z</time>
</trkpt>
<trkpt lat="53.258621218" lon="49.096942926">
  <ele>109.254997</ele>
  <time>2010-07-31T05:43:46Z</time>
</trkpt>
<trkpt lat="53.258586852" lon="49.097362524">
  <ele>109.071999</ele>
  <time>2010-07-31T05:43:47Z</time>
</trkpt>
<trkpt lat="53.258556342" lon="49.097778350">
  <ele>109.105003</ele>
  <time>2010-07-31T05:43:48Z</time>
</trkpt>
<trkpt lat="53.258522060" lon="49.098197948">
  <ele>109.199997</ele>
  <time>2010-07-31T05:43:49Z</time>
</trkpt>
<trkpt lat="53.258491550" lon="49.098613774">
  <ele>109.355003</ele>
  <time>2010-07-31T05:43:50Z</time>
</trkpt>
<trkpt lat="53.258461040" lon="49.099025745">
  <ele>109.552002</ele>
  <time>2010-07-31T05:43:51Z</time>
</trkpt>
<trkpt lat="53.258434301" lon="49.099433860">
  <ele>109.565002</ele>
  <time>2010-07-31T05:43:52Z</time>
</trkpt>
<trkpt lat="53.258403791" lon="49.099842058">
  <ele>109.597000</ele>
  <time>2010-07-31T05:43:53Z</time>
</trkpt>
<trkpt lat="53.258377053" lon="49.100250257">
  <ele>109.935997</ele>
  <time>2010-07-31T05:43:54Z</time>
</trkpt>
<trkpt lat="53.258346543" lon="49.100658456">
  <ele>109.946999</ele>
  <time>2010-07-31T05:43:55Z</time>
</trkpt>
<trkpt lat="53.258319888" lon="49.101062799">
  <ele>109.834999</ele>
  <time>2010-07-31T05:43:56Z</time>
</trkpt>
<trkpt lat="53.258289378" lon="49.101463286">
  <ele>109.816002</ele>
  <time>2010-07-31T05:43:57Z</time>
</trkpt>
<trkpt lat="53.258258784" lon="49.101860086">
  <ele>109.785004</ele>
  <time>2010-07-31T05:43:58Z</time>
</trkpt>
<trkpt lat="53.258228274" lon="49.102256801">
  <ele>109.574997</ele>
  <time>2010-07-31T05:43:59Z</time>
</trkpt>
<trkpt lat="53.258197764" lon="49.102645889">
  <ele>109.649002</ele>
  <time>2010-07-31T05:44:00Z</time>
</trkpt>
<trkpt lat="53.258167254" lon="49.103034977">
  <ele>109.538002</ele>
  <time>2010-07-31T05:44:01Z</time>
</trkpt>
<trkpt lat="53.258136744" lon="49.103424065">
  <ele>109.720001</ele>
  <time>2010-07-31T05:44:02Z</time>
</trkpt>
<trkpt lat="53.258106234" lon="49.103805525">
  <ele>109.561996</ele>
  <time>2010-07-31T05:44:03Z</time>
</trkpt>
<trkpt lat="53.258079495" lon="49.104186986">
  <ele>109.665001</ele>
  <time>2010-07-31T05:44:04Z</time>
</trkpt>
<trkpt lat="53.258052841" lon="49.104568446">
  <ele>109.635002</ele>
  <time>2010-07-31T05:44:05Z</time>
</trkpt>
<trkpt lat="53.258026103" lon="49.104946135">
  <ele>109.565002</ele>
  <time>2010-07-31T05:44:06Z</time>
</trkpt>
<trkpt lat="53.257999448" lon="49.105327595">
  <ele>109.382004</ele>
  <time>2010-07-31T05:44:07Z</time>
</trkpt>
<trkpt lat="53.257972710" lon="49.105709055">
  <ele>109.244003</ele>
  <time>2010-07-31T05:44:08Z</time>
</trkpt>
<trkpt lat="53.257946055" lon="49.106090516">
  <ele>109.099998</ele>
  <time>2010-07-31T05:44:09Z</time>
</trkpt>
<trkpt lat="53.257919317" lon="49.106479604">
  <ele>108.845001</ele>
  <time>2010-07-31T05:44:10Z</time>
</trkpt>
<trkpt lat="53.257892579" lon="49.106864920">
  <ele>108.430000</ele>
  <time>2010-07-31T05:44:11Z</time>
</trkpt>
<trkpt lat="53.257865924" lon="49.107257864">
  <ele>108.056999</ele>
  <time>2010-07-31T05:44:12Z</time>
</trkpt>
<trkpt lat="53.257839186" lon="49.107646951">
  <ele>107.396004</ele>
  <time>2010-07-31T05:44:13Z</time>
</trkpt>
<trkpt lat="53.257812532" lon="49.108032268">
  <ele>106.853996</ele>
  <time>2010-07-31T05:44:14Z</time>
</trkpt>
<trkpt lat="53.257789649" lon="49.108417500">
  <ele>106.366997</ele>
  <time>2010-07-31T05:44:15Z</time>
</trkpt>
<trkpt lat="53.257762911" lon="49.108802816">
  <ele>105.625999</ele>
  <time>2010-07-31T05:44:16Z</time>
</trkpt>
<trkpt lat="53.257736173" lon="49.109184276">
  <ele>104.546997</ele>
  <time>2010-07-31T05:44:17Z</time>
</trkpt>
<trkpt lat="53.257705662" lon="49.109565737">
  <ele>104.017998</ele>
  <time>2010-07-31T05:44:18Z</time>
</trkpt>
<trkpt lat="53.257679008" lon="49.109947197">
  <ele>103.125999</ele>
  <time>2010-07-31T05:44:19Z</time>
</trkpt>
<trkpt lat="53.257652270" lon="49.110324886">
  <ele>102.414001</ele>
  <time>2010-07-31T05:44:20Z</time>
</trkpt>
<trkpt lat="53.257625615" lon="49.110702490">
  <ele>101.808998</ele>
  <time>2010-07-31T05:44:21Z</time>
</trkpt>
<trkpt lat="53.257598877" lon="49.111072551">
  <ele>101.199997</ele>
  <time>2010-07-31T05:44:22Z</time>
</trkpt>
<trkpt lat="53.257572139" lon="49.111438757">
  <ele>100.875999</ele>
  <time>2010-07-31T05:44:23Z</time>
</trkpt>
<trkpt lat="53.257545484" lon="49.111804962">
  <ele>100.625000</ele>
  <time>2010-07-31T05:44:24Z</time>
</trkpt>
<trkpt lat="53.257518746" lon="49.112167396">
  <ele>100.440002</ele>
  <time>2010-07-31T05:44:25Z</time>
</trkpt>
<trkpt lat="53.257495863" lon="49.112533601">
  <ele>100.406998</ele>
  <time>2010-07-31T05:44:26Z</time>
</trkpt>
<trkpt lat="53.257469209" lon="49.112892179">
  <ele>100.257004</ele>
  <time>2010-07-31T05:44:27Z</time>
</trkpt>
<trkpt lat="53.257446326" lon="49.113250757">
  <ele>100.015999</ele>
  <time>2010-07-31T05:44:28Z</time>
</trkpt>
<trkpt lat="53.257419588" lon="49.113613106">
  <ele>100.011002</ele>
  <time>2010-07-31T05:44:29Z</time>
</trkpt>
<trkpt lat="53.257392850" lon="49.113971684">
  <ele>99.714996</ele>
  <time>2010-07-31T05:44:30Z</time>
</trkpt>
<trkpt lat="53.257366195" lon="49.114330262">
  <ele>99.668999</ele>
  <time>2010-07-31T05:44:31Z</time>
</trkpt>
<trkpt lat="53.257339457" lon="49.114692695">
  <ele>99.341003</ele>
  <time>2010-07-31T05:44:32Z</time>
</trkpt>
<trkpt lat="53.257312803" lon="49.115055045">
  <ele>99.167000</ele>
  <time>2010-07-31T05:44:33Z</time>
</trkpt>
<trkpt lat="53.257286064" lon="49.115425106">
  <ele>98.555000</ele>
  <time>2010-07-31T05:44:34Z</time>
</trkpt>
<trkpt lat="53.257259410" lon="49.115791311">
  <ele>97.889999</ele>
  <time>2010-07-31T05:44:35Z</time>
</trkpt>
<trkpt lat="53.257232672" lon="49.116161373">
  <ele>97.490997</ele>
  <time>2010-07-31T05:44:36Z</time>
</trkpt>
<trkpt lat="53.257205933" lon="49.116535205">
  <ele>97.153999</ele>
  <time>2010-07-31T05:44:37Z</time>
</trkpt>
<trkpt lat="53.257179279" lon="49.116905183">
  <ele>96.778999</ele>
  <time>2010-07-31T05:44:38Z</time>
</trkpt>
<trkpt lat="53.257152541" lon="49.117275244">
  <ele>96.393997</ele>
  <time>2010-07-31T05:44:39Z</time>
</trkpt>
<trkpt lat="53.257125886" lon="49.117641449">
  <ele>96.029999</ele>
  <time>2010-07-31T05:44:40Z</time>
</trkpt>
<trkpt lat="53.257099148" lon="49.118000027">
  <ele>95.892998</ele>
  <time>2010-07-31T05:44:41Z</time>
</trkpt>
<trkpt lat="53.257076265" lon="49.118354833">
  <ele>95.876999</ele>
  <time>2010-07-31T05:44:42Z</time>
</trkpt>
<trkpt lat="53.257053383" lon="49.118705783">
  <ele>95.908997</ele>
  <time>2010-07-31T05:44:43Z</time>
</trkpt>
<trkpt lat="53.257026644" lon="49.119052878">
  <ele>95.794998</ele>
  <time>2010-07-31T05:44:44Z</time>
</trkpt>
<trkpt lat="53.257003762" lon="49.119388573">
  <ele>95.939003</ele>
  <time>2010-07-31T05:44:45Z</time>
</trkpt>
<trkpt lat="53.256977107" lon="49.119716641">
  <ele>96.157997</ele>
  <time>2010-07-31T05:44:46Z</time>
</trkpt>
<trkpt lat="53.256954225" lon="49.120040853">
  <ele>96.403000</ele>
  <time>2010-07-31T05:44:47Z</time>
</trkpt>
<trkpt lat="53.256935114" lon="49.120357521">
  <ele>96.863998</ele>
  <time>2010-07-31T05:44:48Z</time>
</trkpt>
<trkpt lat="53.256912231" lon="49.120677961">
  <ele>97.035004</ele>
  <time>2010-07-31T05:44:49Z</time>
</trkpt>
<trkpt lat="53.256889349" lon="49.120998401">
  <ele>96.943001</ele>
  <time>2010-07-31T05:44:50Z</time>
</trkpt>
<trkpt lat="53.256866466" lon="49.121311214">
  <ele>97.485001</ele>
  <time>2010-07-31T05:44:51Z</time>
</trkpt>
<trkpt lat="53.256843584" lon="49.121620171">
  <ele>98.136002</ele>
  <time>2010-07-31T05:44:52Z</time>
</trkpt>
<trkpt lat="53.256824473" lon="49.121921500">
  <ele>98.875000</ele>
  <time>2010-07-31T05:44:53Z</time>
</trkpt>
<trkpt lat="53.256801590" lon="49.122226685">
  <ele>99.441002</ele>
  <time>2010-07-31T05:44:54Z</time>
</trkpt>
<trkpt lat="53.256778708" lon="49.122531870">
  <ele>100.004997</ele>
  <time>2010-07-31T05:44:55Z</time>
</trkpt>
<trkpt lat="53.256759681" lon="49.122833284">
  <ele>100.799004</ele>
  <time>2010-07-31T05:44:56Z</time>
</trkpt>
<trkpt lat="53.256736714" lon="49.123138469">
  <ele>101.550003</ele>
  <time>2010-07-31T05:44:57Z</time>
</trkpt>
<trkpt lat="53.256721459" lon="49.123451198">
  <ele>102.514999</ele>
  <time>2010-07-31T05:44:58Z</time>
</trkpt>
<trkpt lat="53.256702432" lon="49.123767866">
  <ele>103.388000</ele>
  <time>2010-07-31T05:44:59Z</time>
</trkpt>
<trkpt lat="53.256687177" lon="49.124092078">
  <ele>104.426003</ele>
  <time>2010-07-31T05:45:00Z</time>
</trkpt>
<trkpt lat="53.256668067" lon="49.124420146">
  <ele>105.274002</ele>
  <time>2010-07-31T05:45:01Z</time>
</trkpt>
<trkpt lat="53.256645184" lon="49.124752069">
  <ele>105.879997</ele>
  <time>2010-07-31T05:45:02Z</time>
</trkpt>
<trkpt lat="53.256626157" lon="49.125095392">
  <ele>106.667999</ele>
  <time>2010-07-31T05:45:03Z</time>
</trkpt>
<trkpt lat="53.256599419" lon="49.125442486">
  <ele>107.583000</ele>
  <time>2010-07-31T05:45:04Z</time>
</trkpt>
<trkpt lat="53.256568909" lon="49.125782037">
  <ele>107.973000</ele>
  <time>2010-07-31T05:45:05Z</time>
</trkpt>
<trkpt lat="53.256542170" lon="49.126110105">
  <ele>108.679001</ele>
  <time>2010-07-31T05:45:06Z</time>
</trkpt>
<trkpt lat="53.256511660" lon="49.126438173">
  <ele>109.033997</ele>
  <time>2010-07-31T05:45:07Z</time>
</trkpt>
<trkpt lat="53.256481150" lon="49.126754757">
  <ele>109.599998</ele>
  <time>2010-07-31T05:45:08Z</time>
</trkpt>
<trkpt lat="53.256454496" lon="49.127063714">
  <ele>109.837997</ele>
  <time>2010-07-31T05:45:09Z</time>
</trkpt>
<trkpt lat="53.256431613" lon="49.127368899">
  <ele>110.321999</ele>
  <time>2010-07-31T05:45:10Z</time>
</trkpt>
<trkpt lat="53.256412502" lon="49.127666457">
  <ele>110.482002</ele>
  <time>2010-07-31T05:45:11Z</time>
</trkpt>
<trkpt lat="53.256389620" lon="49.127952615">
  <ele>110.723999</ele>
  <time>2010-07-31T05:45:12Z</time>
</trkpt>
<trkpt lat="53.256366737" lon="49.128215807">
  <ele>110.758003</ele>
  <time>2010-07-31T05:45:13Z</time>
</trkpt>
<trkpt lat="53.256347626" lon="49.128463743">
  <ele>110.891998</ele>
  <time>2010-07-31T05:45:14Z</time>
</trkpt>
<trkpt lat="53.256332371" lon="49.128700281">
  <ele>110.852997</ele>
  <time>2010-07-31T05:45:15Z</time>
</trkpt>
<trkpt lat="53.256313344" lon="49.128936734">
  <ele>111.035004</ele>
  <time>2010-07-31T05:45:16Z</time>
</trkpt>
<trkpt lat="53.256298089" lon="49.129165644">
  <ele>111.278000</ele>
  <time>2010-07-31T05:45:17Z</time>
</trkpt>
<trkpt lat="53.256278979" lon="49.129390698">
  <ele>111.728996</ele>
  <time>2010-07-31T05:45:18Z</time>
</trkpt>
<trkpt lat="53.256263724" lon="49.129619608">
  <ele>111.974998</ele>
  <time>2010-07-31T05:45:19Z</time>
</trkpt>
<trkpt lat="53.256244697" lon="49.129859917">
  <ele>111.940002</ele>
  <time>2010-07-31T05:45:20Z</time>
</trkpt>
<trkpt lat="53.256225586" lon="49.130107854">
  <ele>111.924004</ele>
  <time>2010-07-31T05:45:21Z</time>
</trkpt>
<trkpt lat="53.256206475" lon="49.130355874">
  <ele>112.102997</ele>
  <time>2010-07-31T05:45:22Z</time>
</trkpt>
<trkpt lat="53.256191220" lon="49.130607583">
  <ele>112.026001</ele>
  <time>2010-07-31T05:45:23Z</time>
</trkpt>
<trkpt lat="53.256172193" lon="49.130863231">
  <ele>111.773003</ele>
  <time>2010-07-31T05:45:24Z</time>
</trkpt>
<trkpt lat="53.256156938" lon="49.131122567">
  <ele>111.360001</ele>
  <time>2010-07-31T05:45:25Z</time>
</trkpt>
<trkpt lat="53.256137827" lon="49.131389614">
  <ele>111.111000</ele>
  <time>2010-07-31T05:45:26Z</time>
</trkpt>
<trkpt lat="53.256114945" lon="49.131668061">
  <ele>110.764000</ele>
  <time>2010-07-31T05:45:27Z</time>
</trkpt>
<trkpt lat="53.256095918" lon="49.131950364">
  <ele>110.546997</ele>
  <time>2010-07-31T05:45:28Z</time>
</trkpt>
<trkpt lat="53.256076807" lon="49.132232666">
  <ele>110.524002</ele>
  <time>2010-07-31T05:45:29Z</time>
</trkpt>
<trkpt lat="53.256053925" lon="49.132514969">
  <ele>110.098000</ele>
  <time>2010-07-31T05:45:30Z</time>
</trkpt>
<trkpt lat="53.256034814" lon="49.132793415">
  <ele>109.805000</ele>
  <time>2010-07-31T05:45:31Z</time>
</trkpt>
<trkpt lat="53.256015787" lon="49.133071862">
  <ele>109.526001</ele>
  <time>2010-07-31T05:45:32Z</time>
</trkpt>
<trkpt lat="53.255992904" lon="49.133350393">
  <ele>109.161003</ele>
  <time>2010-07-31T05:45:33Z</time>
</trkpt>
<trkpt lat="53.255970022" lon="49.133628840">
  <ele>108.815002</ele>
  <time>2010-07-31T05:45:34Z</time>
</trkpt>
<trkpt lat="53.255947139" lon="49.133911142">
  <ele>108.431000</ele>
  <time>2010-07-31T05:45:35Z</time>
</trkpt>
<trkpt lat="53.255924257" lon="49.134193445">
  <ele>108.277000</ele>
  <time>2010-07-31T05:45:36Z</time>
</trkpt>
<trkpt lat="53.255897518" lon="49.134468120">
  <ele>107.766998</ele>
  <time>2010-07-31T05:45:37Z</time>
</trkpt>
<trkpt lat="53.255867008" lon="49.134742711">
  <ele>107.788002</ele>
  <time>2010-07-31T05:45:38Z</time>
</trkpt>
<trkpt lat="53.255836498" lon="49.135013614">
  <ele>107.474998</ele>
  <time>2010-07-31T05:45:39Z</time>
</trkpt>
<trkpt lat="53.255805988" lon="49.135284433">
  <ele>107.191002</ele>
  <time>2010-07-31T05:45:40Z</time>
</trkpt>
<trkpt lat="53.255771622" lon="49.135555252">
  <ele>107.014000</ele>
  <time>2010-07-31T05:45:41Z</time>
</trkpt>
<trkpt lat="53.255733484" lon="49.135826072">
  <ele>106.737000</ele>
  <time>2010-07-31T05:45:42Z</time>
</trkpt>
<trkpt lat="53.255699119" lon="49.136093119">
  <ele>106.464996</ele>
  <time>2010-07-31T05:45:43Z</time>
</trkpt>
<trkpt lat="53.255657209" lon="49.136367794">
  <ele>106.416000</ele>
  <time>2010-07-31T05:45:44Z</time>
</trkpt>
<trkpt lat="53.255611444" lon="49.136646241">
  <ele>106.057999</ele>
  <time>2010-07-31T05:45:45Z</time>
</trkpt>
<trkpt lat="53.255561823" lon="49.136920916">
  <ele>105.678001</ele>
  <time>2010-07-31T05:45:46Z</time>
</trkpt>
<trkpt lat="53.255504575" lon="49.137195591">
  <ele>105.378998</ele>
  <time>2010-07-31T05:45:47Z</time>
</trkpt>
<trkpt lat="53.255443554" lon="49.137462638">
  <ele>104.931000</ele>
  <time>2010-07-31T05:45:48Z</time>
</trkpt>
<trkpt lat="53.255386390" lon="49.137729686">
  <ele>104.530998</ele>
  <time>2010-07-31T05:45:49Z</time>
</trkpt>
<trkpt lat="53.255325286" lon="49.137992878">
  <ele>104.172997</ele>
  <time>2010-07-31T05:45:50Z</time>
</trkpt>
<trkpt lat="53.255268121" lon="49.138259925">
  <ele>103.893997</ele>
  <time>2010-07-31T05:45:51Z</time>
</trkpt>
<trkpt lat="53.255210873" lon="49.138526889">
  <ele>103.402000</ele>
  <time>2010-07-31T05:45:52Z</time>
</trkpt>
<trkpt lat="53.255149852" lon="49.138793936">
  <ele>102.970001</ele>
  <time>2010-07-31T05:45:53Z</time>
</trkpt>
<trkpt lat="53.255096460" lon="49.139057128">
  <ele>102.482002</ele>
  <time>2010-07-31T05:45:54Z</time>
</trkpt>
<trkpt lat="53.255039211" lon="49.139324175">
  <ele>101.980003</ele>
  <time>2010-07-31T05:45:55Z</time>
</trkpt>
<trkpt lat="53.254981963" lon="49.139583595">
  <ele>101.337997</ele>
  <time>2010-07-31T05:45:56Z</time>
</trkpt>
<trkpt lat="53.254924798" lon="49.139843015">
  <ele>100.921997</ele>
  <time>2010-07-31T05:45:57Z</time>
</trkpt>
<trkpt lat="53.254867550" lon="49.140109979">
  <ele>100.171997</ele>
  <time>2010-07-31T05:45:58Z</time>
</trkpt>
<trkpt lat="53.254810302" lon="49.140399909">
  <ele>99.802002</ele>
  <time>2010-07-31T05:45:59Z</time>
</trkpt>
<trkpt lat="53.254756909" lon="49.140701322">
  <ele>99.389999</ele>
  <time>2010-07-31T05:46:00Z</time>
</trkpt>
<trkpt lat="53.254692117" lon="49.141014135">
  <ele>98.781998</ele>
  <time>2010-07-31T05:46:01Z</time>
</trkpt>
<trkpt lat="53.254623385" lon="49.141338347">
  <ele>97.985001</ele>
  <time>2010-07-31T05:46:02Z</time>
</trkpt>
<trkpt lat="53.254550966" lon="49.141681669">
  <ele>97.331001</ele>
  <time>2010-07-31T05:46:03Z</time>
</trkpt>
<trkpt lat="53.254474606" lon="49.142028848">
  <ele>96.564003</ele>
  <time>2010-07-31T05:46:04Z</time>
</trkpt>
<trkpt lat="53.254394559" lon="49.142379798">
  <ele>95.692001</ele>
  <time>2010-07-31T05:46:05Z</time>
</trkpt>
<trkpt lat="53.254314428" lon="49.142730748">
  <ele>94.971001</ele>
  <time>2010-07-31T05:46:06Z</time>
</trkpt>
<trkpt lat="53.254238153" lon="49.143081699">
  <ele>94.779999</ele>
  <time>2010-07-31T05:46:07Z</time>
</trkpt>
<trkpt lat="53.254158022" lon="49.143440276">
  <ele>94.642998</ele>
  <time>2010-07-31T05:46:08Z</time>
</trkpt>
<trkpt lat="53.254081747" lon="49.143798854">
  <ele>94.464996</ele>
  <time>2010-07-31T05:46:09Z</time>
</trkpt>
<trkpt lat="53.254005471" lon="49.144161204">
  <ele>94.560997</ele>
  <time>2010-07-31T05:46:10Z</time>
</trkpt>
<trkpt lat="53.253929112" lon="49.144519782">
  <ele>94.910004</ele>
  <time>2010-07-31T05:46:11Z</time>
</trkpt>
<trkpt lat="53.253852837" lon="49.144874588">
  <ele>95.035004</ele>
  <time>2010-07-31T05:46:12Z</time>
</trkpt>
<trkpt lat="53.253776561" lon="49.145225538">
  <ele>94.939003</ele>
  <time>2010-07-31T05:46:13Z</time>
</trkpt>
<trkpt lat="53.253700286" lon="49.145568861">
  <ele>95.054001</ele>
  <time>2010-07-31T05:46:14Z</time>
</trkpt>
<trkpt lat="53.253623927" lon="49.145915955">
  <ele>95.002998</ele>
  <time>2010-07-31T05:46:15Z</time>
</trkpt>
<trkpt lat="53.253547652" lon="49.146255506">
  <ele>95.164001</ele>
  <time>2010-07-31T05:46:16Z</time>
</trkpt>
<trkpt lat="53.253475148" lon="49.146594973">
  <ele>94.991997</ele>
  <time>2010-07-31T05:46:17Z</time>
</trkpt>
<trkpt lat="53.253398873" lon="49.146923041">
  <ele>95.029999</ele>
  <time>2010-07-31T05:46:18Z</time>
</trkpt>
<trkpt lat="53.253330225" lon="49.147243481">
  <ele>94.819000</ele>
  <time>2010-07-31T05:46:19Z</time>
</trkpt>
<trkpt lat="53.253261577" lon="49.147556294">
  <ele>94.820999</ele>
  <time>2010-07-31T05:46:20Z</time>
</trkpt>
<trkpt lat="53.253192930" lon="49.147865335">
  <ele>94.453003</ele>
  <time>2010-07-31T05:46:21Z</time>
</trkpt>
<trkpt lat="53.253124198" lon="49.148170436">
  <ele>94.292000</ele>
  <time>2010-07-31T05:46:22Z</time>
</trkpt>
<trkpt lat="53.253059406" lon="49.148471849">
  <ele>94.120003</ele>
  <time>2010-07-31T05:46:23Z</time>
</trkpt>
<trkpt lat="53.252998386" lon="49.148773178">
  <ele>94.040001</ele>
  <time>2010-07-31T05:46:24Z</time>
</trkpt>
<trkpt lat="53.252929654" lon="49.149070736">
  <ele>93.986000</ele>
  <time>2010-07-31T05:46:25Z</time>
</trkpt>
<trkpt lat="53.252864862" lon="49.149368294">
  <ele>93.901001</ele>
  <time>2010-07-31T05:46:26Z</time>
</trkpt>
<trkpt lat="53.252796214" lon="49.149661995">
  <ele>93.642998</ele>
  <time>2010-07-31T05:46:27Z</time>
</trkpt>
<trkpt lat="53.252735110" lon="49.149955781">
  <ele>93.490997</ele>
  <time>2010-07-31T05:46:28Z</time>
</trkpt>
<trkpt lat="53.252670318" lon="49.150249483">
  <ele>93.300003</ele>
  <time>2010-07-31T05:46:29Z</time>
</trkpt>
<trkpt lat="53.252601586" lon="49.150547041">
  <ele>93.136002</ele>
  <time>2010-07-31T05:46:30Z</time>
</trkpt>
<trkpt lat="53.252532938" lon="49.150855998">
  <ele>92.935997</ele>
  <time>2010-07-31T05:46:31Z</time>
</trkpt>
<trkpt lat="53.252464291" lon="49.151165038">
  <ele>92.274002</ele>
  <time>2010-07-31T05:46:32Z</time>
</trkpt>
<trkpt lat="53.252391787" lon="49.151470223">
  <ele>91.759003</ele>
  <time>2010-07-31T05:46:33Z</time>
</trkpt>
<trkpt lat="53.252323139" lon="49.151771553">
  <ele>91.448997</ele>
  <time>2010-07-31T05:46:34Z</time>
</trkpt>
<trkpt lat="53.252254492" lon="49.152076738">
  <ele>91.075996</ele>
  <time>2010-07-31T05:46:35Z</time>
</trkpt>
<trkpt lat="53.252185844" lon="49.152378067">
  <ele>90.667999</ele>
  <time>2010-07-31T05:46:36Z</time>
</trkpt>
<trkpt lat="53.252117196" lon="49.152675625">
  <ele>90.211998</ele>
  <time>2010-07-31T05:46:37Z</time>
</trkpt>
<trkpt lat="53.252052320" lon="49.152973182">
  <ele>89.689003</ele>
  <time>2010-07-31T05:46:38Z</time>
</trkpt>
<trkpt lat="53.251987444" lon="49.153270740">
  <ele>88.901001</ele>
  <time>2010-07-31T05:46:39Z</time>
</trkpt>
<trkpt lat="53.251918796" lon="49.153575925">
  <ele>88.536003</ele>
  <time>2010-07-31T05:46:40Z</time>
</trkpt>
<trkpt lat="53.251850149" lon="49.153884882">
  <ele>87.873001</ele>
  <time>2010-07-31T05:46:41Z</time>
</trkpt>
<trkpt lat="53.251781501" lon="49.154205322">
  <ele>87.136002</ele>
  <time>2010-07-31T05:46:42Z</time>
</trkpt>
<trkpt lat="53.251708997" lon="49.154518135">
  <ele>86.372002</ele>
  <time>2010-07-31T05:46:43Z</time>
</trkpt>
<trkpt lat="53.251644121" lon="49.154823320">
  <ele>85.342003</ele>
  <time>2010-07-31T05:46:44Z</time>
</trkpt>
<trkpt lat="53.251575474" lon="49.155097995">
  <ele>84.598999</ele>
  <time>2010-07-31T05:46:45Z</time>
</trkpt>
<trkpt lat="53.251510598" lon="49.155338304">
  <ele>83.828003</ele>
  <time>2010-07-31T05:46:46Z</time>
</trkpt>
<trkpt lat="53.251453433" lon="49.155563358">
  <ele>83.712997</ele>
  <time>2010-07-31T05:46:47Z</time>
</trkpt>
<trkpt lat="53.251399957" lon="49.155777013">
  <ele>83.137001</ele>
  <time>2010-07-31T05:46:48Z</time>
</trkpt>
<trkpt lat="53.251346564" lon="49.155990584">
  <ele>82.600998</ele>
  <time>2010-07-31T05:46:49Z</time>
</trkpt>
<trkpt lat="53.251293171" lon="49.156204239">
  <ele>81.825996</ele>
  <time>2010-07-31T05:46:50Z</time>
</trkpt>
<trkpt lat="53.251239778" lon="49.156414038">
  <ele>81.396004</ele>
  <time>2010-07-31T05:46:51Z</time>
</trkpt>
<trkpt lat="53.251190158" lon="49.156620065">
  <ele>80.908997</ele>
  <time>2010-07-31T05:46:52Z</time>
</trkpt>
<trkpt lat="53.251140621" lon="49.156814609">
  <ele>80.430000</ele>
  <time>2010-07-31T05:46:53Z</time>
</trkpt>
<trkpt lat="53.251091000" lon="49.157009153">
  <ele>79.781998</ele>
  <time>2010-07-31T05:46:54Z</time>
</trkpt>
<trkpt lat="53.251045235" lon="49.157203697">
  <ele>79.375999</ele>
  <time>2010-07-31T05:46:55Z</time>
</trkpt>
<trkpt lat="53.250995614" lon="49.157405868">
  <ele>78.915001</ele>
  <time>2010-07-31T05:46:56Z</time>
</trkpt>
<trkpt lat="53.250946077" lon="49.157615667">
  <ele>78.454002</ele>
  <time>2010-07-31T05:46:57Z</time>
</trkpt>
<trkpt lat="53.250892600" lon="49.157833094">
  <ele>77.778999</ele>
  <time>2010-07-31T05:46:58Z</time>
</trkpt>
<trkpt lat="53.250835435" lon="49.158046748">
  <ele>77.360001</ele>
  <time>2010-07-31T05:46:59Z</time>
</trkpt>
<trkpt lat="53.250782043" lon="49.158260319">
  <ele>76.970001</ele>
  <time>2010-07-31T05:47:00Z</time>
</trkpt>
<trkpt lat="53.250724794" lon="49.158473974">
  <ele>76.684998</ele>
  <time>2010-07-31T05:47:01Z</time>
</trkpt>
<trkpt lat="53.250671402" lon="49.158687629">
  <ele>76.431000</ele>
  <time>2010-07-31T05:47:02Z</time>
</trkpt>
<trkpt lat="53.250614153" lon="49.158901200">
  <ele>76.127998</ele>
  <time>2010-07-31T05:47:03Z</time>
</trkpt>
<trkpt lat="53.250553133" lon="49.159118626">
  <ele>75.973000</ele>
  <time>2010-07-31T05:47:04Z</time>
</trkpt>
<trkpt lat="53.250492113" lon="49.159343680">
  <ele>75.823997</ele>
  <time>2010-07-31T05:47:05Z</time>
</trkpt>
<trkpt lat="53.250434864" lon="49.159576446">
  <ele>75.564003</ele>
  <time>2010-07-31T05:47:06Z</time>
</trkpt>
<trkpt lat="53.250373844" lon="49.159801500">
  <ele>75.428001</ele>
  <time>2010-07-31T05:47:07Z</time>
</trkpt>
<trkpt lat="53.250316596" lon="49.160026554">
  <ele>75.294998</ele>
  <time>2010-07-31T05:47:08Z</time>
</trkpt>
<trkpt lat="53.250259431" lon="49.160247836">
  <ele>75.073997</ele>
  <time>2010-07-31T05:47:09Z</time>
</trkpt>
<trkpt lat="53.250202183" lon="49.160472890">
  <ele>74.813004</ele>
  <time>2010-07-31T05:47:10Z</time>
</trkpt>
<trkpt lat="53.250144934" lon="49.160697944">
  <ele>74.572998</ele>
  <time>2010-07-31T05:47:11Z</time>
</trkpt>
<trkpt lat="53.250087770" lon="49.160919227">
  <ele>74.416000</ele>
  <time>2010-07-31T05:47:12Z</time>
</trkpt>
<trkpt lat="53.250026666" lon="49.161140425">
  <ele>74.109001</ele>
  <time>2010-07-31T05:47:13Z</time>
</trkpt>
<trkpt lat="53.249965645" lon="49.161361707">
  <ele>73.794998</ele>
  <time>2010-07-31T05:47:14Z</time>
</trkpt>
<trkpt lat="53.249904625" lon="49.161575278">
  <ele>73.320999</ele>
  <time>2010-07-31T05:47:15Z</time>
</trkpt>
<trkpt lat="53.249843605" lon="49.161788933">
  <ele>73.010002</ele>
  <time>2010-07-31T05:47:16Z</time>
</trkpt>
<trkpt lat="53.249782585" lon="49.162006360">
  <ele>72.639000</ele>
  <time>2010-07-31T05:47:17Z</time>
</trkpt>
<trkpt lat="53.249721564" lon="49.162223786">
  <ele>72.213997</ele>
  <time>2010-07-31T05:47:18Z</time>
</trkpt>
<trkpt lat="53.249664316" lon="49.162445068">
  <ele>71.896004</ele>
  <time>2010-07-31T05:47:19Z</time>
</trkpt>
<trkpt lat="53.249599440" lon="49.162677750">
  <ele>71.436996</ele>
  <time>2010-07-31T05:47:20Z</time>
</trkpt>
<trkpt lat="53.249530792" lon="49.162910432">
  <ele>71.047997</ele>
  <time>2010-07-31T05:47:21Z</time>
</trkpt>
<trkpt lat="53.249465916" lon="49.163143197">
  <ele>70.614998</ele>
  <time>2010-07-31T05:47:22Z</time>
</trkpt>
<trkpt lat="53.249401124" lon="49.163383506">
  <ele>70.463997</ele>
  <time>2010-07-31T05:47:23Z</time>
</trkpt>
<trkpt lat="53.249340020" lon="49.163619960">
  <ele>70.098000</ele>
  <time>2010-07-31T05:47:24Z</time>
</trkpt>
<trkpt lat="53.249282856" lon="49.163852725">
  <ele>69.682999</ele>
  <time>2010-07-31T05:47:25Z</time>
</trkpt>
<trkpt lat="53.249221835" lon="49.164089179">
  <ele>69.592003</ele>
  <time>2010-07-31T05:47:26Z</time>
</trkpt>
<trkpt lat="53.249160731" lon="49.164325716">
  <ele>69.188004</ele>
  <time>2010-07-31T05:47:27Z</time>
</trkpt>
<trkpt lat="53.249103567" lon="49.164562253">
  <ele>68.861000</ele>
  <time>2010-07-31T05:47:28Z</time>
</trkpt>
<trkpt lat="53.249046318" lon="49.164794935">
  <ele>68.585999</ele>
  <time>2010-07-31T05:47:29Z</time>
</trkpt>
<trkpt lat="53.248996697" lon="49.165031472">
  <ele>68.537003</ele>
  <time>2010-07-31T05:47:30Z</time>
</trkpt>
<trkpt lat="53.248943305" lon="49.165267926">
  <ele>68.183998</ele>
  <time>2010-07-31T05:47:31Z</time>
</trkpt>
<trkpt lat="53.248901395" lon="49.165500607">
  <ele>68.042999</ele>
  <time>2010-07-31T05:47:32Z</time>
</trkpt>
<trkpt lat="53.248855630" lon="49.165733373">
  <ele>67.848000</ele>
  <time>2010-07-31T05:47:33Z</time>
</trkpt>
<trkpt lat="53.248817408" lon="49.165954571">
  <ele>67.761002</ele>
  <time>2010-07-31T05:47:34Z</time>
</trkpt>
<trkpt lat="53.248783126" lon="49.166156743">
  <ele>67.082001</ele>
  <time>2010-07-31T05:47:35Z</time>
</trkpt>
<trkpt lat="53.248752616" lon="49.166339887">
  <ele>66.962997</ele>
  <time>2010-07-31T05:47:36Z</time>
</trkpt>
<trkpt lat="53.248729734" lon="49.166515321">
  <ele>66.882004</ele>
  <time>2010-07-31T05:47:37Z</time>
</trkpt>
<trkpt lat="53.248706851" lon="49.166683210">
  <ele>66.808998</ele>
  <time>2010-07-31T05:47:38Z</time>
</trkpt>
<trkpt lat="53.248687740" lon="49.166854871">
  <ele>66.639999</ele>
  <time>2010-07-31T05:47:39Z</time>
</trkpt>
<trkpt lat="53.248668630" lon="49.167022677">
  <ele>66.540001</ele>
  <time>2010-07-31T05:47:40Z</time>
</trkpt>
<trkpt lat="53.248653375" lon="49.167198194">
  <ele>66.016998</ele>
  <time>2010-07-31T05:47:41Z</time>
</trkpt>
<trkpt lat="53.248630492" lon="49.167377483">
  <ele>65.307999</ele>
  <time>2010-07-31T05:47:42Z</time>
</trkpt>
<trkpt lat="53.248607609" lon="49.167572027">
  <ele>64.871002</ele>
  <time>2010-07-31T05:47:43Z</time>
</trkpt>
<trkpt lat="53.248588583" lon="49.167778054">
  <ele>64.598999</ele>
  <time>2010-07-31T05:47:44Z</time>
</trkpt>
<trkpt lat="53.248569472" lon="49.167983998">
  <ele>64.339996</ele>
  <time>2010-07-31T05:47:45Z</time>
</trkpt>
<trkpt lat="53.248550445" lon="49.168186169">
  <ele>63.382000</ele>
  <time>2010-07-31T05:47:46Z</time>
</trkpt>
<trkpt lat="53.248535190" lon="49.168373086">
  <ele>62.923000</ele>
  <time>2010-07-31T05:47:47Z</time>
</trkpt>
<trkpt lat="53.248519935" lon="49.168556230">
  <ele>62.328999</ele>
  <time>2010-07-31T05:47:48Z</time>
</trkpt>
<trkpt lat="53.248508452" lon="49.168735519">
  <ele>62.094002</ele>
  <time>2010-07-31T05:47:49Z</time>
</trkpt>
<trkpt lat="53.248496968" lon="49.168914808">
  <ele>61.800999</ele>
  <time>2010-07-31T05:47:50Z</time>
</trkpt>
<trkpt lat="53.248489341" lon="49.169094097">
  <ele>61.653999</ele>
  <time>2010-07-31T05:47:51Z</time>
</trkpt>
<trkpt lat="53.248481713" lon="49.169277158">
  <ele>61.359001</ele>
  <time>2010-07-31T05:47:52Z</time>
</trkpt>
<trkpt lat="53.248470314" lon="49.169456447">
  <ele>61.175999</ele>
  <time>2010-07-31T05:47:53Z</time>
</trkpt>
<trkpt lat="53.248462686" lon="49.169639591">
  <ele>61.347000</ele>
  <time>2010-07-31T05:47:54Z</time>
</trkpt>
<trkpt lat="53.248455059" lon="49.169822652">
  <ele>61.380001</ele>
  <time>2010-07-31T05:47:55Z</time>
</trkpt>
<trkpt lat="53.248443576" lon="49.170009652">
  <ele>61.249001</ele>
  <time>2010-07-31T05:47:56Z</time>
</trkpt>
<trkpt lat="53.248435948" lon="49.170196569">
  <ele>61.341000</ele>
  <time>2010-07-31T05:47:57Z</time>
</trkpt>
<trkpt lat="53.248428321" lon="49.170379629">
  <ele>61.283001</ele>
  <time>2010-07-31T05:47:58Z</time>
</trkpt>
<trkpt lat="53.248420693" lon="49.170574173">
  <ele>61.009998</ele>
  <time>2010-07-31T05:47:59Z</time>
</trkpt>
<trkpt lat="53.248413065" lon="49.170780201">
  <ele>61.096001</ele>
  <time>2010-07-31T05:48:00Z</time>
</trkpt>
<trkpt lat="53.248401666" lon="49.170993771">
  <ele>61.238998</ele>
  <time>2010-07-31T05:48:01Z</time>
</trkpt>
<trkpt lat="53.248394039" lon="49.171203654">
  <ele>61.271000</ele>
  <time>2010-07-31T05:48:02Z</time>
</trkpt>
<trkpt lat="53.248386411" lon="49.171417225">
  <ele>61.398998</ele>
  <time>2010-07-31T05:48:03Z</time>
</trkpt>
<trkpt lat="53.248378783" lon="49.171623252">
  <ele>61.108002</ele>
  <time>2010-07-31T05:48:04Z</time>
</trkpt>
<trkpt lat="53.248371156" lon="49.171833051">
  <ele>61.090000</ele>
  <time>2010-07-31T05:48:05Z</time>
</trkpt>
<trkpt lat="53.248359673" lon="49.172042850">
  <ele>61.200001</ele>
  <time>2010-07-31T05:48:06Z</time>
</trkpt>
<trkpt lat="53.248352045" lon="49.172256505">
  <ele>61.219002</ele>
  <time>2010-07-31T05:48:07Z</time>
</trkpt>
<trkpt lat="53.248340646" lon="49.172462448">
  <ele>61.103001</ele>
  <time>2010-07-31T05:48:08Z</time>
</trkpt>
<trkpt lat="53.248333018" lon="49.172656992">
  <ele>61.111000</ele>
  <time>2010-07-31T05:48:09Z</time>
</trkpt>
<trkpt lat="53.248321535" lon="49.172836281">
  <ele>61.118999</ele>
  <time>2010-07-31T05:48:10Z</time>
</trkpt>
<trkpt lat="53.248317679" lon="49.172996543">
  <ele>61.257999</ele>
  <time>2010-07-31T05:48:11Z</time>
</trkpt>
<trkpt lat="53.248310052" lon="49.173152950">
  <ele>61.414001</ele>
  <time>2010-07-31T05:48:12Z</time>
</trkpt>
<trkpt lat="53.248306280" lon="49.173301728">
  <ele>61.581001</ele>
  <time>2010-07-31T05:48:13Z</time>
</trkpt>
<trkpt lat="53.248298652" lon="49.173442880">
  <ele>61.743999</ele>
  <time>2010-07-31T05:48:14Z</time>
</trkpt>
<trkpt lat="53.248291025" lon="49.173580175">
  <ele>61.888000</ele>
  <time>2010-07-31T05:48:15Z</time>
</trkpt>
<trkpt lat="53.248283397" lon="49.173721327">
  <ele>62.091000</ele>
  <time>2010-07-31T05:48:16Z</time>
</trkpt>
<trkpt lat="53.248279542" lon="49.173862478">
  <ele>62.209999</ele>
  <time>2010-07-31T05:48:17Z</time>
</trkpt>
<trkpt lat="53.248275770" lon="49.174015028">
  <ele>62.188999</ele>
  <time>2010-07-31T05:48:18Z</time>
</trkpt>
<trkpt lat="53.248268142" lon="49.174167663">
  <ele>62.201000</ele>
  <time>2010-07-31T05:48:19Z</time>
</trkpt>
<trkpt lat="53.248260515" lon="49.174324069">
  <ele>62.278999</ele>
  <time>2010-07-31T05:48:20Z</time>
</trkpt>
<trkpt lat="53.248252887" lon="49.174484247">
  <ele>62.405998</ele>
  <time>2010-07-31T05:48:21Z</time>
</trkpt>
<trkpt lat="53.248245260" lon="49.174640654">
  <ele>62.502998</ele>
  <time>2010-07-31T05:48:22Z</time>
</trkpt>
<trkpt lat="53.248237632" lon="49.174797060">
  <ele>62.695999</ele>
  <time>2010-07-31T05:48:23Z</time>
</trkpt>
<trkpt lat="53.248230005" lon="49.174949611">
  <ele>62.681000</ele>
  <time>2010-07-31T05:48:24Z</time>
</trkpt>
<trkpt lat="53.248226149" lon="49.175109873">
  <ele>62.798000</ele>
  <time>2010-07-31T05:48:25Z</time>
</trkpt>
<trkpt lat="53.248218521" lon="49.175270051">
  <ele>63.132000</ele>
  <time>2010-07-31T05:48:26Z</time>
</trkpt>
<trkpt lat="53.248214750" lon="49.175426457">
  <ele>63.290001</ele>
  <time>2010-07-31T05:48:27Z</time>
</trkpt>
<trkpt lat="53.248207122" lon="49.175586719">
  <ele>63.485001</ele>
  <time>2010-07-31T05:48:28Z</time>
</trkpt>
<trkpt lat="53.248199495" lon="49.175750753">
  <ele>63.578999</ele>
  <time>2010-07-31T05:48:29Z</time>
</trkpt>
<trkpt lat="53.248191867" lon="49.175926186">
  <ele>63.551998</ele>
  <time>2010-07-31T05:48:30Z</time>
</trkpt>
<trkpt lat="53.248176612" lon="49.176113103">
  <ele>63.555000</ele>
  <time>2010-07-31T05:48:31Z</time>
</trkpt>
<trkpt lat="53.248165129" lon="49.176303875">
  <ele>63.672001</ele>
  <time>2010-07-31T05:48:32Z</time>
</trkpt>
<trkpt lat="53.248149874" lon="49.176502191">
  <ele>63.783001</ele>
  <time>2010-07-31T05:48:33Z</time>
</trkpt>
<trkpt lat="53.248138390" lon="49.176708218">
  <ele>63.889000</ele>
  <time>2010-07-31T05:48:34Z</time>
</trkpt>
<trkpt lat="53.248126991" lon="49.176914245">
  <ele>63.934002</ele>
  <time>2010-07-31T05:48:35Z</time>
</trkpt>
<trkpt lat="53.248119364" lon="49.177120188">
  <ele>64.217003</ele>
  <time>2010-07-31T05:48:36Z</time>
</trkpt>
<trkpt lat="53.248111736" lon="49.177333843">
  <ele>64.666000</ele>
  <time>2010-07-31T05:48:37Z</time>
</trkpt>
<trkpt lat="53.248100253" lon="49.177543642">
  <ele>64.949997</ele>
  <time>2010-07-31T05:48:38Z</time>
</trkpt>
<trkpt lat="53.248088853" lon="49.177764924">
  <ele>65.086998</ele>
  <time>2010-07-31T05:48:39Z</time>
</trkpt>
<trkpt lat="53.248077370" lon="49.177989978">
  <ele>65.333000</ele>
  <time>2010-07-31T05:48:40Z</time>
</trkpt>
<trkpt lat="53.248065971" lon="49.178215032">
  <ele>65.154999</ele>
  <time>2010-07-31T05:48:41Z</time>
</trkpt>
<trkpt lat="53.248054488" lon="49.178440087">
  <ele>65.331001</ele>
  <time>2010-07-31T05:48:42Z</time>
</trkpt>
<trkpt lat="53.248043088" lon="49.178672768">
  <ele>65.625000</ele>
  <time>2010-07-31T05:48:43Z</time>
</trkpt>
<trkpt lat="53.248031605" lon="49.178897822">
  <ele>65.987000</ele>
  <time>2010-07-31T05:48:44Z</time>
</trkpt>
<trkpt lat="53.248020206" lon="49.179122960">
  <ele>66.099998</ele>
  <time>2010-07-31T05:48:45Z</time>
</trkpt>
<trkpt lat="53.248008722" lon="49.179336531">
  <ele>66.339996</ele>
  <time>2010-07-31T05:48:46Z</time>
</trkpt>
<trkpt lat="53.247997323" lon="49.179550186">
  <ele>66.730003</ele>
  <time>2010-07-31T05:48:47Z</time>
</trkpt>
<trkpt lat="53.247985840" lon="49.179756129">
  <ele>67.295998</ele>
  <time>2010-07-31T05:48:48Z</time>
</trkpt>
<trkpt lat="53.247974357" lon="49.179958384">
  <ele>67.875000</ele>
  <time>2010-07-31T05:48:49Z</time>
</trkpt>
<trkpt lat="53.247966729" lon="49.180164328">
  <ele>68.455002</ele>
  <time>2010-07-31T05:48:50Z</time>
</trkpt>
<trkpt lat="53.247951474" lon="49.180374127">
  <ele>68.875000</ele>
  <time>2010-07-31T05:48:51Z</time>
</trkpt>
<trkpt lat="53.247943847" lon="49.180587782">
  <ele>69.525002</ele>
  <time>2010-07-31T05:48:52Z</time>
</trkpt>
<trkpt lat="53.247932447" lon="49.180805208">
  <ele>70.140999</ele>
  <time>2010-07-31T05:48:53Z</time>
</trkpt>
<trkpt lat="53.247920964" lon="49.181022635">
  <ele>70.779999</ele>
  <time>2010-07-31T05:48:54Z</time>
</trkpt>
<trkpt lat="53.247913336" lon="49.181243917">
  <ele>71.380997</ele>
  <time>2010-07-31T05:48:55Z</time>
</trkpt>
<trkpt lat="53.247905709" lon="49.181465115">
  <ele>71.799004</ele>
  <time>2010-07-31T05:48:56Z</time>
</trkpt>
<trkpt lat="53.247898081" lon="49.181682626">
  <ele>72.682999</ele>
  <time>2010-07-31T05:48:57Z</time>
</trkpt>
<trkpt lat="53.247890454" lon="49.181896197">
  <ele>73.214996</ele>
  <time>2010-07-31T05:48:58Z</time>
</trkpt>
<trkpt lat="53.247882826" lon="49.182109851">
  <ele>73.652000</ele>
  <time>2010-07-31T05:48:59Z</time>
</trkpt>
<trkpt lat="53.247879054" lon="49.182319650">
  <ele>73.681000</ele>
  <time>2010-07-31T05:49:00Z</time>
</trkpt>
<trkpt lat="53.247882826" lon="49.182533305">
  <ele>73.831001</ele>
  <time>2010-07-31T05:49:01Z</time>
</trkpt>
<trkpt lat="53.247886682" lon="49.182754504">
  <ele>73.799004</ele>
  <time>2010-07-31T05:49:02Z</time>
</trkpt>
<trkpt lat="53.247898081" lon="49.182971930">
  <ele>74.017998</ele>
  <time>2010-07-31T05:49:03Z</time>
</trkpt>
<trkpt lat="53.247913336" lon="49.183193212">
  <ele>73.995003</ele>
  <time>2010-07-31T05:49:04Z</time>
</trkpt>
<trkpt lat="53.247940075" lon="49.183414495">
  <ele>74.182999</ele>
  <time>2010-07-31T05:49:05Z</time>
</trkpt>
<trkpt lat="53.247962957" lon="49.183635693">
  <ele>74.210999</ele>
  <time>2010-07-31T05:49:06Z</time>
</trkpt>
<trkpt lat="53.247989696" lon="49.183856975">
  <ele>74.516998</ele>
  <time>2010-07-31T05:49:07Z</time>
</trkpt>
<trkpt lat="53.248020206" lon="49.184078258">
  <ele>74.750999</ele>
  <time>2010-07-31T05:49:08Z</time>
</trkpt>
<trkpt lat="53.248046860" lon="49.184310939">
  <ele>74.917999</ele>
  <time>2010-07-31T05:49:09Z</time>
</trkpt>
<trkpt lat="53.248081226" lon="49.184547393">
  <ele>74.934998</ele>
  <time>2010-07-31T05:49:10Z</time>
</trkpt>
<trkpt lat="53.248111736" lon="49.184791557">
  <ele>75.356003</ele>
  <time>2010-07-31T05:49:11Z</time>
</trkpt>
<trkpt lat="53.248149874" lon="49.185031867">
  <ele>75.859001</ele>
  <time>2010-07-31T05:49:12Z</time>
</trkpt>
<trkpt lat="53.248184239" lon="49.185276031">
  <ele>76.519997</ele>
  <time>2010-07-31T05:49:13Z</time>
</trkpt>
<trkpt lat="53.248218521" lon="49.185516341">
  <ele>76.915001</ele>
  <time>2010-07-31T05:49:14Z</time>
</trkpt>
<trkpt lat="53.248252887" lon="49.185756650">
  <ele>77.339996</ele>
  <time>2010-07-31T05:49:15Z</time>
</trkpt>
<trkpt lat="53.248283397" lon="49.186008442">
  <ele>77.607002</ele>
  <time>2010-07-31T05:49:16Z</time>
</trkpt>
<trkpt lat="53.248321535" lon="49.186260235">
  <ele>78.039001</ele>
  <time>2010-07-31T05:49:17Z</time>
</trkpt>
<trkpt lat="53.248355901" lon="49.186515799">
  <ele>78.289001</ele>
  <time>2010-07-31T05:49:18Z</time>
</trkpt>
<trkpt lat="53.248390183" lon="49.186775219">
  <ele>78.622002</ele>
  <time>2010-07-31T05:49:19Z</time>
</trkpt>
<trkpt lat="53.248428321" lon="49.187034639">
  <ele>78.867996</ele>
  <time>2010-07-31T05:49:20Z</time>
</trkpt>
<trkpt lat="53.248462686" lon="49.187297830">
  <ele>79.377998</ele>
  <time>2010-07-31T05:49:21Z</time>
</trkpt>
<trkpt lat="53.248496968" lon="49.187561022">
  <ele>79.808998</ele>
  <time>2010-07-31T05:49:22Z</time>
</trkpt>
<trkpt lat="53.248535190" lon="49.187828070">
  <ele>80.195999</ele>
  <time>2010-07-31T05:49:23Z</time>
</trkpt>
<trkpt lat="53.248569472" lon="49.188095117">
  <ele>80.566002</ele>
  <time>2010-07-31T05:49:24Z</time>
</trkpt>
<trkpt lat="53.248603838" lon="49.188358309">
  <ele>80.547997</ele>
  <time>2010-07-31T05:49:25Z</time>
</trkpt>
<trkpt lat="53.248638120" lon="49.188613873">
  <ele>80.489998</ele>
  <time>2010-07-31T05:49:26Z</time>
</trkpt>
<trkpt lat="53.248672485" lon="49.188861810">
  <ele>80.389999</ele>
  <time>2010-07-31T05:49:27Z</time>
</trkpt>
<trkpt lat="53.248702995" lon="49.189086948">
  <ele>80.359001</ele>
  <time>2010-07-31T05:49:28Z</time>
</trkpt>
<trkpt lat="53.248729734" lon="49.189300518">
  <ele>80.000999</ele>
  <time>2010-07-31T05:49:29Z</time>
</trkpt>
<trkpt lat="53.248760244" lon="49.189498918">
  <ele>79.944000</ele>
  <time>2010-07-31T05:49:30Z</time>
</trkpt>
<trkpt lat="53.248783126" lon="49.189697234">
  <ele>79.530998</ele>
  <time>2010-07-31T05:49:31Z</time>
</trkpt>
<trkpt lat="53.248809781" lon="49.189895634">
  <ele>79.278000</ele>
  <time>2010-07-31T05:49:32Z</time>
</trkpt>
<trkpt lat="53.248836519" lon="49.190090178">
  <ele>79.117996</ele>
  <time>2010-07-31T05:49:33Z</time>
</trkpt>
<trkpt lat="53.248863257" lon="49.190288577">
  <ele>79.083000</ele>
  <time>2010-07-31T05:49:34Z</time>
</trkpt>
<trkpt lat="53.248893768" lon="49.190486893">
  <ele>78.976997</ele>
  <time>2010-07-31T05:49:35Z</time>
</trkpt>
<trkpt lat="53.248924278" lon="49.190696692">
  <ele>78.754997</ele>
  <time>2010-07-31T05:49:36Z</time>
</trkpt>
<trkpt lat="53.248954788" lon="49.190906491">
  <ele>78.398003</ele>
  <time>2010-07-31T05:49:37Z</time>
</trkpt>
<trkpt lat="53.248985298" lon="49.191124002">
  <ele>78.049004</ele>
  <time>2010-07-31T05:49:38Z</time>
</trkpt>
<trkpt lat="53.249019664" lon="49.191345200">
  <ele>77.611000</ele>
  <time>2010-07-31T05:49:39Z</time>
</trkpt>
<trkpt lat="53.249050174" lon="49.191570254">
  <ele>77.264999</ele>
  <time>2010-07-31T05:49:40Z</time>
</trkpt>
<trkpt lat="53.249080684" lon="49.191803019">
  <ele>77.112999</ele>
  <time>2010-07-31T05:49:41Z</time>
</trkpt>
<trkpt lat="53.249114966" lon="49.192031845">
  <ele>76.871002</ele>
  <time>2010-07-31T05:49:42Z</time>
</trkpt>
<trkpt lat="53.249145476" lon="49.192268383">
  <ele>76.746002</ele>
  <time>2010-07-31T05:49:43Z</time>
</trkpt>
<trkpt lat="53.249179842" lon="49.192512548">
  <ele>76.533997</ele>
  <time>2010-07-31T05:49:44Z</time>
</trkpt>
<trkpt lat="53.249214208" lon="49.192756629">
  <ele>76.536003</ele>
  <time>2010-07-31T05:49:45Z</time>
</trkpt>
<trkpt lat="53.249244718" lon="49.193000793">
  <ele>76.427002</ele>
  <time>2010-07-31T05:49:46Z</time>
</trkpt>
<trkpt lat="53.249275228" lon="49.193248730">
  <ele>76.499001</ele>
  <time>2010-07-31T05:49:47Z</time>
</trkpt>
<trkpt lat="53.249313366" lon="49.193500523">
  <ele>76.557999</ele>
  <time>2010-07-31T05:49:48Z</time>
</trkpt>
<trkpt lat="53.249343876" lon="49.193752315">
  <ele>76.665001</ele>
  <time>2010-07-31T05:49:49Z</time>
</trkpt>
<trkpt lat="53.249378242" lon="49.194004023">
  <ele>76.747002</ele>
  <time>2010-07-31T05:49:50Z</time>
</trkpt>
<trkpt lat="53.249412524" lon="49.194255816">
  <ele>76.730003</ele>
  <time>2010-07-31T05:49:51Z</time>
</trkpt>
<trkpt lat="53.249446889" lon="49.194519008">
  <ele>76.665001</ele>
  <time>2010-07-31T05:49:52Z</time>
</trkpt>
<trkpt lat="53.249485027" lon="49.194789911">
  <ele>76.610001</ele>
  <time>2010-07-31T05:49:53Z</time>
</trkpt>
<trkpt lat="53.249519309" lon="49.195068358">
  <ele>76.542999</ele>
  <time>2010-07-31T05:49:54Z</time>
</trkpt>
<trkpt lat="53.249561302" lon="49.195358288">
  <ele>76.603996</ele>
  <time>2010-07-31T05:49:55Z</time>
</trkpt>
<trkpt lat="53.249603296" lon="49.195655845">
  <ele>76.605003</ele>
  <time>2010-07-31T05:49:56Z</time>
</trkpt>
<trkpt lat="53.249645205" lon="49.195945775">
  <ele>76.689003</ele>
  <time>2010-07-31T05:49:57Z</time>
</trkpt>
<trkpt lat="53.249683343" lon="49.196231849">
  <ele>76.903999</ele>
  <time>2010-07-31T05:49:58Z</time>
</trkpt>
<trkpt lat="53.249721564" lon="49.196514152">
  <ele>77.092003</ele>
  <time>2010-07-31T05:49:59Z</time>
</trkpt>
<trkpt lat="53.249759702" lon="49.196796454">
  <ele>77.160004</ele>
  <time>2010-07-31T05:50:00Z</time>
</trkpt>
<trkpt lat="53.249797840" lon="49.197074901">
  <ele>77.564003</ele>
  <time>2010-07-31T05:50:01Z</time>
</trkpt>
<trkpt lat="53.249835977" lon="49.197364831">
  <ele>78.160004</ele>
  <time>2010-07-31T05:50:02Z</time>
</trkpt>
<trkpt lat="53.249870259" lon="49.197650906">
  <ele>78.704002</ele>
  <time>2010-07-31T05:50:03Z</time>
</trkpt>
<trkpt lat="53.249908481" lon="49.197940836">
  <ele>78.957001</ele>
  <time>2010-07-31T05:50:04Z</time>
</trkpt>
<trkpt lat="53.249946618" lon="49.198219283">
  <ele>79.662003</ele>
  <time>2010-07-31T05:50:05Z</time>
</trkpt>
<trkpt lat="53.249980900" lon="49.198490102">
  <ele>80.238998</ele>
  <time>2010-07-31T05:50:06Z</time>
</trkpt>
<trkpt lat="53.250015266" lon="49.198753377">
  <ele>81.042999</ele>
  <time>2010-07-31T05:50:07Z</time>
</trkpt>
<trkpt lat="53.250045776" lon="49.199008942">
  <ele>81.415001</ele>
  <time>2010-07-31T05:50:08Z</time>
</trkpt>
<trkpt lat="53.250080142" lon="49.199260734">
  <ele>81.757004</ele>
  <time>2010-07-31T05:50:09Z</time>
</trkpt>
<trkpt lat="53.250110652" lon="49.199508671">
  <ele>81.898003</ele>
  <time>2010-07-31T05:50:10Z</time>
</trkpt>
<trkpt lat="53.250144934" lon="49.199748980">
  <ele>81.954002</ele>
  <time>2010-07-31T05:50:11Z</time>
</trkpt>
<trkpt lat="53.250175444" lon="49.199989289">
  <ele>82.129997</ele>
  <time>2010-07-31T05:50:12Z</time>
</trkpt>
<trkpt lat="53.250209810" lon="49.200229682">
  <ele>82.347000</ele>
  <time>2010-07-31T05:50:13Z</time>
</trkpt>
<trkpt lat="53.250244176" lon="49.200477619">
  <ele>82.609001</ele>
  <time>2010-07-31T05:50:14Z</time>
</trkpt>
<trkpt lat="53.250282314" lon="49.200733183">
  <ele>82.643997</ele>
  <time>2010-07-31T05:50:15Z</time>
</trkpt>
<trkpt lat="53.250316596" lon="49.201000230">
  <ele>82.885002</ele>
  <time>2010-07-31T05:50:16Z</time>
</trkpt>
<trkpt lat="53.250350961" lon="49.201263422">
  <ele>83.181000</ele>
  <time>2010-07-31T05:50:17Z</time>
</trkpt>
<trkpt lat="53.250381472" lon="49.201530470">
  <ele>83.382004</ele>
  <time>2010-07-31T05:50:18Z</time>
</trkpt>
<trkpt lat="53.250419609" lon="49.201805145">
  <ele>83.769997</ele>
  <time>2010-07-31T05:50:19Z</time>
</trkpt>
<trkpt lat="53.250453975" lon="49.202075964">
  <ele>83.920998</ele>
  <time>2010-07-31T05:50:20Z</time>
</trkpt>
<trkpt lat="53.250488257" lon="49.202346783">
  <ele>84.342003</ele>
  <time>2010-07-31T05:50:21Z</time>
</trkpt>
<trkpt lat="53.250526395" lon="49.202609975">
  <ele>84.887001</ele>
  <time>2010-07-31T05:50:22Z</time>
</trkpt>
<trkpt lat="53.250560760" lon="49.202877022">
  <ele>85.456001</ele>
  <time>2010-07-31T05:50:23Z</time>
</trkpt>
<trkpt lat="53.250602754" lon="49.203155553">
  <ele>85.931000</ele>
  <time>2010-07-31T05:50:24Z</time>
</trkpt>
<trkpt lat="53.250644663" lon="49.203434000">
  <ele>86.417999</ele>
  <time>2010-07-31T05:50:25Z</time>
</trkpt>
<trkpt lat="53.250679029" lon="49.203708675">
  <ele>87.017998</ele>
  <time>2010-07-31T05:50:26Z</time>
</trkpt>
<trkpt lat="53.250713311" lon="49.203979494">
  <ele>87.662003</ele>
  <time>2010-07-31T05:50:27Z</time>
</trkpt>
<trkpt lat="53.250751533" lon="49.204238914">
  <ele>88.550003</ele>
  <time>2010-07-31T05:50:28Z</time>
</trkpt>
<trkpt lat="53.250778187" lon="49.204498250">
  <ele>89.255997</ele>
  <time>2010-07-31T05:50:29Z</time>
</trkpt>
<trkpt lat="53.250812553" lon="49.204761526">
  <ele>89.859001</ele>
  <time>2010-07-31T05:50:30Z</time>
</trkpt>
<trkpt lat="53.250846835" lon="49.205028573">
  <ele>90.404999</ele>
  <time>2010-07-31T05:50:31Z</time>
</trkpt>
<trkpt lat="53.250884973" lon="49.205287909">
  <ele>90.984001</ele>
  <time>2010-07-31T05:50:32Z</time>
</trkpt>
<trkpt lat="53.250915566" lon="49.205547329">
  <ele>91.515999</ele>
  <time>2010-07-31T05:50:33Z</time>
</trkpt>
<trkpt lat="53.250949848" lon="49.205806749">
  <ele>92.087997</ele>
  <time>2010-07-31T05:50:34Z</time>
</trkpt>
<trkpt lat="53.250984214" lon="49.206069941">
  <ele>92.411003</ele>
  <time>2010-07-31T05:50:35Z</time>
</trkpt>
<trkpt lat="53.251018496" lon="49.206325505">
  <ele>92.834000</ele>
  <time>2010-07-31T05:50:36Z</time>
</trkpt>
<trkpt lat="53.251049006" lon="49.206581153">
  <ele>93.401001</ele>
  <time>2010-07-31T05:50:37Z</time>
</trkpt>
<trkpt lat="53.251083372" lon="49.206832862">
  <ele>93.750000</ele>
  <time>2010-07-31T05:50:38Z</time>
</trkpt>
<trkpt lat="53.251117738" lon="49.207088510">
  <ele>94.094002</ele>
  <time>2010-07-31T05:50:39Z</time>
</trkpt>
<trkpt lat="53.251152020" lon="49.207340218">
  <ele>94.612000</ele>
  <time>2010-07-31T05:50:40Z</time>
</trkpt>
<trkpt lat="53.251182530" lon="49.207588155">
  <ele>94.943001</ele>
  <time>2010-07-31T05:50:41Z</time>
</trkpt>
<trkpt lat="53.251216896" lon="49.207836175">
  <ele>95.461998</ele>
  <time>2010-07-31T05:50:42Z</time>
</trkpt>
<trkpt lat="53.251243550" lon="49.208080256">
  <ele>96.084999</ele>
  <time>2010-07-31T05:50:43Z</time>
</trkpt>
<trkpt lat="53.251277916" lon="49.208328277">
  <ele>96.675003</ele>
  <time>2010-07-31T05:50:44Z</time>
</trkpt>
<trkpt lat="53.251308426" lon="49.208579985">
  <ele>97.353996</ele>
  <time>2010-07-31T05:50:45Z</time>
</trkpt>
<trkpt lat="53.251342792" lon="49.208835633">
  <ele>97.943001</ele>
  <time>2010-07-31T05:50:46Z</time>
</trkpt>
<trkpt lat="53.251373302" lon="49.209094970">
  <ele>98.342003</ele>
  <time>2010-07-31T05:50:47Z</time>
</trkpt>
<trkpt lat="53.251403812" lon="49.209362017">
  <ele>98.925003</ele>
  <time>2010-07-31T05:50:48Z</time>
</trkpt>
<trkpt lat="53.251434322" lon="49.209629064">
  <ele>99.587997</ele>
  <time>2010-07-31T05:50:49Z</time>
</trkpt>
<trkpt lat="53.251464833" lon="49.209899884">
  <ele>100.280998</ele>
  <time>2010-07-31T05:50:50Z</time>
</trkpt>
<trkpt lat="53.251487715" lon="49.210166931">
  <ele>100.950996</ele>
  <time>2010-07-31T05:50:51Z</time>
</trkpt>
<trkpt lat="53.251506826" lon="49.210422495">
  <ele>101.744003</ele>
  <time>2010-07-31T05:50:52Z</time>
</trkpt>
<trkpt lat="53.251518225" lon="49.210674288">
  <ele>102.462997</ele>
  <time>2010-07-31T05:50:53Z</time>
</trkpt>
<trkpt lat="53.251525853" lon="49.210918453">
  <ele>103.337997</ele>
  <time>2010-07-31T05:50:54Z</time>
</trkpt>
<trkpt lat="53.251533480" lon="49.211170161">
  <ele>104.193001</ele>
  <time>2010-07-31T05:50:55Z</time>
</trkpt>
<trkpt lat="53.251544964" lon="49.211418182">
  <ele>105.180000</ele>
  <time>2010-07-31T05:50:56Z</time>
</trkpt>
<trkpt lat="53.251552591" lon="49.211662263">
  <ele>106.285004</ele>
  <time>2010-07-31T05:50:57Z</time>
</trkpt>
<trkpt lat="53.251556363" lon="49.211898800">
  <ele>107.153000</ele>
  <time>2010-07-31T05:50:58Z</time>
</trkpt>
<trkpt lat="53.251560219" lon="49.212131482">
  <ele>108.050003</ele>
  <time>2010-07-31T05:50:59Z</time>
</trkpt>
<trkpt lat="53.251563990" lon="49.212364163">
  <ele>109.130997</ele>
  <time>2010-07-31T05:51:00Z</time>
</trkpt>
<trkpt lat="53.251567846" lon="49.212596929">
  <ele>110.359001</ele>
  <time>2010-07-31T05:51:01Z</time>
</trkpt>
<trkpt lat="53.251567846" lon="49.212821983">
  <ele>111.371002</ele>
  <time>2010-07-31T05:51:02Z</time>
</trkpt>
<trkpt lat="53.251567846" lon="49.213039409">
  <ele>112.166000</ele>
  <time>2010-07-31T05:51:03Z</time>
</trkpt>
<trkpt lat="53.251563990" lon="49.213256836">
  <ele>112.991997</ele>
  <time>2010-07-31T05:51:04Z</time>
</trkpt>
<trkpt lat="53.251560219" lon="49.213474263">
  <ele>113.887001</ele>
  <time>2010-07-31T05:51:05Z</time>
</trkpt>
<trkpt lat="53.251552591" lon="49.213684062">
  <ele>114.565002</ele>
  <time>2010-07-31T05:51:06Z</time>
</trkpt>
<trkpt lat="53.251544964" lon="49.213886233">
  <ele>115.327003</ele>
  <time>2010-07-31T05:51:07Z</time>
</trkpt>
<trkpt lat="53.251541108" lon="49.214073149">
  <ele>116.098999</ele>
  <time>2010-07-31T05:51:08Z</time>
</trkpt>
<trkpt lat="53.251533480" lon="49.214260066">
  <ele>116.973000</ele>
  <time>2010-07-31T05:51:09Z</time>
</trkpt>
<trkpt lat="53.251525853" lon="49.214443211">
  <ele>117.722000</ele>
  <time>2010-07-31T05:51:10Z</time>
</trkpt>
<trkpt lat="53.251514453" lon="49.214622499">
  <ele>118.486000</ele>
  <time>2010-07-31T05:51:11Z</time>
</trkpt>
<trkpt lat="53.251506826" lon="49.214797933">
  <ele>119.219002</ele>
  <time>2010-07-31T05:51:12Z</time>
</trkpt>
<trkpt lat="53.251499198" lon="49.214973450">
  <ele>119.908997</ele>
  <time>2010-07-31T05:51:13Z</time>
</trkpt>
<trkpt lat="53.251491571" lon="49.215156594">
  <ele>120.402000</ele>
  <time>2010-07-31T05:51:14Z</time>
</trkpt>
<trkpt lat="53.251480088" lon="49.215343511">
  <ele>121.198997</ele>
  <time>2010-07-31T05:51:15Z</time>
</trkpt>
<trkpt lat="53.251468688" lon="49.215526571">
  <ele>121.804001</ele>
  <time>2010-07-31T05:51:16Z</time>
</trkpt>
<trkpt lat="53.251461061" lon="49.215705860">
  <ele>122.522003</ele>
  <time>2010-07-31T05:51:17Z</time>
</trkpt>
<trkpt lat="53.251453433" lon="49.215885149">
  <ele>123.353996</ele>
  <time>2010-07-31T05:51:18Z</time>
</trkpt>
<trkpt lat="53.251441950" lon="49.216068294">
  <ele>123.835999</ele>
  <time>2010-07-31T05:51:19Z</time>
</trkpt>
<trkpt lat="53.251430551" lon="49.216243727">
  <ele>124.319000</ele>
  <time>2010-07-31T05:51:20Z</time>
</trkpt>
<trkpt lat="53.251422923" lon="49.216419244">
  <ele>124.883003</ele>
  <time>2010-07-31T05:51:21Z</time>
</trkpt>
<trkpt lat="53.251411440" lon="49.216602305">
  <ele>125.502998</ele>
  <time>2010-07-31T05:51:22Z</time>
</trkpt>
<trkpt lat="53.251403812" lon="49.216781594">
  <ele>126.351997</ele>
  <time>2010-07-31T05:51:23Z</time>
</trkpt>
<trkpt lat="53.251392329" lon="49.216964738">
  <ele>126.956001</ele>
  <time>2010-07-31T05:51:24Z</time>
</trkpt>
<trkpt lat="53.251384702" lon="49.217147799">
  <ele>127.434998</ele>
  <time>2010-07-31T05:51:25Z</time>
</trkpt>
<trkpt lat="53.251377074" lon="49.217338571">
  <ele>127.503998</ele>
  <time>2010-07-31T05:51:26Z</time>
</trkpt>
<trkpt lat="53.251373302" lon="49.217533115">
  <ele>127.875000</ele>
  <time>2010-07-31T05:51:27Z</time>
</trkpt>
<trkpt lat="53.251369447" lon="49.217727659">
  <ele>128.141998</ele>
  <time>2010-07-31T05:51:28Z</time>
</trkpt>
<trkpt lat="53.251369447" lon="49.217929831">
  <ele>128.475006</ele>
  <time>2010-07-31T05:51:29Z</time>
</trkpt>
<trkpt lat="53.251365675" lon="49.218135858">
  <ele>128.414993</ele>
  <time>2010-07-31T05:51:30Z</time>
</trkpt>
<trkpt lat="53.251365675" lon="49.218349429">
  <ele>128.612000</ele>
  <time>2010-07-31T05:51:31Z</time>
</trkpt>
<trkpt lat="53.251369447" lon="49.218566855">
  <ele>128.932999</ele>
  <time>2010-07-31T05:51:32Z</time>
</trkpt>
<trkpt lat="53.251373302" lon="49.218776738">
  <ele>129.130005</ele>
  <time>2010-07-31T05:51:33Z</time>
</trkpt>
<trkpt lat="53.251377074" lon="49.218990309">
  <ele>129.328995</ele>
  <time>2010-07-31T05:51:34Z</time>
</trkpt>
<trkpt lat="53.251384702" lon="49.219211591">
  <ele>129.373001</ele>
  <time>2010-07-31T05:51:35Z</time>
</trkpt>
<trkpt lat="53.251388557" lon="49.219432790">
  <ele>129.401001</ele>
  <time>2010-07-31T05:51:36Z</time>
</trkpt>
<trkpt lat="53.251396185" lon="49.219654072">
  <ele>129.363007</ele>
  <time>2010-07-31T05:51:37Z</time>
</trkpt>
<trkpt lat="53.251399957" lon="49.219875354">
  <ele>129.464996</ele>
  <time>2010-07-31T05:51:38Z</time>
</trkpt>
<trkpt lat="53.251411440" lon="49.220100408">
  <ele>129.266998</ele>
  <time>2010-07-31T05:51:39Z</time>
</trkpt>
<trkpt lat="53.251426695" lon="49.220329318">
  <ele>129.061005</ele>
  <time>2010-07-31T05:51:40Z</time>
</trkpt>
<trkpt lat="53.251438178" lon="49.220558144">
  <ele>128.770996</ele>
  <time>2010-07-31T05:51:41Z</time>
</trkpt>
<trkpt lat="53.251453433" lon="49.220787054">
  <ele>128.477005</ele>
  <time>2010-07-31T05:51:42Z</time>
</trkpt>
<trkpt lat="53.251464833" lon="49.221015964">
  <ele>128.184998</ele>
  <time>2010-07-31T05:51:43Z</time>
</trkpt>
<trkpt lat="53.251483943" lon="49.221241018">
  <ele>128.130005</ele>
  <time>2010-07-31T05:51:44Z</time>
</trkpt>
<trkpt lat="53.251502970" lon="49.221469844">
  <ele>127.773003</ele>
  <time>2010-07-31T05:51:45Z</time>
</trkpt>
<trkpt lat="53.251518225" lon="49.221687354">
  <ele>127.529999</ele>
  <time>2010-07-31T05:51:46Z</time>
</trkpt>
<trkpt lat="53.251537336" lon="49.221900925">
  <ele>127.125999</ele>
  <time>2010-07-31T05:51:47Z</time>
</trkpt>
<trkpt lat="53.251560219" lon="49.222106952">
  <ele>126.589996</ele>
  <time>2010-07-31T05:51:48Z</time>
</trkpt>
<trkpt lat="53.251583101" lon="49.222312896">
  <ele>125.914001</ele>
  <time>2010-07-31T05:51:49Z</time>
</trkpt>
<trkpt lat="53.251609839" lon="49.222511295">
  <ele>125.508003</ele>
  <time>2010-07-31T05:51:50Z</time>
</trkpt>
<trkpt lat="53.251632722" lon="49.222709695">
  <ele>125.202003</ele>
  <time>2010-07-31T05:51:51Z</time>
</trkpt>
<trkpt lat="53.251659377" lon="49.222908011">
  <ele>124.760002</ele>
  <time>2010-07-31T05:51:52Z</time>
</trkpt>
<trkpt lat="53.251686115" lon="49.223110182">
  <ele>124.333000</ele>
  <time>2010-07-31T05:51:53Z</time>
</trkpt>
<trkpt lat="53.251712769" lon="49.223312354">
  <ele>124.000000</ele>
  <time>2010-07-31T05:51:54Z</time>
</trkpt>
<trkpt lat="53.251739508" lon="49.223518381">
  <ele>123.785004</ele>
  <time>2010-07-31T05:51:55Z</time>
</trkpt>
<trkpt lat="53.251766246" lon="49.223724324">
  <ele>123.458000</ele>
  <time>2010-07-31T05:51:56Z</time>
</trkpt>
<trkpt lat="53.251789128" lon="49.223930351">
  <ele>123.160004</ele>
  <time>2010-07-31T05:51:57Z</time>
</trkpt>
<trkpt lat="53.251815783" lon="49.224140150">
  <ele>122.970001</ele>
  <time>2010-07-31T05:51:58Z</time>
</trkpt>
<trkpt lat="53.251846293" lon="49.224357577">
  <ele>122.915001</ele>
  <time>2010-07-31T05:51:59Z</time>
</trkpt>
<trkpt lat="53.251873031" lon="49.224575004">
  <ele>122.637001</ele>
  <time>2010-07-31T05:52:00Z</time>
</trkpt>
<trkpt lat="53.251899686" lon="49.224796286">
  <ele>122.255997</ele>
  <time>2010-07-31T05:52:01Z</time>
</trkpt>
<trkpt lat="53.251926424" lon="49.225025196">
  <ele>121.959999</ele>
  <time>2010-07-31T05:52:02Z</time>
</trkpt>
<trkpt lat="53.251953162" lon="49.225261649">
  <ele>121.685997</ele>
  <time>2010-07-31T05:52:03Z</time>
</trkpt>
<trkpt lat="53.251979817" lon="49.225505814">
  <ele>121.546997</ele>
  <time>2010-07-31T05:52:04Z</time>
</trkpt>
<trkpt lat="53.252006555" lon="49.225742351">
  <ele>121.373001</ele>
  <time>2010-07-31T05:52:05Z</time>
</trkpt>
<trkpt lat="53.252037065" lon="49.225975033">
  <ele>121.216003</ele>
  <time>2010-07-31T05:52:06Z</time>
</trkpt>
<trkpt lat="53.252067575" lon="49.226207715">
  <ele>120.942001</ele>
  <time>2010-07-31T05:52:07Z</time>
</trkpt>
<trkpt lat="53.252098085" lon="49.226440396">
  <ele>120.766998</ele>
  <time>2010-07-31T05:52:08Z</time>
</trkpt>
<trkpt lat="53.252128595" lon="49.226676933">
  <ele>120.389999</ele>
  <time>2010-07-31T05:52:09Z</time>
</trkpt>
<trkpt lat="53.252159106" lon="49.226909615">
  <ele>120.054001</ele>
  <time>2010-07-31T05:52:10Z</time>
</trkpt>
<trkpt lat="53.252189616" lon="49.227142297">
  <ele>119.684998</ele>
  <time>2010-07-31T05:52:11Z</time>
</trkpt>
<trkpt lat="53.252220126" lon="49.227375062">
  <ele>119.355003</ele>
  <time>2010-07-31T05:52:12Z</time>
</trkpt>
<trkpt lat="53.252254492" lon="49.227615371">
  <ele>119.210999</ele>
  <time>2010-07-31T05:52:13Z</time>
</trkpt>
<trkpt lat="53.252288857" lon="49.227855681">
  <ele>118.943001</ele>
  <time>2010-07-31T05:52:14Z</time>
</trkpt>
<trkpt lat="53.252326995" lon="49.228095990">
  <ele>118.844002</ele>
  <time>2010-07-31T05:52:15Z</time>
</trkpt>
<trkpt lat="53.252365133" lon="49.228340155">
  <ele>118.584000</ele>
  <time>2010-07-31T05:52:16Z</time>
</trkpt>
<trkpt lat="53.252403270" lon="49.228580464">
  <ele>118.242996</ele>
  <time>2010-07-31T05:52:17Z</time>
</trkpt>
<trkpt lat="53.252445180" lon="49.228832256">
  <ele>117.924004</ele>
  <time>2010-07-31T05:52:18Z</time>
</trkpt>
<trkpt lat="53.252491029" lon="49.229087820">
  <ele>117.585999</ele>
  <time>2010-07-31T05:52:19Z</time>
</trkpt>
<trkpt lat="53.252536794" lon="49.229351012">
  <ele>117.283997</ele>
  <time>2010-07-31T05:52:20Z</time>
</trkpt>
<trkpt lat="53.252590187" lon="49.229614288">
  <ele>117.183998</ele>
  <time>2010-07-31T05:52:21Z</time>
</trkpt>
<trkpt lat="53.252639808" lon="49.229881251">
  <ele>117.047997</ele>
  <time>2010-07-31T05:52:22Z</time>
</trkpt>
<trkpt lat="53.252693200" lon="49.230148299">
  <ele>116.781998</ele>
  <time>2010-07-31T05:52:23Z</time>
</trkpt>
<trkpt lat="53.252750365" lon="49.230415346">
  <ele>116.318001</ele>
  <time>2010-07-31T05:52:24Z</time>
</trkpt>
<trkpt lat="53.252807613" lon="49.230682394">
  <ele>115.941002</ele>
  <time>2010-07-31T05:52:25Z</time>
</trkpt>
<trkpt lat="53.252861006" lon="49.230941813">
  <ele>115.422997</ele>
  <time>2010-07-31T05:52:26Z</time>
</trkpt>
<trkpt lat="53.252922026" lon="49.231197378">
  <ele>115.271004</ele>
  <time>2010-07-31T05:52:27Z</time>
</trkpt>
<trkpt lat="53.252983131" lon="49.231449086">
  <ele>115.078003</ele>
  <time>2010-07-31T05:52:28Z</time>
</trkpt>
<trkpt lat="53.253051778" lon="49.231708506">
  <ele>114.802002</ele>
  <time>2010-07-31T05:52:29Z</time>
</trkpt>
<trkpt lat="53.253116570" lon="49.231967926">
  <ele>114.279999</ele>
  <time>2010-07-31T05:52:30Z</time>
</trkpt>
<trkpt lat="53.253185302" lon="49.232223490">
  <ele>114.356003</ele>
  <time>2010-07-31T05:52:31Z</time>
</trkpt>
<trkpt lat="53.253250094" lon="49.232479054">
  <ele>114.278999</ele>
  <time>2010-07-31T05:52:32Z</time>
</trkpt>
<trkpt lat="53.253318826" lon="49.232734703">
  <ele>114.387001</ele>
  <time>2010-07-31T05:52:33Z</time>
</trkpt>
<trkpt lat="53.253387474" lon="49.232990267">
  <ele>114.285004</ele>
  <time>2010-07-31T05:52:34Z</time>
</trkpt>
<trkpt lat="53.253456121" lon="49.233245831">
  <ele>114.330002</ele>
  <time>2010-07-31T05:52:35Z</time>
</trkpt>
<trkpt lat="53.253524769" lon="49.233497623">
  <ele>114.285004</ele>
  <time>2010-07-31T05:52:36Z</time>
</trkpt>
<trkpt lat="53.253593417" lon="49.233745560">
  <ele>114.291000</ele>
  <time>2010-07-31T05:52:37Z</time>
</trkpt>
<trkpt lat="53.253658293" lon="49.233993497">
  <ele>114.341003</ele>
  <time>2010-07-31T05:52:38Z</time>
</trkpt>
<trkpt lat="53.253726941" lon="49.234241517">
  <ele>114.445999</ele>
  <time>2010-07-31T05:52:39Z</time>
</trkpt>
<trkpt lat="53.253791817" lon="49.234493226">
  <ele>114.516998</ele>
  <time>2010-07-31T05:52:40Z</time>
</trkpt>
<trkpt lat="53.253856692" lon="49.234741246">
  <ele>114.487000</ele>
  <time>2010-07-31T05:52:41Z</time>
</trkpt>
<trkpt lat="53.253921485" lon="49.234985327">
  <ele>114.514999</ele>
  <time>2010-07-31T05:52:42Z</time>
</trkpt>
<trkpt lat="53.253986361" lon="49.235233348">
  <ele>114.393997</ele>
  <time>2010-07-31T05:52:43Z</time>
</trkpt>
<trkpt lat="53.254055008" lon="49.235481285">
  <ele>114.546997</ele>
  <time>2010-07-31T05:52:44Z</time>
</trkpt>
<trkpt lat="53.254119884" lon="49.235729221">
  <ele>114.668999</ele>
  <time>2010-07-31T05:52:45Z</time>
</trkpt>
<trkpt lat="53.254188532" lon="49.235981014">
  <ele>114.694000</ele>
  <time>2010-07-31T05:52:46Z</time>
</trkpt>
<trkpt lat="53.254261035" lon="49.236240350">
  <ele>114.833000</ele>
  <time>2010-07-31T05:52:47Z</time>
</trkpt>
<trkpt lat="53.254329683" lon="49.236503625">
  <ele>115.348000</ele>
  <time>2010-07-31T05:52:48Z</time>
</trkpt>
<trkpt lat="53.254402187" lon="49.236774445">
  <ele>115.819000</ele>
  <time>2010-07-31T05:52:49Z</time>
</trkpt>
<trkpt lat="53.254478462" lon="49.237045264">
  <ele>116.093002</ele>
  <time>2010-07-31T05:52:50Z</time>
</trkpt>
<trkpt lat="53.254554737" lon="49.237327566">
  <ele>116.231003</ele>
  <time>2010-07-31T05:52:51Z</time>
</trkpt>
<trkpt lat="53.254634868" lon="49.237613641">
  <ele>116.452003</ele>
  <time>2010-07-31T05:52:52Z</time>
</trkpt>
<trkpt lat="53.254714999" lon="49.237907426">
  <ele>116.680000</ele>
  <time>2010-07-31T05:52:53Z</time>
</trkpt>
<trkpt lat="53.254795047" lon="49.238204984">
  <ele>117.294998</ele>
  <time>2010-07-31T05:52:54Z</time>
</trkpt>
<trkpt lat="53.254871406" lon="49.238491058">
  <ele>117.458000</ele>
  <time>2010-07-31T05:52:55Z</time>
</trkpt>
<trkpt lat="53.254943825" lon="49.238777133">
  <ele>117.490997</ele>
  <time>2010-07-31T05:52:56Z</time>
</trkpt>
<trkpt lat="53.255016329" lon="49.239055663">
  <ele>117.591003</ele>
  <time>2010-07-31T05:52:57Z</time>
</trkpt>
<trkpt lat="53.255084977" lon="49.239326483">
  <ele>117.814003</ele>
  <time>2010-07-31T05:52:58Z</time>
</trkpt>
<trkpt lat="53.255153624" lon="49.239593530">
  <ele>117.858002</ele>
  <time>2010-07-31T05:52:59Z</time>
</trkpt>
<trkpt lat="53.255222356" lon="49.239852866">
  <ele>118.167999</ele>
  <time>2010-07-31T05:53:00Z</time>
</trkpt>
<trkpt lat="53.255287148" lon="49.240108514">
  <ele>118.080002</ele>
  <time>2010-07-31T05:53:01Z</time>
</trkpt>
<trkpt lat="53.255348168" lon="49.240352595">
  <ele>118.143997</ele>
  <time>2010-07-31T05:53:02Z</time>
</trkpt>
<trkpt lat="53.255413044" lon="49.240589133">
  <ele>118.000999</ele>
  <time>2010-07-31T05:53:03Z</time>
</trkpt>
<trkpt lat="53.255466437" lon="49.240825670">
  <ele>118.214996</ele>
  <time>2010-07-31T05:53:04Z</time>
</trkpt>
<trkpt lat="53.255523685" lon="49.241058351">
  <ele>118.117996</ele>
  <time>2010-07-31T05:53:05Z</time>
</trkpt>
<trkpt lat="53.255580934" lon="49.241287261">
  <ele>118.156998</ele>
  <time>2010-07-31T05:53:06Z</time>
</trkpt>
<trkpt lat="53.255638098" lon="49.241516087">
  <ele>117.986000</ele>
  <time>2010-07-31T05:53:07Z</time>
</trkpt>
<trkpt lat="53.255691491" lon="49.241748769">
  <ele>117.918999</ele>
  <time>2010-07-31T05:53:08Z</time>
</trkpt>
<trkpt lat="53.255748739" lon="49.241985306">
  <ele>117.723999</ele>
  <time>2010-07-31T05:53:09Z</time>
</trkpt>
<trkpt lat="53.255802132" lon="49.242225615">
  <ele>117.724998</ele>
  <time>2010-07-31T05:53:10Z</time>
</trkpt>
<trkpt lat="53.255855525" lon="49.242462153">
  <ele>117.538002</ele>
  <time>2010-07-31T05:53:11Z</time>
</trkpt>
<trkpt lat="53.255912773" lon="49.242698690">
  <ele>117.408997</ele>
  <time>2010-07-31T05:53:12Z</time>
</trkpt>
<trkpt lat="53.255962394" lon="49.242935143">
  <ele>117.186996</ele>
  <time>2010-07-31T05:53:13Z</time>
</trkpt>
<trkpt lat="53.256011931" lon="49.243179308">
  <ele>116.982002</ele>
  <time>2010-07-31T05:53:14Z</time>
</trkpt>
<trkpt lat="53.256065408" lon="49.243419617">
  <ele>117.049004</ele>
  <time>2010-07-31T05:53:15Z</time>
</trkpt>
<trkpt lat="53.256114945" lon="49.243660010">
  <ele>117.059998</ele>
  <time>2010-07-31T05:53:16Z</time>
</trkpt>
<trkpt lat="53.256168338" lon="49.243900320">
  <ele>117.129997</ele>
  <time>2010-07-31T05:53:17Z</time>
</trkpt>
<trkpt lat="53.256221730" lon="49.244148256">
  <ele>117.267998</ele>
  <time>2010-07-31T05:53:18Z</time>
</trkpt>
<trkpt lat="53.256275207" lon="49.244396193">
  <ele>117.125000</ele>
  <time>2010-07-31T05:53:19Z</time>
</trkpt>
<trkpt lat="53.256332371" lon="49.244640358">
  <ele>117.114998</ele>
  <time>2010-07-31T05:53:20Z</time>
</trkpt>
<trkpt lat="53.256393392" lon="49.244888294">
  <ele>117.278000</ele>
  <time>2010-07-31T05:53:21Z</time>
</trkpt>
<trkpt lat="53.256450640" lon="49.245136231">
  <ele>117.290001</ele>
  <time>2010-07-31T05:53:22Z</time>
</trkpt>
<trkpt lat="53.256511660" lon="49.245380396">
  <ele>117.274002</ele>
  <time>2010-07-31T05:53:23Z</time>
</trkpt>
<trkpt lat="53.256568909" lon="49.245620705">
  <ele>117.184998</ele>
  <time>2010-07-31T05:53:24Z</time>
</trkpt>
<trkpt lat="53.256629929" lon="49.245857242">
  <ele>117.214996</ele>
  <time>2010-07-31T05:53:25Z</time>
</trkpt>
<trkpt lat="53.256694805" lon="49.246097552">
  <ele>116.806000</ele>
  <time>2010-07-31T05:53:26Z</time>
</trkpt>
<trkpt lat="53.256759681" lon="49.246334089">
  <ele>116.735001</ele>
  <time>2010-07-31T05:53:27Z</time>
</trkpt>
<trkpt lat="53.256820701" lon="49.246566771">
  <ele>116.666000</ele>
  <time>2010-07-31T05:53:28Z</time>
</trkpt>
<trkpt lat="53.256885493" lon="49.246791825">
  <ele>116.752998</ele>
  <time>2010-07-31T05:53:29Z</time>
</trkpt>
<trkpt lat="53.256946597" lon="49.247016879">
  <ele>116.651001</ele>
  <time>2010-07-31T05:53:30Z</time>
</trkpt>
<trkpt lat="53.257011389" lon="49.247241933">
  <ele>116.684998</ele>
  <time>2010-07-31T05:53:31Z</time>
</trkpt>
<trkpt lat="53.257064782" lon="49.247463215">
  <ele>116.405998</ele>
  <time>2010-07-31T05:53:32Z</time>
</trkpt>
<trkpt lat="53.257125886" lon="49.247684497">
  <ele>116.466003</ele>
  <time>2010-07-31T05:53:33Z</time>
</trkpt>
<trkpt lat="53.257183051" lon="49.247901924">
  <ele>116.079002</ele>
  <time>2010-07-31T05:53:34Z</time>
</trkpt>
<trkpt lat="53.257240299" lon="49.248119351">
  <ele>116.014999</ele>
  <time>2010-07-31T05:53:35Z</time>
</trkpt>
<trkpt lat="53.257297548" lon="49.248333005">
  <ele>116.027000</ele>
  <time>2010-07-31T05:53:36Z</time>
</trkpt>
<trkpt lat="53.257354712" lon="49.248542804">
  <ele>116.095001</ele>
  <time>2010-07-31T05:53:37Z</time>
</trkpt>
<trkpt lat="53.257408105" lon="49.248748748">
  <ele>116.167999</ele>
  <time>2010-07-31T05:53:38Z</time>
</trkpt>
<trkpt lat="53.257461581" lon="49.248954775">
  <ele>116.230003</ele>
  <time>2010-07-31T05:53:39Z</time>
</trkpt>
<trkpt lat="53.257514974" lon="49.249168430">
  <ele>116.138000</ele>
  <time>2010-07-31T05:53:40Z</time>
</trkpt>
<trkpt lat="53.257575994" lon="49.249385856">
  <ele>116.068001</ele>
  <time>2010-07-31T05:53:41Z</time>
</trkpt>
<trkpt lat="53.257637015" lon="49.249603283">
  <ele>116.068001</ele>
  <time>2010-07-31T05:53:42Z</time>
</trkpt>
<trkpt lat="53.257701891" lon="49.249828337">
  <ele>116.025002</ele>
  <time>2010-07-31T05:53:43Z</time>
</trkpt>
<trkpt lat="53.257766683" lon="49.250061018">
  <ele>116.013000</ele>
  <time>2010-07-31T05:53:44Z</time>
</trkpt>
<trkpt lat="53.257831559" lon="49.250297556">
  <ele>115.884003</ele>
  <time>2010-07-31T05:53:45Z</time>
</trkpt>
<trkpt lat="53.257896435" lon="49.250541721">
  <ele>115.944000</ele>
  <time>2010-07-31T05:53:46Z</time>
</trkpt>
<trkpt lat="53.257965082" lon="49.250793429">
  <ele>116.066002</ele>
  <time>2010-07-31T05:53:47Z</time>
</trkpt>
<trkpt lat="53.258037586" lon="49.251052849">
  <ele>116.050003</ele>
  <time>2010-07-31T05:53:48Z</time>
</trkpt>
<trkpt lat="53.258113861" lon="49.251323668">
  <ele>116.227997</ele>
  <time>2010-07-31T05:53:49Z</time>
</trkpt>
<trkpt lat="53.258193992" lon="49.251605971">
  <ele>116.362000</ele>
  <time>2010-07-31T05:53:50Z</time>
</trkpt>
<trkpt lat="53.258281667" lon="49.251903528">
  <ele>116.739998</ele>
  <time>2010-07-31T05:53:51Z</time>
</trkpt>
<trkpt lat="53.258365653" lon="49.252208713">
  <ele>116.973999</ele>
  <time>2010-07-31T05:53:52Z</time>
</trkpt>
<trkpt lat="53.258453328" lon="49.252529154">
  <ele>117.166000</ele>
  <time>2010-07-31T05:53:53Z</time>
</trkpt>
<trkpt lat="53.258544942" lon="49.252853366">
  <ele>117.054001</ele>
  <time>2010-07-31T05:53:54Z</time>
</trkpt>
<trkpt lat="53.258644100" lon="49.253192917">
  <ele>117.203003</ele>
  <time>2010-07-31T05:53:55Z</time>
</trkpt>
<trkpt lat="53.258739486" lon="49.253532384">
  <ele>117.191002</ele>
  <time>2010-07-31T05:53:56Z</time>
</trkpt>
<trkpt lat="53.258827245" lon="49.253879562">
  <ele>116.821999</ele>
  <time>2010-07-31T05:53:57Z</time>
</trkpt>
<trkpt lat="53.258914920" lon="49.254215257">
  <ele>116.529999</ele>
  <time>2010-07-31T05:53:58Z</time>
</trkpt>
<trkpt lat="53.258995051" lon="49.254539469">
  <ele>116.556999</ele>
  <time>2010-07-31T05:53:59Z</time>
</trkpt>
<trkpt lat="53.259071326" lon="49.254844654">
  <ele>116.518997</ele>
  <time>2010-07-31T05:54:00Z</time>
</trkpt>
<trkpt lat="53.259136202" lon="49.255130729">
  <ele>116.335999</ele>
  <time>2010-07-31T05:54:01Z</time>
</trkpt>
<trkpt lat="53.259197222" lon="49.255390149">
  <ele>116.530998</ele>
  <time>2010-07-31T05:54:02Z</time>
</trkpt>
<trkpt lat="53.259258242" lon="49.255626686">
  <ele>116.433998</ele>
  <time>2010-07-31T05:54:03Z</time>
</trkpt>
<trkpt lat="53.259319346" lon="49.255863223">
  <ele>116.606003</ele>
  <time>2010-07-31T05:54:04Z</time>
</trkpt>
<trkpt lat="53.259380367" lon="49.256095905">
  <ele>117.019997</ele>
  <time>2010-07-31T05:54:05Z</time>
</trkpt>
<trkpt lat="53.259445159" lon="49.256332358">
  <ele>117.339996</ele>
  <time>2010-07-31T05:54:06Z</time>
</trkpt>
<trkpt lat="53.259513890" lon="49.256576523">
  <ele>117.657997</ele>
  <time>2010-07-31T05:54:07Z</time>
</trkpt>
<trkpt lat="53.259582538" lon="49.256820688">
  <ele>117.961998</ele>
  <time>2010-07-31T05:54:08Z</time>
</trkpt>
<trkpt lat="53.259647330" lon="49.257064853">
  <ele>118.481003</ele>
  <time>2010-07-31T05:54:09Z</time>
</trkpt>
<trkpt lat="53.259708434" lon="49.257316561">
  <ele>118.754997</ele>
  <time>2010-07-31T05:54:10Z</time>
</trkpt>
<trkpt lat="53.259769455" lon="49.257568354">
  <ele>118.843002</ele>
  <time>2010-07-31T05:54:11Z</time>
</trkpt>
<trkpt lat="53.259838102" lon="49.257812519">
  <ele>118.987000</ele>
  <time>2010-07-31T05:54:12Z</time>
</trkpt>
<trkpt lat="53.259906750" lon="49.258056600">
  <ele>119.242996</ele>
  <time>2010-07-31T05:54:13Z</time>
</trkpt>
<trkpt lat="53.259971626" lon="49.258308392">
  <ele>119.514000</ele>
  <time>2010-07-31T05:54:14Z</time>
</trkpt>
<trkpt lat="53.260040274" lon="49.258567812">
  <ele>119.961998</ele>
  <time>2010-07-31T05:54:15Z</time>
</trkpt>
<trkpt lat="53.260108922" lon="49.258819604">
  <ele>120.408997</ele>
  <time>2010-07-31T05:54:16Z</time>
</trkpt>
<trkpt lat="53.260173798" lon="49.259067541">
  <ele>120.836998</ele>
  <time>2010-07-31T05:54:17Z</time>
</trkpt>
<trkpt lat="53.260238674" lon="49.259307850">
  <ele>121.358002</ele>
  <time>2010-07-31T05:54:18Z</time>
</trkpt>
<trkpt lat="53.260307321" lon="49.259555787">
  <ele>121.793999</ele>
  <time>2010-07-31T05:54:19Z</time>
</trkpt>
<trkpt lat="53.260375969" lon="49.259807579">
  <ele>122.030998</ele>
  <time>2010-07-31T05:54:20Z</time>
</trkpt>
<trkpt lat="53.260440845" lon="49.260059372">
  <ele>122.180000</ele>
  <time>2010-07-31T05:54:21Z</time>
</trkpt>
<trkpt lat="53.260509493" lon="49.260311164">
  <ele>122.496002</ele>
  <time>2010-07-31T05:54:22Z</time>
</trkpt>
<trkpt lat="53.260578141" lon="49.260566728">
  <ele>122.607002</ele>
  <time>2010-07-31T05:54:23Z</time>
</trkpt>
<trkpt lat="53.260646788" lon="49.260826148">
  <ele>123.001999</ele>
  <time>2010-07-31T05:54:24Z</time>
</trkpt>
<trkpt lat="53.260715520" lon="49.261085484">
  <ele>123.203003</ele>
  <time>2010-07-31T05:54:25Z</time>
</trkpt>
<trkpt lat="53.260787940" lon="49.261344904">
  <ele>123.278999</ele>
  <time>2010-07-31T05:54:26Z</time>
</trkpt>
<trkpt lat="53.260856587" lon="49.261608096">
  <ele>123.488998</ele>
  <time>2010-07-31T05:54:27Z</time>
</trkpt>
<trkpt lat="53.260929091" lon="49.261871371">
  <ele>123.612999</ele>
  <time>2010-07-31T05:54:28Z</time>
</trkpt>
<trkpt lat="53.261001594" lon="49.262134563">
  <ele>123.940002</ele>
  <time>2010-07-31T05:54:29Z</time>
</trkpt>
<trkpt lat="53.261070242" lon="49.262393983">
  <ele>123.938004</ele>
  <time>2010-07-31T05:54:30Z</time>
</trkpt>
<trkpt lat="53.261142746" lon="49.262657175">
  <ele>123.927002</ele>
  <time>2010-07-31T05:54:31Z</time>
</trkpt>
<trkpt lat="53.261211393" lon="49.262920367">
  <ele>124.014000</ele>
  <time>2010-07-31T05:54:32Z</time>
</trkpt>
<trkpt lat="53.261280041" lon="49.263183558">
  <ele>124.055000</ele>
  <time>2010-07-31T05:54:33Z</time>
</trkpt>
<trkpt lat="53.261344917" lon="49.263439206">
  <ele>124.176003</ele>
  <time>2010-07-31T05:54:34Z</time>
</trkpt>
<trkpt lat="53.261413565" lon="49.263698542">
  <ele>124.507004</ele>
  <time>2010-07-31T05:54:35Z</time>
</trkpt>
<trkpt lat="53.261478441" lon="49.263961818">
  <ele>124.773003</ele>
  <time>2010-07-31T05:54:36Z</time>
</trkpt>
<trkpt lat="53.261547089" lon="49.264221154">
  <ele>125.224998</ele>
  <time>2010-07-31T05:54:37Z</time>
</trkpt>
<trkpt lat="53.261619592" lon="49.264476802">
  <ele>125.564003</ele>
  <time>2010-07-31T05:54:38Z</time>
</trkpt>
<trkpt lat="53.261688240" lon="49.264736138">
  <ele>125.944000</ele>
  <time>2010-07-31T05:54:39Z</time>
</trkpt>
<trkpt lat="53.261756888" lon="49.264995558">
  <ele>126.370003</ele>
  <time>2010-07-31T05:54:40Z</time>
</trkpt>
<trkpt lat="53.261825535" lon="49.265254978">
  <ele>126.741997</ele>
  <time>2010-07-31T05:54:41Z</time>
</trkpt>
<trkpt lat="53.261898039" lon="49.265510542">
  <ele>126.853996</ele>
  <time>2010-07-31T05:54:42Z</time>
</trkpt>
<trkpt lat="53.261970542" lon="49.265769962">
  <ele>126.947998</ele>
  <time>2010-07-31T05:54:43Z</time>
</trkpt>
<trkpt lat="53.262039190" lon="49.266029382">
  <ele>127.260002</ele>
  <time>2010-07-31T05:54:44Z</time>
</trkpt>
<trkpt lat="53.262111694" lon="49.266288718">
  <ele>127.547997</ele>
  <time>2010-07-31T05:54:45Z</time>
</trkpt>
<trkpt lat="53.262180341" lon="49.266548138">
  <ele>128.014008</ele>
  <time>2010-07-31T05:54:46Z</time>
</trkpt>
<trkpt lat="53.262248989" lon="49.266807558">
  <ele>128.595993</ele>
  <time>2010-07-31T05:54:47Z</time>
</trkpt>
<trkpt lat="53.262321493" lon="49.267063122">
  <ele>129.192993</ele>
  <time>2010-07-31T05:54:48Z</time>
</trkpt>
<trkpt lat="53.262390140" lon="49.267326314">
  <ele>129.658005</ele>
  <time>2010-07-31T05:54:49Z</time>
</trkpt>
<trkpt lat="53.262458788" lon="49.267585734">
  <ele>130.117004</ele>
  <time>2010-07-31T05:54:50Z</time>
</trkpt>
<trkpt lat="53.262523664" lon="49.267845154">
  <ele>130.278000</ele>
  <time>2010-07-31T05:54:51Z</time>
</trkpt>
<trkpt lat="53.262596168" lon="49.268100718">
  <ele>130.589005</ele>
  <time>2010-07-31T05:54:52Z</time>
</trkpt>
<trkpt lat="53.262664815" lon="49.268356282">
  <ele>131.037003</ele>
  <time>2010-07-31T05:54:53Z</time>
</trkpt>
<trkpt lat="53.262729608" lon="49.268608075">
  <ele>131.667999</ele>
  <time>2010-07-31T05:54:54Z</time>
</trkpt>
<trkpt lat="53.262798339" lon="49.268859867">
  <ele>131.891998</ele>
  <time>2010-07-31T05:54:55Z</time>
</trkpt>
<trkpt lat="53.262863131" lon="49.269107804">
  <ele>132.289001</ele>
  <time>2010-07-31T05:54:56Z</time>
</trkpt>
<trkpt lat="53.262931863" lon="49.269363368">
  <ele>132.811996</ele>
  <time>2010-07-31T05:54:57Z</time>
</trkpt>
<trkpt lat="53.263000511" lon="49.269615160">
  <ele>133.307999</ele>
  <time>2010-07-31T05:54:58Z</time>
</trkpt>
<trkpt lat="53.263069158" lon="49.269870725">
  <ele>133.789993</ele>
  <time>2010-07-31T05:54:59Z</time>
</trkpt>
<trkpt lat="53.263137806" lon="49.270126373">
  <ele>134.028000</ele>
  <time>2010-07-31T05:55:00Z</time>
</trkpt>
<trkpt lat="53.263206454" lon="49.270381937">
  <ele>134.302994</ele>
  <time>2010-07-31T05:55:01Z</time>
</trkpt>
<trkpt lat="53.263278957" lon="49.270641357">
  <ele>134.541000</ele>
  <time>2010-07-31T05:55:02Z</time>
</trkpt>
<trkpt lat="53.263347605" lon="49.270896921">
  <ele>134.591995</ele>
  <time>2010-07-31T05:55:03Z</time>
</trkpt>
<trkpt lat="53.263412481" lon="49.271144858">
  <ele>134.684006</ele>
  <time>2010-07-31T05:55:04Z</time>
</trkpt>
<trkpt lat="53.263477357" lon="49.271389022">
  <ele>134.959000</ele>
  <time>2010-07-31T05:55:05Z</time>
</trkpt>
<trkpt lat="53.263542149" lon="49.271629332">
  <ele>135.203995</ele>
  <time>2010-07-31T05:55:06Z</time>
</trkpt>
<trkpt lat="53.263610881" lon="49.271873496">
  <ele>135.602005</ele>
  <time>2010-07-31T05:55:07Z</time>
</trkpt>
<trkpt lat="53.263671901" lon="49.272109950">
  <ele>135.839005</ele>
  <time>2010-07-31T05:55:08Z</time>
</trkpt>
<trkpt lat="53.263732921" lon="49.272346487">
  <ele>136.121002</ele>
  <time>2010-07-31T05:55:09Z</time>
</trkpt>
<trkpt lat="53.263797797" lon="49.272586796">
  <ele>136.757996</ele>
  <time>2010-07-31T05:55:10Z</time>
</trkpt>
<trkpt lat="53.263858818" lon="49.272819478">
  <ele>137.139999</ele>
  <time>2010-07-31T05:55:11Z</time>
</trkpt>
<trkpt lat="53.263919838" lon="49.273052244">
  <ele>137.292999</ele>
  <time>2010-07-31T05:55:12Z</time>
</trkpt>
<trkpt lat="53.263984714" lon="49.273292553">
  <ele>137.539993</ele>
  <time>2010-07-31T05:55:13Z</time>
</trkpt>
<trkpt lat="53.264045734" lon="49.273529090">
  <ele>137.617004</ele>
  <time>2010-07-31T05:55:14Z</time>
</trkpt>
<trkpt lat="53.264110526" lon="49.273765543">
  <ele>137.858002</ele>
  <time>2010-07-31T05:55:15Z</time>
</trkpt>
<trkpt lat="53.264175402" lon="49.274013480">
  <ele>138.136993</ele>
  <time>2010-07-31T05:55:16Z</time>
</trkpt>
<trkpt lat="53.264244050" lon="49.274276756">
  <ele>138.487000</ele>
  <time>2010-07-31T05:55:17Z</time>
</trkpt>
<trkpt lat="53.264312781" lon="49.274539948">
  <ele>138.794998</ele>
  <time>2010-07-31T05:55:18Z</time>
</trkpt>
<trkpt lat="53.264385201" lon="49.274810767">
  <ele>139.186996</ele>
  <time>2010-07-31T05:55:19Z</time>
</trkpt>
<trkpt lat="53.264461476" lon="49.275077814">
  <ele>139.488998</ele>
  <time>2010-07-31T05:55:20Z</time>
</trkpt>
<trkpt lat="53.264533980" lon="49.275337234">
  <ele>139.671005</ele>
  <time>2010-07-31T05:55:21Z</time>
</trkpt>
<trkpt lat="53.264606483" lon="49.275592798">
  <ele>139.759003</ele>
  <time>2010-07-31T05:55:22Z</time>
</trkpt>
<trkpt lat="53.264682759" lon="49.275848363">
  <ele>140.126999</ele>
  <time>2010-07-31T05:55:23Z</time>
</trkpt>
<trkpt lat="53.264762890" lon="49.276111638">
  <ele>140.468002</ele>
  <time>2010-07-31T05:55:24Z</time>
</trkpt>
<trkpt lat="53.264846792" lon="49.276370974">
  <ele>140.653000</ele>
  <time>2010-07-31T05:55:25Z</time>
</trkpt>
<trkpt lat="53.264942179" lon="49.276634250">
  <ele>140.820999</ele>
  <time>2010-07-31T05:55:26Z</time>
</trkpt>
<trkpt lat="53.265056591" lon="49.276905069">
  <ele>141.057999</ele>
  <time>2010-07-31T05:55:27Z</time>
</trkpt>
<trkpt lat="53.265178716" lon="49.277183516">
  <ele>141.416000</ele>
  <time>2010-07-31T05:55:28Z</time>
</trkpt>
<trkpt lat="53.265308384" lon="49.277473446">
  <ele>141.205002</ele>
  <time>2010-07-31T05:55:29Z</time>
</trkpt>
<trkpt lat="53.265445679" lon="49.277778631">
  <ele>141.326004</ele>
  <time>2010-07-31T05:55:30Z</time>
</trkpt>
<trkpt lat="53.265586831" lon="49.278091444">
  <ele>141.593002</ele>
  <time>2010-07-31T05:55:31Z</time>
</trkpt>
<trkpt lat="53.265739465" lon="49.278408028">
  <ele>141.654999</ele>
  <time>2010-07-31T05:55:32Z</time>
</trkpt>
<trkpt lat="53.265903499" lon="49.278717069">
  <ele>141.858002</ele>
  <time>2010-07-31T05:55:33Z</time>
</trkpt>
<trkpt lat="53.266075160" lon="49.279029882">
  <ele>142.067993</ele>
  <time>2010-07-31T05:55:34Z</time>
</trkpt>
<trkpt lat="53.266250594" lon="49.279346466">
  <ele>142.160995</ele>
  <time>2010-07-31T05:55:35Z</time>
</trkpt>
<trkpt lat="53.266429882" lon="49.279678306">
  <ele>142.389008</ele>
  <time>2010-07-31T05:55:36Z</time>
</trkpt>
<trkpt lat="53.266605400" lon="49.280025484">
  <ele>142.804001</ele>
  <time>2010-07-31T05:55:37Z</time>
</trkpt>
<trkpt lat="53.266784688" lon="49.280380290">
  <ele>143.091995</ele>
  <time>2010-07-31T05:55:38Z</time>
</trkpt>
<trkpt lat="53.266967749" lon="49.280723613">
  <ele>143.546997</ele>
  <time>2010-07-31T05:55:39Z</time>
</trkpt>
<trkpt lat="53.267150894" lon="49.281051597">
  <ele>143.835999</ele>
  <time>2010-07-31T05:55:40Z</time>
</trkpt>
<trkpt lat="53.267333955" lon="49.281383520">
  <ele>144.044006</ele>
  <time>2010-07-31T05:55:41Z</time>
</trkpt>
<trkpt lat="53.267517099" lon="49.281711588">
  <ele>143.977997</ele>
  <time>2010-07-31T05:55:42Z</time>
</trkpt>
<trkpt lat="53.267700160" lon="49.282039655">
  <ele>144.005005</ele>
  <time>2010-07-31T05:55:43Z</time>
</trkpt>
<trkpt lat="53.267883305" lon="49.282360096">
  <ele>143.985001</ele>
  <time>2010-07-31T05:55:44Z</time>
</trkpt>
<trkpt lat="53.268066365" lon="49.282680536">
  <ele>144.229004</ele>
  <time>2010-07-31T05:55:45Z</time>
</trkpt>
<trkpt lat="53.268245738" lon="49.282997120">
  <ele>144.093994</ele>
  <time>2010-07-31T05:55:46Z</time>
</trkpt>
<trkpt lat="53.268421171" lon="49.283309933">
  <ele>144.330994</ele>
  <time>2010-07-31T05:55:47Z</time>
</trkpt>
<trkpt lat="53.268589061" lon="49.283611262">
  <ele>144.311996</ele>
  <time>2010-07-31T05:55:48Z</time>
</trkpt>
<trkpt lat="53.268756866" lon="49.283916447">
  <ele>144.595001</ele>
  <time>2010-07-31T05:55:49Z</time>
</trkpt>
<trkpt lat="53.268924672" lon="49.284217861">
  <ele>144.764999</ele>
  <time>2010-07-31T05:55:50Z</time>
</trkpt>
<trkpt lat="53.269084934" lon="49.284515418">
  <ele>144.658005</ele>
  <time>2010-07-31T05:55:51Z</time>
</trkpt>
<trkpt lat="53.269252740" lon="49.284805264">
  <ele>144.947998</ele>
  <time>2010-07-31T05:55:52Z</time>
</trkpt>
<trkpt lat="53.269416774" lon="49.285095194">
  <ele>144.981003</ele>
  <time>2010-07-31T05:55:53Z</time>
</trkpt>
<trkpt lat="53.269577036" lon="49.285377497">
  <ele>145.281006</ele>
  <time>2010-07-31T05:55:54Z</time>
</trkpt>
<trkpt lat="53.269737214" lon="49.285655944">
  <ele>145.138000</ele>
  <time>2010-07-31T05:55:55Z</time>
</trkpt>
<trkpt lat="53.269893620" lon="49.285934474">
  <ele>145.130997</ele>
  <time>2010-07-31T05:55:56Z</time>
</trkpt>
<trkpt lat="53.270050026" lon="49.286209065">
  <ele>145.440994</ele>
  <time>2010-07-31T05:55:57Z</time>
</trkpt>
<trkpt lat="53.270202661" lon="49.286479969">
  <ele>145.710999</ele>
  <time>2010-07-31T05:55:58Z</time>
</trkpt>
<trkpt lat="53.270355212" lon="49.286743160">
  <ele>145.988998</ele>
  <time>2010-07-31T05:55:59Z</time>
</trkpt>
<trkpt lat="53.270500218" lon="49.287010208">
  <ele>146.272995</ele>
  <time>2010-07-31T05:56:00Z</time>
</trkpt>
<trkpt lat="53.270637514" lon="49.287269628">
  <ele>146.061005</ele>
  <time>2010-07-31T05:56:01Z</time>
</trkpt>
<trkpt lat="53.270771038" lon="49.287525192">
  <ele>145.927002</ele>
  <time>2010-07-31T05:56:02Z</time>
</trkpt>
<trkpt lat="53.270896934" lon="49.287788384">
  <ele>146.011002</ele>
  <time>2010-07-31T05:56:03Z</time>
</trkpt>
<trkpt lat="53.271011347" lon="49.288051575">
  <ele>145.923004</ele>
  <time>2010-07-31T05:56:04Z</time>
</trkpt>
<trkpt lat="53.271118132" lon="49.288318623">
  <ele>146.240997</ele>
  <time>2010-07-31T05:56:05Z</time>
</trkpt>
<trkpt lat="53.271221146" lon="49.288589442">
  <ele>146.376999</ele>
  <time>2010-07-31T05:56:06Z</time>
</trkpt>
<trkpt lat="53.271308905" lon="49.288856490">
  <ele>146.391006</ele>
  <time>2010-07-31T05:56:07Z</time>
</trkpt>
<trkpt lat="53.271392807" lon="49.289119681">
  <ele>146.386002</ele>
  <time>2010-07-31T05:56:08Z</time>
</trkpt>
<trkpt lat="53.271469083" lon="49.289386729">
  <ele>146.453995</ele>
  <time>2010-07-31T05:56:09Z</time>
</trkpt>
<trkpt lat="53.271533959" lon="49.289650004">
  <ele>146.455994</ele>
  <time>2010-07-31T05:56:10Z</time>
</trkpt>
<trkpt lat="53.271591207" lon="49.289916968">
  <ele>146.699997</ele>
  <time>2010-07-31T05:56:11Z</time>
</trkpt>
<trkpt lat="53.271648372" lon="49.290187871">
  <ele>146.811005</ele>
  <time>2010-07-31T05:56:12Z</time>
</trkpt>
<trkpt lat="53.271697992" lon="49.290462462">
  <ele>146.792999</ele>
  <time>2010-07-31T05:56:13Z</time>
</trkpt>
<trkpt lat="53.271739986" lon="49.290733365">
  <ele>146.662994</ele>
  <time>2010-07-31T05:56:14Z</time>
</trkpt>
<trkpt lat="53.271781895" lon="49.291004185">
  <ele>146.671997</ele>
  <time>2010-07-31T05:56:15Z</time>
</trkpt>
<trkpt lat="53.271820033" lon="49.291282631">
  <ele>147.354996</ele>
  <time>2010-07-31T05:56:16Z</time>
</trkpt>
<trkpt lat="53.271854399" lon="49.291561162">
  <ele>147.466995</ele>
  <time>2010-07-31T05:56:17Z</time>
</trkpt>
<trkpt lat="53.271892536" lon="49.291839609">
  <ele>147.751007</ele>
  <time>2010-07-31T05:56:18Z</time>
</trkpt>
<trkpt lat="53.271926902" lon="49.292121911">
  <ele>147.899994</ele>
  <time>2010-07-31T05:56:19Z</time>
</trkpt>
<trkpt lat="53.271961184" lon="49.292404214">
  <ele>148.175003</ele>
  <time>2010-07-31T05:56:20Z</time>
</trkpt>
<trkpt lat="53.271999322" lon="49.292686433">
  <ele>148.509003</ele>
  <time>2010-07-31T05:56:21Z</time>
</trkpt>
<trkpt lat="53.272033688" lon="49.292968735">
  <ele>148.949997</ele>
  <time>2010-07-31T05:56:22Z</time>
</trkpt>
<trkpt lat="53.272071825" lon="49.293247182">
  <ele>149.102997</ele>
  <time>2010-07-31T05:56:23Z</time>
</trkpt>
<trkpt lat="53.272106191" lon="49.293518085">
  <ele>149.188004</ele>
  <time>2010-07-31T05:56:24Z</time>
</trkpt>
<trkpt lat="53.272136701" lon="49.293785132">
  <ele>149.384003</ele>
  <time>2010-07-31T05:56:25Z</time>
</trkpt>
<trkpt lat="53.272170983" lon="49.294044469">
  <ele>149.520004</ele>
  <time>2010-07-31T05:56:26Z</time>
</trkpt>
<trkpt lat="53.272201577" lon="49.294300117">
  <ele>149.845993</ele>
  <time>2010-07-31T05:56:27Z</time>
</trkpt>
<trkpt lat="53.272228232" lon="49.294559453">
  <ele>150.274994</ele>
  <time>2010-07-31T05:56:28Z</time>
</trkpt>
<trkpt lat="53.272254970" lon="49.294818873">
  <ele>150.529007</ele>
  <time>2010-07-31T05:56:29Z</time>
</trkpt>
<trkpt lat="53.272285480" lon="49.295074437">
  <ele>150.753006</ele>
  <time>2010-07-31T05:56:30Z</time>
</trkpt>
<trkpt lat="53.272315990" lon="49.295330085">
  <ele>150.932999</ele>
  <time>2010-07-31T05:56:31Z</time>
</trkpt>
<trkpt lat="53.272346500" lon="49.295581793">
  <ele>151.087997</ele>
  <time>2010-07-31T05:56:32Z</time>
</trkpt>
<trkpt lat="53.272373239" lon="49.295841213">
  <ele>151.464996</ele>
  <time>2010-07-31T05:56:33Z</time>
</trkpt>
<trkpt lat="53.272403749" lon="49.296096778">
  <ele>151.440002</ele>
  <time>2010-07-31T05:56:34Z</time>
</trkpt>
<trkpt lat="53.272430403" lon="49.296352426">
  <ele>151.457001</ele>
  <time>2010-07-31T05:56:35Z</time>
</trkpt>
<trkpt lat="53.272460913" lon="49.296611762">
  <ele>151.511002</ele>
  <time>2010-07-31T05:56:36Z</time>
</trkpt>
<trkpt lat="53.272495279" lon="49.296878809">
  <ele>151.690002</ele>
  <time>2010-07-31T05:56:37Z</time>
</trkpt>
<trkpt lat="53.272525789" lon="49.297164883">
  <ele>151.888000</ele>
  <time>2010-07-31T05:56:38Z</time>
</trkpt>
<trkpt lat="53.272563927" lon="49.297458669">
  <ele>152.248001</ele>
  <time>2010-07-31T05:56:39Z</time>
</trkpt>
<trkpt lat="53.272602065" lon="49.297767626">
  <ele>152.598999</ele>
  <time>2010-07-31T05:56:40Z</time>
</trkpt>
<trkpt lat="53.272640202" lon="49.298080439">
  <ele>152.921005</ele>
  <time>2010-07-31T05:56:41Z</time>
</trkpt>
<trkpt lat="53.272682196" lon="49.298400879">
  <ele>153.345001</ele>
  <time>2010-07-31T05:56:42Z</time>
</trkpt>
<trkpt lat="53.272724189" lon="49.298728947">
  <ele>153.600006</ele>
  <time>2010-07-31T05:56:43Z</time>
</trkpt>
<trkpt lat="53.272766098" lon="49.299064642">
  <ele>153.798004</ele>
  <time>2010-07-31T05:56:44Z</time>
</trkpt>
<trkpt lat="53.272811864" lon="49.299407965">
  <ele>154.052002</ele>
  <time>2010-07-31T05:56:45Z</time>
</trkpt>
<trkpt lat="53.272853857" lon="49.299762687">
  <ele>154.274994</ele>
  <time>2010-07-31T05:56:46Z</time>
</trkpt>
<trkpt lat="53.272899622" lon="49.300121348">
  <ele>154.649002</ele>
  <time>2010-07-31T05:56:47Z</time>
</trkpt>
<trkpt lat="53.272945387" lon="49.300487554">
  <ele>155.093994</ele>
  <time>2010-07-31T05:56:48Z</time>
</trkpt>
<trkpt lat="53.272995008" lon="49.300861387">
  <ele>155.570007</ele>
  <time>2010-07-31T05:56:49Z</time>
</trkpt>
<trkpt lat="53.273044545" lon="49.301235219">
  <ele>155.854996</ele>
  <time>2010-07-31T05:56:50Z</time>
</trkpt>
<trkpt lat="53.273090394" lon="49.301612824">
  <ele>156.087006</ele>
  <time>2010-07-31T05:56:51Z</time>
</trkpt>
<trkpt lat="53.273139931" lon="49.301994285">
  <ele>156.608002</ele>
  <time>2010-07-31T05:56:52Z</time>
</trkpt>
<trkpt lat="53.273189552" lon="49.302383456">
  <ele>156.886002</ele>
  <time>2010-07-31T05:56:53Z</time>
</trkpt>
<trkpt lat="53.273246801" lon="49.302772544">
  <ele>157.362000</ele>
  <time>2010-07-31T05:56:54Z</time>
</trkpt>
<trkpt lat="53.273303965" lon="49.303165404">
  <ele>157.889008</ele>
  <time>2010-07-31T05:56:55Z</time>
</trkpt>
<trkpt lat="53.273364985" lon="49.303558348">
  <ele>158.057007</ele>
  <time>2010-07-31T05:56:56Z</time>
</trkpt>
<trkpt lat="53.273429861" lon="49.303958919">
  <ele>158.720993</ele>
  <time>2010-07-31T05:56:57Z</time>
</trkpt>
<trkpt lat="53.273502365" lon="49.304359406">
  <ele>159.389999</ele>
  <time>2010-07-31T05:56:58Z</time>
</trkpt>
<trkpt lat="53.273574868" lon="49.304763833">
  <ele>160.287003</ele>
  <time>2010-07-31T05:56:59Z</time>
</trkpt>
<trkpt lat="53.273654915" lon="49.305168176">
  <ele>160.871002</ele>
  <time>2010-07-31T05:57:00Z</time>
</trkpt>
<trkpt lat="53.273735046" lon="49.305576291">
  <ele>161.567001</ele>
  <time>2010-07-31T05:57:01Z</time>
</trkpt>
<trkpt lat="53.273818949" lon="49.305976862">
  <ele>162.222000</ele>
  <time>2010-07-31T05:57:02Z</time>
</trkpt>
<trkpt lat="53.273906708" lon="49.306385061">
  <ele>162.792007</ele>
  <time>2010-07-31T05:57:03Z</time>
</trkpt>
<trkpt lat="53.273994466" lon="49.306789404">
  <ele>163.408005</ele>
  <time>2010-07-31T05:57:04Z</time>
</trkpt>
<trkpt lat="53.274085997" lon="49.307197602">
  <ele>164.160995</ele>
  <time>2010-07-31T05:57:05Z</time>
</trkpt>
<trkpt lat="53.274173755" lon="49.307598090">
  <ele>164.725006</ele>
  <time>2010-07-31T05:57:06Z</time>
</trkpt>
<trkpt lat="53.274269141" lon="49.307998661">
  <ele>165.313004</ele>
  <time>2010-07-31T05:57:07Z</time>
</trkpt>
<trkpt lat="53.274368299" lon="49.308395376">
  <ele>165.826996</ele>
  <time>2010-07-31T05:57:08Z</time>
</trkpt>
<trkpt lat="53.274471313" lon="49.308788320">
  <ele>166.307999</ele>
  <time>2010-07-31T05:57:09Z</time>
</trkpt>
<trkpt lat="53.274581870" lon="49.309177408">
  <ele>166.917007</ele>
  <time>2010-07-31T05:57:10Z</time>
</trkpt>
<trkpt lat="53.274688739" lon="49.309562724">
  <ele>167.419998</ele>
  <time>2010-07-31T05:57:11Z</time>
</trkpt>
<trkpt lat="53.274799380" lon="49.309944184">
  <ele>168.115997</ele>
  <time>2010-07-31T05:57:12Z</time>
</trkpt>
<trkpt lat="53.274909938" lon="49.310314162">
  <ele>168.475006</ele>
  <time>2010-07-31T05:57:13Z</time>
</trkpt>
<trkpt lat="53.275032062" lon="49.310676595">
  <ele>169.001999</ele>
  <time>2010-07-31T05:57:14Z</time>
</trkpt>
<trkpt lat="53.275154103" lon="49.311031317">
  <ele>169.214996</ele>
  <time>2010-07-31T05:57:15Z</time>
</trkpt>
<trkpt lat="53.275287626" lon="49.311378496">
  <ele>169.748001</ele>
  <time>2010-07-31T05:57:16Z</time>
</trkpt>
<trkpt lat="53.275424922" lon="49.311717963">
  <ele>170.056000</ele>
  <time>2010-07-31T05:57:17Z</time>
</trkpt>
<trkpt lat="53.275569929" lon="49.312053658">
  <ele>170.658005</ele>
  <time>2010-07-31T05:57:18Z</time>
</trkpt>
<trkpt lat="53.275722479" lon="49.312389353">
  <ele>171.130005</ele>
  <time>2010-07-31T05:57:19Z</time>
</trkpt>
<trkpt lat="53.275875114" lon="49.312725049">
  <ele>171.723999</ele>
  <time>2010-07-31T05:57:20Z</time>
</trkpt>
<trkpt lat="53.276035292" lon="49.313053116">
  <ele>172.014999</ele>
  <time>2010-07-31T05:57:21Z</time>
</trkpt>
<trkpt lat="53.276191698" lon="49.313385040">
  <ele>172.171997</ele>
  <time>2010-07-31T05:57:22Z</time>
</trkpt>
<trkpt lat="53.276348105" lon="49.313720735">
  <ele>172.656998</ele>
  <time>2010-07-31T05:57:23Z</time>
</trkpt>
<trkpt lat="53.276508367" lon="49.314060202">
  <ele>173.268005</ele>
  <time>2010-07-31T05:57:24Z</time>
</trkpt>
<trkpt lat="53.276664773" lon="49.314395897">
  <ele>173.468994</ele>
  <time>2010-07-31T05:57:25Z</time>
</trkpt>
<trkpt lat="53.276824951" lon="49.314727820">
  <ele>173.785995</ele>
  <time>2010-07-31T05:57:26Z</time>
</trkpt>
<trkpt lat="53.276985129" lon="49.315052032">
  <ele>173.750000</ele>
  <time>2010-07-31T05:57:27Z</time>
</trkpt>
<trkpt lat="53.277149163" lon="49.315364845">
  <ele>174.035004</ele>
  <time>2010-07-31T05:57:28Z</time>
</trkpt>
<trkpt lat="53.277317053" lon="49.315670030">
  <ele>174.264008</ele>
  <time>2010-07-31T05:57:29Z</time>
</trkpt>
<trkpt lat="53.277488714" lon="49.315975215">
  <ele>174.399994</ele>
  <time>2010-07-31T05:57:30Z</time>
</trkpt>
<trkpt lat="53.277660375" lon="49.316276545">
  <ele>174.537003</ele>
  <time>2010-07-31T05:57:31Z</time>
</trkpt>
<trkpt lat="53.277839664" lon="49.316574102">
  <ele>174.494995</ele>
  <time>2010-07-31T05:57:32Z</time>
</trkpt>
<trkpt lat="53.278018953" lon="49.316864032">
  <ele>174.509995</ele>
  <time>2010-07-31T05:57:33Z</time>
</trkpt>
<trkpt lat="53.278202098" lon="49.317150107">
  <ele>174.283005</ele>
  <time>2010-07-31T05:57:34Z</time>
</trkpt>
<trkpt lat="53.278389014" lon="49.317443809">
  <ele>174.235992</ele>
  <time>2010-07-31T05:57:35Z</time>
</trkpt>
<trkpt lat="53.278579703" lon="49.317729967">
  <ele>174.229996</ele>
  <time>2010-07-31T05:57:36Z</time>
</trkpt>
<trkpt lat="53.278770475" lon="49.318008414">
  <ele>174.195999</ele>
  <time>2010-07-31T05:57:37Z</time>
</trkpt>
<trkpt lat="53.278965019" lon="49.318279233">
  <ele>173.955994</ele>
  <time>2010-07-31T05:57:38Z</time>
</trkpt>
<trkpt lat="53.279163335" lon="49.318550136">
  <ele>173.699997</ele>
  <time>2010-07-31T05:57:39Z</time>
</trkpt>
<trkpt lat="53.279354107" lon="49.318817100">
  <ele>173.179993</ele>
  <time>2010-07-31T05:57:40Z</time>
</trkpt>
<trkpt lat="53.279552422" lon="49.319076519">
  <ele>172.873993</ele>
  <time>2010-07-31T05:57:41Z</time>
</trkpt>
<trkpt lat="53.279750822" lon="49.319339711">
  <ele>172.593994</ele>
  <time>2010-07-31T05:57:42Z</time>
</trkpt>
<trkpt lat="53.279956849" lon="49.319591504">
  <ele>172.341995</ele>
  <time>2010-07-31T05:57:43Z</time>
</trkpt>
<trkpt lat="53.280166648" lon="49.319839440">
  <ele>171.750000</ele>
  <time>2010-07-31T05:57:44Z</time>
</trkpt>
<trkpt lat="53.280380219" lon="49.320083605">
  <ele>171.440994</ele>
  <time>2010-07-31T05:57:45Z</time>
</trkpt>
<trkpt lat="53.280597646" lon="49.320327770">
  <ele>170.796005</ele>
  <time>2010-07-31T05:57:46Z</time>
</trkpt>
<trkpt lat="53.280815156" lon="49.320564307">
  <ele>170.244995</ele>
  <time>2010-07-31T05:57:47Z</time>
</trkpt>
<trkpt lat="53.281040210" lon="49.320796989">
  <ele>169.546005</ele>
  <time>2010-07-31T05:57:48Z</time>
</trkpt>
<trkpt lat="53.281272892" lon="49.321025815">
  <ele>168.973999</ele>
  <time>2010-07-31T05:57:49Z</time>
</trkpt>
<trkpt lat="53.281509429" lon="49.321243325">
  <ele>168.473007</ele>
  <time>2010-07-31T05:57:50Z</time>
</trkpt>
<trkpt lat="53.281749738" lon="49.321464524">
  <ele>167.776001</ele>
  <time>2010-07-31T05:57:51Z</time>
</trkpt>
<trkpt lat="53.281986276" lon="49.321685806">
  <ele>167.203995</ele>
  <time>2010-07-31T05:57:52Z</time>
</trkpt>
<trkpt lat="53.282218957" lon="49.321910860">
  <ele>166.636002</ele>
  <time>2010-07-31T05:57:53Z</time>
</trkpt>
<trkpt lat="53.282451639" lon="49.322135914">
  <ele>166.167999</ele>
  <time>2010-07-31T05:57:54Z</time>
</trkpt>
<trkpt lat="53.282688176" lon="49.322364824">
  <ele>166.016006</ele>
  <time>2010-07-31T05:57:55Z</time>
</trkpt>
<trkpt lat="53.282924630" lon="49.322589878">
  <ele>165.694000</ele>
  <time>2010-07-31T05:57:56Z</time>
</trkpt>
<trkpt lat="53.283157311" lon="49.322814932">
  <ele>165.414993</ele>
  <time>2010-07-31T05:57:57Z</time>
</trkpt>
<trkpt lat="53.283390077" lon="49.323032359">
  <ele>165.097000</ele>
  <time>2010-07-31T05:57:58Z</time>
</trkpt>
<trkpt lat="53.283626530" lon="49.323242158">
  <ele>165.251007</ele>
  <time>2010-07-31T05:57:59Z</time>
</trkpt>
<trkpt lat="53.283863068" lon="49.323448185">
  <ele>165.020996</ele>
  <time>2010-07-31T05:58:00Z</time>
</trkpt>
<trkpt lat="53.284103377" lon="49.323654212">
  <ele>165.408997</ele>
  <time>2010-07-31T05:58:01Z</time>
</trkpt>
<trkpt lat="53.284343686" lon="49.323852528">
  <ele>165.522995</ele>
  <time>2010-07-31T05:58:02Z</time>
</trkpt>
<trkpt lat="53.284580223" lon="49.324043300">
  <ele>165.925003</ele>
  <time>2010-07-31T05:58:03Z</time>
</trkpt>
<trkpt lat="53.284816761" lon="49.324233988">
  <ele>166.181000</ele>
  <time>2010-07-31T05:58:04Z</time>
</trkpt>
<trkpt lat="53.285053214" lon="49.324424760">
  <ele>166.595993</ele>
  <time>2010-07-31T05:58:05Z</time>
</trkpt>
<trkpt lat="53.285282124" lon="49.324607821">
  <ele>166.697006</ele>
  <time>2010-07-31T05:58:06Z</time>
</trkpt>
<trkpt lat="53.285511034" lon="49.324790966">
  <ele>167.231003</ele>
  <time>2010-07-31T05:58:07Z</time>
</trkpt>
<trkpt lat="53.285739860" lon="49.324970255">
  <ele>167.585999</ele>
  <time>2010-07-31T05:58:08Z</time>
</trkpt>
<trkpt lat="53.285972625" lon="49.325145688">
  <ele>167.878006</ele>
  <time>2010-07-31T05:58:09Z</time>
</trkpt>
<trkpt lat="53.286201451" lon="49.325324977">
  <ele>168.214996</ele>
  <time>2010-07-31T05:58:10Z</time>
</trkpt>
<trkpt lat="53.286434133" lon="49.325500494">
  <ele>168.485001</ele>
  <time>2010-07-31T05:58:11Z</time>
</trkpt>
<trkpt lat="53.286663042" lon="49.325675927">
  <ele>168.613998</ele>
  <time>2010-07-31T05:58:12Z</time>
</trkpt>
<trkpt lat="53.286895724" lon="49.325855216">
  <ele>168.373001</ele>
  <time>2010-07-31T05:58:13Z</time>
</trkpt>
<trkpt lat="53.287128489" lon="49.326034505">
  <ele>168.283005</ele>
  <time>2010-07-31T05:58:14Z</time>
</trkpt>
<trkpt lat="53.287357315" lon="49.326210022">
  <ele>168.266006</ele>
  <time>2010-07-31T05:58:15Z</time>
</trkpt>
<trkpt lat="53.287578598" lon="49.326385539">
  <ele>168.268005</ele>
  <time>2010-07-31T05:58:16Z</time>
</trkpt>
<trkpt lat="53.287799796" lon="49.326557200">
  <ele>168.052994</ele>
  <time>2010-07-31T05:58:17Z</time>
</trkpt>
<trkpt lat="53.288017306" lon="49.326728862">
  <ele>168.287994</ele>
  <time>2010-07-31T05:58:18Z</time>
</trkpt>
<trkpt lat="53.288227106" lon="49.326900523">
  <ele>168.214996</ele>
  <time>2010-07-31T05:58:19Z</time>
</trkpt>
<trkpt lat="53.288436905" lon="49.327068329">
  <ele>168.156998</ele>
  <time>2010-07-31T05:58:20Z</time>
</trkpt>
<trkpt lat="53.288635220" lon="49.327228507">
  <ele>167.768005</ele>
  <time>2010-07-31T05:58:21Z</time>
</trkpt>
<trkpt lat="53.288818365" lon="49.327377286">
  <ele>167.727997</ele>
  <time>2010-07-31T05:58:22Z</time>
</trkpt>
<trkpt lat="53.288990026" lon="49.327514665">
  <ele>167.412003</ele>
  <time>2010-07-31T05:58:23Z</time>
</trkpt>
<trkpt lat="53.289150205" lon="49.327648189">
  <ele>167.085999</ele>
  <time>2010-07-31T05:58:24Z</time>
</trkpt>
<trkpt lat="53.289298983" lon="49.327777857">
  <ele>166.565994</ele>
  <time>2010-07-31T05:58:25Z</time>
</trkpt>
<trkpt lat="53.289455390" lon="49.327907525">
  <ele>166.292999</ele>
  <time>2010-07-31T05:58:26Z</time>
</trkpt>
<trkpt lat="53.289611796" lon="49.328037277">
  <ele>166.231003</ele>
  <time>2010-07-31T05:58:27Z</time>
</trkpt>
<trkpt lat="53.289768202" lon="49.328170801">
  <ele>166.365997</ele>
  <time>2010-07-31T05:58:28Z</time>
</trkpt>
<trkpt lat="53.289928464" lon="49.328308096">
  <ele>166.537994</ele>
  <time>2010-07-31T05:58:29Z</time>
</trkpt>
<trkpt lat="53.290084871" lon="49.328445476">
  <ele>166.716995</ele>
  <time>2010-07-31T05:58:30Z</time>
</trkpt>
<trkpt lat="53.290245049" lon="49.328590399">
  <ele>166.817993</ele>
  <time>2010-07-31T05:58:31Z</time>
</trkpt>
<trkpt lat="53.290401455" lon="49.328746805">
  <ele>166.959000</ele>
  <time>2010-07-31T05:58:32Z</time>
</trkpt>
<trkpt lat="53.290557861" lon="49.328914611">
  <ele>167.227997</ele>
  <time>2010-07-31T05:58:33Z</time>
</trkpt>
<trkpt lat="53.290706640" lon="49.329082500">
  <ele>167.085999</ele>
  <time>2010-07-31T05:58:34Z</time>
</trkpt>
<trkpt lat="53.290855419" lon="49.329254162">
  <ele>167.296997</ele>
  <time>2010-07-31T05:58:35Z</time>
</trkpt>
<trkpt lat="53.290992714" lon="49.329433450">
  <ele>167.257996</ele>
  <time>2010-07-31T05:58:36Z</time>
</trkpt>
<trkpt lat="53.291130094" lon="49.329608884">
  <ele>167.505997</ele>
  <time>2010-07-31T05:58:37Z</time>
</trkpt>
<trkpt lat="53.291263618" lon="49.329788173">
  <ele>167.764999</ele>
  <time>2010-07-31T05:58:38Z</time>
</trkpt>
<trkpt lat="53.291397057" lon="49.329963690">
  <ele>167.600006</ele>
  <time>2010-07-31T05:58:39Z</time>
</trkpt>
<trkpt lat="53.291526809" lon="49.330150606">
  <ele>167.522995</ele>
  <time>2010-07-31T05:58:40Z</time>
</trkpt>
<trkpt lat="53.291656477" lon="49.330337523">
  <ele>167.610001</ele>
  <time>2010-07-31T05:58:41Z</time>
</trkpt>
<trkpt lat="53.291782374" lon="49.330528295">
  <ele>167.600998</ele>
  <time>2010-07-31T05:58:42Z</time>
</trkpt>
<trkpt lat="53.291912042" lon="49.330715211">
  <ele>167.744003</ele>
  <time>2010-07-31T05:58:43Z</time>
</trkpt>
<trkpt lat="53.292041793" lon="49.330902128">
  <ele>167.886993</ele>
  <time>2010-07-31T05:58:44Z</time>
</trkpt>
<trkpt lat="53.292167690" lon="49.331092816">
  <ele>167.800003</ele>
  <time>2010-07-31T05:58:45Z</time>
</trkpt>
<trkpt lat="53.292293586" lon="49.331283588">
  <ele>167.625000</ele>
  <time>2010-07-31T05:58:46Z</time>
</trkpt>
<trkpt lat="53.292423254" lon="49.331474276">
  <ele>167.278000</ele>
  <time>2010-07-31T05:58:47Z</time>
</trkpt>
<trkpt lat="53.292545294" lon="49.331665048">
  <ele>167.054993</ele>
  <time>2010-07-31T05:58:48Z</time>
</trkpt>
<trkpt lat="53.292667419" lon="49.331855737">
  <ele>167.046997</ele>
  <time>2010-07-31T05:58:49Z</time>
</trkpt>
<trkpt lat="53.292797087" lon="49.332046509">
  <ele>167.100998</ele>
  <time>2010-07-31T05:58:50Z</time>
</trkpt>
<trkpt lat="53.292926755" lon="49.332244908">
  <ele>167.104996</ele>
  <time>2010-07-31T05:58:51Z</time>
</trkpt>
<trkpt lat="53.293056507" lon="49.332435597">
  <ele>166.837006</ele>
  <time>2010-07-31T05:58:52Z</time>
</trkpt>
<trkpt lat="53.293186175" lon="49.332630141">
  <ele>166.613007</ele>
  <time>2010-07-31T05:58:53Z</time>
</trkpt>
<trkpt lat="53.293319698" lon="49.332828540">
  <ele>166.320999</ele>
  <time>2010-07-31T05:58:54Z</time>
</trkpt>
<trkpt lat="53.293453222" lon="49.333026856">
  <ele>166.057999</ele>
  <time>2010-07-31T05:58:55Z</time>
</trkpt>
<trkpt lat="53.293586746" lon="49.333225256">
  <ele>165.779999</ele>
  <time>2010-07-31T05:58:56Z</time>
</trkpt>
<trkpt lat="53.293720270" lon="49.333431283">
  <ele>165.479996</ele>
  <time>2010-07-31T05:58:57Z</time>
</trkpt>
<trkpt lat="53.293861421" lon="49.333637226">
  <ele>165.401001</ele>
  <time>2010-07-31T05:58:58Z</time>
</trkpt>
<trkpt lat="53.293994945" lon="49.333839398">
  <ele>165.276993</ele>
  <time>2010-07-31T05:58:59Z</time>
</trkpt>
<trkpt lat="53.294128384" lon="49.334045425">
  <ele>165.167999</ele>
  <time>2010-07-31T05:59:00Z</time>
</trkpt>
<trkpt lat="53.294269536" lon="49.334251368">
  <ele>165.115005</ele>
  <time>2010-07-31T05:59:01Z</time>
</trkpt>
<trkpt lat="53.294414543" lon="49.334457396">
  <ele>164.953003</ele>
  <time>2010-07-31T05:59:02Z</time>
</trkpt>
<trkpt lat="53.294555694" lon="49.334663423">
  <ele>165.216995</ele>
  <time>2010-07-31T05:59:03Z</time>
</trkpt>
<trkpt lat="53.294696845" lon="49.334865594">
  <ele>165.113998</ele>
  <time>2010-07-31T05:59:04Z</time>
</trkpt>
<trkpt lat="53.294826513" lon="49.335071538">
  <ele>165.007004</ele>
  <time>2010-07-31T05:59:05Z</time>
</trkpt>
<trkpt lat="53.294956181" lon="49.335273709">
  <ele>164.673996</ele>
  <time>2010-07-31T05:59:06Z</time>
</trkpt>
<trkpt lat="53.295082077" lon="49.335472109">
  <ele>164.873993</ele>
  <time>2010-07-31T05:59:07Z</time>
</trkpt>
<trkpt lat="53.295204202" lon="49.335655253">
  <ele>164.800003</ele>
  <time>2010-07-31T05:59:08Z</time>
</trkpt>
<trkpt lat="53.295330014" lon="49.335838314">
  <ele>164.947006</ele>
  <time>2010-07-31T05:59:09Z</time>
</trkpt>
<trkpt lat="53.295452138" lon="49.336017603">
  <ele>165.070007</ele>
  <time>2010-07-31T05:59:10Z</time>
</trkpt>
<trkpt lat="53.295574179" lon="49.336196892">
  <ele>165.427994</ele>
  <time>2010-07-31T05:59:11Z</time>
</trkpt>
<trkpt lat="53.295696219" lon="49.336380037">
  <ele>165.292999</ele>
  <time>2010-07-31T05:59:12Z</time>
</trkpt>
<trkpt lat="53.295818344" lon="49.336566953">
  <ele>165.470001</ele>
  <time>2010-07-31T05:59:13Z</time>
</trkpt>
<trkpt lat="53.295940384" lon="49.336750014">
  <ele>165.738998</ele>
  <time>2010-07-31T05:59:14Z</time>
</trkpt>
<trkpt lat="53.296058653" lon="49.336933158">
  <ele>165.944000</ele>
  <time>2010-07-31T05:59:15Z</time>
</trkpt>
<trkpt lat="53.296180693" lon="49.337112447">
  <ele>166.296997</ele>
  <time>2010-07-31T05:59:16Z</time>
</trkpt>
<trkpt lat="53.296302818" lon="49.337299364">
  <ele>166.490005</ele>
  <time>2010-07-31T05:59:17Z</time>
</trkpt>
<trkpt lat="53.296424858" lon="49.337486280">
  <ele>166.475998</ele>
  <time>2010-07-31T05:59:18Z</time>
</trkpt>
<trkpt lat="53.296550754" lon="49.337673197">
  <ele>166.783997</ele>
  <time>2010-07-31T05:59:19Z</time>
</trkpt>
<trkpt lat="53.296672795" lon="49.337867741">
  <ele>167.237000</ele>
  <time>2010-07-31T05:59:20Z</time>
</trkpt>
<trkpt lat="53.296798691" lon="49.338058513">
  <ele>167.360992</ele>
  <time>2010-07-31T05:59:21Z</time>
</trkpt>
<trkpt lat="53.296924587" lon="49.338245429">
  <ele>167.447998</ele>
  <time>2010-07-31T05:59:22Z</time>
</trkpt>
<trkpt lat="53.297050484" lon="49.338439973">
  <ele>167.901001</ele>
  <time>2010-07-31T05:59:23Z</time>
</trkpt>
<trkpt lat="53.297176380" lon="49.338630661">
  <ele>168.214996</ele>
  <time>2010-07-31T05:59:24Z</time>
</trkpt>
<trkpt lat="53.297298420" lon="49.338817578">
  <ele>168.500000</ele>
  <time>2010-07-31T05:59:25Z</time>
</trkpt>
<trkpt lat="53.297428172" lon="49.339008350">
  <ele>168.738998</ele>
  <time>2010-07-31T05:59:26Z</time>
</trkpt>
<trkpt lat="53.297553984" lon="49.339202894">
  <ele>168.904999</ele>
  <time>2010-07-31T05:59:27Z</time>
</trkpt>
<trkpt lat="53.297679881" lon="49.339393582">
  <ele>169.337006</ele>
  <time>2010-07-31T05:59:28Z</time>
</trkpt>
<trkpt lat="53.297805777" lon="49.339576727">
  <ele>169.632004</ele>
  <time>2010-07-31T05:59:29Z</time>
</trkpt>
<trkpt lat="53.297924045" lon="49.339759788">
  <ele>169.893005</ele>
  <time>2010-07-31T05:59:30Z</time>
</trkpt>
<trkpt lat="53.298046086" lon="49.339939076">
  <ele>170.309998</ele>
  <time>2010-07-31T05:59:31Z</time>
</trkpt>
<trkpt lat="53.298168210" lon="49.340122221">
  <ele>170.876007</ele>
  <time>2010-07-31T05:59:32Z</time>
</trkpt>
<trkpt lat="53.298290251" lon="49.340301510">
  <ele>171.201996</ele>
  <time>2010-07-31T05:59:33Z</time>
</trkpt>
<trkpt lat="53.298408519" lon="49.340477027">
  <ele>171.815002</ele>
  <time>2010-07-31T05:59:34Z</time>
</trkpt>
<trkpt lat="53.298526788" lon="49.340656316">
  <ele>172.065994</ele>
  <time>2010-07-31T05:59:35Z</time>
</trkpt>
<trkpt lat="53.298645057" lon="49.340831749">
  <ele>172.313004</ele>
  <time>2010-07-31T05:59:36Z</time>
</trkpt>
<trkpt lat="53.298763242" lon="49.341014894">
  <ele>172.658997</ele>
  <time>2010-07-31T05:59:37Z</time>
</trkpt>
<trkpt lat="53.298885366" lon="49.341201810">
  <ele>173.056000</ele>
  <time>2010-07-31T05:59:38Z</time>
</trkpt>
<trkpt lat="53.299015034" lon="49.341388727">
  <ele>173.654007</ele>
  <time>2010-07-31T05:59:39Z</time>
</trkpt>
<trkpt lat="53.299148558" lon="49.341583271">
  <ele>174.166000</ele>
  <time>2010-07-31T05:59:40Z</time>
</trkpt>
<trkpt lat="53.299282081" lon="49.341785442">
  <ele>174.772003</ele>
  <time>2010-07-31T05:59:41Z</time>
</trkpt>
<trkpt lat="53.299415605" lon="49.341987614">
  <ele>175.386993</ele>
  <time>2010-07-31T05:59:42Z</time>
</trkpt>
<trkpt lat="53.299545273" lon="49.342186013">
  <ele>175.897003</ele>
  <time>2010-07-31T05:59:43Z</time>
</trkpt>
<trkpt lat="53.299675025" lon="49.342380557">
  <ele>176.766006</ele>
  <time>2010-07-31T05:59:44Z</time>
</trkpt>
<trkpt lat="53.299804693" lon="49.342567474">
  <ele>177.380997</ele>
  <time>2010-07-31T05:59:45Z</time>
</trkpt>
<trkpt lat="53.299926734" lon="49.342750534">
  <ele>177.959000</ele>
  <time>2010-07-31T05:59:46Z</time>
</trkpt>
<trkpt lat="53.300045002" lon="49.342929823">
  <ele>178.339996</ele>
  <time>2010-07-31T05:59:47Z</time>
</trkpt>
<trkpt lat="53.300163271" lon="49.343112968">
  <ele>178.766006</ele>
  <time>2010-07-31T05:59:48Z</time>
</trkpt>
<trkpt lat="53.300277684" lon="49.343288401">
  <ele>179.563995</ele>
  <time>2010-07-31T05:59:49Z</time>
</trkpt>
<trkpt lat="53.300395953" lon="49.343460063">
  <ele>180.453995</ele>
  <time>2010-07-31T05:59:50Z</time>
</trkpt>
<trkpt lat="53.300514221" lon="49.343627952">
  <ele>180.688995</ele>
  <time>2010-07-31T05:59:51Z</time>
</trkpt>
<trkpt lat="53.300628634" lon="49.343799613">
  <ele>181.223999</ele>
  <time>2010-07-31T05:59:52Z</time>
</trkpt>
<trkpt lat="53.300743131" lon="49.343971275">
  <ele>181.807999</ele>
  <time>2010-07-31T05:59:53Z</time>
</trkpt>
<trkpt lat="53.300865171" lon="49.344146708">
  <ele>182.656006</ele>
  <time>2010-07-31T05:59:54Z</time>
</trkpt>
<trkpt lat="53.300983440" lon="49.344325997">
  <ele>183.408005</ele>
  <time>2010-07-31T05:59:55Z</time>
</trkpt>
<trkpt lat="53.301101709" lon="49.344505286">
  <ele>183.949005</ele>
  <time>2010-07-31T05:59:56Z</time>
</trkpt>
<trkpt lat="53.301231377" lon="49.344692202">
  <ele>184.505005</ele>
  <time>2010-07-31T05:59:57Z</time>
</trkpt>
<trkpt lat="53.301372528" lon="49.344886746">
  <ele>185.210999</ele>
  <time>2010-07-31T05:59:58Z</time>
</trkpt>
<trkpt lat="53.301521307" lon="49.345085146">
  <ele>185.897003</ele>
  <time>2010-07-31T05:59:59Z</time>
</trkpt>
<trkpt lat="53.301670086" lon="49.345294945">
  <ele>186.636993</ele>
  <time>2010-07-31T06:00:00Z</time>
</trkpt>
<trkpt lat="53.301822636" lon="49.345512372">
  <ele>187.369003</ele>
  <time>2010-07-31T06:00:01Z</time>
</trkpt>
<trkpt lat="53.301975271" lon="49.345745053">
  <ele>188.167999</ele>
  <time>2010-07-31T06:00:02Z</time>
</trkpt>
<trkpt lat="53.302127821" lon="49.345981590">
  <ele>188.606995</ele>
  <time>2010-07-31T06:00:03Z</time>
</trkpt>
<trkpt lat="53.302280456" lon="49.346221900">
  <ele>189.380005</ele>
  <time>2010-07-31T06:00:04Z</time>
</trkpt>
<trkpt lat="53.302436862" lon="49.346469920">
  <ele>190.070007</ele>
  <time>2010-07-31T06:00:05Z</time>
</trkpt>
<trkpt lat="53.302593268" lon="49.346717857">
  <ele>190.520004</ele>
  <time>2010-07-31T06:00:06Z</time>
</trkpt>
<trkpt lat="53.302753447" lon="49.346965794">
  <ele>191.240005</ele>
  <time>2010-07-31T06:00:07Z</time>
</trkpt>
<trkpt lat="53.302925108" lon="49.347198475">
  <ele>191.613007</ele>
  <time>2010-07-31T06:00:08Z</time>
</trkpt>
<trkpt lat="53.303096769" lon="49.347419757">
  <ele>192.389999</ele>
  <time>2010-07-31T06:00:09Z</time>
</trkpt>
<trkpt lat="53.303272286" lon="49.347629556">
  <ele>192.615997</ele>
  <time>2010-07-31T06:00:10Z</time>
</trkpt>
<trkpt lat="53.303455347" lon="49.347831728">
  <ele>192.828003</ele>
  <time>2010-07-31T06:00:11Z</time>
</trkpt>
<trkpt lat="53.303638492" lon="49.348037755">
  <ele>193.216003</ele>
  <time>2010-07-31T06:00:12Z</time>
</trkpt>
<trkpt lat="53.303829180" lon="49.348243698">
  <ele>193.578003</ele>
  <time>2010-07-31T06:00:13Z</time>
</trkpt>
<trkpt lat="53.304019952" lon="49.348449726">
  <ele>193.925995</ele>
  <time>2010-07-31T06:00:14Z</time>
</trkpt>
<trkpt lat="53.304210640" lon="49.348659525">
  <ele>194.033005</ele>
  <time>2010-07-31T06:00:15Z</time>
</trkpt>
<trkpt lat="53.304405184" lon="49.348873179">
  <ele>194.085999</ele>
  <time>2010-07-31T06:00:16Z</time>
</trkpt>
<trkpt lat="53.304599728" lon="49.349086750">
  <ele>194.675003</ele>
  <time>2010-07-31T06:00:17Z</time>
</trkpt>
<trkpt lat="53.304798128" lon="49.349300405">
  <ele>195.298996</ele>
  <time>2010-07-31T06:00:18Z</time>
</trkpt>
<trkpt lat="53.304996528" lon="49.349517832">
  <ele>196.078995</ele>
  <time>2010-07-31T06:00:19Z</time>
</trkpt>
<trkpt lat="53.305194844" lon="49.349731486">
  <ele>196.912003</ele>
  <time>2010-07-31T06:00:20Z</time>
</trkpt>
<trkpt lat="53.305393243" lon="49.349945057">
  <ele>198.296005</ele>
  <time>2010-07-31T06:00:21Z</time>
</trkpt>
<trkpt lat="53.305591559" lon="49.350158712">
  <ele>199.737000</ele>
  <time>2010-07-31T06:00:22Z</time>
</trkpt>
<trkpt lat="53.305789959" lon="49.350376138">
  <ele>200.990005</ele>
  <time>2010-07-31T06:00:23Z</time>
</trkpt>
<trkpt lat="53.305984503" lon="49.350593565">
  <ele>202.457993</ele>
  <time>2010-07-31T06:00:24Z</time>
</trkpt>
<trkpt lat="53.306175191" lon="49.350810992">
  <ele>203.882996</ele>
  <time>2010-07-31T06:00:25Z</time>
</trkpt>
<trkpt lat="53.306369819" lon="49.351028418">
  <ele>205.315994</ele>
  <time>2010-07-31T06:00:26Z</time>
</trkpt>
<trkpt lat="53.306564363" lon="49.351238217">
  <ele>206.561996</ele>
  <time>2010-07-31T06:00:27Z</time>
</trkpt>
<trkpt lat="53.306758907" lon="49.351444244">
  <ele>207.639008</ele>
  <time>2010-07-31T06:00:28Z</time>
</trkpt>
<trkpt lat="53.306953451" lon="49.351654043">
  <ele>208.645996</ele>
  <time>2010-07-31T06:00:29Z</time>
</trkpt>
<trkpt lat="53.307147995" lon="49.351867698">
  <ele>209.500000</ele>
  <time>2010-07-31T06:00:30Z</time>
</trkpt>
<trkpt lat="53.307338683" lon="49.352081269">
  <ele>210.552994</ele>
  <time>2010-07-31T06:00:31Z</time>
</trkpt>
<trkpt lat="53.307533227" lon="49.352294924">
  <ele>211.625000</ele>
  <time>2010-07-31T06:00:32Z</time>
</trkpt>
<trkpt lat="53.307727855" lon="49.352504723">
  <ele>212.395996</ele>
  <time>2010-07-31T06:00:33Z</time>
</trkpt>
<trkpt lat="53.307918543" lon="49.352718377">
  <ele>213.085999</ele>
  <time>2010-07-31T06:00:34Z</time>
</trkpt>
<trkpt lat="53.308113087" lon="49.352931948">
  <ele>214.098999</ele>
  <time>2010-07-31T06:00:35Z</time>
</trkpt>
<trkpt lat="53.308303859" lon="49.353153231">
  <ele>215.212997</ele>
  <time>2010-07-31T06:00:36Z</time>
</trkpt>
<trkpt lat="53.308498403" lon="49.353366885">
  <ele>216.175003</ele>
  <time>2010-07-31T06:00:37Z</time>
</trkpt>
<trkpt lat="53.308696719" lon="49.353584312">
  <ele>217.091003</ele>
  <time>2010-07-31T06:00:38Z</time>
</trkpt>
<trkpt lat="53.308887491" lon="49.353797883">
  <ele>217.671997</ele>
  <time>2010-07-31T06:00:39Z</time>
</trkpt>
<trkpt lat="53.309078179" lon="49.354007682">
  <ele>218.371994</ele>
  <time>2010-07-31T06:00:40Z</time>
</trkpt>
<trkpt lat="53.309268951" lon="49.354217565">
  <ele>219.139008</ele>
  <time>2010-07-31T06:00:41Z</time>
</trkpt>
<trkpt lat="53.309455868" lon="49.354431136">
  <ele>219.959000</ele>
  <time>2010-07-31T06:00:42Z</time>
</trkpt>
<trkpt lat="53.309639012" lon="49.354652418">
  <ele>220.438004</ele>
  <time>2010-07-31T06:00:43Z</time>
</trkpt>
<trkpt lat="53.309818301" lon="49.354885099">
  <ele>220.619995</ele>
  <time>2010-07-31T06:00:44Z</time>
</trkpt>
<trkpt lat="53.310001362" lon="49.355121637">
  <ele>220.654007</ele>
  <time>2010-07-31T06:00:45Z</time>
</trkpt>
<trkpt lat="53.310180651" lon="49.355365718">
  <ele>220.800995</ele>
  <time>2010-07-31T06:00:46Z</time>
</trkpt>
<trkpt lat="53.310363796" lon="49.355613738">
  <ele>221.033005</ele>
  <time>2010-07-31T06:00:47Z</time>
</trkpt>
<trkpt lat="53.310546856" lon="49.355857819">
  <ele>221.057007</ele>
  <time>2010-07-31T06:00:48Z</time>
</trkpt>
<trkpt lat="53.310726145" lon="49.356105840">
  <ele>221.334000</ele>
  <time>2010-07-31T06:00:49Z</time>
</trkpt>
<trkpt lat="53.310909290" lon="49.356357548">
  <ele>221.794998</ele>
  <time>2010-07-31T06:00:50Z</time>
</trkpt>
<trkpt lat="53.311092351" lon="49.356609341">
  <ele>222.091003</ele>
  <time>2010-07-31T06:00:51Z</time>
</trkpt>
<trkpt lat="53.311279267" lon="49.356864905">
  <ele>222.164993</ele>
  <time>2010-07-31T06:00:52Z</time>
</trkpt>
<trkpt lat="53.311470039" lon="49.357120553">
  <ele>221.856003</ele>
  <time>2010-07-31T06:00:53Z</time>
</trkpt>
<trkpt lat="53.311656956" lon="49.357376117">
  <ele>221.761993</ele>
  <time>2010-07-31T06:00:54Z</time>
</trkpt>
<trkpt lat="53.311843872" lon="49.357631681">
  <ele>221.843002</ele>
  <time>2010-07-31T06:00:55Z</time>
</trkpt>
<trkpt lat="53.312030789" lon="49.357887246">
  <ele>221.800995</ele>
  <time>2010-07-31T06:00:56Z</time>
</trkpt>
<trkpt lat="53.312221561" lon="49.358142894">
  <ele>221.537994</ele>
  <time>2010-07-31T06:00:57Z</time>
</trkpt>
<trkpt lat="53.312404621" lon="49.358394602">
  <ele>221.117996</ele>
  <time>2010-07-31T06:00:58Z</time>
</trkpt>
<trkpt lat="53.312591538" lon="49.358646395">
  <ele>220.867996</ele>
  <time>2010-07-31T06:00:59Z</time>
</trkpt>
<trkpt lat="53.312778454" lon="49.358901959">
  <ele>220.550003</ele>
  <time>2010-07-31T06:01:00Z</time>
</trkpt>
<trkpt lat="53.312961599" lon="49.359153751">
  <ele>220.169998</ele>
  <time>2010-07-31T06:01:01Z</time>
</trkpt>
<trkpt lat="53.313148515" lon="49.359409316">
  <ele>220.072998</ele>
  <time>2010-07-31T06:01:02Z</time>
</trkpt>
<trkpt lat="53.313331576" lon="49.359661108">
  <ele>219.850006</ele>
  <time>2010-07-31T06:01:03Z</time>
</trkpt>
<trkpt lat="53.313514721" lon="49.359912900">
  <ele>219.643005</ele>
  <time>2010-07-31T06:01:04Z</time>
</trkpt>
<trkpt lat="53.313697781" lon="49.360160837">
  <ele>219.334000</ele>
  <time>2010-07-31T06:01:05Z</time>
</trkpt>
<trkpt lat="53.313877070" lon="49.360408774">
  <ele>218.925003</ele>
  <time>2010-07-31T06:01:06Z</time>
</trkpt>
<trkpt lat="53.314060215" lon="49.360656710">
  <ele>218.919998</ele>
  <time>2010-07-31T06:01:07Z</time>
</trkpt>
<trkpt lat="53.314235648" lon="49.360904731">
  <ele>218.643005</ele>
  <time>2010-07-31T06:01:08Z</time>
</trkpt>
<trkpt lat="53.314414937" lon="49.361148812">
  <ele>218.550995</ele>
  <time>2010-07-31T06:01:09Z</time>
</trkpt>
<trkpt lat="53.314594310" lon="49.361392977">
  <ele>218.485992</ele>
  <time>2010-07-31T06:01:10Z</time>
</trkpt>
<trkpt lat="53.314769743" lon="49.361633286">
  <ele>218.567001</ele>
  <time>2010-07-31T06:01:11Z</time>
</trkpt>
<trkpt lat="53.314945260" lon="49.361873595">
  <ele>218.472000</ele>
  <time>2010-07-31T06:01:12Z</time>
</trkpt>
<trkpt lat="53.315124549" lon="49.362117760">
  <ele>218.455002</ele>
  <time>2010-07-31T06:01:13Z</time>
</trkpt>
<trkpt lat="53.315296210" lon="49.362361925">
  <ele>217.929993</ele>
  <time>2010-07-31T06:01:14Z</time>
</trkpt>
<trkpt lat="53.315475499" lon="49.362609861">
  <ele>217.932007</ele>
  <time>2010-07-31T06:01:15Z</time>
</trkpt>
<trkpt lat="53.315658560" lon="49.362857798">
  <ele>217.878006</ele>
  <time>2010-07-31T06:01:16Z</time>
</trkpt>
<trkpt lat="53.315841705" lon="49.363105735">
  <ele>217.884995</ele>
  <time>2010-07-31T06:01:17Z</time>
</trkpt>
<trkpt lat="53.316024765" lon="49.363353755">
  <ele>217.774002</ele>
  <time>2010-07-31T06:01:18Z</time>
</trkpt>
<trkpt lat="53.316207910" lon="49.363601692">
  <ele>217.813995</ele>
  <time>2010-07-31T06:01:19Z</time>
</trkpt>
<trkpt lat="53.316390971" lon="49.363853484">
  <ele>218.216995</ele>
  <time>2010-07-31T06:01:20Z</time>
</trkpt>
<trkpt lat="53.316574115" lon="49.364105193">
  <ele>218.514999</ele>
  <time>2010-07-31T06:01:21Z</time>
</trkpt>
<trkpt lat="53.316757176" lon="49.364356985">
  <ele>218.682007</ele>
  <time>2010-07-31T06:01:22Z</time>
</trkpt>
<trkpt lat="53.316940321" lon="49.364608778">
  <ele>218.949005</ele>
  <time>2010-07-31T06:01:23Z</time>
</trkpt>
<trkpt lat="53.317123381" lon="49.364860570">
  <ele>219.084000</ele>
  <time>2010-07-31T06:01:24Z</time>
</trkpt>
<trkpt lat="53.317306526" lon="49.365108507">
  <ele>219.063004</ele>
  <time>2010-07-31T06:01:25Z</time>
</trkpt>
<trkpt lat="53.317485815" lon="49.365360299">
  <ele>219.089005</ele>
  <time>2010-07-31T06:01:26Z</time>
</trkpt>
<trkpt lat="53.317668876" lon="49.365612008">
  <ele>218.977997</ele>
  <time>2010-07-31T06:01:27Z</time>
</trkpt>
<trkpt lat="53.317852020" lon="49.365867656">
  <ele>219.039993</ele>
  <time>2010-07-31T06:01:28Z</time>
</trkpt>
<trkpt lat="53.318035165" lon="49.366123220">
  <ele>218.820007</ele>
  <time>2010-07-31T06:01:29Z</time>
</trkpt>
<trkpt lat="53.318222081" lon="49.366378784">
  <ele>218.690002</ele>
  <time>2010-07-31T06:01:30Z</time>
</trkpt>
<trkpt lat="53.318412770" lon="49.366638204">
  <ele>218.283997</ele>
  <time>2010-07-31T06:01:31Z</time>
</trkpt>
<trkpt lat="53.318603542" lon="49.366901396">
  <ele>218.296005</ele>
  <time>2010-07-31T06:01:32Z</time>
</trkpt>
<trkpt lat="53.318790458" lon="49.367168443">
  <ele>218.358994</ele>
  <time>2010-07-31T06:01:33Z</time>
</trkpt>
<trkpt lat="53.318985002" lon="49.367435491">
  <ele>218.514008</ele>
  <time>2010-07-31T06:01:34Z</time>
</trkpt>
<trkpt lat="53.319171919" lon="49.367706310">
  <ele>218.425003</ele>
  <time>2010-07-31T06:01:35Z</time>
</trkpt>
<trkpt lat="53.319362607" lon="49.367980985">
  <ele>218.526001</ele>
  <time>2010-07-31T06:01:36Z</time>
</trkpt>
<trkpt lat="53.319549523" lon="49.368259432">
  <ele>218.675003</ele>
  <time>2010-07-31T06:01:37Z</time>
</trkpt>
<trkpt lat="53.319736440" lon="49.368537879">
  <ele>218.822006</ele>
  <time>2010-07-31T06:01:38Z</time>
</trkpt>
<trkpt lat="53.319923440" lon="49.368820181">
  <ele>218.554993</ele>
  <time>2010-07-31T06:01:39Z</time>
</trkpt>
<trkpt lat="53.320106501" lon="49.369102484">
  <ele>218.572006</ele>
  <time>2010-07-31T06:01:40Z</time>
</trkpt>
<trkpt lat="53.320285790" lon="49.369392414">
  <ele>219.115005</ele>
  <time>2010-07-31T06:01:41Z</time>
</trkpt>
<trkpt lat="53.320461307" lon="49.369689971">
  <ele>219.511993</ele>
  <time>2010-07-31T06:01:42Z</time>
</trkpt>
<trkpt lat="53.320629112" lon="49.369995156">
  <ele>219.927994</ele>
  <time>2010-07-31T06:01:43Z</time>
</trkpt>
<trkpt lat="53.320793146" lon="49.370307885">
  <ele>219.759003</ele>
  <time>2010-07-31T06:01:44Z</time>
</trkpt>
<trkpt lat="53.320949553" lon="49.370628325">
  <ele>219.699005</ele>
  <time>2010-07-31T06:01:45Z</time>
</trkpt>
<trkpt lat="53.321098331" lon="49.370960249">
  <ele>219.843002</ele>
  <time>2010-07-31T06:01:46Z</time>
</trkpt>
<trkpt lat="53.321247110" lon="49.371303571">
  <ele>220.449997</ele>
  <time>2010-07-31T06:01:47Z</time>
</trkpt>
<trkpt lat="53.321388261" lon="49.371646894">
  <ele>221.024994</ele>
  <time>2010-07-31T06:01:48Z</time>
</trkpt>
<trkpt lat="53.321521785" lon="49.372001616">
  <ele>221.753998</ele>
  <time>2010-07-31T06:01:49Z</time>
</trkpt>
<trkpt lat="53.321647681" lon="49.372364050">
  <ele>222.054993</ele>
  <time>2010-07-31T06:01:50Z</time>
</trkpt>
<trkpt lat="53.321769722" lon="49.372730255">
  <ele>222.404007</ele>
  <time>2010-07-31T06:01:51Z</time>
</trkpt>
<trkpt lat="53.321884135" lon="49.373096460">
  <ele>222.600998</ele>
  <time>2010-07-31T06:01:52Z</time>
</trkpt>
<trkpt lat="53.321994776" lon="49.373466522">
  <ele>222.940002</ele>
  <time>2010-07-31T06:01:53Z</time>
</trkpt>
<trkpt lat="53.322097789" lon="49.373836499">
  <ele>223.289001</ele>
  <time>2010-07-31T06:01:54Z</time>
</trkpt>
<trkpt lat="53.322193176" lon="49.374206560">
  <ele>223.389008</ele>
  <time>2010-07-31T06:01:55Z</time>
</trkpt>
<trkpt lat="53.322277078" lon="49.374584164">
  <ele>223.410995</ele>
  <time>2010-07-31T06:01:56Z</time>
</trkpt>
<trkpt lat="53.322360981" lon="49.374961853">
  <ele>223.518997</ele>
  <time>2010-07-31T06:01:57Z</time>
</trkpt>
<trkpt lat="53.322437257" lon="49.375339542">
  <ele>223.391006</ele>
  <time>2010-07-31T06:01:58Z</time>
</trkpt>
<trkpt lat="53.322505988" lon="49.375724774">
  <ele>223.800995</ele>
  <time>2010-07-31T06:01:59Z</time>
</trkpt>
<trkpt lat="53.322567008" lon="49.376117717">
  <ele>223.822998</ele>
  <time>2010-07-31T06:02:00Z</time>
</trkpt>
<trkpt lat="53.322628029" lon="49.376514433">
  <ele>224.149002</ele>
  <time>2010-07-31T06:02:01Z</time>
</trkpt>
<trkpt lat="53.322677650" lon="49.376911148">
  <ele>224.110001</ele>
  <time>2010-07-31T06:02:02Z</time>
</trkpt>
<trkpt lat="53.322723415" lon="49.377315491">
  <ele>224.289001</ele>
  <time>2010-07-31T06:02:03Z</time>
</trkpt>
<trkpt lat="53.322761552" lon="49.377719918">
  <ele>224.505005</ele>
  <time>2010-07-31T06:02:04Z</time>
</trkpt>
<trkpt lat="53.322795834" lon="49.378116634">
  <ele>224.740997</ele>
  <time>2010-07-31T06:02:05Z</time>
</trkpt>
<trkpt lat="53.322822573" lon="49.378520977">
  <ele>224.832993</ele>
  <time>2010-07-31T06:02:06Z</time>
</trkpt>
<trkpt lat="53.322845455" lon="49.378929175">
  <ele>225.223999</ele>
  <time>2010-07-31T06:02:07Z</time>
</trkpt>
<trkpt lat="53.322856938" lon="49.379341146">
  <ele>225.908997</ele>
  <time>2010-07-31T06:02:08Z</time>
</trkpt>
<trkpt lat="53.322860710" lon="49.379749261">
  <ele>225.994003</ele>
  <time>2010-07-31T06:02:09Z</time>
</trkpt>
<trkpt lat="53.322856938" lon="49.380161315">
  <ele>226.134003</ele>
  <time>2010-07-31T06:02:10Z</time>
</trkpt>
<trkpt lat="53.322841683" lon="49.380573286">
  <ele>225.908005</ele>
  <time>2010-07-31T06:02:11Z</time>
</trkpt>
<trkpt lat="53.322830200" lon="49.380985256">
  <ele>225.598999</ele>
  <time>2010-07-31T06:02:12Z</time>
</trkpt>
<trkpt lat="53.322814945" lon="49.381401083">
  <ele>225.699005</ele>
  <time>2010-07-31T06:02:13Z</time>
</trkpt>
<trkpt lat="53.322792063" lon="49.381816825">
  <ele>225.337006</ele>
  <time>2010-07-31T06:02:14Z</time>
</trkpt>
<trkpt lat="53.322772952" lon="49.382225024">
  <ele>225.251999</ele>
  <time>2010-07-31T06:02:15Z</time>
</trkpt>
<trkpt lat="53.322753925" lon="49.382629367">
  <ele>225.464996</ele>
  <time>2010-07-31T06:02:16Z</time>
</trkpt>
<trkpt lat="53.322734814" lon="49.383029938">
  <ele>225.098999</ele>
  <time>2010-07-31T06:02:17Z</time>
</trkpt>
<trkpt lat="53.322715787" lon="49.383434281">
  <ele>225.613007</ele>
  <time>2010-07-31T06:02:18Z</time>
</trkpt>
<trkpt lat="53.322696676" lon="49.383842479">
  <ele>225.869003</ele>
  <time>2010-07-31T06:02:19Z</time>
</trkpt>
<trkpt lat="53.322677650" lon="49.384246822">
  <ele>225.800003</ele>
  <time>2010-07-31T06:02:20Z</time>
</trkpt>
<trkpt lat="53.322658539" lon="49.384655021">
  <ele>225.703995</ele>
  <time>2010-07-31T06:02:21Z</time>
</trkpt>
<trkpt lat="53.322643284" lon="49.385059364">
  <ele>225.363998</ele>
  <time>2010-07-31T06:02:22Z</time>
</trkpt>
<trkpt lat="53.322624173" lon="49.385459935">
  <ele>225.214005</ele>
  <time>2010-07-31T06:02:23Z</time>
</trkpt>
<trkpt lat="53.322608918" lon="49.385864278">
  <ele>225.279007</ele>
  <time>2010-07-31T06:02:24Z</time>
</trkpt>
<trkpt lat="53.322593663" lon="49.386264766">
  <ele>225.257004</ele>
  <time>2010-07-31T06:02:25Z</time>
</trkpt>
<trkpt lat="53.322578408" lon="49.386661565">
  <ele>224.839005</ele>
  <time>2010-07-31T06:02:26Z</time>
</trkpt>
<trkpt lat="53.322559381" lon="49.387054425">
  <ele>224.604996</ele>
  <time>2010-07-31T06:02:27Z</time>
</trkpt>
<trkpt lat="53.322544126" lon="49.387447368">
  <ele>224.341995</ele>
  <time>2010-07-31T06:02:28Z</time>
</trkpt>
<trkpt lat="53.322528871" lon="49.387840312">
  <ele>224.154999</ele>
  <time>2010-07-31T06:02:29Z</time>
</trkpt>
<trkpt lat="53.322513616" lon="49.388229400">
  <ele>223.856003</ele>
  <time>2010-07-31T06:02:30Z</time>
</trkpt>
<trkpt lat="53.322498361" lon="49.388618488">
  <ele>223.546005</ele>
  <time>2010-07-31T06:02:31Z</time>
</trkpt>
<trkpt lat="53.322483022" lon="49.388999948">
  <ele>223.259995</ele>
  <time>2010-07-31T06:02:32Z</time>
</trkpt>
<trkpt lat="53.322467767" lon="49.389385264">
  <ele>222.940994</ele>
  <time>2010-07-31T06:02:33Z</time>
</trkpt>
<trkpt lat="53.322452512" lon="49.389762869">
  <ele>222.462997</ele>
  <time>2010-07-31T06:02:34Z</time>
</trkpt>
<trkpt lat="53.322437257" lon="49.390140558">
  <ele>221.983002</ele>
  <time>2010-07-31T06:02:35Z</time>
</trkpt>
<trkpt lat="53.322422002" lon="49.390518162">
  <ele>221.419006</ele>
  <time>2010-07-31T06:02:36Z</time>
</trkpt>
<trkpt lat="53.322410602" lon="49.390903478">
  <ele>220.794998</ele>
  <time>2010-07-31T06:02:37Z</time>
</trkpt>
<trkpt lat="53.322399119" lon="49.391284939">
  <ele>220.233002</ele>
  <time>2010-07-31T06:02:38Z</time>
</trkpt>
<trkpt lat="53.322383864" lon="49.391670255">
  <ele>219.914001</ele>
  <time>2010-07-31T06:02:39Z</time>
</trkpt>
<trkpt lat="53.322368609" lon="49.392044088">
  <ele>219.380005</ele>
  <time>2010-07-31T06:02:40Z</time>
</trkpt>
<trkpt lat="53.322357209" lon="49.392417921">
  <ele>219.076004</ele>
  <time>2010-07-31T06:02:41Z</time>
</trkpt>
<trkpt lat="53.322345726" lon="49.392787898">
  <ele>219.046005</ele>
  <time>2010-07-31T06:02:42Z</time>
</trkpt>
<trkpt lat="53.322334327" lon="49.393146476">
  <ele>219.169998</ele>
  <time>2010-07-31T06:02:43Z</time>
</trkpt>
<trkpt lat="53.322322844" lon="49.393501282">
  <ele>219.158005</ele>
  <time>2010-07-31T06:02:44Z</time>
</trkpt>
<trkpt lat="53.322311360" lon="49.393848460">
  <ele>219.222000</ele>
  <time>2010-07-31T06:02:45Z</time>
</trkpt>
<trkpt lat="53.322303733" lon="49.394191783">
  <ele>219.707993</ele>
  <time>2010-07-31T06:02:46Z</time>
</trkpt>
<trkpt lat="53.322307589" lon="49.394523622">
  <ele>219.800003</ele>
  <time>2010-07-31T06:02:47Z</time>
</trkpt>
<trkpt lat="53.322322844" lon="49.394844063">
  <ele>219.983002</ele>
  <time>2010-07-31T06:02:48Z</time>
</trkpt>
<trkpt lat="53.322341954" lon="49.395141620">
  <ele>219.671997</ele>
  <time>2010-07-31T06:02:49Z</time>
</trkpt>
<trkpt lat="53.322364837" lon="49.395427695">
  <ele>219.845001</ele>
  <time>2010-07-31T06:02:50Z</time>
</trkpt>
<trkpt lat="53.322395347" lon="49.395694742">
  <ele>219.681000</ele>
  <time>2010-07-31T06:02:51Z</time>
</trkpt>
<trkpt lat="53.322433485" lon="49.395954162">
  <ele>219.770996</ele>
  <time>2010-07-31T06:02:52Z</time>
</trkpt>
<trkpt lat="53.322475394" lon="49.396209726">
  <ele>219.229004</ele>
  <time>2010-07-31T06:02:53Z</time>
</trkpt>
<trkpt lat="53.322525015" lon="49.396457663">
  <ele>219.169998</ele>
  <time>2010-07-31T06:02:54Z</time>
</trkpt>
<trkpt lat="53.322570780" lon="49.396709455">
  <ele>218.733994</ele>
  <time>2010-07-31T06:02:55Z</time>
</trkpt>
<trkpt lat="53.322620401" lon="49.396957392">
  <ele>218.673996</ele>
  <time>2010-07-31T06:02:56Z</time>
</trkpt>
<trkpt lat="53.322670022" lon="49.397209184">
  <ele>218.259003</ele>
  <time>2010-07-31T06:02:57Z</time>
</trkpt>
<trkpt lat="53.322723415" lon="49.397464748">
  <ele>218.087006</ele>
  <time>2010-07-31T06:02:58Z</time>
</trkpt>
<trkpt lat="53.322780579" lon="49.397716541">
  <ele>217.953003</ele>
  <time>2010-07-31T06:02:59Z</time>
</trkpt>
<trkpt lat="53.322834056" lon="49.397975961">
  <ele>217.774002</ele>
  <time>2010-07-31T06:03:00Z</time>
</trkpt>
<trkpt lat="53.322887449" lon="49.398231525">
  <ele>217.917999</ele>
  <time>2010-07-31T06:03:01Z</time>
</trkpt>
<trkpt lat="53.322940841" lon="49.398490945">
  <ele>217.619995</ele>
  <time>2010-07-31T06:03:02Z</time>
</trkpt>
<trkpt lat="53.322994234" lon="49.398750281">
  <ele>217.384995</ele>
  <time>2010-07-31T06:03:03Z</time>
</trkpt>
<trkpt lat="53.323047627" lon="49.399009701">
  <ele>217.067001</ele>
  <time>2010-07-31T06:03:04Z</time>
</trkpt>
<trkpt lat="53.323101019" lon="49.399265265">
  <ele>216.994995</ele>
  <time>2010-07-31T06:03:05Z</time>
</trkpt>
<trkpt lat="53.323150640" lon="49.399520913">
  <ele>216.852005</ele>
  <time>2010-07-31T06:03:06Z</time>
</trkpt>
<trkpt lat="53.323204033" lon="49.399768850">
  <ele>216.707993</ele>
  <time>2010-07-31T06:03:07Z</time>
</trkpt>
<trkpt lat="53.323253654" lon="49.400024414">
  <ele>216.473007</ele>
  <time>2010-07-31T06:03:08Z</time>
</trkpt>
<trkpt lat="53.323307047" lon="49.400279978">
  <ele>216.205002</ele>
  <time>2010-07-31T06:03:09Z</time>
</trkpt>
<trkpt lat="53.323360439" lon="49.400531771">
  <ele>215.966995</ele>
  <time>2010-07-31T06:03:10Z</time>
</trkpt>
<trkpt lat="53.323417688" lon="49.400794962">
  <ele>215.880005</ele>
  <time>2010-07-31T06:03:11Z</time>
</trkpt>
<trkpt lat="53.323474852" lon="49.401054382">
  <ele>215.666000</ele>
  <time>2010-07-31T06:03:12Z</time>
</trkpt>
<trkpt lat="53.323528329" lon="49.401313802">
  <ele>215.404007</ele>
  <time>2010-07-31T06:03:13Z</time>
</trkpt>
<trkpt lat="53.323581722" lon="49.401576994">
  <ele>214.934006</ele>
  <time>2010-07-31T06:03:14Z</time>
</trkpt>
<trkpt lat="53.323635114" lon="49.401840186">
  <ele>214.753006</ele>
  <time>2010-07-31T06:03:15Z</time>
</trkpt>
<trkpt lat="53.323692363" lon="49.402095834">
  <ele>214.647995</ele>
  <time>2010-07-31T06:03:16Z</time>
</trkpt>
<trkpt lat="53.323745755" lon="49.402351398">
  <ele>214.755997</ele>
  <time>2010-07-31T06:03:17Z</time>
</trkpt>
<trkpt lat="53.323799148" lon="49.402603190">
  <ele>214.751999</ele>
  <time>2010-07-31T06:03:18Z</time>
</trkpt>
<trkpt lat="53.323852541" lon="49.402854899">
  <ele>214.837997</ele>
  <time>2010-07-31T06:03:19Z</time>
</trkpt>
<trkpt lat="53.323902162" lon="49.403095208">
  <ele>214.807999</ele>
  <time>2010-07-31T06:03:20Z</time>
</trkpt>
<trkpt lat="53.323955555" lon="49.403327974">
  <ele>214.744003</ele>
  <time>2010-07-31T06:03:21Z</time>
</trkpt>
<trkpt lat="53.324005092" lon="49.403556800">
  <ele>214.764999</ele>
  <time>2010-07-31T06:03:22Z</time>
</trkpt>
<trkpt lat="53.324047085" lon="49.403785709">
  <ele>214.716995</ele>
  <time>2010-07-31T06:03:23Z</time>
</trkpt>
<trkpt lat="53.324096706" lon="49.404014619">
  <ele>214.626999</ele>
  <time>2010-07-31T06:03:24Z</time>
</trkpt>
<trkpt lat="53.324142471" lon="49.404232046">
  <ele>214.539993</ele>
  <time>2010-07-31T06:03:25Z</time>
</trkpt>
<trkpt lat="53.324188236" lon="49.404449472">
  <ele>214.697006</ele>
  <time>2010-07-31T06:03:26Z</time>
</trkpt>
<trkpt lat="53.324234001" lon="49.404666899">
  <ele>214.677994</ele>
  <time>2010-07-31T06:03:27Z</time>
</trkpt>
<trkpt lat="53.324279767" lon="49.404876698">
  <ele>214.654007</ele>
  <time>2010-07-31T06:03:28Z</time>
</trkpt>
<trkpt lat="53.324321760" lon="49.405075097">
  <ele>214.690994</ele>
  <time>2010-07-31T06:03:29Z</time>
</trkpt>
<trkpt lat="53.324356042" lon="49.405235276">
  <ele>214.701996</ele>
  <time>2010-07-31T06:03:30Z</time>
</trkpt>
<trkpt lat="53.324371297" lon="49.405357400">
  <ele>214.735992</ele>
  <time>2010-07-31T06:03:31Z</time>
</trkpt>
<trkpt lat="53.324375153" lon="49.405456558">
  <ele>214.089005</ele>
  <time>2010-07-31T06:03:32Z</time>
</trkpt>
<trkpt lat="53.324382780" lon="49.405529061">
  <ele>214.097000</ele>
  <time>2010-07-31T06:03:33Z</time>
</trkpt>
<trkpt lat="53.324390408" lon="49.405570971">
  <ele>214.151993</ele>
  <time>2010-07-31T06:03:34Z</time>
</trkpt>
<trkpt lat="53.324394263" lon="49.405582454">
  <ele>214.401993</ele>
  <time>2010-07-31T06:03:35Z</time>
</trkpt>
<trkpt lat="53.324394263" lon="49.405578598">
  <ele>214.554993</ele>
  <time>2010-07-31T06:05:04Z</time>
</trkpt>
<trkpt lat="53.324398035" lon="49.405582454">
  <ele>214.856995</ele>
  <time>2010-07-31T06:05:14Z</time>
</trkpt>
<trkpt lat="53.324401891" lon="49.405590082">
  <ele>214.910004</ele>
  <time>2010-07-31T06:05:15Z</time>
</trkpt>
<trkpt lat="53.324417146" lon="49.405605337">
  <ele>214.828995</ele>
  <time>2010-07-31T06:05:16Z</time>
</trkpt>
<trkpt lat="53.324440029" lon="49.405639619">
  <ele>214.845001</ele>
  <time>2010-07-31T06:05:17Z</time>
</trkpt>
<trkpt lat="53.324462911" lon="49.405693095">
  <ele>214.667007</ele>
  <time>2010-07-31T06:05:18Z</time>
</trkpt>
<trkpt lat="53.324489566" lon="49.405769370">
  <ele>214.755997</ele>
  <time>2010-07-31T06:05:19Z</time>
</trkpt>
<trkpt lat="53.324512448" lon="49.405868528">
  <ele>214.436005</ele>
  <time>2010-07-31T06:05:20Z</time>
</trkpt>
<trkpt lat="53.324539186" lon="49.405986797">
  <ele>214.488007</ele>
  <time>2010-07-31T06:05:21Z</time>
</trkpt>
<trkpt lat="53.324569697" lon="49.406116465">
  <ele>214.557999</ele>
  <time>2010-07-31T06:05:22Z</time>
</trkpt>
<trkpt lat="53.324596435" lon="49.406265244">
  <ele>214.578995</ele>
  <time>2010-07-31T06:05:23Z</time>
</trkpt>
<trkpt lat="53.324626945" lon="49.406433133">
  <ele>214.608002</ele>
  <time>2010-07-31T06:05:24Z</time>
</trkpt>
<trkpt lat="53.324665083" lon="49.406616194">
  <ele>214.612000</ele>
  <time>2010-07-31T06:05:25Z</time>
</trkpt>
<trkpt lat="53.324703220" lon="49.406814594">
  <ele>214.755997</ele>
  <time>2010-07-31T06:05:26Z</time>
</trkpt>
<trkpt lat="53.324745214" lon="49.407020537">
  <ele>214.912994</ele>
  <time>2010-07-31T06:05:27Z</time>
</trkpt>
<trkpt lat="53.324790979" lon="49.407234192">
  <ele>214.929001</ele>
  <time>2010-07-31T06:05:28Z</time>
</trkpt>
<trkpt lat="53.324836744" lon="49.407455474">
  <ele>214.998001</ele>
  <time>2010-07-31T06:05:29Z</time>
</trkpt>
<trkpt lat="53.324882509" lon="49.407684300">
  <ele>214.817001</ele>
  <time>2010-07-31T06:05:30Z</time>
</trkpt>
<trkpt lat="53.324932130" lon="49.407920837">
  <ele>214.891006</ele>
  <time>2010-07-31T06:05:31Z</time>
</trkpt>
<trkpt lat="53.324981667" lon="49.408168774">
  <ele>215.072006</ele>
  <time>2010-07-31T06:05:32Z</time>
</trkpt>
<trkpt lat="53.325035060" lon="49.408424338">
  <ele>215.126007</ele>
  <time>2010-07-31T06:05:33Z</time>
</trkpt>
<trkpt lat="53.325088536" lon="49.408687614">
  <ele>215.072998</ele>
  <time>2010-07-31T06:05:34Z</time>
</trkpt>
<trkpt lat="53.325141929" lon="49.408954661">
  <ele>215.255997</ele>
  <time>2010-07-31T06:05:35Z</time>
</trkpt>
<trkpt lat="53.325199094" lon="49.409225481">
  <ele>215.470001</ele>
  <time>2010-07-31T06:05:36Z</time>
</trkpt>
<trkpt lat="53.325256342" lon="49.409500156">
  <ele>215.554001</ele>
  <time>2010-07-31T06:05:37Z</time>
</trkpt>
<trkpt lat="53.325313590" lon="49.409774747">
  <ele>215.565994</ele>
  <time>2010-07-31T06:05:38Z</time>
</trkpt>
<trkpt lat="53.325370755" lon="49.410057049">
  <ele>215.542999</ele>
  <time>2010-07-31T06:05:39Z</time>
</trkpt>
<trkpt lat="53.325431859" lon="49.410346979">
  <ele>215.636002</ele>
  <time>2010-07-31T06:05:40Z</time>
</trkpt>
<trkpt lat="53.325492879" lon="49.410640681">
  <ele>215.764999</ele>
  <time>2010-07-31T06:05:41Z</time>
</trkpt>
<trkpt lat="53.325553900" lon="49.410938239">
  <ele>215.906998</ele>
  <time>2010-07-31T06:05:42Z</time>
</trkpt>
<trkpt lat="53.325614920" lon="49.411239652">
  <ele>215.919006</ele>
  <time>2010-07-31T06:05:43Z</time>
</trkpt>
<trkpt lat="53.325679796" lon="49.411544837">
  <ele>215.959000</ele>
  <time>2010-07-31T06:05:44Z</time>
</trkpt>
<trkpt lat="53.325740816" lon="49.411857566">
  <ele>215.988007</ele>
  <time>2010-07-31T06:05:45Z</time>
</trkpt>
<trkpt lat="53.325801836" lon="49.412166607">
  <ele>216.257004</ele>
  <time>2010-07-31T06:05:46Z</time>
</trkpt>
<trkpt lat="53.325866712" lon="49.412471792">
  <ele>216.554993</ele>
  <time>2010-07-31T06:05:47Z</time>
</trkpt>
<trkpt lat="53.325927733" lon="49.412780749">
  <ele>216.970001</ele>
  <time>2010-07-31T06:05:48Z</time>
</trkpt>
<trkpt lat="53.325992608" lon="49.413089789">
  <ele>217.524994</ele>
  <time>2010-07-31T06:05:49Z</time>
</trkpt>
<trkpt lat="53.326061256" lon="49.413402518">
  <ele>218.156006</ele>
  <time>2010-07-31T06:05:50Z</time>
</trkpt>
<trkpt lat="53.326126132" lon="49.413719187">
  <ele>218.671997</ele>
  <time>2010-07-31T06:05:51Z</time>
</trkpt>
<trkpt lat="53.326190924" lon="49.414039627">
  <ele>219.339005</ele>
  <time>2010-07-31T06:05:52Z</time>
</trkpt>
<trkpt lat="53.326259572" lon="49.414363839">
  <ele>219.630005</ele>
  <time>2010-07-31T06:05:53Z</time>
</trkpt>
<trkpt lat="53.326328304" lon="49.414688135">
  <ele>220.080002</ele>
  <time>2010-07-31T06:05:54Z</time>
</trkpt>
<trkpt lat="53.326393096" lon="49.415019974">
  <ele>220.421997</ele>
  <time>2010-07-31T06:05:55Z</time>
</trkpt>
<trkpt lat="53.326461827" lon="49.415355669">
  <ele>220.639999</ele>
  <time>2010-07-31T06:05:56Z</time>
</trkpt>
<trkpt lat="53.326534247" lon="49.415695220">
  <ele>220.919998</ele>
  <time>2010-07-31T06:05:57Z</time>
</trkpt>
<trkpt lat="53.326606750" lon="49.416034687">
  <ele>221.315002</ele>
  <time>2010-07-31T06:05:58Z</time>
</trkpt>
<trkpt lat="53.326679254" lon="49.416381866">
  <ele>221.835999</ele>
  <time>2010-07-31T06:05:59Z</time>
</trkpt>
<trkpt lat="53.326751674" lon="49.416728960">
  <ele>222.112000</ele>
  <time>2010-07-31T06:06:00Z</time>
</trkpt>
<trkpt lat="53.326828033" lon="49.417076139">
  <ele>222.438995</ele>
  <time>2010-07-31T06:06:01Z</time>
</trkpt>
<trkpt lat="53.326904308" lon="49.417430861">
  <ele>223.057007</ele>
  <time>2010-07-31T06:06:02Z</time>
</trkpt>
<trkpt lat="53.326976812" lon="49.417789439">
  <ele>223.643005</ele>
  <time>2010-07-31T06:06:03Z</time>
</trkpt>
<trkpt lat="53.327053087" lon="49.418151872">
  <ele>224.220993</ele>
  <time>2010-07-31T06:06:04Z</time>
</trkpt>
<trkpt lat="53.327129362" lon="49.418518078">
  <ele>224.824005</ele>
  <time>2010-07-31T06:06:05Z</time>
</trkpt>
<trkpt lat="53.327205637" lon="49.418880427">
  <ele>225.466003</ele>
  <time>2010-07-31T06:06:06Z</time>
</trkpt>
<trkpt lat="53.327278141" lon="49.419239005">
  <ele>226.037994</ele>
  <time>2010-07-31T06:06:07Z</time>
</trkpt>
<trkpt lat="53.327354416" lon="49.419593811">
  <ele>226.880997</ele>
  <time>2010-07-31T06:06:08Z</time>
</trkpt>
<trkpt lat="53.327426920" lon="49.419940989">
  <ele>227.770004</ele>
  <time>2010-07-31T06:06:09Z</time>
</trkpt>
<trkpt lat="53.327503195" lon="49.420280457">
  <ele>228.466995</ele>
  <time>2010-07-31T06:06:10Z</time>
</trkpt>
<trkpt lat="53.327571843" lon="49.420608524">
  <ele>228.921997</ele>
  <time>2010-07-31T06:06:11Z</time>
</trkpt>
<trkpt lat="53.327640574" lon="49.420928964">
  <ele>229.483994</ele>
  <time>2010-07-31T06:06:12Z</time>
</trkpt>
<trkpt lat="53.327705367" lon="49.421237921">
  <ele>229.533997</ele>
  <time>2010-07-31T06:06:13Z</time>
</trkpt>
<trkpt lat="53.327781642" lon="49.421539335">
  <ele>229.931000</ele>
  <time>2010-07-31T06:06:14Z</time>
</trkpt>
<trkpt lat="53.327854145" lon="49.421829265">
  <ele>230.022995</ele>
  <time>2010-07-31T06:06:15Z</time>
</trkpt>
<trkpt lat="53.327930421" lon="49.422103856">
  <ele>230.587006</ele>
  <time>2010-07-31T06:06:16Z</time>
</trkpt>
<trkpt lat="53.328006780" lon="49.422363276">
  <ele>230.962997</ele>
  <time>2010-07-31T06:06:17Z</time>
</trkpt>
<trkpt lat="53.328079199" lon="49.422599813">
  <ele>231.358994</ele>
  <time>2010-07-31T06:06:18Z</time>
</trkpt>
<trkpt lat="53.328151703" lon="49.422821011">
  <ele>231.229996</ele>
  <time>2010-07-31T06:06:19Z</time>
</trkpt>
<trkpt lat="53.328216579" lon="49.423030894">
  <ele>231.626007</ele>
  <time>2010-07-31T06:06:20Z</time>
</trkpt>
<trkpt lat="53.328285227" lon="49.423233066">
  <ele>231.654999</ele>
  <time>2010-07-31T06:06:21Z</time>
</trkpt>
<trkpt lat="53.328361502" lon="49.423431382">
  <ele>231.938004</ele>
  <time>2010-07-31T06:06:22Z</time>
</trkpt>
<trkpt lat="53.328434005" lon="49.423633553">
  <ele>231.869995</ele>
  <time>2010-07-31T06:06:23Z</time>
</trkpt>
<trkpt lat="53.328506509" lon="49.423828097">
  <ele>231.899002</ele>
  <time>2010-07-31T06:06:24Z</time>
</trkpt>
<trkpt lat="53.328586556" lon="49.424026497">
  <ele>232.167007</ele>
  <time>2010-07-31T06:06:25Z</time>
</trkpt>
<trkpt lat="53.328670543" lon="49.424221041">
  <ele>232.462006</ele>
  <time>2010-07-31T06:06:26Z</time>
</trkpt>
<trkpt lat="53.328754446" lon="49.424415585">
  <ele>232.686005</ele>
  <time>2010-07-31T06:06:27Z</time>
</trkpt>
<trkpt lat="53.328838348" lon="49.424613984">
  <ele>232.477005</ele>
  <time>2010-07-31T06:06:28Z</time>
</trkpt>
<trkpt lat="53.328922251" lon="49.424812300">
  <ele>232.503998</ele>
  <time>2010-07-31T06:06:29Z</time>
</trkpt>
<trkpt lat="53.329017637" lon="49.425006844">
  <ele>232.490997</ele>
  <time>2010-07-31T06:06:30Z</time>
</trkpt>
<trkpt lat="53.329113023" lon="49.425205244">
  <ele>232.567001</ele>
  <time>2010-07-31T06:06:31Z</time>
</trkpt>
<trkpt lat="53.329208409" lon="49.425399788">
  <ele>232.261002</ele>
  <time>2010-07-31T06:06:32Z</time>
</trkpt>
<trkpt lat="53.329311339" lon="49.425590476">
  <ele>232.186005</ele>
  <time>2010-07-31T06:06:33Z</time>
</trkpt>
<trkpt lat="53.329414353" lon="49.425781248">
  <ele>231.906006</ele>
  <time>2010-07-31T06:06:34Z</time>
</trkpt>
<trkpt lat="53.329521138" lon="49.425979648">
  <ele>231.908005</ele>
  <time>2010-07-31T06:06:35Z</time>
</trkpt>
<trkpt lat="53.329628007" lon="49.426174192">
  <ele>231.669006</ele>
  <time>2010-07-31T06:06:36Z</time>
</trkpt>
<trkpt lat="53.329734793" lon="49.426372508">
  <ele>231.606003</ele>
  <time>2010-07-31T06:06:37Z</time>
</trkpt>
<trkpt lat="53.329849206" lon="49.426570907">
  <ele>231.328995</ele>
  <time>2010-07-31T06:06:38Z</time>
</trkpt>
<trkpt lat="53.329959847" lon="49.426769223">
  <ele>231.089996</ele>
  <time>2010-07-31T06:06:39Z</time>
</trkpt>
<trkpt lat="53.330074344" lon="49.426963767">
  <ele>230.852005</ele>
  <time>2010-07-31T06:06:40Z</time>
</trkpt>
<trkpt lat="53.330188757" lon="49.427158395">
  <ele>230.526993</ele>
  <time>2010-07-31T06:06:41Z</time>
</trkpt>
<trkpt lat="53.330299398" lon="49.427352939">
  <ele>229.981995</ele>
  <time>2010-07-31T06:06:42Z</time>
</trkpt>
<trkpt lat="53.330413811" lon="49.427547483">
  <ele>229.764008</ele>
  <time>2010-07-31T06:06:43Z</time>
</trkpt>
<trkpt lat="53.330528224" lon="49.427745799">
  <ele>229.201996</ele>
  <time>2010-07-31T06:06:44Z</time>
</trkpt>
<trkpt lat="53.330646493" lon="49.427944198">
  <ele>228.884003</ele>
  <time>2010-07-31T06:06:45Z</time>
</trkpt>
<trkpt lat="53.330760989" lon="49.428142514">
  <ele>228.544998</ele>
  <time>2010-07-31T06:06:46Z</time>
</trkpt>
<trkpt lat="53.330875402" lon="49.428344686">
  <ele>227.847000</ele>
  <time>2010-07-31T06:06:47Z</time>
</trkpt>
<trkpt lat="53.330989815" lon="49.428546941">
  <ele>226.947006</ele>
  <time>2010-07-31T06:06:48Z</time>
</trkpt>
<trkpt lat="53.331108084" lon="49.428745257">
  <ele>226.175995</ele>
  <time>2010-07-31T06:06:49Z</time>
</trkpt>
<trkpt lat="53.331222497" lon="49.428947428">
  <ele>225.136993</ele>
  <time>2010-07-31T06:06:50Z</time>
</trkpt>
<trkpt lat="53.331336994" lon="49.429149600">
  <ele>224.360001</ele>
  <time>2010-07-31T06:06:51Z</time>
</trkpt>
<trkpt lat="53.331455262" lon="49.429351771">
  <ele>223.658005</ele>
  <time>2010-07-31T06:06:52Z</time>
</trkpt>
<trkpt lat="53.331573447" lon="49.429561654">
  <ele>223.054001</ele>
  <time>2010-07-31T06:06:53Z</time>
</trkpt>
<trkpt lat="53.331699343" lon="49.429779081">
  <ele>222.408005</ele>
  <time>2010-07-31T06:06:54Z</time>
</trkpt>
<trkpt lat="53.331829095" lon="49.430004135">
  <ele>221.725998</ele>
  <time>2010-07-31T06:06:55Z</time>
</trkpt>
<trkpt lat="53.331962619" lon="49.430229189">
  <ele>221.177994</ele>
  <time>2010-07-31T06:06:56Z</time>
</trkpt>
<trkpt lat="53.332088431" lon="49.430461871">
  <ele>220.826004</ele>
  <time>2010-07-31T06:06:57Z</time>
</trkpt>
<trkpt lat="53.332214328" lon="49.430694552">
  <ele>220.550995</ele>
  <time>2010-07-31T06:06:58Z</time>
</trkpt>
<trkpt lat="53.332340224" lon="49.430923462">
  <ele>220.309006</ele>
  <time>2010-07-31T06:06:59Z</time>
</trkpt>
<trkpt lat="53.332469976" lon="49.431148516">
  <ele>220.080994</ele>
  <time>2010-07-31T06:07:00Z</time>
</trkpt>
<trkpt lat="53.332595788" lon="49.431369798">
  <ele>219.751999</ele>
  <time>2010-07-31T06:07:01Z</time>
</trkpt>
<trkpt lat="53.332721684" lon="49.431583369">
  <ele>219.621002</ele>
  <time>2010-07-31T06:07:02Z</time>
</trkpt>
<trkpt lat="53.332843808" lon="49.431797024">
  <ele>219.350998</ele>
  <time>2010-07-31T06:07:03Z</time>
</trkpt>
<trkpt lat="53.332965849" lon="49.432003051">
  <ele>219.123001</ele>
  <time>2010-07-31T06:07:04Z</time>
</trkpt>
<trkpt lat="53.333080262" lon="49.432205223">
  <ele>218.839005</ele>
  <time>2010-07-31T06:07:05Z</time>
</trkpt>
<trkpt lat="53.333194759" lon="49.432407394">
  <ele>218.526993</ele>
  <time>2010-07-31T06:07:06Z</time>
</trkpt>
<trkpt lat="53.333305400" lon="49.432609566">
  <ele>218.382996</ele>
  <time>2010-07-31T06:07:07Z</time>
</trkpt>
<trkpt lat="53.333419813" lon="49.432811737">
  <ele>217.998001</ele>
  <time>2010-07-31T06:07:08Z</time>
</trkpt>
<trkpt lat="53.333534226" lon="49.433010137">
  <ele>217.389008</ele>
  <time>2010-07-31T06:07:09Z</time>
</trkpt>
<trkpt lat="53.333644867" lon="49.433208453">
  <ele>216.806000</ele>
  <time>2010-07-31T06:07:10Z</time>
</trkpt>
<trkpt lat="53.333751652" lon="49.433395369">
  <ele>216.078995</ele>
  <time>2010-07-31T06:07:11Z</time>
</trkpt>
<trkpt lat="53.333858522" lon="49.433582285">
  <ele>215.813004</ele>
  <time>2010-07-31T06:07:12Z</time>
</trkpt>
<trkpt lat="53.333961451" lon="49.433773058">
  <ele>215.175003</ele>
  <time>2010-07-31T06:07:13Z</time>
</trkpt>
<trkpt lat="53.334072093" lon="49.433959974">
  <ele>214.658005</ele>
  <time>2010-07-31T06:07:14Z</time>
</trkpt>
<trkpt lat="53.334178962" lon="49.434154518">
  <ele>213.675995</ele>
  <time>2010-07-31T06:07:15Z</time>
</trkpt>
<trkpt lat="53.334293375" lon="49.434352834">
  <ele>212.841995</ele>
  <time>2010-07-31T06:07:16Z</time>
</trkpt>
<trkpt lat="53.334407788" lon="49.434555089">
  <ele>212.192993</ele>
  <time>2010-07-31T06:07:17Z</time>
</trkpt>
<trkpt lat="53.334526056" lon="49.434764888">
  <ele>211.889999</ele>
  <time>2010-07-31T06:07:18Z</time>
</trkpt>
<trkpt lat="53.334648097" lon="49.434986087">
  <ele>211.302002</ele>
  <time>2010-07-31T06:07:19Z</time>
</trkpt>
<trkpt lat="53.334773993" lon="49.435211141">
  <ele>210.912994</ele>
  <time>2010-07-31T06:07:20Z</time>
</trkpt>
<trkpt lat="53.334907517" lon="49.435443906">
  <ele>210.306000</ele>
  <time>2010-07-31T06:07:21Z</time>
</trkpt>
<trkpt lat="53.335041041" lon="49.435684215">
  <ele>209.951004</ele>
  <time>2010-07-31T06:07:22Z</time>
</trkpt>
<trkpt lat="53.335178336" lon="49.435928380">
  <ele>209.578995</ele>
  <time>2010-07-31T06:07:23Z</time>
</trkpt>
<trkpt lat="53.335319487" lon="49.436176317">
  <ele>209.237000</ele>
  <time>2010-07-31T06:07:24Z</time>
</trkpt>
<trkpt lat="53.335456867" lon="49.436424254">
  <ele>209.121994</ele>
  <time>2010-07-31T06:07:25Z</time>
</trkpt>
<trkpt lat="53.335601790" lon="49.436676046">
  <ele>209.128998</ele>
  <time>2010-07-31T06:07:26Z</time>
</trkpt>
<trkpt lat="53.335758196" lon="49.436931610">
  <ele>209.013000</ele>
  <time>2010-07-31T06:07:27Z</time>
</trkpt>
<trkpt lat="53.335910831" lon="49.437191030">
  <ele>208.906998</ele>
  <time>2010-07-31T06:07:28Z</time>
</trkpt>
<trkpt lat="53.336063381" lon="49.437454222">
  <ele>209.005997</ele>
  <time>2010-07-31T06:07:29Z</time>
</trkpt>
<trkpt lat="53.336215932" lon="49.437728897">
  <ele>208.574005</ele>
  <time>2010-07-31T06:07:30Z</time>
</trkpt>
<trkpt lat="53.336368566" lon="49.438014971">
  <ele>208.216995</ele>
  <time>2010-07-31T06:07:31Z</time>
</trkpt>
<trkpt lat="53.336517345" lon="49.438301045">
  <ele>208.365005</ele>
  <time>2010-07-31T06:07:32Z</time>
</trkpt>
<trkpt lat="53.336669896" lon="49.438583348">
  <ele>208.014008</ele>
  <time>2010-07-31T06:07:33Z</time>
</trkpt>
<trkpt lat="53.336826302" lon="49.438858023">
  <ele>207.619003</ele>
  <time>2010-07-31T06:07:34Z</time>
</trkpt>
<trkpt lat="53.336982708" lon="49.439132698">
  <ele>207.335999</ele>
  <time>2010-07-31T06:07:35Z</time>
</trkpt>
<trkpt lat="53.337139115" lon="49.439407373">
  <ele>206.923996</ele>
  <time>2010-07-31T06:07:36Z</time>
</trkpt>
<trkpt lat="53.337295521" lon="49.439674336">
  <ele>206.686996</ele>
  <time>2010-07-31T06:07:37Z</time>
</trkpt>
<trkpt lat="53.337448156" lon="49.439941384">
  <ele>206.223999</ele>
  <time>2010-07-31T06:07:38Z</time>
</trkpt>
<trkpt lat="53.337600706" lon="49.440208431">
  <ele>205.776001</ele>
  <time>2010-07-31T06:07:39Z</time>
</trkpt>
<trkpt lat="53.337753257" lon="49.440471623">
  <ele>205.669006</ele>
  <time>2010-07-31T06:07:40Z</time>
</trkpt>
<trkpt lat="53.337898264" lon="49.440738671">
  <ele>205.139999</ele>
  <time>2010-07-31T06:07:41Z</time>
</trkpt>
<trkpt lat="53.338047042" lon="49.441001862">
  <ele>204.699005</ele>
  <time>2010-07-31T06:07:42Z</time>
</trkpt>
<trkpt lat="53.338195821" lon="49.441261282">
  <ele>204.082993</ele>
  <time>2010-07-31T06:07:43Z</time>
</trkpt>
<trkpt lat="53.338348372" lon="49.441524474">
  <ele>203.690994</ele>
  <time>2010-07-31T06:07:44Z</time>
</trkpt>
<trkpt lat="53.338497151" lon="49.441791521">
  <ele>203.322998</ele>
  <time>2010-07-31T06:07:45Z</time>
</trkpt>
<trkpt lat="53.338649785" lon="49.442058569">
  <ele>202.768997</ele>
  <time>2010-07-31T06:07:46Z</time>
</trkpt>
<trkpt lat="53.338798564" lon="49.442333244">
  <ele>202.164001</ele>
  <time>2010-07-31T06:07:47Z</time>
</trkpt>
<trkpt lat="53.338951115" lon="49.442600291">
  <ele>201.686005</ele>
  <time>2010-07-31T06:07:48Z</time>
</trkpt>
<trkpt lat="53.339099893" lon="49.442867255">
  <ele>201.395996</ele>
  <time>2010-07-31T06:07:49Z</time>
</trkpt>
<trkpt lat="53.339248672" lon="49.443126675">
  <ele>200.830002</ele>
  <time>2010-07-31T06:07:50Z</time>
</trkpt>
<trkpt lat="53.339393595" lon="49.443389867">
  <ele>200.302002</ele>
  <time>2010-07-31T06:07:51Z</time>
</trkpt>
<trkpt lat="53.339538602" lon="49.443641659">
  <ele>199.563995</ele>
  <time>2010-07-31T06:07:52Z</time>
</trkpt>
<trkpt lat="53.339683525" lon="49.443893451">
  <ele>199.112000</ele>
  <time>2010-07-31T06:07:53Z</time>
</trkpt>
<trkpt lat="53.339828532" lon="49.444137532">
  <ele>198.830002</ele>
  <time>2010-07-31T06:07:54Z</time>
</trkpt>
<trkpt lat="53.339973455" lon="49.444377925">
  <ele>198.488998</ele>
  <time>2010-07-31T06:07:55Z</time>
</trkpt>
<trkpt lat="53.340118378" lon="49.444618234">
  <ele>197.917007</ele>
  <time>2010-07-31T06:07:56Z</time>
</trkpt>
<trkpt lat="53.340267157" lon="49.444858544">
  <ele>197.438995</ele>
  <time>2010-07-31T06:07:57Z</time>
</trkpt>
<trkpt lat="53.340423563" lon="49.445095081">
  <ele>197.126999</ele>
  <time>2010-07-31T06:07:58Z</time>
</trkpt>
<trkpt lat="53.340579970" lon="49.445331534">
  <ele>196.893997</ele>
  <time>2010-07-31T06:07:59Z</time>
</trkpt>
<trkpt lat="53.340740232" lon="49.445556672">
  <ele>196.134995</ele>
  <time>2010-07-31T06:08:00Z</time>
</trkpt>
<trkpt lat="53.340904266" lon="49.445777871">
  <ele>195.684998</ele>
  <time>2010-07-31T06:08:01Z</time>
</trkpt>
<trkpt lat="53.341068299" lon="49.446002925">
  <ele>195.020996</ele>
  <time>2010-07-31T06:08:02Z</time>
</trkpt>
<trkpt lat="53.341236105" lon="49.446228063">
  <ele>194.606003</ele>
  <time>2010-07-31T06:08:03Z</time>
</trkpt>
<trkpt lat="53.341403995" lon="49.446445489">
  <ele>193.869003</ele>
  <time>2010-07-31T06:08:04Z</time>
</trkpt>
<trkpt lat="53.341575656" lon="49.446662916">
  <ele>193.468994</ele>
  <time>2010-07-31T06:08:05Z</time>
</trkpt>
<trkpt lat="53.341747317" lon="49.446868859">
  <ele>193.044006</ele>
  <time>2010-07-31T06:08:06Z</time>
</trkpt>
<trkpt lat="53.341918979" lon="49.447067259">
  <ele>192.602997</ele>
  <time>2010-07-31T06:08:07Z</time>
</trkpt>
<trkpt lat="53.342090640" lon="49.447258031">
  <ele>191.987000</ele>
  <time>2010-07-31T06:08:08Z</time>
</trkpt>
<trkpt lat="53.342262302" lon="49.447437320">
  <ele>191.520004</ele>
  <time>2010-07-31T06:08:09Z</time>
</trkpt>
<trkpt lat="53.342437735" lon="49.447608981">
  <ele>190.891998</ele>
  <time>2010-07-31T06:08:10Z</time>
</trkpt>
<trkpt lat="53.342613252" lon="49.447780643">
  <ele>190.328003</ele>
  <time>2010-07-31T06:08:11Z</time>
</trkpt>
<trkpt lat="53.342788685" lon="49.447944677">
  <ele>190.072006</ele>
  <time>2010-07-31T06:08:12Z</time>
</trkpt>
<trkpt lat="53.342964202" lon="49.448104855">
  <ele>189.651993</ele>
  <time>2010-07-31T06:08:13Z</time>
</trkpt>
<trkpt lat="53.343135864" lon="49.448257405">
  <ele>188.983994</ele>
  <time>2010-07-31T06:08:14Z</time>
</trkpt>
<trkpt lat="53.343315152" lon="49.448410040">
  <ele>188.617004</ele>
  <time>2010-07-31T06:08:15Z</time>
</trkpt>
<trkpt lat="53.343490586" lon="49.448554963">
  <ele>188.229004</ele>
  <time>2010-07-31T06:08:16Z</time>
</trkpt>
<trkpt lat="53.343669875" lon="49.448699970">
  <ele>187.932999</ele>
  <time>2010-07-31T06:08:17Z</time>
</trkpt>
<trkpt lat="53.343845392" lon="49.448837265">
  <ele>187.546997</ele>
  <time>2010-07-31T06:08:18Z</time>
</trkpt>
<trkpt lat="53.344024681" lon="49.448963162">
  <ele>187.018997</ele>
  <time>2010-07-31T06:08:19Z</time>
</trkpt>
<trkpt lat="53.344203969" lon="49.449089058">
  <ele>186.817993</ele>
  <time>2010-07-31T06:08:20Z</time>
</trkpt>
<trkpt lat="53.344387030" lon="49.449211098">
  <ele>186.535995</ele>
  <time>2010-07-31T06:08:21Z</time>
</trkpt>
<trkpt lat="53.344570175" lon="49.449325595">
  <ele>186.223999</ele>
  <time>2010-07-31T06:08:22Z</time>
</trkpt>
<trkpt lat="53.344753236" lon="49.449436152">
  <ele>186.162994</ele>
  <time>2010-07-31T06:08:23Z</time>
</trkpt>
<trkpt lat="53.344936380" lon="49.449543022">
  <ele>186.300995</ele>
  <time>2010-07-31T06:08:24Z</time>
</trkpt>
<trkpt lat="53.345123297" lon="49.449649807">
  <ele>186.483002</ele>
  <time>2010-07-31T06:08:25Z</time>
</trkpt>
<trkpt lat="53.345310213" lon="49.449752821">
  <ele>186.677002</ele>
  <time>2010-07-31T06:08:26Z</time>
</trkpt>
<trkpt lat="53.345493358" lon="49.449859606">
  <ele>187.046997</ele>
  <time>2010-07-31T06:08:27Z</time>
</trkpt>
<trkpt lat="53.345676418" lon="49.449962620">
  <ele>187.382004</ele>
  <time>2010-07-31T06:08:28Z</time>
</trkpt>
<trkpt lat="53.345855707" lon="49.450065633">
  <ele>187.516006</ele>
  <time>2010-07-31T06:08:29Z</time>
</trkpt>
<trkpt lat="53.346034996" lon="49.450164791">
  <ele>187.386002</ele>
  <time>2010-07-31T06:08:30Z</time>
</trkpt>
<trkpt lat="53.346221913" lon="49.450271577">
  <ele>187.576996</ele>
  <time>2010-07-31T06:08:31Z</time>
</trkpt>
<trkpt lat="53.346405057" lon="49.450378446">
  <ele>187.522995</ele>
  <time>2010-07-31T06:08:32Z</time>
</trkpt>
<trkpt lat="53.346591974" lon="49.450481376">
  <ele>187.718994</ele>
  <time>2010-07-31T06:08:33Z</time>
</trkpt>
<trkpt lat="53.346778890" lon="49.450584389">
  <ele>187.977997</ele>
  <time>2010-07-31T06:08:34Z</time>
</trkpt>
<trkpt lat="53.346969578" lon="49.450687403">
  <ele>188.304001</ele>
  <time>2010-07-31T06:08:35Z</time>
</trkpt>
<trkpt lat="53.347156495" lon="49.450790416">
  <ele>188.462006</ele>
  <time>2010-07-31T06:08:36Z</time>
</trkpt>
<trkpt lat="53.347343411" lon="49.450893430">
  <ele>188.404007</ele>
  <time>2010-07-31T06:08:37Z</time>
</trkpt>
<trkpt lat="53.347534183" lon="49.451003987">
  <ele>188.576004</ele>
  <time>2010-07-31T06:08:38Z</time>
</trkpt>
<trkpt lat="53.347724956" lon="49.451110857">
  <ele>188.822998</ele>
  <time>2010-07-31T06:08:39Z</time>
</trkpt>
<trkpt lat="53.347919500" lon="49.451217642">
  <ele>189.009003</ele>
  <time>2010-07-31T06:08:40Z</time>
</trkpt>
<trkpt lat="53.348117815" lon="49.451328283">
  <ele>189.190994</ele>
  <time>2010-07-31T06:08:41Z</time>
</trkpt>
<trkpt lat="53.348319987" lon="49.451438924">
  <ele>189.358994</ele>
  <time>2010-07-31T06:08:42Z</time>
</trkpt>
<trkpt lat="53.348514531" lon="49.451549565">
  <ele>189.403000</ele>
  <time>2010-07-31T06:08:43Z</time>
</trkpt>
<trkpt lat="53.348701447" lon="49.451660123">
  <ele>189.289993</ele>
  <time>2010-07-31T06:08:44Z</time>
</trkpt>
<trkpt lat="53.348892219" lon="49.451763136">
  <ele>189.182999</ele>
  <time>2010-07-31T06:08:45Z</time>
</trkpt>
<trkpt lat="53.349071508" lon="49.451866150">
  <ele>188.848999</ele>
  <time>2010-07-31T06:08:46Z</time>
</trkpt>
<trkpt lat="53.349250797" lon="49.451965308">
  <ele>188.449005</ele>
  <time>2010-07-31T06:08:47Z</time>
</trkpt>
<trkpt lat="53.349430086" lon="49.452060694">
  <ele>188.139999</ele>
  <time>2010-07-31T06:08:48Z</time>
</trkpt>
<trkpt lat="53.349605519" lon="49.452156080">
  <ele>187.932999</ele>
  <time>2010-07-31T06:08:49Z</time>
</trkpt>
<trkpt lat="53.349777181" lon="49.452255238">
  <ele>187.671997</ele>
  <time>2010-07-31T06:08:50Z</time>
</trkpt>
<trkpt lat="53.349948842" lon="49.452350624">
  <ele>187.294998</ele>
  <time>2010-07-31T06:08:51Z</time>
</trkpt>
<trkpt lat="53.350120503" lon="49.452446010">
  <ele>186.162003</ele>
  <time>2010-07-31T06:08:52Z</time>
</trkpt>
<trkpt lat="53.350296021" lon="49.452545168">
  <ele>185.246994</ele>
  <time>2010-07-31T06:08:53Z</time>
</trkpt>
<trkpt lat="53.350471538" lon="49.452648181">
  <ele>184.380005</ele>
  <time>2010-07-31T06:08:54Z</time>
</trkpt>
<trkpt lat="53.350650826" lon="49.452743568">
  <ele>183.542007</ele>
  <time>2010-07-31T06:08:55Z</time>
</trkpt>
<trkpt lat="53.350833887" lon="49.452846497">
  <ele>182.740997</ele>
  <time>2010-07-31T06:08:56Z</time>
</trkpt>
<trkpt lat="53.351013176" lon="49.452949511">
  <ele>182.035995</ele>
  <time>2010-07-31T06:08:57Z</time>
</trkpt>
<trkpt lat="53.351196321" lon="49.453052524">
  <ele>181.268005</ele>
  <time>2010-07-31T06:08:58Z</time>
</trkpt>
<trkpt lat="53.351379381" lon="49.453155538">
  <ele>180.751007</ele>
  <time>2010-07-31T06:08:59Z</time>
</trkpt>
<trkpt lat="53.351566298" lon="49.453262324">
  <ele>180.292007</ele>
  <time>2010-07-31T06:09:00Z</time>
</trkpt>
<trkpt lat="53.351749443" lon="49.453365337">
  <ele>179.690994</ele>
  <time>2010-07-31T06:09:01Z</time>
</trkpt>
<trkpt lat="53.351932503" lon="49.453468351">
  <ele>178.985992</ele>
  <time>2010-07-31T06:09:02Z</time>
</trkpt>
<trkpt lat="53.352119420" lon="49.453567509">
  <ele>178.503006</ele>
  <time>2010-07-31T06:09:03Z</time>
</trkpt>
<trkpt lat="53.352302564" lon="49.453670522">
  <ele>177.828003</ele>
  <time>2010-07-31T06:09:04Z</time>
</trkpt>
<trkpt lat="53.352481853" lon="49.453773536">
  <ele>177.093994</ele>
  <time>2010-07-31T06:09:05Z</time>
</trkpt>
<trkpt lat="53.352657286" lon="49.453876466">
  <ele>176.169006</ele>
  <time>2010-07-31T06:09:06Z</time>
</trkpt>
<trkpt lat="53.352828948" lon="49.453975707">
  <ele>175.350998</ele>
  <time>2010-07-31T06:09:07Z</time>
</trkpt>
<trkpt lat="53.353000609" lon="49.454078637">
  <ele>175.108002</ele>
  <time>2010-07-31T06:09:08Z</time>
</trkpt>
<trkpt lat="53.353168499" lon="49.454177879">
  <ele>174.539993</ele>
  <time>2010-07-31T06:09:09Z</time>
</trkpt>
<trkpt lat="53.353336304" lon="49.454277037">
  <ele>174.936005</ele>
  <time>2010-07-31T06:09:10Z</time>
</trkpt>
<trkpt lat="53.353504194" lon="49.454372423">
  <ele>175.166000</ele>
  <time>2010-07-31T06:09:11Z</time>
</trkpt>
<trkpt lat="53.353664372" lon="49.454463953">
  <ele>175.319000</ele>
  <time>2010-07-31T06:09:12Z</time>
</trkpt>
<trkpt lat="53.353828406" lon="49.454559339">
  <ele>175.677002</ele>
  <time>2010-07-31T06:09:13Z</time>
</trkpt>
<trkpt lat="53.353992440" lon="49.454650870">
  <ele>175.957001</ele>
  <time>2010-07-31T06:09:14Z</time>
</trkpt>
<trkpt lat="53.354160329" lon="49.454746256">
  <ele>176.169998</ele>
  <time>2010-07-31T06:09:15Z</time>
</trkpt>
<trkpt lat="53.354328135" lon="49.454837786">
  <ele>176.341995</ele>
  <time>2010-07-31T06:09:16Z</time>
</trkpt>
<trkpt lat="53.354496025" lon="49.454933172">
  <ele>176.714005</ele>
  <time>2010-07-31T06:09:17Z</time>
</trkpt>
<trkpt lat="53.354667686" lon="49.455028558">
  <ele>176.994995</ele>
  <time>2010-07-31T06:09:18Z</time>
</trkpt>
<trkpt lat="53.354831720" lon="49.455120089">
  <ele>177.080002</ele>
  <time>2010-07-31T06:09:19Z</time>
</trkpt>
<trkpt lat="53.354995754" lon="49.455211619">
  <ele>177.162994</ele>
  <time>2010-07-31T06:09:20Z</time>
</trkpt>
<trkpt lat="53.355159787" lon="49.455299377">
  <ele>177.328995</ele>
  <time>2010-07-31T06:09:21Z</time>
</trkpt>
<trkpt lat="53.355316194" lon="49.455387136">
  <ele>177.416000</ele>
  <time>2010-07-31T06:09:22Z</time>
</trkpt>
<trkpt lat="53.355472600" lon="49.455474894">
  <ele>177.298996</ele>
  <time>2010-07-31T06:09:23Z</time>
</trkpt>
<trkpt lat="53.355632778" lon="49.455562569">
  <ele>177.453003</ele>
  <time>2010-07-31T06:09:24Z</time>
</trkpt>
<trkpt lat="53.355793040" lon="49.455650328">
  <ele>177.453003</ele>
  <time>2010-07-31T06:09:25Z</time>
</trkpt>
<trkpt lat="53.355953218" lon="49.455741858">
  <ele>177.395004</ele>
  <time>2010-07-31T06:09:26Z</time>
</trkpt>
<trkpt lat="53.356109625" lon="49.455829617">
  <ele>177.093994</ele>
  <time>2010-07-31T06:09:27Z</time>
</trkpt>
<trkpt lat="53.356269803" lon="49.455921147">
  <ele>177.167007</ele>
  <time>2010-07-31T06:09:28Z</time>
</trkpt>
<trkpt lat="53.356430065" lon="49.456008906">
  <ele>176.798996</ele>
  <time>2010-07-31T06:09:29Z</time>
</trkpt>
<trkpt lat="53.356590243" lon="49.456100436">
  <ele>176.397003</ele>
  <time>2010-07-31T06:09:30Z</time>
</trkpt>
<trkpt lat="53.356746649" lon="49.456188194">
  <ele>175.832001</ele>
  <time>2010-07-31T06:09:31Z</time>
</trkpt>
<trkpt lat="53.356906911" lon="49.456272097">
  <ele>175.488007</ele>
  <time>2010-07-31T06:09:32Z</time>
</trkpt>
<trkpt lat="53.357063318" lon="49.456359856">
  <ele>174.875000</ele>
  <time>2010-07-31T06:09:33Z</time>
</trkpt>
<trkpt lat="53.357219724" lon="49.456447614">
  <ele>173.990005</ele>
  <time>2010-07-31T06:09:34Z</time>
</trkpt>
<trkpt lat="53.357379902" lon="49.456535373">
  <ele>173.037994</ele>
  <time>2010-07-31T06:09:35Z</time>
</trkpt>
<trkpt lat="53.357540164" lon="49.456623048">
  <ele>172.162003</ele>
  <time>2010-07-31T06:09:36Z</time>
</trkpt>
<trkpt lat="53.357704198" lon="49.456707034">
  <ele>171.181000</ele>
  <time>2010-07-31T06:09:37Z</time>
</trkpt>
<trkpt lat="53.357872004" lon="49.456798565">
  <ele>170.417999</ele>
  <time>2010-07-31T06:09:38Z</time>
</trkpt>
<trkpt lat="53.358039893" lon="49.456890095">
  <ele>169.264008</ele>
  <time>2010-07-31T06:09:39Z</time>
</trkpt>
<trkpt lat="53.358203927" lon="49.456973998">
  <ele>168.434998</ele>
  <time>2010-07-31T06:09:40Z</time>
</trkpt>
<trkpt lat="53.358371733" lon="49.457057985">
  <ele>167.770004</ele>
  <time>2010-07-31T06:09:41Z</time>
</trkpt>
<trkpt lat="53.358539622" lon="49.457138032">
  <ele>167.283005</ele>
  <time>2010-07-31T06:09:42Z</time>
</trkpt>
<trkpt lat="53.358707428" lon="49.457214391">
  <ele>166.882996</ele>
  <time>2010-07-31T06:09:43Z</time>
</trkpt>
<trkpt lat="53.358879089" lon="49.457286811">
  <ele>166.966003</ele>
  <time>2010-07-31T06:09:44Z</time>
</trkpt>
<trkpt lat="53.359050751" lon="49.457355458">
  <ele>166.748993</ele>
  <time>2010-07-31T06:09:45Z</time>
</trkpt>
<trkpt lat="53.359230040" lon="49.457424190">
  <ele>166.727997</ele>
  <time>2010-07-31T06:09:46Z</time>
</trkpt>
<trkpt lat="53.359401701" lon="49.457488982">
  <ele>166.854996</ele>
  <time>2010-07-31T06:09:47Z</time>
</trkpt>
<trkpt lat="53.359569591" lon="49.457550086">
  <ele>167.076004</ele>
  <time>2010-07-31T06:09:48Z</time>
</trkpt>
<trkpt lat="53.359733541" lon="49.457607251">
  <ele>167.380997</ele>
  <time>2010-07-31T06:09:49Z</time>
</trkpt>
<trkpt lat="53.359901430" lon="49.457656872">
  <ele>167.451004</ele>
  <time>2010-07-31T06:09:50Z</time>
</trkpt>
<trkpt lat="53.360069236" lon="49.457702637">
  <ele>167.613998</ele>
  <time>2010-07-31T06:09:51Z</time>
</trkpt>
<trkpt lat="53.360240897" lon="49.457748402">
  <ele>167.882996</ele>
  <time>2010-07-31T06:09:52Z</time>
</trkpt>
<trkpt lat="53.360412559" lon="49.457778912">
  <ele>168.218002</ele>
  <time>2010-07-31T06:09:53Z</time>
</trkpt>
<trkpt lat="53.360576592" lon="49.457809422">
  <ele>168.477997</ele>
  <time>2010-07-31T06:09:54Z</time>
</trkpt>
<trkpt lat="53.360748254" lon="49.457839932">
  <ele>168.787003</ele>
  <time>2010-07-31T06:09:55Z</time>
</trkpt>
<trkpt lat="53.360916143" lon="49.457866671">
  <ele>169.033997</ele>
  <time>2010-07-31T06:09:56Z</time>
</trkpt>
<trkpt lat="53.361083949" lon="49.457889553">
  <ele>169.195999</ele>
  <time>2010-07-31T06:09:57Z</time>
</trkpt>
<trkpt lat="53.361251839" lon="49.457908664">
  <ele>169.347000</ele>
  <time>2010-07-31T06:09:58Z</time>
</trkpt>
<trkpt lat="53.361415872" lon="49.457923919">
  <ele>169.554993</ele>
  <time>2010-07-31T06:09:59Z</time>
</trkpt>
<trkpt lat="53.361572279" lon="49.457935318">
  <ele>169.634003</ele>
  <time>2010-07-31T06:10:00Z</time>
</trkpt>
<trkpt lat="53.361717202" lon="49.457939174">
  <ele>169.427994</ele>
  <time>2010-07-31T06:10:01Z</time>
</trkpt>
<trkpt lat="53.361846954" lon="49.457946802">
  <ele>169.751007</ele>
  <time>2010-07-31T06:10:02Z</time>
</trkpt>
<trkpt lat="53.361968994" lon="49.457954429">
  <ele>169.960007</ele>
  <time>2010-07-31T06:10:03Z</time>
</trkpt>
<trkpt lat="53.362087263" lon="49.457954429">
  <ele>170.091995</ele>
  <time>2010-07-31T06:10:04Z</time>
</trkpt>
<trkpt lat="53.362190276" lon="49.457958201">
  <ele>169.934006</ele>
  <time>2010-07-31T06:10:05Z</time>
</trkpt>
<trkpt lat="53.362289434" lon="49.457954429">
  <ele>170.037994</ele>
  <time>2010-07-31T06:10:06Z</time>
</trkpt>
<trkpt lat="53.362380965" lon="49.457950573">
  <ele>169.738998</ele>
  <time>2010-07-31T06:10:07Z</time>
</trkpt>
<trkpt lat="53.362464868" lon="49.457946802">
  <ele>170.028000</ele>
  <time>2010-07-31T06:10:08Z</time>
</trkpt>
<trkpt lat="53.362533599" lon="49.457942946">
  <ele>169.617004</ele>
  <time>2010-07-31T06:10:09Z</time>
</trkpt>
<trkpt lat="53.362594619" lon="49.457935318">
  <ele>169.546005</ele>
  <time>2010-07-31T06:10:10Z</time>
</trkpt>
<trkpt lat="53.362651784" lon="49.457927691">
  <ele>169.251007</ele>
  <time>2010-07-31T06:10:11Z</time>
</trkpt>
<trkpt lat="53.362705261" lon="49.457920063">
  <ele>169.294006</ele>
  <time>2010-07-31T06:10:12Z</time>
</trkpt>
<trkpt lat="53.362758653" lon="49.457916291">
  <ele>169.794006</ele>
  <time>2010-07-31T06:10:13Z</time>
</trkpt>
<trkpt lat="53.362808190" lon="49.457912436">
  <ele>169.981003</ele>
  <time>2010-07-31T06:10:14Z</time>
</trkpt>
<trkpt lat="53.362861667" lon="49.457908664">
  <ele>169.968002</ele>
  <time>2010-07-31T06:10:15Z</time>
</trkpt>
<trkpt lat="53.362903576" lon="49.457904808">
  <ele>169.942001</ele>
  <time>2010-07-31T06:10:16Z</time>
</trkpt>
<trkpt lat="53.362949342" lon="49.457901036">
  <ele>169.977005</ele>
  <time>2010-07-31T06:10:17Z</time>
</trkpt>
<trkpt lat="53.362987479" lon="49.457893409">
  <ele>170.009003</ele>
  <time>2010-07-31T06:10:18Z</time>
</trkpt>
<trkpt lat="53.363021845" lon="49.457889553">
  <ele>169.970993</ele>
  <time>2010-07-31T06:10:19Z</time>
</trkpt>
<trkpt lat="53.363052355" lon="49.457889553">
  <ele>170.205002</ele>
  <time>2010-07-31T06:10:20Z</time>
</trkpt>
<trkpt lat="53.363086721" lon="49.457885781">
  <ele>170.261002</ele>
  <time>2010-07-31T06:10:21Z</time>
</trkpt>
<trkpt lat="53.363124859" lon="49.457881926">
  <ele>170.414993</ele>
  <time>2010-07-31T06:10:22Z</time>
</trkpt>
<trkpt lat="53.363162996" lon="49.457881926">
  <ele>170.264999</ele>
  <time>2010-07-31T06:10:23Z</time>
</trkpt>
<trkpt lat="53.363197362" lon="49.457881926">
  <ele>170.477005</ele>
  <time>2010-07-31T06:10:24Z</time>
</trkpt>
<trkpt lat="53.363227872" lon="49.457878154">
  <ele>170.526001</ele>
  <time>2010-07-31T06:10:25Z</time>
</trkpt>
<trkpt lat="53.363254527" lon="49.457878154">
  <ele>170.574997</ele>
  <time>2010-07-31T06:10:26Z</time>
</trkpt>
<trkpt lat="53.363285037" lon="49.457878154">
  <ele>170.494995</ele>
  <time>2010-07-31T06:10:27Z</time>
</trkpt>
<trkpt lat="53.363311775" lon="49.457874298">
  <ele>170.432007</ele>
  <time>2010-07-31T06:10:28Z</time>
</trkpt>
<trkpt lat="53.363338429" lon="49.457870442">
  <ele>170.311005</ele>
  <time>2010-07-31T06:10:29Z</time>
</trkpt>
<trkpt lat="53.363369023" lon="49.457866671">
  <ele>170.623001</ele>
  <time>2010-07-31T06:10:30Z</time>
</trkpt>
<trkpt lat="53.363391906" lon="49.457862815">
  <ele>170.822998</ele>
  <time>2010-07-31T06:10:31Z</time>
</trkpt>
<trkpt lat="53.363414789" lon="49.457862815">
  <ele>171.177002</ele>
  <time>2010-07-31T06:10:32Z</time>
</trkpt>
<trkpt lat="53.363433816" lon="49.457859043">
  <ele>171.453003</ele>
  <time>2010-07-31T06:10:33Z</time>
</trkpt>
<trkpt lat="53.363452926" lon="49.457859043">
  <ele>171.699997</ele>
  <time>2010-07-31T06:10:34Z</time>
</trkpt>
<trkpt lat="53.363468181" lon="49.457859043">
  <ele>171.669998</ele>
  <time>2010-07-31T06:10:35Z</time>
</trkpt>
<trkpt lat="53.363494836" lon="49.457855187">
  <ele>171.869995</ele>
  <time>2010-07-31T06:10:36Z</time>
</trkpt>
<trkpt lat="53.363521574" lon="49.457851416">
  <ele>171.914001</ele>
  <time>2010-07-31T06:10:37Z</time>
</trkpt>
<trkpt lat="53.363548312" lon="49.457839932">
  <ele>171.673004</ele>
  <time>2010-07-31T06:10:38Z</time>
</trkpt>
<trkpt lat="53.363578822" lon="49.457828533">
  <ele>171.365997</ele>
  <time>2010-07-31T06:10:39Z</time>
</trkpt>
<trkpt lat="53.363609333" lon="49.457824677">
  <ele>171.365005</ele>
  <time>2010-07-31T06:10:40Z</time>
</trkpt>
<trkpt lat="53.363639843" lon="49.457817050">
  <ele>171.173996</ele>
  <time>2010-07-31T06:10:41Z</time>
</trkpt>
<trkpt lat="53.363666497" lon="49.457813278">
  <ele>170.824005</ele>
  <time>2010-07-31T06:10:42Z</time>
</trkpt>
<trkpt lat="53.363697091" lon="49.457813278">
  <ele>171.214005</ele>
  <time>2010-07-31T06:10:43Z</time>
</trkpt>
<trkpt lat="53.363719974" lon="49.457809422">
  <ele>171.093994</ele>
  <time>2010-07-31T06:10:44Z</time>
</trkpt>
<trkpt lat="53.363739001" lon="49.457805650">
  <ele>171.065994</ele>
  <time>2010-07-31T06:10:45Z</time>
</trkpt>
<trkpt lat="53.363758111" lon="49.457805650">
  <ele>171.050003</ele>
  <time>2010-07-31T06:10:46Z</time>
</trkpt>
<trkpt lat="53.363777138" lon="49.457801795">
  <ele>171.018997</ele>
  <time>2010-07-31T06:10:47Z</time>
</trkpt>
<trkpt lat="53.363796249" lon="49.457798023">
  <ele>171.029007</ele>
  <time>2010-07-31T06:10:48Z</time>
</trkpt>
<trkpt lat="53.363822903" lon="49.457790395">
  <ele>171.063004</ele>
  <time>2010-07-31T06:10:49Z</time>
</trkpt>
<trkpt lat="53.363853414" lon="49.457786540">
  <ele>171.225006</ele>
  <time>2010-07-31T06:10:50Z</time>
</trkpt>
<trkpt lat="53.363884008" lon="49.457786540">
  <ele>171.326004</ele>
  <time>2010-07-31T06:10:51Z</time>
</trkpt>
<trkpt lat="53.363918290" lon="49.457782768">
  <ele>171.671997</ele>
  <time>2010-07-31T06:10:52Z</time>
</trkpt>
<trkpt lat="53.363956427" lon="49.457778912">
  <ele>171.973007</ele>
  <time>2010-07-31T06:10:53Z</time>
</trkpt>
<trkpt lat="53.363990793" lon="49.457775140">
  <ele>172.235992</ele>
  <time>2010-07-31T06:10:54Z</time>
</trkpt>
<trkpt lat="53.364028931" lon="49.457775140">
  <ele>172.414993</ele>
  <time>2010-07-31T06:10:55Z</time>
</trkpt>
<trkpt lat="53.364067068" lon="49.457771285">
  <ele>172.587997</ele>
  <time>2010-07-31T06:10:56Z</time>
</trkpt>
<trkpt lat="53.364109062" lon="49.457767513">
  <ele>172.673996</ele>
  <time>2010-07-31T06:10:57Z</time>
</trkpt>
<trkpt lat="53.364150971" lon="49.457763657">
  <ele>172.470993</ele>
  <time>2010-07-31T06:10:58Z</time>
</trkpt>
<trkpt lat="53.364192965" lon="49.457759885">
  <ele>172.492996</ele>
  <time>2010-07-31T06:10:59Z</time>
</trkpt>
<trkpt lat="53.364231102" lon="49.457759885">
  <ele>172.518997</ele>
  <time>2010-07-31T06:11:00Z</time>
</trkpt>
<trkpt lat="53.364265468" lon="49.457756029">
  <ele>172.744003</ele>
  <time>2010-07-31T06:11:01Z</time>
</trkpt>
<trkpt lat="53.364295978" lon="49.457752258">
  <ele>172.613998</ele>
  <time>2010-07-31T06:11:02Z</time>
</trkpt>
<trkpt lat="53.364326488" lon="49.457748402">
  <ele>172.934998</ele>
  <time>2010-07-31T06:11:03Z</time>
</trkpt>
<trkpt lat="53.364353143" lon="49.457748402">
  <ele>173.276993</ele>
  <time>2010-07-31T06:11:04Z</time>
</trkpt>
<trkpt lat="53.364383737" lon="49.457744630">
  <ele>173.669998</ele>
  <time>2010-07-31T06:11:05Z</time>
</trkpt>
<trkpt lat="53.364414247" lon="49.457737003">
  <ele>173.679001</ele>
  <time>2010-07-31T06:11:06Z</time>
</trkpt>
<trkpt lat="53.364444757" lon="49.457733147">
  <ele>173.977005</ele>
  <time>2010-07-31T06:11:07Z</time>
</trkpt>
<trkpt lat="53.364479039" lon="49.457733147">
  <ele>174.175995</ele>
  <time>2010-07-31T06:11:08Z</time>
</trkpt>
<trkpt lat="53.364513405" lon="49.457733147">
  <ele>174.623001</ele>
  <time>2010-07-31T06:11:09Z</time>
</trkpt>
<trkpt lat="53.364543915" lon="49.457729375">
  <ele>174.921005</ele>
  <time>2010-07-31T06:11:10Z</time>
</trkpt>
<trkpt lat="53.364574425" lon="49.457725519">
  <ele>175.119003</ele>
  <time>2010-07-31T06:11:11Z</time>
</trkpt>
<trkpt lat="53.364604935" lon="49.457721747">
  <ele>175.197006</ele>
  <time>2010-07-31T06:11:12Z</time>
</trkpt>
<trkpt lat="53.364635445" lon="49.457721747">
  <ele>175.214005</ele>
  <time>2010-07-31T06:11:13Z</time>
</trkpt>
<trkpt lat="53.364665955" lon="49.457721747">
  <ele>175.365997</ele>
  <time>2010-07-31T06:11:14Z</time>
</trkpt>
<trkpt lat="53.364700321" lon="49.457717892">
  <ele>175.714996</ele>
  <time>2010-07-31T06:11:15Z</time>
</trkpt>
<trkpt lat="53.364730831" lon="49.457714120">
  <ele>175.807007</ele>
  <time>2010-07-31T06:11:16Z</time>
</trkpt>
<trkpt lat="53.364761341" lon="49.457710264">
  <ele>175.865997</ele>
  <time>2010-07-31T06:11:17Z</time>
</trkpt>
<trkpt lat="53.364791851" lon="49.457710264">
  <ele>175.791000</ele>
  <time>2010-07-31T06:11:18Z</time>
</trkpt>
<trkpt lat="53.364822362" lon="49.457706492">
  <ele>175.789001</ele>
  <time>2010-07-31T06:11:19Z</time>
</trkpt>
<trkpt lat="53.364852872" lon="49.457702637">
  <ele>175.548996</ele>
  <time>2010-07-31T06:11:20Z</time>
</trkpt>
<trkpt lat="53.364883382" lon="49.457695009">
  <ele>175.345993</ele>
  <time>2010-07-31T06:11:21Z</time>
</trkpt>
<trkpt lat="53.364913976" lon="49.457695009">
  <ele>175.429001</ele>
  <time>2010-07-31T06:11:22Z</time>
</trkpt>
<trkpt lat="53.364940630" lon="49.457695009">
  <ele>175.289993</ele>
  <time>2010-07-31T06:11:23Z</time>
</trkpt>
<trkpt lat="53.364963513" lon="49.457691154">
  <ele>175.557007</ele>
  <time>2010-07-31T06:11:24Z</time>
</trkpt>
<trkpt lat="53.364990251" lon="49.457687382">
  <ele>175.485992</ele>
  <time>2010-07-31T06:11:25Z</time>
</trkpt>
<trkpt lat="53.365013134" lon="49.457683526">
  <ele>175.466003</ele>
  <time>2010-07-31T06:11:26Z</time>
</trkpt>
<trkpt lat="53.365036016" lon="49.457679754">
  <ele>175.595001</ele>
  <time>2010-07-31T06:11:27Z</time>
</trkpt>
<trkpt lat="53.365058899" lon="49.457675898">
  <ele>175.783997</ele>
  <time>2010-07-31T06:11:28Z</time>
</trkpt>
<trkpt lat="53.365085637" lon="49.457672127">
  <ele>175.753006</ele>
  <time>2010-07-31T06:11:29Z</time>
</trkpt>
<trkpt lat="53.365112292" lon="49.457672127">
  <ele>175.744003</ele>
  <time>2010-07-31T06:11:30Z</time>
</trkpt>
<trkpt lat="53.365135174" lon="49.457668271">
  <ele>175.369003</ele>
  <time>2010-07-31T06:11:31Z</time>
</trkpt>
<trkpt lat="53.365165684" lon="49.457668271">
  <ele>175.134003</ele>
  <time>2010-07-31T06:11:32Z</time>
</trkpt>
<trkpt lat="53.365200050" lon="49.457668271">
  <ele>174.938004</ele>
  <time>2010-07-31T06:11:33Z</time>
</trkpt>
<trkpt lat="53.365238188" lon="49.457664499">
  <ele>174.820007</ele>
  <time>2010-07-31T06:11:34Z</time>
</trkpt>
<trkpt lat="53.365291581" lon="49.457656872">
  <ele>174.718994</ele>
  <time>2010-07-31T06:11:35Z</time>
</trkpt>
<trkpt lat="53.365356456" lon="49.457649244">
  <ele>174.789993</ele>
  <time>2010-07-31T06:11:36Z</time>
</trkpt>
<trkpt lat="53.365428960" lon="49.457641616">
  <ele>174.888000</ele>
  <time>2010-07-31T06:11:37Z</time>
</trkpt>
<trkpt lat="53.365512863" lon="49.457630133">
  <ele>175.065994</ele>
  <time>2010-07-31T06:11:38Z</time>
</trkpt>
<trkpt lat="53.365596766" lon="49.457618734">
  <ele>174.867004</ele>
  <time>2010-07-31T06:11:39Z</time>
</trkpt>
<trkpt lat="53.365684524" lon="49.457614878">
  <ele>174.835999</ele>
  <time>2010-07-31T06:11:40Z</time>
</trkpt>
<trkpt lat="53.365776055" lon="49.457603479">
  <ele>174.638000</ele>
  <time>2010-07-31T06:11:41Z</time>
</trkpt>
<trkpt lat="53.365871441" lon="49.457591996">
  <ele>174.608994</ele>
  <time>2010-07-31T06:11:42Z</time>
</trkpt>
<trkpt lat="53.365966827" lon="49.457580596">
  <ele>174.733994</ele>
  <time>2010-07-31T06:11:43Z</time>
</trkpt>
<trkpt lat="53.366062129" lon="49.457569113">
  <ele>174.727005</ele>
  <time>2010-07-31T06:11:44Z</time>
</trkpt>
<trkpt lat="53.366165143" lon="49.457557714">
  <ele>174.639999</ele>
  <time>2010-07-31T06:11:45Z</time>
</trkpt>
<trkpt lat="53.366268156" lon="49.457542459">
  <ele>174.701004</ele>
  <time>2010-07-31T06:11:46Z</time>
</trkpt>
<trkpt lat="53.366378797" lon="49.457534831">
  <ele>174.707993</ele>
  <time>2010-07-31T06:11:47Z</time>
</trkpt>
<trkpt lat="53.366493210" lon="49.457519492">
  <ele>174.867996</ele>
  <time>2010-07-31T06:11:48Z</time>
</trkpt>
<trkpt lat="53.366607707" lon="49.457500465">
  <ele>175.106003</ele>
  <time>2010-07-31T06:11:49Z</time>
</trkpt>
<trkpt lat="53.366729748" lon="49.457485210">
  <ele>175.483002</ele>
  <time>2010-07-31T06:11:50Z</time>
</trkpt>
<trkpt lat="53.366851788" lon="49.457469955">
  <ele>175.932007</ele>
  <time>2010-07-31T06:11:51Z</time>
</trkpt>
<trkpt lat="53.366970057" lon="49.457458472">
  <ele>176.149994</ele>
  <time>2010-07-31T06:11:52Z</time>
</trkpt>
<trkpt lat="53.367095953" lon="49.457443217">
  <ele>176.503998</ele>
  <time>2010-07-31T06:11:53Z</time>
</trkpt>
<trkpt lat="53.367221849" lon="49.457431817">
  <ele>177.158997</ele>
  <time>2010-07-31T06:11:54Z</time>
</trkpt>
<trkpt lat="53.367351517" lon="49.457412707">
  <ele>177.735001</ele>
  <time>2010-07-31T06:11:55Z</time>
</trkpt>
<trkpt lat="53.367481269" lon="49.457397452">
  <ele>178.755997</ele>
  <time>2010-07-31T06:11:56Z</time>
</trkpt>
<trkpt lat="53.367607081" lon="49.457382197">
  <ele>179.673996</ele>
  <time>2010-07-31T06:11:57Z</time>
</trkpt>
<trkpt lat="53.367740605" lon="49.457366941">
  <ele>180.582993</ele>
  <time>2010-07-31T06:11:58Z</time>
</trkpt>
<trkpt lat="53.367874129" lon="49.457355458">
  <ele>181.565002</ele>
  <time>2010-07-31T06:11:59Z</time>
</trkpt>
<trkpt lat="53.368003881" lon="49.457340203">
  <ele>182.507004</ele>
  <time>2010-07-31T06:12:00Z</time>
</trkpt>
<trkpt lat="53.368137321" lon="49.457324948">
  <ele>183.134995</ele>
  <time>2010-07-31T06:12:01Z</time>
</trkpt>
<trkpt lat="53.368270844" lon="49.457309693">
  <ele>183.585999</ele>
  <time>2010-07-31T06:12:02Z</time>
</trkpt>
<trkpt lat="53.368408224" lon="49.457294438">
  <ele>184.106995</ele>
  <time>2010-07-31T06:12:03Z</time>
</trkpt>
<trkpt lat="53.368545519" lon="49.457283039">
  <ele>184.735992</ele>
  <time>2010-07-31T06:12:04Z</time>
</trkpt>
<trkpt lat="53.368682899" lon="49.457267784">
  <ele>185.496002</ele>
  <time>2010-07-31T06:12:05Z</time>
</trkpt>
<trkpt lat="53.368820194" lon="49.457248673">
  <ele>185.968994</ele>
  <time>2010-07-31T06:12:06Z</time>
</trkpt>
<trkpt lat="53.368961345" lon="49.457233418">
  <ele>186.503006</ele>
  <time>2010-07-31T06:12:07Z</time>
</trkpt>
<trkpt lat="53.369098641" lon="49.457218163">
  <ele>186.815994</ele>
  <time>2010-07-31T06:12:08Z</time>
</trkpt>
<trkpt lat="53.369243648" lon="49.457206763">
  <ele>187.384995</ele>
  <time>2010-07-31T06:12:09Z</time>
</trkpt>
<trkpt lat="53.369388571" lon="49.457187653">
  <ele>187.841003</ele>
  <time>2010-07-31T06:12:10Z</time>
</trkpt>
<trkpt lat="53.369533578" lon="49.457172398">
  <ele>188.712006</ele>
  <time>2010-07-31T06:12:11Z</time>
</trkpt>
<trkpt lat="53.369678501" lon="49.457153287">
  <ele>189.147003</ele>
  <time>2010-07-31T06:12:12Z</time>
</trkpt>
<trkpt lat="53.369823424" lon="49.457138032">
  <ele>189.496002</ele>
  <time>2010-07-31T06:12:13Z</time>
</trkpt>
<trkpt lat="53.369964575" lon="49.457126632">
  <ele>189.794006</ele>
  <time>2010-07-31T06:12:14Z</time>
</trkpt>
<trkpt lat="53.370109582" lon="49.457115149">
  <ele>190.244995</ele>
  <time>2010-07-31T06:12:15Z</time>
</trkpt>
<trkpt lat="53.370254505" lon="49.457099894">
  <ele>190.509003</ele>
  <time>2010-07-31T06:12:16Z</time>
</trkpt>
<trkpt lat="53.370403284" lon="49.457084639">
  <ele>190.695999</ele>
  <time>2010-07-31T06:12:17Z</time>
</trkpt>
<trkpt lat="53.370552063" lon="49.457065612">
  <ele>190.998993</ele>
  <time>2010-07-31T06:12:18Z</time>
</trkpt>
<trkpt lat="53.370704614" lon="49.457050357">
  <ele>191.098999</ele>
  <time>2010-07-31T06:12:19Z</time>
</trkpt>
<trkpt lat="53.370861020" lon="49.457031246">
  <ele>191.270004</ele>
  <time>2010-07-31T06:12:20Z</time>
</trkpt>
<trkpt lat="53.371021282" lon="49.457015991">
  <ele>191.824997</ele>
  <time>2010-07-31T06:12:21Z</time>
</trkpt>
<trkpt lat="53.371185316" lon="49.457000736">
  <ele>192.567993</ele>
  <time>2010-07-31T06:12:22Z</time>
</trkpt>
<trkpt lat="53.371349350" lon="49.456985481">
  <ele>193.427002</ele>
  <time>2010-07-31T06:12:23Z</time>
</trkpt>
<trkpt lat="53.371509528" lon="49.456962598">
  <ele>194.287994</ele>
  <time>2010-07-31T06:12:24Z</time>
</trkpt>
<trkpt lat="53.371673562" lon="49.456947343">
  <ele>195.011993</ele>
  <time>2010-07-31T06:12:25Z</time>
</trkpt>
<trkpt lat="53.371833824" lon="49.456932088">
  <ele>195.750000</ele>
  <time>2010-07-31T06:12:26Z</time>
</trkpt>
<trkpt lat="53.371994002" lon="49.456920605">
  <ele>196.602005</ele>
  <time>2010-07-31T06:12:27Z</time>
</trkpt>
<trkpt lat="53.372154264" lon="49.456905350">
  <ele>197.313004</ele>
  <time>2010-07-31T06:12:28Z</time>
</trkpt>
<trkpt lat="53.372314442" lon="49.456886323">
  <ele>197.858002</ele>
  <time>2010-07-31T06:12:29Z</time>
</trkpt>
<trkpt lat="53.372474704" lon="49.456867212">
  <ele>198.514008</ele>
  <time>2010-07-31T06:12:30Z</time>
</trkpt>
<trkpt lat="53.372634882" lon="49.456848186">
  <ele>198.953995</ele>
  <time>2010-07-31T06:12:31Z</time>
</trkpt>
<trkpt lat="53.372791288" lon="49.456836702">
  <ele>199.738007</ele>
  <time>2010-07-31T06:12:32Z</time>
</trkpt>
<trkpt lat="53.372947695" lon="49.456821447">
  <ele>200.263000</ele>
  <time>2010-07-31T06:12:33Z</time>
</trkpt>
<trkpt lat="53.373104101" lon="49.456806192">
  <ele>200.453003</ele>
  <time>2010-07-31T06:12:34Z</time>
</trkpt>
<trkpt lat="53.373256652" lon="49.456794709">
  <ele>200.660995</ele>
  <time>2010-07-31T06:12:35Z</time>
</trkpt>
<trkpt lat="53.373409286" lon="49.456779454">
  <ele>200.692993</ele>
  <time>2010-07-31T06:12:36Z</time>
</trkpt>
<trkpt lat="53.373561837" lon="49.456764199">
  <ele>200.837997</ele>
  <time>2010-07-31T06:12:37Z</time>
</trkpt>
<trkpt lat="53.373718243" lon="49.456748944">
  <ele>201.141006</ele>
  <time>2010-07-31T06:12:38Z</time>
</trkpt>
<trkpt lat="53.373874649" lon="49.456733689">
  <ele>201.276001</ele>
  <time>2010-07-31T06:12:39Z</time>
</trkpt>
<trkpt lat="53.374027284" lon="49.456722289">
  <ele>201.679001</ele>
  <time>2010-07-31T06:12:40Z</time>
</trkpt>
<trkpt lat="53.374179834" lon="49.456707034">
  <ele>201.744995</ele>
  <time>2010-07-31T06:12:41Z</time>
</trkpt>
<trkpt lat="53.374336241" lon="49.456691779">
  <ele>201.828995</ele>
  <time>2010-07-31T06:12:42Z</time>
</trkpt>
<trkpt lat="53.374488791" lon="49.456676524">
  <ele>202.022995</ele>
  <time>2010-07-31T06:12:43Z</time>
</trkpt>
<trkpt lat="53.374645198" lon="49.456661185">
  <ele>202.429001</ele>
  <time>2010-07-31T06:12:44Z</time>
</trkpt>
<trkpt lat="53.374805460" lon="49.456645930">
  <ele>202.350006</ele>
  <time>2010-07-31T06:12:45Z</time>
</trkpt>
<trkpt lat="53.374969494" lon="49.456630675">
  <ele>202.067001</ele>
  <time>2010-07-31T06:12:46Z</time>
</trkpt>
<trkpt lat="53.375133527" lon="49.456611648">
  <ele>202.283997</ele>
  <time>2010-07-31T06:12:47Z</time>
</trkpt>
<trkpt lat="53.375301333" lon="49.456596393">
  <ele>202.294998</ele>
  <time>2010-07-31T06:12:48Z</time>
</trkpt>
<trkpt lat="53.375472995" lon="49.456577282">
  <ele>202.393005</ele>
  <time>2010-07-31T06:12:49Z</time>
</trkpt>
<trkpt lat="53.375644656" lon="49.456562027">
  <ele>203.011002</ele>
  <time>2010-07-31T06:12:50Z</time>
</trkpt>
<trkpt lat="53.375816317" lon="49.456546772">
  <ele>203.272003</ele>
  <time>2010-07-31T06:12:51Z</time>
</trkpt>
<trkpt lat="53.375991834" lon="49.456523890">
  <ele>203.751007</ele>
  <time>2010-07-31T06:12:52Z</time>
</trkpt>
<trkpt lat="53.376171123" lon="49.456508635">
  <ele>204.268005</ele>
  <time>2010-07-31T06:12:53Z</time>
</trkpt>
<trkpt lat="53.376354184" lon="49.456489524">
  <ele>205.074997</ele>
  <time>2010-07-31T06:12:54Z</time>
</trkpt>
<trkpt lat="53.376537329" lon="49.456470497">
  <ele>205.789993</ele>
  <time>2010-07-31T06:12:55Z</time>
</trkpt>
<trkpt lat="53.376724245" lon="49.456455242">
  <ele>206.737000</ele>
  <time>2010-07-31T06:12:56Z</time>
</trkpt>
<trkpt lat="53.376911161" lon="49.456436131">
  <ele>207.533005</ele>
  <time>2010-07-31T06:12:57Z</time>
</trkpt>
<trkpt lat="53.377090450" lon="49.456417104">
  <ele>208.044006</ele>
  <time>2010-07-31T06:12:58Z</time>
</trkpt>
<trkpt lat="53.377265967" lon="49.456401849">
  <ele>208.839996</ele>
  <time>2010-07-31T06:12:59Z</time>
</trkpt>
<trkpt lat="53.377430001" lon="49.456382738">
  <ele>209.350006</ele>
  <time>2010-07-31T06:13:00Z</time>
</trkpt>
<trkpt lat="53.377594035" lon="49.456363712">
  <ele>209.718994</ele>
  <time>2010-07-31T06:13:01Z</time>
</trkpt>
<trkpt lat="53.377757985" lon="49.456344601">
  <ele>210.106003</ele>
  <time>2010-07-31T06:13:02Z</time>
</trkpt>
<trkpt lat="53.377918247" lon="49.456325490">
  <ele>210.395004</ele>
  <time>2010-07-31T06:13:03Z</time>
</trkpt>
<trkpt lat="53.378078425" lon="49.456310235">
  <ele>210.610992</ele>
  <time>2010-07-31T06:13:04Z</time>
</trkpt>
<trkpt lat="53.378238687" lon="49.456298836">
  <ele>210.867004</ele>
  <time>2010-07-31T06:13:05Z</time>
</trkpt>
<trkpt lat="53.378402721" lon="49.456287352">
  <ele>211.242004</ele>
  <time>2010-07-31T06:13:06Z</time>
</trkpt>
<trkpt lat="53.378566755" lon="49.456272097">
  <ele>211.854996</ele>
  <time>2010-07-31T06:13:07Z</time>
</trkpt>
<trkpt lat="53.378726933" lon="49.456256842">
  <ele>211.994995</ele>
  <time>2010-07-31T06:13:08Z</time>
</trkpt>
<trkpt lat="53.378887195" lon="49.456237815">
  <ele>212.334000</ele>
  <time>2010-07-31T06:13:09Z</time>
</trkpt>
<trkpt lat="53.379047373" lon="49.456214933">
  <ele>212.690994</ele>
  <time>2010-07-31T06:13:10Z</time>
</trkpt>
<trkpt lat="53.379200008" lon="49.456199678">
  <ele>212.934006</ele>
  <time>2010-07-31T06:13:11Z</time>
</trkpt>
<trkpt lat="53.379352558" lon="49.456184423">
  <ele>213.029007</ele>
  <time>2010-07-31T06:13:12Z</time>
</trkpt>
<trkpt lat="53.379497565" lon="49.456165312">
  <ele>213.388000</ele>
  <time>2010-07-31T06:13:13Z</time>
</trkpt>
<trkpt lat="53.379638633" lon="49.456150057">
  <ele>213.932999</ele>
  <time>2010-07-31T06:13:14Z</time>
</trkpt>
<trkpt lat="53.379779784" lon="49.456138574">
  <ele>214.507004</ele>
  <time>2010-07-31T06:13:15Z</time>
</trkpt>
<trkpt lat="53.379913308" lon="49.456127174">
  <ele>214.695007</ele>
  <time>2010-07-31T06:13:16Z</time>
</trkpt>
<trkpt lat="53.380046831" lon="49.456115691">
  <ele>214.964005</ele>
  <time>2010-07-31T06:13:17Z</time>
</trkpt>
<trkpt lat="53.380176583" lon="49.456104292">
  <ele>215.044006</ele>
  <time>2010-07-31T06:13:18Z</time>
</trkpt>
<trkpt lat="53.380306251" lon="49.456092808">
  <ele>215.378006</ele>
  <time>2010-07-31T06:13:19Z</time>
</trkpt>
<trkpt lat="53.380435919" lon="49.456073781">
  <ele>215.360001</ele>
  <time>2010-07-31T06:13:20Z</time>
</trkpt>
<trkpt lat="53.380573299" lon="49.456062298">
  <ele>215.746994</ele>
  <time>2010-07-31T06:13:21Z</time>
</trkpt>
<trkpt lat="53.380718222" lon="49.456050899">
  <ele>215.574997</ele>
  <time>2010-07-31T06:13:22Z</time>
</trkpt>
<trkpt lat="53.380863229" lon="49.456039416">
  <ele>215.695007</ele>
  <time>2010-07-31T06:13:23Z</time>
</trkpt>
<trkpt lat="53.381011924" lon="49.456024161">
  <ele>215.263000</ele>
  <time>2010-07-31T06:13:24Z</time>
</trkpt>
<trkpt lat="53.381168330" lon="49.456005134">
  <ele>215.315002</ele>
  <time>2010-07-31T06:13:25Z</time>
</trkpt>
<trkpt lat="53.381324736" lon="49.455986023">
  <ele>215.419998</ele>
  <time>2010-07-31T06:13:26Z</time>
</trkpt>
<trkpt lat="53.381484998" lon="49.455970768">
  <ele>215.639999</ele>
  <time>2010-07-31T06:13:27Z</time>
</trkpt>
<trkpt lat="53.381645177" lon="49.455955513">
  <ele>215.548004</ele>
  <time>2010-07-31T06:13:28Z</time>
</trkpt>
<trkpt lat="53.381801583" lon="49.455940258">
  <ele>215.580994</ele>
  <time>2010-07-31T06:13:29Z</time>
</trkpt>
<trkpt lat="53.381965617" lon="49.455925003">
  <ele>215.494003</ele>
  <time>2010-07-31T06:13:30Z</time>
</trkpt>
<trkpt lat="53.382129651" lon="49.455909748">
  <ele>215.442993</ele>
  <time>2010-07-31T06:13:31Z</time>
</trkpt>
<trkpt lat="53.382293684" lon="49.455890637">
  <ele>215.556000</ele>
  <time>2010-07-31T06:13:32Z</time>
</trkpt>
<trkpt lat="53.382457718" lon="49.455875382">
  <ele>215.386002</ele>
  <time>2010-07-31T06:13:33Z</time>
</trkpt>
<trkpt lat="53.382621752" lon="49.455860127">
  <ele>215.485001</ele>
  <time>2010-07-31T06:13:34Z</time>
</trkpt>
<trkpt lat="53.382785786" lon="49.455844872">
  <ele>215.576996</ele>
  <time>2010-07-31T06:13:35Z</time>
</trkpt>
<trkpt lat="53.382949820" lon="49.455825845">
  <ele>215.621994</ele>
  <time>2010-07-31T06:13:36Z</time>
</trkpt>
<trkpt lat="53.383110082" lon="49.455806734">
  <ele>215.727005</ele>
  <time>2010-07-31T06:13:37Z</time>
</trkpt>
<trkpt lat="53.383270260" lon="49.455795251">
  <ele>215.910995</ele>
  <time>2010-07-31T06:13:38Z</time>
</trkpt>
<trkpt lat="53.383426666" lon="49.455787623">
  <ele>216.100006</ele>
  <time>2010-07-31T06:13:39Z</time>
</trkpt>
<trkpt lat="53.383586844" lon="49.455779996">
  <ele>216.457993</ele>
  <time>2010-07-31T06:13:40Z</time>
</trkpt>
<trkpt lat="53.383743251" lon="49.455779996">
  <ele>216.828003</ele>
  <time>2010-07-31T06:13:41Z</time>
</trkpt>
<trkpt lat="53.383895885" lon="49.455772368">
  <ele>217.162003</ele>
  <time>2010-07-31T06:13:42Z</time>
</trkpt>
<trkpt lat="53.384048436" lon="49.455768596">
  <ele>217.509995</ele>
  <time>2010-07-31T06:13:43Z</time>
</trkpt>
<trkpt lat="53.384204842" lon="49.455764741">
  <ele>217.871994</ele>
  <time>2010-07-31T06:13:44Z</time>
</trkpt>
<trkpt lat="53.384353621" lon="49.455764741">
  <ele>218.350006</ele>
  <time>2010-07-31T06:13:45Z</time>
</trkpt>
<trkpt lat="53.384506255" lon="49.455764741">
  <ele>218.936005</ele>
  <time>2010-07-31T06:13:46Z</time>
</trkpt>
<trkpt lat="53.384655034" lon="49.455768596">
  <ele>219.074997</ele>
  <time>2010-07-31T06:13:47Z</time>
</trkpt>
<trkpt lat="53.384807585" lon="49.455779996">
  <ele>219.658005</ele>
  <time>2010-07-31T06:13:48Z</time>
</trkpt>
<trkpt lat="53.384956364" lon="49.455795251">
  <ele>219.776993</ele>
  <time>2010-07-31T06:13:49Z</time>
</trkpt>
<trkpt lat="53.385105142" lon="49.455810506">
  <ele>220.057999</ele>
  <time>2010-07-31T06:13:50Z</time>
</trkpt>
<trkpt lat="53.385250065" lon="49.455833472">
  <ele>219.863007</ele>
  <time>2010-07-31T06:13:51Z</time>
</trkpt>
<trkpt lat="53.385391217" lon="49.455852499">
  <ele>220.098999</ele>
  <time>2010-07-31T06:13:52Z</time>
</trkpt>
<trkpt lat="53.385532368" lon="49.455879238">
  <ele>220.104996</ele>
  <time>2010-07-31T06:13:53Z</time>
</trkpt>
<trkpt lat="53.385673519" lon="49.455909748">
  <ele>220.057999</ele>
  <time>2010-07-31T06:13:54Z</time>
</trkpt>
<trkpt lat="53.385807043" lon="49.455940258">
  <ele>219.828995</ele>
  <time>2010-07-31T06:13:55Z</time>
</trkpt>
<trkpt lat="53.385944339" lon="49.455978395">
  <ele>219.526001</ele>
  <time>2010-07-31T06:13:56Z</time>
</trkpt>
<trkpt lat="53.386081718" lon="49.456016533">
  <ele>219.625000</ele>
  <time>2010-07-31T06:13:57Z</time>
</trkpt>
<trkpt lat="53.386215242" lon="49.456058526">
  <ele>219.451004</ele>
  <time>2010-07-31T06:13:58Z</time>
</trkpt>
<trkpt lat="53.386348765" lon="49.456104292">
  <ele>219.386002</ele>
  <time>2010-07-31T06:13:59Z</time>
</trkpt>
<trkpt lat="53.386482205" lon="49.456157684">
  <ele>219.175995</ele>
  <time>2010-07-31T06:14:00Z</time>
</trkpt>
<trkpt lat="53.386615729" lon="49.456214933">
  <ele>219.141006</ele>
  <time>2010-07-31T06:14:01Z</time>
</trkpt>
<trkpt lat="53.386749253" lon="49.456268325">
  <ele>219.136002</ele>
  <time>2010-07-31T06:14:02Z</time>
</trkpt>
<trkpt lat="53.386886632" lon="49.456321718">
  <ele>218.942001</ele>
  <time>2010-07-31T06:14:03Z</time>
</trkpt>
<trkpt lat="53.387016300" lon="49.456375111">
  <ele>218.554993</ele>
  <time>2010-07-31T06:14:04Z</time>
</trkpt>
<trkpt lat="53.387149824" lon="49.456424732">
  <ele>218.339996</ele>
  <time>2010-07-31T06:14:05Z</time>
</trkpt>
<trkpt lat="53.387279492" lon="49.456478124">
  <ele>218.048004</ele>
  <time>2010-07-31T06:14:06Z</time>
</trkpt>
<trkpt lat="53.387405388" lon="49.456527745">
  <ele>217.345993</ele>
  <time>2010-07-31T06:14:07Z</time>
</trkpt>
<trkpt lat="53.387527429" lon="49.456577282">
  <ele>216.244003</ele>
  <time>2010-07-31T06:14:08Z</time>
</trkpt>
<trkpt lat="53.387645697" lon="49.456626903">
  <ele>215.735992</ele>
  <time>2010-07-31T06:14:09Z</time>
</trkpt>
<trkpt lat="53.387760194" lon="49.456680296">
  <ele>214.785004</ele>
  <time>2010-07-31T06:14:10Z</time>
</trkpt>
<trkpt lat="53.387870751" lon="49.456733689">
  <ele>213.819000</ele>
  <time>2010-07-31T06:14:11Z</time>
</trkpt>
<trkpt lat="53.387981392" lon="49.456783310">
  <ele>212.824005</ele>
  <time>2010-07-31T06:14:12Z</time>
</trkpt>
<trkpt lat="53.388092034" lon="49.456836702">
  <ele>211.886993</ele>
  <time>2010-07-31T06:14:13Z</time>
</trkpt>
<trkpt lat="53.388206447" lon="49.456890095">
  <ele>210.654007</ele>
  <time>2010-07-31T06:14:14Z</time>
</trkpt>
<trkpt lat="53.388328571" lon="49.456943488">
  <ele>209.761993</ele>
  <time>2010-07-31T06:14:15Z</time>
</trkpt>
<trkpt lat="53.388450611" lon="49.457000736">
  <ele>208.929001</ele>
  <time>2010-07-31T06:14:16Z</time>
</trkpt>
<trkpt lat="53.388576508" lon="49.457057985">
  <ele>207.617004</ele>
  <time>2010-07-31T06:14:17Z</time>
</trkpt>
<trkpt lat="53.388706176" lon="49.457119005">
  <ele>206.578995</ele>
  <time>2010-07-31T06:14:18Z</time>
</trkpt>
<trkpt lat="53.388824444" lon="49.457176169">
  <ele>205.731995</ele>
  <time>2010-07-31T06:14:19Z</time>
</trkpt>
<trkpt lat="53.388938941" lon="49.457233418">
  <ele>204.955994</ele>
  <time>2010-07-31T06:14:20Z</time>
</trkpt>
<trkpt lat="53.389053354" lon="49.457302066">
  <ele>204.192001</ele>
  <time>2010-07-31T06:14:21Z</time>
</trkpt>
<trkpt lat="53.389171623" lon="49.457382197">
  <ele>203.507004</ele>
  <time>2010-07-31T06:14:22Z</time>
</trkpt>
<trkpt lat="53.389286036" lon="49.457473727">
  <ele>202.544998</ele>
  <time>2010-07-31T06:14:23Z</time>
</trkpt>
<trkpt lat="53.389404304" lon="49.457576741">
  <ele>201.688995</ele>
  <time>2010-07-31T06:14:24Z</time>
</trkpt>
<trkpt lat="53.389514945" lon="49.457683526">
  <ele>200.639008</ele>
  <time>2010-07-31T06:14:25Z</time>
</trkpt>
<trkpt lat="53.389617959" lon="49.457786540">
  <ele>199.574997</ele>
  <time>2010-07-31T06:14:26Z</time>
</trkpt>
<trkpt lat="53.389713261" lon="49.457885781">
  <ele>198.347000</ele>
  <time>2010-07-31T06:14:27Z</time>
</trkpt>
<trkpt lat="53.389804875" lon="49.457988711">
  <ele>197.606995</ele>
  <time>2010-07-31T06:14:28Z</time>
</trkpt>
<trkpt lat="53.389896406" lon="49.458103208">
  <ele>196.679001</ele>
  <time>2010-07-31T06:14:29Z</time>
</trkpt>
<trkpt lat="53.389991792" lon="49.458225248">
  <ele>195.985992</ele>
  <time>2010-07-31T06:14:30Z</time>
</trkpt>
<trkpt lat="53.390087094" lon="49.458354916">
  <ele>194.656998</ele>
  <time>2010-07-31T06:14:31Z</time>
</trkpt>
<trkpt lat="53.390182480" lon="49.458492296">
  <ele>193.580994</ele>
  <time>2010-07-31T06:14:32Z</time>
</trkpt>
<trkpt lat="53.390274011" lon="49.458625820">
  <ele>192.856995</ele>
  <time>2010-07-31T06:14:33Z</time>
</trkpt>
<trkpt lat="53.390361769" lon="49.458763115">
  <ele>192.011002</ele>
  <time>2010-07-31T06:14:34Z</time>
</trkpt>
<trkpt lat="53.390441900" lon="49.458896639">
  <ele>190.772003</ele>
  <time>2010-07-31T06:14:35Z</time>
</trkpt>
<trkpt lat="53.390518175" lon="49.459033934">
  <ele>189.785004</ele>
  <time>2010-07-31T06:14:36Z</time>
</trkpt>
<trkpt lat="53.390598306" lon="49.459190341">
  <ele>188.440994</ele>
  <time>2010-07-31T06:14:37Z</time>
</trkpt>
<trkpt lat="53.390682209" lon="49.459350603">
  <ele>187.242996</ele>
  <time>2010-07-31T06:14:38Z</time>
</trkpt>
<trkpt lat="53.390766112" lon="49.459526036">
  <ele>185.884995</ele>
  <time>2010-07-31T06:14:39Z</time>
</trkpt>
<trkpt lat="53.390850099" lon="49.459709181">
  <ele>185.067001</ele>
  <time>2010-07-31T06:14:40Z</time>
</trkpt>
<trkpt lat="53.390941629" lon="49.459896097">
  <ele>184.369995</ele>
  <time>2010-07-31T06:14:41Z</time>
</trkpt>
<trkpt lat="53.391033160" lon="49.460086785">
  <ele>183.600998</ele>
  <time>2010-07-31T06:14:42Z</time>
</trkpt>
<trkpt lat="53.391128546" lon="49.460285185">
  <ele>182.686005</ele>
  <time>2010-07-31T06:14:43Z</time>
</trkpt>
<trkpt lat="53.391220076" lon="49.460487356">
  <ele>181.735992</ele>
  <time>2010-07-31T06:14:44Z</time>
</trkpt>
<trkpt lat="53.391311606" lon="49.460681900">
  <ele>179.960999</ele>
  <time>2010-07-31T06:14:45Z</time>
</trkpt>
<trkpt lat="53.391399365" lon="49.460865045">
  <ele>178.320007</ele>
  <time>2010-07-31T06:14:46Z</time>
</trkpt>
<trkpt lat="53.391483268" lon="49.461048106">
  <ele>177.048004</ele>
  <time>2010-07-31T06:14:47Z</time>
</trkpt>
<trkpt lat="53.391571026" lon="49.461219767">
  <ele>175.580002</ele>
  <time>2010-07-31T06:14:48Z</time>
</trkpt>
<trkpt lat="53.391666412" lon="49.461391428">
  <ele>174.218002</ele>
  <time>2010-07-31T06:14:49Z</time>
</trkpt>
<trkpt lat="53.391769426" lon="49.461551690">
  <ele>172.681000</ele>
  <time>2010-07-31T06:14:50Z</time>
</trkpt>
<trkpt lat="53.391880067" lon="49.461704241">
  <ele>171.205002</ele>
  <time>2010-07-31T06:14:51Z</time>
</trkpt>
<trkpt lat="53.391998252" lon="49.461853020">
  <ele>170.069000</ele>
  <time>2010-07-31T06:14:52Z</time>
</trkpt>
<trkpt lat="53.392120376" lon="49.461990315">
  <ele>168.720993</ele>
  <time>2010-07-31T06:14:53Z</time>
</trkpt>
<trkpt lat="53.392250044" lon="49.462127695">
  <ele>167.317001</ele>
  <time>2010-07-31T06:14:54Z</time>
</trkpt>
<trkpt lat="53.392383568" lon="49.462257363">
  <ele>165.975998</ele>
  <time>2010-07-31T06:14:55Z</time>
</trkpt>
<trkpt lat="53.392517092" lon="49.462398514">
  <ele>164.904007</ele>
  <time>2010-07-31T06:14:56Z</time>
</trkpt>
<trkpt lat="53.392650615" lon="49.462535894">
  <ele>164.039993</ele>
  <time>2010-07-31T06:14:57Z</time>
</trkpt>
<trkpt lat="53.392776512" lon="49.462665562">
  <ele>163.285004</ele>
  <time>2010-07-31T06:14:58Z</time>
</trkpt>
<trkpt lat="53.392898552" lon="49.462787602">
  <ele>162.598999</ele>
  <time>2010-07-31T06:14:59Z</time>
</trkpt>
<trkpt lat="53.393016821" lon="49.462917354">
  <ele>161.927002</ele>
  <time>2010-07-31T06:15:00Z</time>
</trkpt>
<trkpt lat="53.393142717" lon="49.463047022">
  <ele>161.350998</ele>
  <time>2010-07-31T06:15:01Z</time>
</trkpt>
<trkpt lat="53.393268613" lon="49.463180546">
  <ele>160.998993</ele>
  <time>2010-07-31T06:15:02Z</time>
</trkpt>
<trkpt lat="53.393394509" lon="49.463317841">
  <ele>160.707001</ele>
  <time>2010-07-31T06:15:03Z</time>
</trkpt>
<trkpt lat="53.393516550" lon="49.463455221">
  <ele>160.207001</ele>
  <time>2010-07-31T06:15:04Z</time>
</trkpt>
<trkpt lat="53.393638590" lon="49.463596372">
  <ele>159.992996</ele>
  <time>2010-07-31T06:15:05Z</time>
</trkpt>
<trkpt lat="53.393760715" lon="49.463737523">
  <ele>159.451996</ele>
  <time>2010-07-31T06:15:06Z</time>
</trkpt>
<trkpt lat="53.393882755" lon="49.463882446">
  <ele>159.369003</ele>
  <time>2010-07-31T06:15:07Z</time>
</trkpt>
<trkpt lat="53.394001024" lon="49.464027369">
  <ele>159.063995</ele>
  <time>2010-07-31T06:15:08Z</time>
</trkpt>
<trkpt lat="53.394123064" lon="49.464168521">
  <ele>158.669006</ele>
  <time>2010-07-31T06:15:09Z</time>
</trkpt>
<trkpt lat="53.394248961" lon="49.464305900">
  <ele>158.563004</ele>
  <time>2010-07-31T06:15:10Z</time>
</trkpt>
<trkpt lat="53.394374857" lon="49.464443196">
  <ele>158.423004</ele>
  <time>2010-07-31T06:15:11Z</time>
</trkpt>
<trkpt lat="53.394500753" lon="49.464576719">
  <ele>158.003998</ele>
  <time>2010-07-31T06:15:12Z</time>
</trkpt>
<trkpt lat="53.394626649" lon="49.464710243">
  <ele>157.804001</ele>
  <time>2010-07-31T06:15:13Z</time>
</trkpt>
<trkpt lat="53.394744834" lon="49.464839911">
  <ele>157.434998</ele>
  <time>2010-07-31T06:15:14Z</time>
</trkpt>
<trkpt lat="53.394866958" lon="49.464965807">
  <ele>157.653000</ele>
  <time>2010-07-31T06:15:15Z</time>
</trkpt>
<trkpt lat="53.394981371" lon="49.465087932">
  <ele>157.367996</ele>
  <time>2010-07-31T06:15:16Z</time>
</trkpt>
<trkpt lat="53.395095784" lon="49.465213744">
  <ele>156.789001</ele>
  <time>2010-07-31T06:15:17Z</time>
</trkpt>
<trkpt lat="53.395214053" lon="49.465343496">
  <ele>156.044998</ele>
  <time>2010-07-31T06:15:18Z</time>
</trkpt>
<trkpt lat="53.395336177" lon="49.465477020">
  <ele>155.682999</ele>
  <time>2010-07-31T06:15:19Z</time>
</trkpt>
<trkpt lat="53.395454446" lon="49.465614315">
  <ele>154.634003</ele>
  <time>2010-07-31T06:15:20Z</time>
</trkpt>
<trkpt lat="53.395572631" lon="49.465743983">
  <ele>153.574997</ele>
  <time>2010-07-31T06:15:21Z</time>
</trkpt>
<trkpt lat="53.395683272" lon="49.465869879">
  <ele>152.679993</ele>
  <time>2010-07-31T06:15:22Z</time>
</trkpt>
<trkpt lat="53.395797769" lon="49.465992004">
  <ele>151.951004</ele>
  <time>2010-07-31T06:15:23Z</time>
</trkpt>
<trkpt lat="53.395908326" lon="49.466114044">
  <ele>151.128006</ele>
  <time>2010-07-31T06:15:24Z</time>
</trkpt>
<trkpt lat="53.396018967" lon="49.466236085">
  <ele>149.880997</ele>
  <time>2010-07-31T06:15:25Z</time>
</trkpt>
<trkpt lat="53.396141091" lon="49.466350581">
  <ele>148.837006</ele>
  <time>2010-07-31T06:15:26Z</time>
</trkpt>
<trkpt lat="53.396266904" lon="49.466464994">
  <ele>147.841995</ele>
  <time>2010-07-31T06:15:27Z</time>
</trkpt>
<trkpt lat="53.396396656" lon="49.466583263">
  <ele>146.815994</ele>
  <time>2010-07-31T06:15:28Z</time>
</trkpt>
<trkpt lat="53.396526324" lon="49.466693904">
  <ele>145.651001</ele>
  <time>2010-07-31T06:15:29Z</time>
</trkpt>
<trkpt lat="53.396652220" lon="49.466796834">
  <ele>144.649994</ele>
  <time>2010-07-31T06:15:30Z</time>
</trkpt>
<trkpt lat="53.396781888" lon="49.466892220">
  <ele>143.621002</ele>
  <time>2010-07-31T06:15:31Z</time>
</trkpt>
<trkpt lat="53.396915412" lon="49.466983834">
  <ele>142.524002</ele>
  <time>2010-07-31T06:15:32Z</time>
</trkpt>
<trkpt lat="53.397056563" lon="49.467075365">
  <ele>141.388000</ele>
  <time>2010-07-31T06:15:33Z</time>
</trkpt>
<trkpt lat="53.397201570" lon="49.467163123">
  <ele>140.175003</ele>
  <time>2010-07-31T06:15:34Z</time>
</trkpt>
<trkpt lat="53.397346493" lon="49.467254654">
  <ele>138.822998</ele>
  <time>2010-07-31T06:15:35Z</time>
</trkpt>
<trkpt lat="53.397495272" lon="49.467342412">
  <ele>137.914993</ele>
  <time>2010-07-31T06:15:36Z</time>
</trkpt>
<trkpt lat="53.397640195" lon="49.467430087">
  <ele>136.990997</ele>
  <time>2010-07-31T06:15:37Z</time>
</trkpt>
<trkpt lat="53.397777574" lon="49.467510218">
  <ele>136.337006</ele>
  <time>2010-07-31T06:15:38Z</time>
</trkpt>
<trkpt lat="53.397914870" lon="49.467594121">
  <ele>135.007004</ele>
  <time>2010-07-31T06:15:39Z</time>
</trkpt>
<trkpt lat="53.398052249" lon="49.467681879">
  <ele>134.011993</ele>
  <time>2010-07-31T06:15:40Z</time>
</trkpt>
<trkpt lat="53.398197172" lon="49.467773410">
  <ele>133.423004</ele>
  <time>2010-07-31T06:15:41Z</time>
</trkpt>
<trkpt lat="53.398338323" lon="49.467868796">
  <ele>132.847000</ele>
  <time>2010-07-31T06:15:42Z</time>
</trkpt>
<trkpt lat="53.398475619" lon="49.467964182">
  <ele>132.707001</ele>
  <time>2010-07-31T06:15:43Z</time>
</trkpt>
<trkpt lat="53.398601515" lon="49.468059568">
  <ele>132.214005</ele>
  <time>2010-07-31T06:15:44Z</time>
</trkpt>
<trkpt lat="53.398719784" lon="49.468151098">
  <ele>131.522003</ele>
  <time>2010-07-31T06:15:45Z</time>
</trkpt>
<trkpt lat="53.398841824" lon="49.468250256">
  <ele>131.147003</ele>
  <time>2010-07-31T06:15:46Z</time>
</trkpt>
<trkpt lat="53.398963949" lon="49.468353270">
  <ele>130.785995</ele>
  <time>2010-07-31T06:15:47Z</time>
</trkpt>
<trkpt lat="53.399085989" lon="49.468463911">
  <ele>129.664001</ele>
  <time>2010-07-31T06:15:48Z</time>
</trkpt>
<trkpt lat="53.399211885" lon="49.468574552">
  <ele>128.791000</ele>
  <time>2010-07-31T06:15:49Z</time>
</trkpt>
<trkpt lat="53.399333926" lon="49.468685109">
  <ele>128.238998</ele>
  <time>2010-07-31T06:15:50Z</time>
</trkpt>
<trkpt lat="53.399459822" lon="49.468799606">
  <ele>127.088997</ele>
  <time>2010-07-31T06:15:51Z</time>
</trkpt>
<trkpt lat="53.399589574" lon="49.468914019">
  <ele>126.285004</ele>
  <time>2010-07-31T06:15:52Z</time>
</trkpt>
<trkpt lat="53.399719242" lon="49.469028432">
  <ele>125.300003</ele>
  <time>2010-07-31T06:15:53Z</time>
</trkpt>
<trkpt lat="53.399852766" lon="49.469146701">
  <ele>124.473999</ele>
  <time>2010-07-31T06:15:54Z</time>
</trkpt>
<trkpt lat="53.399986289" lon="49.469268825">
  <ele>123.527000</ele>
  <time>2010-07-31T06:15:55Z</time>
</trkpt>
<trkpt lat="53.400119813" lon="49.469387094">
  <ele>122.738998</ele>
  <time>2010-07-31T06:15:56Z</time>
</trkpt>
<trkpt lat="53.400241854" lon="49.469501507">
  <ele>121.822998</ele>
  <time>2010-07-31T06:15:57Z</time>
</trkpt>
<trkpt lat="53.400360122" lon="49.469608292">
  <ele>121.139999</ele>
  <time>2010-07-31T06:15:58Z</time>
</trkpt>
<trkpt lat="53.400474535" lon="49.469718933">
  <ele>120.223000</ele>
  <time>2010-07-31T06:15:59Z</time>
</trkpt>
<trkpt lat="53.400588948" lon="49.469829574">
  <ele>119.098000</ele>
  <time>2010-07-31T06:16:00Z</time>
</trkpt>
<trkpt lat="53.400707217" lon="49.469943987">
  <ele>117.967003</ele>
  <time>2010-07-31T06:16:01Z</time>
</trkpt>
<trkpt lat="53.400825486" lon="49.470058400">
  <ele>117.278999</ele>
  <time>2010-07-31T06:16:02Z</time>
</trkpt>
<trkpt lat="53.400947610" lon="49.470184296">
  <ele>116.482002</ele>
  <time>2010-07-31T06:16:03Z</time>
</trkpt>
<trkpt lat="53.401069650" lon="49.470310193">
  <ele>115.811996</ele>
  <time>2010-07-31T06:16:04Z</time>
</trkpt>
<trkpt lat="53.401191691" lon="49.470447572">
  <ele>114.856003</ele>
  <time>2010-07-31T06:16:05Z</time>
</trkpt>
<trkpt lat="53.401309960" lon="49.470588723">
  <ele>114.147003</ele>
  <time>2010-07-31T06:16:06Z</time>
</trkpt>
<trkpt lat="53.401435856" lon="49.470733646">
  <ele>113.349998</ele>
  <time>2010-07-31T06:16:07Z</time>
</trkpt>
<trkpt lat="53.401561752" lon="49.470886197">
  <ele>112.588997</ele>
  <time>2010-07-31T06:16:08Z</time>
</trkpt>
<trkpt lat="53.401680021" lon="49.471034976">
  <ele>111.415001</ele>
  <time>2010-07-31T06:16:09Z</time>
</trkpt>
<trkpt lat="53.401794434" lon="49.471183755">
  <ele>110.355003</ele>
  <time>2010-07-31T06:16:10Z</time>
</trkpt>
<trkpt lat="53.401905075" lon="49.471324906">
  <ele>109.377998</ele>
  <time>2010-07-31T06:16:11Z</time>
</trkpt>
<trkpt lat="53.402008088" lon="49.471462285">
  <ele>108.438004</ele>
  <time>2010-07-31T06:16:12Z</time>
</trkpt>
<trkpt lat="53.402111018" lon="49.471599581">
  <ele>107.431000</ele>
  <time>2010-07-31T06:16:13Z</time>
</trkpt>
<trkpt lat="53.402214032" lon="49.471740732">
  <ele>106.171997</ele>
  <time>2010-07-31T06:16:14Z</time>
</trkpt>
<trkpt lat="53.402320901" lon="49.471881883">
  <ele>105.152000</ele>
  <time>2010-07-31T06:16:15Z</time>
</trkpt>
<trkpt lat="53.402431458" lon="49.472026806">
  <ele>104.291000</ele>
  <time>2010-07-31T06:16:16Z</time>
</trkpt>
<trkpt lat="53.402538328" lon="49.472171813">
  <ele>103.938004</ele>
  <time>2010-07-31T06:16:17Z</time>
</trkpt>
<trkpt lat="53.402652740" lon="49.472320592">
  <ele>103.345001</ele>
  <time>2010-07-31T06:16:18Z</time>
</trkpt>
<trkpt lat="53.402767153" lon="49.472465515">
  <ele>102.291000</ele>
  <time>2010-07-31T06:16:19Z</time>
</trkpt>
<trkpt lat="53.402881650" lon="49.472614294">
  <ele>101.319000</ele>
  <time>2010-07-31T06:16:20Z</time>
</trkpt>
<trkpt lat="53.402996063" lon="49.472766845">
  <ele>100.348000</ele>
  <time>2010-07-31T06:16:21Z</time>
</trkpt>
<trkpt lat="53.403110476" lon="49.472915623">
  <ele>99.375999</ele>
  <time>2010-07-31T06:16:22Z</time>
</trkpt>
<trkpt lat="53.403228745" lon="49.473068258">
  <ele>98.519997</ele>
  <time>2010-07-31T06:16:23Z</time>
</trkpt>
<trkpt lat="53.403347014" lon="49.473220808">
  <ele>97.236000</ele>
  <time>2010-07-31T06:16:24Z</time>
</trkpt>
<trkpt lat="53.403461426" lon="49.473377215">
  <ele>96.203003</ele>
  <time>2010-07-31T06:16:25Z</time>
</trkpt>
<trkpt lat="53.403568296" lon="49.473525994">
  <ele>95.391998</ele>
  <time>2010-07-31T06:16:26Z</time>
</trkpt>
<trkpt lat="53.403678853" lon="49.473674772">
  <ele>94.888000</ele>
  <time>2010-07-31T06:16:27Z</time>
</trkpt>
<trkpt lat="53.403793350" lon="49.473823551">
  <ele>94.232002</ele>
  <time>2010-07-31T06:16:28Z</time>
</trkpt>
<trkpt lat="53.403903991" lon="49.473976102">
  <ele>93.454002</ele>
  <time>2010-07-31T06:16:29Z</time>
</trkpt>
<trkpt lat="53.404014548" lon="49.474132508">
  <ele>92.417000</ele>
  <time>2010-07-31T06:16:30Z</time>
</trkpt>
<trkpt lat="53.404132817" lon="49.474292770">
  <ele>91.626999</ele>
  <time>2010-07-31T06:16:31Z</time>
</trkpt>
<trkpt lat="53.404251086" lon="49.474460576">
  <ele>90.750000</ele>
  <time>2010-07-31T06:16:32Z</time>
</trkpt>
<trkpt lat="53.404376982" lon="49.474636093">
  <ele>89.908997</ele>
  <time>2010-07-31T06:16:33Z</time>
</trkpt>
<trkpt lat="53.404506650" lon="49.474807754">
  <ele>88.882004</ele>
  <time>2010-07-31T06:16:34Z</time>
</trkpt>
<trkpt lat="53.404640174" lon="49.474971788">
  <ele>88.257004</ele>
  <time>2010-07-31T06:16:35Z</time>
</trkpt>
<trkpt lat="53.404769925" lon="49.475112939">
  <ele>87.268997</ele>
  <time>2010-07-31T06:16:36Z</time>
</trkpt>
<trkpt lat="53.404907221" lon="49.475250235">
  <ele>86.223999</ele>
  <time>2010-07-31T06:16:37Z</time>
</trkpt>
<trkpt lat="53.405048372" lon="49.475379903">
  <ele>85.106003</ele>
  <time>2010-07-31T06:16:38Z</time>
</trkpt>
<trkpt lat="53.405193295" lon="49.475509655">
  <ele>84.231003</ele>
  <time>2010-07-31T06:16:39Z</time>
</trkpt>
<trkpt lat="53.405338302" lon="49.475631695">
  <ele>83.078003</ele>
  <time>2010-07-31T06:16:40Z</time>
</trkpt>
<trkpt lat="53.405483225" lon="49.475753820">
  <ele>82.245003</ele>
  <time>2010-07-31T06:16:41Z</time>
</trkpt>
<trkpt lat="53.405632004" lon="49.475872004">
  <ele>81.228996</ele>
  <time>2010-07-31T06:16:42Z</time>
</trkpt>
<trkpt lat="53.405777011" lon="49.475994129">
  <ele>80.388000</ele>
  <time>2010-07-31T06:16:43Z</time>
</trkpt>
<trkpt lat="53.405929562" lon="49.476116169">
  <ele>79.875000</ele>
  <time>2010-07-31T06:16:44Z</time>
</trkpt>
<trkpt lat="53.406078340" lon="49.476230582">
  <ele>79.017998</ele>
  <time>2010-07-31T06:16:45Z</time>
</trkpt>
<trkpt lat="53.406230891" lon="49.476352707">
  <ele>78.459000</ele>
  <time>2010-07-31T06:16:46Z</time>
</trkpt>
<trkpt lat="53.406379670" lon="49.476470975">
  <ele>78.091003</ele>
  <time>2010-07-31T06:16:47Z</time>
</trkpt>
<trkpt lat="53.406532304" lon="49.476596871">
  <ele>77.777000</ele>
  <time>2010-07-31T06:16:48Z</time>
</trkpt>
<trkpt lat="53.406681083" lon="49.476715056">
  <ele>77.295998</ele>
  <time>2010-07-31T06:16:49Z</time>
</trkpt>
<trkpt lat="53.406833634" lon="49.476837181">
  <ele>76.664001</ele>
  <time>2010-07-31T06:16:50Z</time>
</trkpt>
<trkpt lat="53.406982413" lon="49.476955449">
  <ele>75.930000</ele>
  <time>2010-07-31T06:16:51Z</time>
</trkpt>
<trkpt lat="53.407131191" lon="49.477069862">
  <ele>75.328003</ele>
  <time>2010-07-31T06:16:52Z</time>
</trkpt>
<trkpt lat="53.407276114" lon="49.477184275">
  <ele>74.871002</ele>
  <time>2010-07-31T06:16:53Z</time>
</trkpt>
<trkpt lat="53.407417266" lon="49.477294916">
  <ele>74.477997</ele>
  <time>2010-07-31T06:16:54Z</time>
</trkpt>
<trkpt lat="53.407558417" lon="49.477405557">
  <ele>73.786003</ele>
  <time>2010-07-31T06:16:55Z</time>
</trkpt>
<trkpt lat="53.407699568" lon="49.477516199">
  <ele>73.073997</ele>
  <time>2010-07-31T06:16:56Z</time>
</trkpt>
<trkpt lat="53.407836948" lon="49.477619212">
  <ele>72.134003</ele>
  <time>2010-07-31T06:16:57Z</time>
</trkpt>
<trkpt lat="53.407966616" lon="49.477718370">
  <ele>71.700996</ele>
  <time>2010-07-31T06:16:58Z</time>
</trkpt>
<trkpt lat="53.408092512" lon="49.477817528">
  <ele>71.217003</ele>
  <time>2010-07-31T06:16:59Z</time>
</trkpt>
<trkpt lat="53.408214552" lon="49.477912914">
  <ele>70.829002</ele>
  <time>2010-07-31T06:17:00Z</time>
</trkpt>
<trkpt lat="53.408325193" lon="49.478000673">
  <ele>70.432999</ele>
  <time>2010-07-31T06:17:01Z</time>
</trkpt>
<trkpt lat="53.408428207" lon="49.478080720">
  <ele>70.468002</ele>
  <time>2010-07-31T06:17:02Z</time>
</trkpt>
<trkpt lat="53.408531221" lon="49.478157079">
  <ele>70.632004</ele>
  <time>2010-07-31T06:17:03Z</time>
</trkpt>
<trkpt lat="53.408626523" lon="49.478233354">
  <ele>70.436996</ele>
  <time>2010-07-31T06:17:04Z</time>
</trkpt>
<trkpt lat="53.408721909" lon="49.478309629">
  <ele>69.995003</ele>
  <time>2010-07-31T06:17:05Z</time>
</trkpt>
<trkpt lat="53.408817295" lon="49.478385905">
  <ele>69.821999</ele>
  <time>2010-07-31T06:17:06Z</time>
</trkpt>
<trkpt lat="53.408916453" lon="49.478458408">
  <ele>69.786003</ele>
  <time>2010-07-31T06:17:07Z</time>
</trkpt>
<trkpt lat="53.409015695" lon="49.478527056">
  <ele>70.032997</ele>
  <time>2010-07-31T06:17:08Z</time>
</trkpt>
<trkpt lat="53.409103369" lon="49.478591932">
  <ele>69.966003</ele>
  <time>2010-07-31T06:17:09Z</time>
</trkpt>
<trkpt lat="53.409187356" lon="49.478660580">
  <ele>70.292000</ele>
  <time>2010-07-31T06:17:10Z</time>
</trkpt>
<trkpt lat="53.409275031" lon="49.478721600">
  <ele>70.168999</ele>
  <time>2010-07-31T06:17:11Z</time>
</trkpt>
<trkpt lat="53.409362789" lon="49.478778848">
  <ele>69.546997</ele>
  <time>2010-07-31T06:17:12Z</time>
</trkpt>
<trkpt lat="53.409450548" lon="49.478839869">
  <ele>69.289001</ele>
  <time>2010-07-31T06:17:13Z</time>
</trkpt>
<trkpt lat="53.409542078" lon="49.478908516">
  <ele>68.364998</ele>
  <time>2010-07-31T06:17:14Z</time>
</trkpt>
<trkpt lat="53.409645092" lon="49.478973392">
  <ele>67.930000</ele>
  <time>2010-07-31T06:17:15Z</time>
</trkpt>
<trkpt lat="53.409751877" lon="49.479042040">
  <ele>67.447998</ele>
  <time>2010-07-31T06:17:16Z</time>
</trkpt>
<trkpt lat="53.409866374" lon="49.479118316">
  <ele>67.242996</ele>
  <time>2010-07-31T06:17:17Z</time>
</trkpt>
<trkpt lat="53.409992186" lon="49.479198446">
  <ele>66.914001</ele>
  <time>2010-07-31T06:17:18Z</time>
</trkpt>
<trkpt lat="53.410129566" lon="49.479282349">
  <ele>67.244003</ele>
  <time>2010-07-31T06:17:19Z</time>
</trkpt>
<trkpt lat="53.410266861" lon="49.479370108">
  <ele>66.842003</ele>
  <time>2010-07-31T06:17:20Z</time>
</trkpt>
<trkpt lat="53.410411868" lon="49.479465494">
  <ele>66.630997</ele>
  <time>2010-07-31T06:17:21Z</time>
</trkpt>
<trkpt lat="53.410560647" lon="49.479564652">
  <ele>66.278000</ele>
  <time>2010-07-31T06:17:22Z</time>
</trkpt>
<trkpt lat="53.410716970" lon="49.479671437">
  <ele>66.261002</ele>
  <time>2010-07-31T06:17:23Z</time>
</trkpt>
<trkpt lat="53.410873376" lon="49.479785934">
  <ele>66.198997</ele>
  <time>2010-07-31T06:17:24Z</time>
</trkpt>
<trkpt lat="53.411033638" lon="49.479900347">
  <ele>65.866997</ele>
  <time>2010-07-31T06:17:25Z</time>
</trkpt>
<trkpt lat="53.411193816" lon="49.480014760">
  <ele>65.605003</ele>
  <time>2010-07-31T06:17:26Z</time>
</trkpt>
<trkpt lat="53.411354078" lon="49.480129257">
  <ele>65.324997</ele>
  <time>2010-07-31T06:17:27Z</time>
</trkpt>
<trkpt lat="53.411514256" lon="49.480243670">
  <ele>65.026001</ele>
  <time>2010-07-31T06:17:28Z</time>
</trkpt>
<trkpt lat="53.411670662" lon="49.480358083">
  <ele>64.617996</ele>
  <time>2010-07-31T06:17:29Z</time>
</trkpt>
<trkpt lat="53.411827069" lon="49.480464952">
  <ele>64.230003</ele>
  <time>2010-07-31T06:17:30Z</time>
</trkpt>
<trkpt lat="53.411979703" lon="49.480575593">
  <ele>63.757000</ele>
  <time>2010-07-31T06:17:31Z</time>
</trkpt>
<trkpt lat="53.412132254" lon="49.480686150">
  <ele>63.394001</ele>
  <time>2010-07-31T06:17:32Z</time>
</trkpt>
<trkpt lat="53.412281033" lon="49.480796792">
  <ele>63.285000</ele>
  <time>2010-07-31T06:17:33Z</time>
</trkpt>
<trkpt lat="53.412429811" lon="49.480899805">
  <ele>63.272999</ele>
  <time>2010-07-31T06:17:34Z</time>
</trkpt>
<trkpt lat="53.412582362" lon="49.480998963">
  <ele>63.443001</ele>
  <time>2010-07-31T06:17:35Z</time>
</trkpt>
<trkpt lat="53.412727369" lon="49.481086722">
  <ele>63.223999</ele>
  <time>2010-07-31T06:17:36Z</time>
</trkpt>
<trkpt lat="53.412868520" lon="49.481166853">
  <ele>62.973999</ele>
  <time>2010-07-31T06:17:37Z</time>
</trkpt>
<trkpt lat="53.413002044" lon="49.481246984">
  <ele>62.827999</ele>
  <time>2010-07-31T06:17:38Z</time>
</trkpt>
<trkpt lat="53.413131712" lon="49.481315631">
  <ele>62.587002</ele>
  <time>2010-07-31T06:17:39Z</time>
</trkpt>
<trkpt lat="53.413249981" lon="49.481384279">
  <ele>62.255001</ele>
  <time>2010-07-31T06:17:40Z</time>
</trkpt>
<trkpt lat="53.413368249" lon="49.481452927">
  <ele>62.035000</ele>
  <time>2010-07-31T06:17:41Z</time>
</trkpt>
<trkpt lat="53.413482662" lon="49.481521575">
  <ele>61.837002</ele>
  <time>2010-07-31T06:17:42Z</time>
</trkpt>
<trkpt lat="53.413600931" lon="49.481594078">
  <ele>61.820999</ele>
  <time>2010-07-31T06:17:43Z</time>
</trkpt>
<trkpt lat="53.413722971" lon="49.481674209">
  <ele>62.168999</ele>
  <time>2010-07-31T06:17:44Z</time>
</trkpt>
<trkpt lat="53.413845096" lon="49.481758112">
  <ele>62.150002</ele>
  <time>2010-07-31T06:17:45Z</time>
</trkpt>
<trkpt lat="53.413970908" lon="49.481842015">
  <ele>62.258999</ele>
  <time>2010-07-31T06:17:46Z</time>
</trkpt>
<trkpt lat="53.414093032" lon="49.481918374">
  <ele>62.292000</ele>
  <time>2010-07-31T06:17:47Z</time>
</trkpt>
<trkpt lat="53.414211301" lon="49.481990794">
  <ele>61.966000</ele>
  <time>2010-07-31T06:17:48Z</time>
</trkpt>
<trkpt lat="53.414329570" lon="49.482055670">
  <ele>62.101002</ele>
  <time>2010-07-31T06:17:49Z</time>
</trkpt>
<trkpt lat="53.414447755" lon="49.482112918">
  <ele>62.285999</ele>
  <time>2010-07-31T06:17:50Z</time>
</trkpt>
<trkpt lat="53.414569879" lon="49.482166311">
  <ele>62.651001</ele>
  <time>2010-07-31T06:17:51Z</time>
</trkpt>
<trkpt lat="53.414684292" lon="49.482215848">
  <ele>62.678001</ele>
  <time>2010-07-31T06:17:52Z</time>
</trkpt>
<trkpt lat="53.414798705" lon="49.482261697">
  <ele>62.699001</ele>
  <time>2010-07-31T06:17:53Z</time>
</trkpt>
<trkpt lat="53.414909346" lon="49.482299834">
  <ele>62.605999</ele>
  <time>2010-07-31T06:17:54Z</time>
</trkpt>
<trkpt lat="53.415019987" lon="49.482322717">
  <ele>62.862999</ele>
  <time>2010-07-31T06:17:55Z</time>
</trkpt>
<trkpt lat="53.415138256" lon="49.482322717">
  <ele>62.729000</ele>
  <time>2010-07-31T06:17:56Z</time>
</trkpt>
<trkpt lat="53.415260296" lon="49.482307462">
  <ele>62.460999</ele>
  <time>2010-07-31T06:17:57Z</time>
</trkpt>
<trkpt lat="53.415390048" lon="49.482299834">
  <ele>62.382000</ele>
  <time>2010-07-31T06:17:58Z</time>
</trkpt>
<trkpt lat="53.415523488" lon="49.482292207">
  <ele>62.415001</ele>
  <time>2010-07-31T06:17:59Z</time>
</trkpt>
<trkpt lat="53.415653240" lon="49.482288351">
  <ele>62.361000</ele>
  <time>2010-07-31T06:18:00Z</time>
</trkpt>
<trkpt lat="53.415779136" lon="49.482284579">
  <ele>62.251999</ele>
  <time>2010-07-31T06:18:01Z</time>
</trkpt>
<trkpt lat="53.415905032" lon="49.482280724">
  <ele>62.297001</ele>
  <time>2010-07-31T06:18:02Z</time>
</trkpt>
<trkpt lat="53.416023217" lon="49.482276952">
  <ele>62.396000</ele>
  <time>2010-07-31T06:18:03Z</time>
</trkpt>
<trkpt lat="53.416145341" lon="49.482269324">
  <ele>62.431999</ele>
  <time>2010-07-31T06:18:04Z</time>
</trkpt>
<trkpt lat="53.416271238" lon="49.482261697">
  <ele>62.546001</ele>
  <time>2010-07-31T06:18:05Z</time>
</trkpt>
<trkpt lat="53.416397134" lon="49.482250214">
  <ele>62.611000</ele>
  <time>2010-07-31T06:18:06Z</time>
</trkpt>
<trkpt lat="53.416522946" lon="49.482231103">
  <ele>62.765999</ele>
  <time>2010-07-31T06:18:07Z</time>
</trkpt>
<trkpt lat="53.416648842" lon="49.482208220">
  <ele>62.806000</ele>
  <time>2010-07-31T06:18:08Z</time>
</trkpt>
<trkpt lat="53.416778594" lon="49.482173938">
  <ele>62.870998</ele>
  <time>2010-07-31T06:18:09Z</time>
</trkpt>
<trkpt lat="53.416908262" lon="49.482135801">
  <ele>63.073002</ele>
  <time>2010-07-31T06:18:10Z</time>
</trkpt>
<trkpt lat="53.417037930" lon="49.482097663">
  <ele>63.187000</ele>
  <time>2010-07-31T06:18:11Z</time>
</trkpt>
<trkpt lat="53.417167682" lon="49.482055670">
  <ele>62.792000</ele>
  <time>2010-07-31T06:18:12Z</time>
</trkpt>
<trkpt lat="53.417301206" lon="49.482009904">
  <ele>62.915001</ele>
  <time>2010-07-31T06:18:13Z</time>
</trkpt>
<trkpt lat="53.417434730" lon="49.481964139">
  <ele>62.710999</ele>
  <time>2010-07-31T06:18:14Z</time>
</trkpt>
<trkpt lat="53.417568170" lon="49.481918374">
  <ele>62.799000</ele>
  <time>2010-07-31T06:18:15Z</time>
</trkpt>
<trkpt lat="53.417709321" lon="49.481872525">
  <ele>62.713001</ele>
  <time>2010-07-31T06:18:16Z</time>
</trkpt>
<trkpt lat="53.417846700" lon="49.481819132">
  <ele>62.680000</ele>
  <time>2010-07-31T06:18:17Z</time>
</trkpt>
<trkpt lat="53.417987851" lon="49.481765740">
  <ele>62.719002</ele>
  <time>2010-07-31T06:18:18Z</time>
</trkpt>
<trkpt lat="53.418129003" lon="49.481712347">
  <ele>62.587002</ele>
  <time>2010-07-31T06:18:19Z</time>
</trkpt>
<trkpt lat="53.418270070" lon="49.481655098">
  <ele>62.525002</ele>
  <time>2010-07-31T06:18:20Z</time>
</trkpt>
<trkpt lat="53.418415077" lon="49.481597934">
  <ele>62.474998</ele>
  <time>2010-07-31T06:18:21Z</time>
</trkpt>
<trkpt lat="53.418552373" lon="49.481540686">
  <ele>62.258999</ele>
  <time>2010-07-31T06:18:22Z</time>
</trkpt>
<trkpt lat="53.418682124" lon="49.481487293">
  <ele>62.292000</ele>
  <time>2010-07-31T06:18:23Z</time>
</trkpt>
<trkpt lat="53.418808021" lon="49.481433900">
  <ele>62.383999</ele>
  <time>2010-07-31T06:18:24Z</time>
</trkpt>
<trkpt lat="53.418922434" lon="49.481388051">
  <ele>62.598000</ele>
  <time>2010-07-31T06:18:25Z</time>
</trkpt>
<trkpt lat="53.419033075" lon="49.481346142">
  <ele>62.549000</ele>
  <time>2010-07-31T06:18:26Z</time>
</trkpt>
<trkpt lat="53.419139860" lon="49.481304148">
  <ele>62.483002</ele>
  <time>2010-07-31T06:18:27Z</time>
</trkpt>
<trkpt lat="53.419242874" lon="49.481266011">
  <ele>62.612999</ele>
  <time>2010-07-31T06:18:28Z</time>
</trkpt>
<trkpt lat="53.419353515" lon="49.481227873">
  <ele>62.768002</ele>
  <time>2010-07-31T06:18:29Z</time>
</trkpt>
<trkpt lat="53.419464072" lon="49.481189735">
  <ele>62.717999</ele>
  <time>2010-07-31T06:18:30Z</time>
</trkpt>
<trkpt lat="53.419574713" lon="49.481151598">
  <ele>62.654999</ele>
  <time>2010-07-31T06:18:31Z</time>
</trkpt>
<trkpt lat="53.419689210" lon="49.481113460">
  <ele>62.067001</ele>
  <time>2010-07-31T06:18:32Z</time>
</trkpt>
<trkpt lat="53.419807395" lon="49.481075322">
  <ele>61.863998</ele>
  <time>2010-07-31T06:18:33Z</time>
</trkpt>
<trkpt lat="53.419921892" lon="49.481044728">
  <ele>61.520000</ele>
  <time>2010-07-31T06:18:34Z</time>
</trkpt>
<trkpt lat="53.420043932" lon="49.481006591">
  <ele>61.598999</ele>
  <time>2010-07-31T06:18:35Z</time>
</trkpt>
<trkpt lat="53.420166057" lon="49.480972309">
  <ele>61.483002</ele>
  <time>2010-07-31T06:18:36Z</time>
</trkpt>
<trkpt lat="53.420288097" lon="49.480937943">
  <ele>61.492001</ele>
  <time>2010-07-31T06:18:37Z</time>
</trkpt>
<trkpt lat="53.420413993" lon="49.480899805">
  <ele>61.167999</ele>
  <time>2010-07-31T06:18:38Z</time>
</trkpt>
<trkpt lat="53.420547517" lon="49.480869295">
  <ele>61.139000</ele>
  <time>2010-07-31T06:18:39Z</time>
</trkpt>
<trkpt lat="53.420688668" lon="49.480846412">
  <ele>60.665001</ele>
  <time>2010-07-31T06:18:40Z</time>
</trkpt>
<trkpt lat="53.420829736" lon="49.480823530">
  <ele>60.713001</ele>
  <time>2010-07-31T06:18:41Z</time>
</trkpt>
<trkpt lat="53.420967115" lon="49.480800647">
  <ele>60.645000</ele>
  <time>2010-07-31T06:18:42Z</time>
</trkpt>
<trkpt lat="53.421108266" lon="49.480781537">
  <ele>60.701000</ele>
  <time>2010-07-31T06:18:43Z</time>
</trkpt>
<trkpt lat="53.421245562" lon="49.480762510">
  <ele>60.501999</ele>
  <time>2010-07-31T06:18:44Z</time>
</trkpt>
<trkpt lat="53.421379086" lon="49.480743399">
  <ele>60.466999</ele>
  <time>2010-07-31T06:18:45Z</time>
</trkpt>
<trkpt lat="53.421512609" lon="49.480728144">
  <ele>60.362000</ele>
  <time>2010-07-31T06:18:46Z</time>
</trkpt>
<trkpt lat="53.421646133" lon="49.480716744">
  <ele>60.091999</ele>
  <time>2010-07-31T06:18:47Z</time>
</trkpt>
<trkpt lat="53.421775801" lon="49.480709117">
  <ele>60.200001</ele>
  <time>2010-07-31T06:18:48Z</time>
</trkpt>
<trkpt lat="53.421909325" lon="49.480705261">
  <ele>60.525002</ele>
  <time>2010-07-31T06:18:49Z</time>
</trkpt>
<trkpt lat="53.422035221" lon="49.480697634">
  <ele>60.257999</ele>
  <time>2010-07-31T06:18:50Z</time>
</trkpt>
<trkpt lat="53.422164889" lon="49.480686150">
  <ele>59.873001</ele>
  <time>2010-07-31T06:18:51Z</time>
</trkpt>
<trkpt lat="53.422290785" lon="49.480678523">
  <ele>59.707001</ele>
  <time>2010-07-31T06:18:52Z</time>
</trkpt>
<trkpt lat="53.422416681" lon="49.480667124">
  <ele>59.141998</ele>
  <time>2010-07-31T06:18:53Z</time>
</trkpt>
<trkpt lat="53.422546349" lon="49.480655640">
  <ele>58.480000</ele>
  <time>2010-07-31T06:18:54Z</time>
</trkpt>
<trkpt lat="53.422676101" lon="49.480648013">
  <ele>57.591999</ele>
  <time>2010-07-31T06:18:55Z</time>
</trkpt>
<trkpt lat="53.422805769" lon="49.480636613">
  <ele>56.734001</ele>
  <time>2010-07-31T06:18:56Z</time>
</trkpt>
<trkpt lat="53.422935521" lon="49.480628986">
  <ele>55.688000</ele>
  <time>2010-07-31T06:18:57Z</time>
</trkpt>
<trkpt lat="53.423072817" lon="49.480621358">
  <ele>54.867001</ele>
  <time>2010-07-31T06:18:58Z</time>
</trkpt>
<trkpt lat="53.423210112" lon="49.480609875">
  <ele>54.141998</ele>
  <time>2010-07-31T06:18:59Z</time>
</trkpt>
<trkpt lat="53.423343636" lon="49.480602248">
  <ele>53.585999</ele>
  <time>2010-07-31T06:19:00Z</time>
</trkpt>
<trkpt lat="53.423484787" lon="49.480594620">
  <ele>52.981998</ele>
  <time>2010-07-31T06:19:01Z</time>
</trkpt>
<trkpt lat="53.423633566" lon="49.480583221">
  <ele>52.692001</ele>
  <time>2010-07-31T06:19:02Z</time>
</trkpt>
<trkpt lat="53.423778573" lon="49.480575593">
  <ele>52.471001</ele>
  <time>2010-07-31T06:19:03Z</time>
</trkpt>
<trkpt lat="53.423923496" lon="49.480571738">
  <ele>52.330002</ele>
  <time>2010-07-31T06:19:04Z</time>
</trkpt>
<trkpt lat="53.424068419" lon="49.480560338">
  <ele>52.313000</ele>
  <time>2010-07-31T06:19:05Z</time>
</trkpt>
<trkpt lat="53.424213426" lon="49.480548855">
  <ele>51.951000</ele>
  <time>2010-07-31T06:19:06Z</time>
</trkpt>
<trkpt lat="53.424358349" lon="49.480541227">
  <ele>52.215000</ele>
  <time>2010-07-31T06:19:07Z</time>
</trkpt>
<trkpt lat="53.424503356" lon="49.480529744">
  <ele>52.021999</ele>
  <time>2010-07-31T06:19:08Z</time>
</trkpt>
<trkpt lat="53.424648279" lon="49.480518345">
  <ele>51.889000</ele>
  <time>2010-07-31T06:19:09Z</time>
</trkpt>
<trkpt lat="53.424800914" lon="49.480506862">
  <ele>51.923000</ele>
  <time>2010-07-31T06:19:10Z</time>
</trkpt>
<trkpt lat="53.424953464" lon="49.480495462">
  <ele>51.819000</ele>
  <time>2010-07-31T06:19:11Z</time>
</trkpt>
<trkpt lat="53.425106015" lon="49.480487835">
  <ele>52.126999</ele>
  <time>2010-07-31T06:19:12Z</time>
</trkpt>
<trkpt lat="53.425258650" lon="49.480476351">
  <ele>52.192001</ele>
  <time>2010-07-31T06:19:13Z</time>
</trkpt>
<trkpt lat="53.425415056" lon="49.480464952">
  <ele>52.094002</ele>
  <time>2010-07-31T06:19:14Z</time>
</trkpt>
<trkpt lat="53.425563835" lon="49.480453469">
  <ele>52.130001</ele>
  <time>2010-07-31T06:19:15Z</time>
</trkpt>
<trkpt lat="53.425720241" lon="49.480445841">
  <ele>52.196999</ele>
  <time>2010-07-31T06:19:16Z</time>
</trkpt>
<trkpt lat="53.425872792" lon="49.480434442">
  <ele>52.340000</ele>
  <time>2010-07-31T06:19:17Z</time>
</trkpt>
<trkpt lat="53.426029198" lon="49.480422959">
  <ele>52.201000</ele>
  <time>2010-07-31T06:19:18Z</time>
</trkpt>
<trkpt lat="53.426189460" lon="49.480411559">
  <ele>52.353001</ele>
  <time>2010-07-31T06:19:19Z</time>
</trkpt>
<trkpt lat="53.426345866" lon="49.480396304">
  <ele>52.625000</ele>
  <time>2010-07-31T06:19:20Z</time>
</trkpt>
<trkpt lat="53.426498417" lon="49.480384821">
  <ele>52.804001</ele>
  <time>2010-07-31T06:19:21Z</time>
</trkpt>
<trkpt lat="53.426654823" lon="49.480373422">
  <ele>52.916000</ele>
  <time>2010-07-31T06:19:22Z</time>
</trkpt>
<trkpt lat="53.426807374" lon="49.480361938">
  <ele>52.987000</ele>
  <time>2010-07-31T06:19:23Z</time>
</trkpt>
<trkpt lat="53.426960008" lon="49.480350455">
  <ele>53.146999</ele>
  <time>2010-07-31T06:19:24Z</time>
</trkpt>
<trkpt lat="53.427108787" lon="49.480339056">
  <ele>53.367001</ele>
  <time>2010-07-31T06:19:25Z</time>
</trkpt>
<trkpt lat="53.427257566" lon="49.480327573">
  <ele>53.692001</ele>
  <time>2010-07-31T06:19:26Z</time>
</trkpt>
<trkpt lat="53.427402489" lon="49.480319945">
  <ele>53.641998</ele>
  <time>2010-07-31T06:19:27Z</time>
</trkpt>
<trkpt lat="53.427543640" lon="49.480312318">
  <ele>53.397999</ele>
  <time>2010-07-31T06:19:28Z</time>
</trkpt>
<trkpt lat="53.427688563" lon="49.480308546">
  <ele>53.680000</ele>
  <time>2010-07-31T06:19:29Z</time>
</trkpt>
<trkpt lat="53.427833570" lon="49.480300918">
  <ele>53.605000</ele>
  <time>2010-07-31T06:19:30Z</time>
</trkpt>
<trkpt lat="53.427974721" lon="49.480293291">
  <ele>53.630001</ele>
  <time>2010-07-31T06:19:31Z</time>
</trkpt>
<trkpt lat="53.428123500" lon="49.480281807">
  <ele>53.695000</ele>
  <time>2010-07-31T06:19:32Z</time>
</trkpt>
<trkpt lat="53.428272279" lon="49.480274180">
  <ele>53.696999</ele>
  <time>2010-07-31T06:19:33Z</time>
</trkpt>
<trkpt lat="53.428421058" lon="49.480266552">
  <ele>53.819000</ele>
  <time>2010-07-31T06:19:34Z</time>
</trkpt>
<trkpt lat="53.428569753" lon="49.480255153">
  <ele>53.943001</ele>
  <time>2010-07-31T06:19:35Z</time>
</trkpt>
<trkpt lat="53.428718532" lon="49.480239898">
  <ele>53.934002</ele>
  <time>2010-07-31T06:19:36Z</time>
</trkpt>
<trkpt lat="53.428871166" lon="49.480228415">
  <ele>53.997002</ele>
  <time>2010-07-31T06:19:37Z</time>
</trkpt>
<trkpt lat="53.429023717" lon="49.480217015">
  <ele>54.155998</ele>
  <time>2010-07-31T06:19:38Z</time>
</trkpt>
<trkpt lat="53.429180123" lon="49.480205532">
  <ele>53.993999</ele>
  <time>2010-07-31T06:19:39Z</time>
</trkpt>
<trkpt lat="53.429344157" lon="49.480197905">
  <ele>54.143002</ele>
  <time>2010-07-31T06:19:40Z</time>
</trkpt>
<trkpt lat="53.429504419" lon="49.480186421">
  <ele>54.544998</ele>
  <time>2010-07-31T06:19:41Z</time>
</trkpt>
<trkpt lat="53.429668453" lon="49.480171166">
  <ele>55.160000</ele>
  <time>2010-07-31T06:19:42Z</time>
</trkpt>
<trkpt lat="53.429836258" lon="49.480155911">
  <ele>55.417999</ele>
  <time>2010-07-31T06:19:43Z</time>
</trkpt>
<trkpt lat="53.430007920" lon="49.480140656">
  <ele>55.886002</ele>
  <time>2010-07-31T06:19:44Z</time>
</trkpt>
<trkpt lat="53.430183437" lon="49.480121629">
  <ele>56.210999</ele>
  <time>2010-07-31T06:19:45Z</time>
</trkpt>
<trkpt lat="53.430351242" lon="49.480102519">
  <ele>56.297001</ele>
  <time>2010-07-31T06:19:46Z</time>
</trkpt>
<trkpt lat="53.430519132" lon="49.480083492">
  <ele>56.876999</ele>
  <time>2010-07-31T06:19:47Z</time>
</trkpt>
<trkpt lat="53.430686938" lon="49.480060609">
  <ele>57.431000</ele>
  <time>2010-07-31T06:19:48Z</time>
</trkpt>
<trkpt lat="53.430850971" lon="49.480037726">
  <ele>58.191002</ele>
  <time>2010-07-31T06:19:49Z</time>
</trkpt>
<trkpt lat="53.431015005" lon="49.480018616">
  <ele>59.109001</ele>
  <time>2010-07-31T06:19:50Z</time>
</trkpt>
<trkpt lat="53.431179039" lon="49.479995733">
  <ele>60.176998</ele>
  <time>2010-07-31T06:19:51Z</time>
</trkpt>
<trkpt lat="53.431346929" lon="49.479968995">
  <ele>61.176998</ele>
  <time>2010-07-31T06:19:52Z</time>
</trkpt>
<trkpt lat="53.431510963" lon="49.479946112">
  <ele>62.265999</ele>
  <time>2010-07-31T06:19:53Z</time>
</trkpt>
<trkpt lat="53.431678768" lon="49.479923230">
  <ele>63.236000</ele>
  <time>2010-07-31T06:19:54Z</time>
</trkpt>
<trkpt lat="53.431846658" lon="49.479896575">
  <ele>64.334000</ele>
  <time>2010-07-31T06:19:55Z</time>
</trkpt>
<trkpt lat="53.432010692" lon="49.479877464">
  <ele>65.223999</ele>
  <time>2010-07-31T06:19:56Z</time>
</trkpt>
<trkpt lat="53.432170870" lon="49.479854582">
  <ele>66.160004</ele>
  <time>2010-07-31T06:19:57Z</time>
</trkpt>
<trkpt lat="53.432331048" lon="49.479831699">
  <ele>67.140999</ele>
  <time>2010-07-31T06:19:58Z</time>
</trkpt>
<trkpt lat="53.432483682" lon="49.479812589">
  <ele>67.739998</ele>
  <time>2010-07-31T06:19:59Z</time>
</trkpt>
<trkpt lat="53.432640089" lon="49.479789706">
  <ele>68.555000</ele>
  <time>2010-07-31T06:20:00Z</time>
</trkpt>
<trkpt lat="53.432788868" lon="49.479770679">
  <ele>69.230003</ele>
  <time>2010-07-31T06:20:01Z</time>
</trkpt>
<trkpt lat="53.432933791" lon="49.479759196">
  <ele>69.846001</ele>
  <time>2010-07-31T06:20:02Z</time>
</trkpt>
<trkpt lat="53.433078798" lon="49.479747796">
  <ele>70.029999</ele>
  <time>2010-07-31T06:20:03Z</time>
</trkpt>
<trkpt lat="53.433219949" lon="49.479732541">
  <ele>70.125999</ele>
  <time>2010-07-31T06:20:04Z</time>
</trkpt>
<trkpt lat="53.433364872" lon="49.479721058">
  <ele>70.221001</ele>
  <time>2010-07-31T06:20:05Z</time>
</trkpt>
<trkpt lat="53.433517423" lon="49.479705803">
  <ele>70.286003</ele>
  <time>2010-07-31T06:20:06Z</time>
</trkpt>
<trkpt lat="53.433670057" lon="49.479694404">
  <ele>70.722000</ele>
  <time>2010-07-31T06:20:07Z</time>
</trkpt>
<trkpt lat="53.433826463" lon="49.479682921">
  <ele>71.013000</ele>
  <time>2010-07-31T06:20:08Z</time>
</trkpt>
<trkpt lat="53.433990497" lon="49.479671437">
  <ele>71.425003</ele>
  <time>2010-07-31T06:20:09Z</time>
</trkpt>
<trkpt lat="53.434154531" lon="49.479660038">
  <ele>71.443001</ele>
  <time>2010-07-31T06:20:10Z</time>
</trkpt>
<trkpt lat="53.434318565" lon="49.479652410">
  <ele>71.342003</ele>
  <time>2010-07-31T06:20:11Z</time>
</trkpt>
<trkpt lat="53.434486371" lon="49.479644783">
  <ele>71.545998</ele>
  <time>2010-07-31T06:20:12Z</time>
</trkpt>
<trkpt lat="53.434650404" lon="49.479633300">
  <ele>71.680000</ele>
  <time>2010-07-31T06:20:13Z</time>
</trkpt>
<trkpt lat="53.434822066" lon="49.479621900">
  <ele>71.727997</ele>
  <time>2010-07-31T06:20:14Z</time>
</trkpt>
<trkpt lat="53.434989955" lon="49.479610417">
  <ele>71.355003</ele>
  <time>2010-07-31T06:20:15Z</time>
</trkpt>
<trkpt lat="53.435161617" lon="49.479599018">
  <ele>71.112999</ele>
  <time>2010-07-31T06:20:16Z</time>
</trkpt>
<trkpt lat="53.435337050" lon="49.479583763">
  <ele>71.310997</ele>
  <time>2010-07-31T06:20:17Z</time>
</trkpt>
<trkpt lat="53.435516339" lon="49.479568508">
  <ele>71.299004</ele>
  <time>2010-07-31T06:20:18Z</time>
</trkpt>
<trkpt lat="53.435691856" lon="49.479560880">
  <ele>71.195000</ele>
  <time>2010-07-31T06:20:19Z</time>
</trkpt>
<trkpt lat="53.435867289" lon="49.479549397">
  <ele>71.514999</ele>
  <time>2010-07-31T06:20:20Z</time>
</trkpt>
<trkpt lat="53.436042806" lon="49.479537997">
  <ele>71.656998</ele>
  <time>2010-07-31T06:20:21Z</time>
</trkpt>
<trkpt lat="53.436222095" lon="49.479526514">
  <ele>71.841003</ele>
  <time>2010-07-31T06:20:22Z</time>
</trkpt>
<trkpt lat="53.436397528" lon="49.479511259">
  <ele>72.041000</ele>
  <time>2010-07-31T06:20:23Z</time>
</trkpt>
<trkpt lat="53.436576817" lon="49.479499776">
  <ele>72.366997</ele>
  <time>2010-07-31T06:20:24Z</time>
</trkpt>
<trkpt lat="53.436752334" lon="49.479488377">
  <ele>72.441002</ele>
  <time>2010-07-31T06:20:25Z</time>
</trkpt>
<trkpt lat="53.436927767" lon="49.479476893">
  <ele>72.404999</ele>
  <time>2010-07-31T06:20:26Z</time>
</trkpt>
<trkpt lat="53.437103285" lon="49.479465494">
  <ele>72.694000</ele>
  <time>2010-07-31T06:20:27Z</time>
</trkpt>
<trkpt lat="53.437274946" lon="49.479450239">
  <ele>72.606003</ele>
  <time>2010-07-31T06:20:28Z</time>
</trkpt>
<trkpt lat="53.437450379" lon="49.479434984">
  <ele>72.670998</ele>
  <time>2010-07-31T06:20:29Z</time>
</trkpt>
<trkpt lat="53.437618269" lon="49.479423501">
  <ele>72.633003</ele>
  <time>2010-07-31T06:20:30Z</time>
</trkpt>
<trkpt lat="53.437786074" lon="49.479419729">
  <ele>72.710999</ele>
  <time>2010-07-31T06:20:31Z</time>
</trkpt>
<trkpt lat="53.437946336" lon="49.479423501">
  <ele>72.405998</ele>
  <time>2010-07-31T06:20:32Z</time>
</trkpt>
<trkpt lat="53.438106515" lon="49.479431128">
  <ele>72.329002</ele>
  <time>2010-07-31T06:20:33Z</time>
</trkpt>
<trkpt lat="53.438262921" lon="49.479450239">
  <ele>71.943001</ele>
  <time>2010-07-31T06:20:34Z</time>
</trkpt>
<trkpt lat="53.438415555" lon="49.479476893">
  <ele>71.977997</ele>
  <time>2010-07-31T06:20:35Z</time>
</trkpt>
<trkpt lat="53.438564334" lon="49.479507487">
  <ele>71.580002</ele>
  <time>2010-07-31T06:20:36Z</time>
</trkpt>
<trkpt lat="53.438713113" lon="49.479545625">
  <ele>71.387001</ele>
  <time>2010-07-31T06:20:37Z</time>
</trkpt>
<trkpt lat="53.438858036" lon="49.479591390">
  <ele>70.973999</ele>
  <time>2010-07-31T06:20:38Z</time>
</trkpt>
<trkpt lat="53.438999187" lon="49.479640927">
  <ele>70.783997</ele>
  <time>2010-07-31T06:20:39Z</time>
</trkpt>
<trkpt lat="53.439144110" lon="49.479702031">
  <ele>70.586998</ele>
  <time>2010-07-31T06:20:40Z</time>
</trkpt>
<trkpt lat="53.439285262" lon="49.479770679">
  <ele>70.741997</ele>
  <time>2010-07-31T06:20:41Z</time>
</trkpt>
<trkpt lat="53.439426413" lon="49.479846954">
  <ele>70.467003</ele>
  <time>2010-07-31T06:20:42Z</time>
</trkpt>
<trkpt lat="53.439563792" lon="49.479930857">
  <ele>70.188004</ele>
  <time>2010-07-31T06:20:43Z</time>
</trkpt>
<trkpt lat="53.439701088" lon="49.480022471">
  <ele>70.057999</ele>
  <time>2010-07-31T06:20:44Z</time>
</trkpt>
<trkpt lat="53.439838383" lon="49.480121629">
  <ele>70.106003</ele>
  <time>2010-07-31T06:20:45Z</time>
</trkpt>
<trkpt lat="53.439971907" lon="49.480224643">
  <ele>70.171997</ele>
  <time>2010-07-31T06:20:46Z</time>
</trkpt>
<trkpt lat="53.440101659" lon="49.480335200">
  <ele>70.032997</ele>
  <time>2010-07-31T06:20:47Z</time>
</trkpt>
<trkpt lat="53.440227471" lon="49.480445841">
  <ele>69.945000</ele>
  <time>2010-07-31T06:20:48Z</time>
</trkpt>
<trkpt lat="53.440349596" lon="49.480560338">
  <ele>69.848000</ele>
  <time>2010-07-31T06:20:49Z</time>
</trkpt>
<trkpt lat="53.440471636" lon="49.480674751">
  <ele>69.558998</ele>
  <time>2010-07-31T06:20:50Z</time>
</trkpt>
<trkpt lat="53.440593760" lon="49.480793020">
  <ele>69.666000</ele>
  <time>2010-07-31T06:20:51Z</time>
</trkpt>
<trkpt lat="53.440715801" lon="49.480915060">
  <ele>69.457001</ele>
  <time>2010-07-31T06:20:52Z</time>
</trkpt>
<trkpt lat="53.440845469" lon="49.481048584">
  <ele>69.555000</ele>
  <time>2010-07-31T06:20:53Z</time>
</trkpt>
<trkpt lat="53.440982848" lon="49.481178252">
  <ele>69.478996</ele>
  <time>2010-07-31T06:20:54Z</time>
</trkpt>
<trkpt lat="53.441120144" lon="49.481315631">
  <ele>69.462997</ele>
  <time>2010-07-31T06:20:55Z</time>
</trkpt>
<trkpt lat="53.441261295" lon="49.481449155">
  <ele>69.417999</ele>
  <time>2010-07-31T06:20:56Z</time>
</trkpt>
<trkpt lat="53.441398591" lon="49.481586451">
  <ele>69.620003</ele>
  <time>2010-07-31T06:20:57Z</time>
</trkpt>
<trkpt lat="53.441535970" lon="49.481719974">
  <ele>69.614998</ele>
  <time>2010-07-31T06:20:58Z</time>
</trkpt>
<trkpt lat="53.441665638" lon="49.481857270">
  <ele>69.744003</ele>
  <time>2010-07-31T06:20:59Z</time>
</trkpt>
<trkpt lat="53.441799162" lon="49.481994649">
  <ele>69.713997</ele>
  <time>2010-07-31T06:21:00Z</time>
</trkpt>
<trkpt lat="53.441932686" lon="49.482120546">
  <ele>69.656998</ele>
  <time>2010-07-31T06:21:01Z</time>
</trkpt>
<trkpt lat="53.442062354" lon="49.482250214">
  <ele>69.724998</ele>
  <time>2010-07-31T06:21:02Z</time>
</trkpt>
<trkpt lat="53.442195877" lon="49.482376110">
  <ele>69.450996</ele>
  <time>2010-07-31T06:21:03Z</time>
</trkpt>
<trkpt lat="53.442329401" lon="49.482505778">
  <ele>69.425003</ele>
  <time>2010-07-31T06:21:04Z</time>
</trkpt>
<trkpt lat="53.442459069" lon="49.482631674">
  <ele>69.323997</ele>
  <time>2010-07-31T06:21:05Z</time>
</trkpt>
<trkpt lat="53.442584965" lon="49.482765198">
  <ele>69.329002</ele>
  <time>2010-07-31T06:21:06Z</time>
</trkpt>
<trkpt lat="53.442718489" lon="49.482898721">
  <ele>69.343002</ele>
  <time>2010-07-31T06:21:07Z</time>
</trkpt>
<trkpt lat="53.442855868" lon="49.483032245">
  <ele>69.475998</ele>
  <time>2010-07-31T06:21:08Z</time>
</trkpt>
<trkpt lat="53.442989308" lon="49.483165769">
  <ele>69.254997</ele>
  <time>2010-07-31T06:21:09Z</time>
</trkpt>
<trkpt lat="53.443119060" lon="49.483291665">
  <ele>69.406998</ele>
  <time>2010-07-31T06:21:10Z</time>
</trkpt>
<trkpt lat="53.443252584" lon="49.483425105">
  <ele>69.569000</ele>
  <time>2010-07-31T06:21:11Z</time>
</trkpt>
<trkpt lat="53.443386108" lon="49.483554857">
  <ele>69.750999</ele>
  <time>2010-07-31T06:21:12Z</time>
</trkpt>
<trkpt lat="53.443523403" lon="49.483688381">
  <ele>69.883003</ele>
  <time>2010-07-31T06:21:13Z</time>
</trkpt>
<trkpt lat="53.443656927" lon="49.483814277">
  <ele>69.693001</ele>
  <time>2010-07-31T06:21:14Z</time>
</trkpt>
<trkpt lat="53.443786595" lon="49.483947717">
  <ele>69.723999</ele>
  <time>2010-07-31T06:21:15Z</time>
</trkpt>
<trkpt lat="53.443923974" lon="49.484077469">
  <ele>69.732002</ele>
  <time>2010-07-31T06:21:16Z</time>
</trkpt>
<trkpt lat="53.444061270" lon="49.484210992">
  <ele>69.844002</ele>
  <time>2010-07-31T06:21:17Z</time>
</trkpt>
<trkpt lat="53.444194794" lon="49.484348288">
  <ele>70.061996</ele>
  <time>2010-07-31T06:21:18Z</time>
</trkpt>
<trkpt lat="53.444332089" lon="49.484481812">
  <ele>70.018997</ele>
  <time>2010-07-31T06:21:19Z</time>
</trkpt>
<trkpt lat="53.444465613" lon="49.484615335">
  <ele>69.920998</ele>
  <time>2010-07-31T06:21:20Z</time>
</trkpt>
<trkpt lat="53.444602992" lon="49.484745003">
  <ele>69.946999</ele>
  <time>2010-07-31T06:21:21Z</time>
</trkpt>
<trkpt lat="53.444736516" lon="49.484878527">
  <ele>70.028999</ele>
  <time>2010-07-31T06:21:22Z</time>
</trkpt>
<trkpt lat="53.444873812" lon="49.485008279">
  <ele>69.719002</ele>
  <time>2010-07-31T06:21:23Z</time>
</trkpt>
<trkpt lat="53.445011107" lon="49.485141719">
  <ele>69.625999</ele>
  <time>2010-07-31T06:21:24Z</time>
</trkpt>
<trkpt lat="53.445144631" lon="49.485267615">
  <ele>69.764000</ele>
  <time>2010-07-31T06:21:25Z</time>
</trkpt>
<trkpt lat="53.445274383" lon="49.485397367">
  <ele>69.883003</ele>
  <time>2010-07-31T06:21:26Z</time>
</trkpt>
<trkpt lat="53.445407907" lon="49.485527035">
  <ele>69.805000</ele>
  <time>2010-07-31T06:21:27Z</time>
</trkpt>
<trkpt lat="53.445537575" lon="49.485656703">
  <ele>69.980003</ele>
  <time>2010-07-31T06:21:28Z</time>
</trkpt>
<trkpt lat="53.445667243" lon="49.485778827">
  <ele>70.054001</ele>
  <time>2010-07-31T06:21:29Z</time>
</trkpt>
<trkpt lat="53.445793139" lon="49.485904723">
  <ele>70.304001</ele>
  <time>2010-07-31T06:21:30Z</time>
</trkpt>
<trkpt lat="53.445919035" lon="49.486026764">
  <ele>70.127998</ele>
  <time>2010-07-31T06:21:31Z</time>
</trkpt>
<trkpt lat="53.446044931" lon="49.486152660">
  <ele>70.055000</ele>
  <time>2010-07-31T06:21:32Z</time>
</trkpt>
<trkpt lat="53.446166972" lon="49.486270929">
  <ele>70.064003</ele>
  <time>2010-07-31T06:21:33Z</time>
</trkpt>
<trkpt lat="53.446289096" lon="49.486392969">
  <ele>70.112000</ele>
  <time>2010-07-31T06:21:34Z</time>
</trkpt>
<trkpt lat="53.446411137" lon="49.486507382">
  <ele>70.125000</ele>
  <time>2010-07-31T06:21:35Z</time>
</trkpt>
<trkpt lat="53.446529405" lon="49.486625651">
  <ele>70.058998</ele>
  <time>2010-07-31T06:21:36Z</time>
</trkpt>
<trkpt lat="53.446647674" lon="49.486740148">
  <ele>69.896004</ele>
  <time>2010-07-31T06:21:37Z</time>
</trkpt>
<trkpt lat="53.446765859" lon="49.486854561">
  <ele>69.948997</ele>
  <time>2010-07-31T06:21:38Z</time>
</trkpt>
<trkpt lat="53.446884127" lon="49.486968974">
  <ele>70.084000</ele>
  <time>2010-07-31T06:21:39Z</time>
</trkpt>
<trkpt lat="53.447002396" lon="49.487079615">
  <ele>70.338997</ele>
  <time>2010-07-31T06:21:40Z</time>
</trkpt>
<trkpt lat="53.447116893" lon="49.487190256">
  <ele>70.570999</ele>
  <time>2010-07-31T06:21:41Z</time>
</trkpt>
<trkpt lat="53.447231306" lon="49.487304669">
  <ele>70.939003</ele>
  <time>2010-07-31T06:21:42Z</time>
</trkpt>
<trkpt lat="53.447345719" lon="49.487415310">
  <ele>71.195999</ele>
  <time>2010-07-31T06:21:43Z</time>
</trkpt>
<trkpt lat="53.447456360" lon="49.487529723">
  <ele>71.263000</ele>
  <time>2010-07-31T06:21:44Z</time>
</trkpt>
<trkpt lat="53.447570773" lon="49.487644220">
  <ele>71.156998</ele>
  <time>2010-07-31T06:21:45Z</time>
</trkpt>
<trkpt lat="53.447681414" lon="49.487754861">
  <ele>71.121002</ele>
  <time>2010-07-31T06:21:46Z</time>
</trkpt>
<trkpt lat="53.447795827" lon="49.487865418">
  <ele>71.144997</ele>
  <time>2010-07-31T06:21:47Z</time>
</trkpt>
<trkpt lat="53.447910324" lon="49.487979915">
  <ele>71.170998</ele>
  <time>2010-07-31T06:21:48Z</time>
</trkpt>
<trkpt lat="53.448028592" lon="49.488094328">
  <ele>71.093002</ele>
  <time>2010-07-31T06:21:49Z</time>
</trkpt>
<trkpt lat="53.448143005" lon="49.488201113">
  <ele>70.683998</ele>
  <time>2010-07-31T06:21:50Z</time>
</trkpt>
<trkpt lat="53.448257418" lon="49.488311755">
  <ele>70.459000</ele>
  <time>2010-07-31T06:21:51Z</time>
</trkpt>
<trkpt lat="53.448371915" lon="49.488426168">
  <ele>70.445999</ele>
  <time>2010-07-31T06:21:52Z</time>
</trkpt>
<trkpt lat="53.448486328" lon="49.488540664">
  <ele>70.500000</ele>
  <time>2010-07-31T06:21:53Z</time>
</trkpt>
<trkpt lat="53.448600741" lon="49.488655077">
  <ele>70.557999</ele>
  <time>2010-07-31T06:21:54Z</time>
</trkpt>
<trkpt lat="53.448715238" lon="49.488765718">
  <ele>70.529999</ele>
  <time>2010-07-31T06:21:55Z</time>
</trkpt>
<trkpt lat="53.448829651" lon="49.488880131">
  <ele>70.290001</ele>
  <time>2010-07-31T06:21:56Z</time>
</trkpt>
<trkpt lat="53.448947920" lon="49.488990773">
  <ele>70.082001</ele>
  <time>2010-07-31T06:21:57Z</time>
</trkpt>
<trkpt lat="53.449062333" lon="49.489101414">
  <ele>69.941002</ele>
  <time>2010-07-31T06:21:58Z</time>
</trkpt>
<trkpt lat="53.449180601" lon="49.489212055">
  <ele>70.134003</ele>
  <time>2010-07-31T06:21:59Z</time>
</trkpt>
<trkpt lat="53.449295014" lon="49.489322696">
  <ele>69.903999</ele>
  <time>2010-07-31T06:22:00Z</time>
</trkpt>
<trkpt lat="53.449413283" lon="49.489437109">
  <ele>70.113998</ele>
  <time>2010-07-31T06:22:01Z</time>
</trkpt>
<trkpt lat="53.449531551" lon="49.489551522">
  <ele>70.219002</ele>
  <time>2010-07-31T06:22:02Z</time>
</trkpt>
<trkpt lat="53.449649820" lon="49.489662163">
  <ele>70.325996</ele>
  <time>2010-07-31T06:22:03Z</time>
</trkpt>
<trkpt lat="53.449760461" lon="49.489772804">
  <ele>70.414001</ele>
  <time>2010-07-31T06:22:04Z</time>
</trkpt>
<trkpt lat="53.449874874" lon="49.489883445">
  <ele>70.744003</ele>
  <time>2010-07-31T06:22:05Z</time>
</trkpt>
<trkpt lat="53.449996915" lon="49.490001714">
  <ele>70.989998</ele>
  <time>2010-07-31T06:22:06Z</time>
</trkpt>
<trkpt lat="53.450119039" lon="49.490116127">
  <ele>70.967003</ele>
  <time>2010-07-31T06:22:07Z</time>
</trkpt>
<trkpt lat="53.450241080" lon="49.490230540">
  <ele>70.973000</ele>
  <time>2010-07-31T06:22:08Z</time>
</trkpt>
<trkpt lat="53.450363120" lon="49.490345037">
  <ele>71.096001</ele>
  <time>2010-07-31T06:22:09Z</time>
</trkpt>
<trkpt lat="53.450485244" lon="49.490459450">
  <ele>71.292999</ele>
  <time>2010-07-31T06:22:10Z</time>
</trkpt>
<trkpt lat="53.450603513" lon="49.490566235">
  <ele>71.434998</ele>
  <time>2010-07-31T06:22:11Z</time>
</trkpt>
<trkpt lat="53.450725554" lon="49.490676876">
  <ele>71.325996</ele>
  <time>2010-07-31T06:22:12Z</time>
</trkpt>
<trkpt lat="53.450847594" lon="49.490787517">
  <ele>71.356003</ele>
  <time>2010-07-31T06:22:13Z</time>
</trkpt>
<trkpt lat="53.450969718" lon="49.490898158">
  <ele>71.458000</ele>
  <time>2010-07-31T06:22:14Z</time>
</trkpt>
<trkpt lat="53.451091759" lon="49.491004944">
  <ele>71.414001</ele>
  <time>2010-07-31T06:22:15Z</time>
</trkpt>
<trkpt lat="53.451213799" lon="49.491119357">
  <ele>71.491997</ele>
  <time>2010-07-31T06:22:16Z</time>
</trkpt>
<trkpt lat="53.451339696" lon="49.491233854">
  <ele>71.355003</ele>
  <time>2010-07-31T06:22:17Z</time>
</trkpt>
<trkpt lat="53.451465592" lon="49.491348267">
  <ele>71.063004</ele>
  <time>2010-07-31T06:22:18Z</time>
</trkpt>
<trkpt lat="53.451591488" lon="49.491462680">
  <ele>70.799004</ele>
  <time>2010-07-31T06:22:19Z</time>
</trkpt>
<trkpt lat="53.451717384" lon="49.491580948">
  <ele>70.943001</ele>
  <time>2010-07-31T06:22:20Z</time>
</trkpt>
<trkpt lat="53.451850908" lon="49.491703073">
  <ele>70.723999</ele>
  <time>2010-07-31T06:22:21Z</time>
</trkpt>
<trkpt lat="53.451980576" lon="49.491825113">
  <ele>70.608002</ele>
  <time>2010-07-31T06:22:22Z</time>
</trkpt>
<trkpt lat="53.452114100" lon="49.491947154">
  <ele>70.514999</ele>
  <time>2010-07-31T06:22:23Z</time>
</trkpt>
<trkpt lat="53.452247623" lon="49.492076905">
  <ele>70.651001</ele>
  <time>2010-07-31T06:22:24Z</time>
</trkpt>
<trkpt lat="53.452384919" lon="49.492202718">
  <ele>70.532997</ele>
  <time>2010-07-31T06:22:25Z</time>
</trkpt>
<trkpt lat="53.452522298" lon="49.492336242">
  <ele>70.319000</ele>
  <time>2010-07-31T06:22:26Z</time>
</trkpt>
<trkpt lat="53.452667221" lon="49.492477393">
  <ele>70.358002</ele>
  <time>2010-07-31T06:22:27Z</time>
</trkpt>
<trkpt lat="53.452812228" lon="49.492618544">
  <ele>70.464996</ele>
  <time>2010-07-31T06:22:28Z</time>
</trkpt>
<trkpt lat="53.452961007" lon="49.492759695">
  <ele>70.231003</ele>
  <time>2010-07-31T06:22:29Z</time>
</trkpt>
<trkpt lat="53.453109702" lon="49.492904702">
  <ele>70.473000</ele>
  <time>2010-07-31T06:22:30Z</time>
</trkpt>
<trkpt lat="53.453262337" lon="49.493049625">
  <ele>70.530998</ele>
  <time>2010-07-31T06:22:31Z</time>
</trkpt>
<trkpt lat="53.453418743" lon="49.493198404">
  <ele>70.348999</ele>
  <time>2010-07-31T06:22:32Z</time>
</trkpt>
<trkpt lat="53.453578921" lon="49.493354810">
  <ele>70.308998</ele>
  <time>2010-07-31T06:22:33Z</time>
</trkpt>
<trkpt lat="53.453735327" lon="49.493507361">
  <ele>70.433998</ele>
  <time>2010-07-31T06:22:34Z</time>
</trkpt>
<trkpt lat="53.453891734" lon="49.493659995">
  <ele>70.210999</ele>
  <time>2010-07-31T06:22:35Z</time>
</trkpt>
<trkpt lat="53.454051996" lon="49.493797291">
  <ele>69.966003</ele>
  <time>2010-07-31T06:22:36Z</time>
</trkpt>
<trkpt lat="53.454208402" lon="49.493934670">
  <ele>69.918999</ele>
  <time>2010-07-31T06:22:37Z</time>
</trkpt>
<trkpt lat="53.454353325" lon="49.494064339">
  <ele>69.692001</ele>
  <time>2010-07-31T06:22:38Z</time>
</trkpt>
<trkpt lat="53.454490621" lon="49.494197862">
  <ele>69.514000</ele>
  <time>2010-07-31T06:22:39Z</time>
</trkpt>
<trkpt lat="53.454620373" lon="49.494327530">
  <ele>69.460999</ele>
  <time>2010-07-31T06:22:40Z</time>
</trkpt>
<trkpt lat="53.454746269" lon="49.494453426">
  <ele>69.345001</ele>
  <time>2010-07-31T06:22:41Z</time>
</trkpt>
<trkpt lat="53.454872165" lon="49.494575467">
  <ele>69.670998</ele>
  <time>2010-07-31T06:22:42Z</time>
</trkpt>
<trkpt lat="53.455001833" lon="49.494697591">
  <ele>69.987000</ele>
  <time>2010-07-31T06:22:43Z</time>
</trkpt>
<trkpt lat="53.455123873" lon="49.494819632">
  <ele>69.971001</ele>
  <time>2010-07-31T06:22:44Z</time>
</trkpt>
<trkpt lat="53.455249770" lon="49.494937900">
  <ele>70.082001</ele>
  <time>2010-07-31T06:22:45Z</time>
</trkpt>
<trkpt lat="53.455375666" lon="49.495059941">
  <ele>69.880997</ele>
  <time>2010-07-31T06:22:46Z</time>
</trkpt>
<trkpt lat="53.455509190" lon="49.495189693">
  <ele>69.821999</ele>
  <time>2010-07-31T06:22:47Z</time>
</trkpt>
<trkpt lat="53.455642713" lon="49.495323217">
  <ele>69.720001</ele>
  <time>2010-07-31T06:22:48Z</time>
</trkpt>
<trkpt lat="53.455783864" lon="49.495464284">
  <ele>69.865997</ele>
  <time>2010-07-31T06:22:49Z</time>
</trkpt>
<trkpt lat="53.455925016" lon="49.495597808">
  <ele>69.832001</ele>
  <time>2010-07-31T06:22:50Z</time>
</trkpt>
<trkpt lat="53.456066167" lon="49.495735187">
  <ele>69.629997</ele>
  <time>2010-07-31T06:22:51Z</time>
</trkpt>
<trkpt lat="53.456211090" lon="49.495868711">
  <ele>69.622002</ele>
  <time>2010-07-31T06:22:52Z</time>
</trkpt>
<trkpt lat="53.456352241" lon="49.496006006">
  <ele>69.536003</ele>
  <time>2010-07-31T06:22:53Z</time>
</trkpt>
<trkpt lat="53.456493393" lon="49.496147158">
  <ele>69.867996</ele>
  <time>2010-07-31T06:22:54Z</time>
</trkpt>
<trkpt lat="53.456638316" lon="49.496284453">
  <ele>70.379997</ele>
  <time>2010-07-31T06:22:55Z</time>
</trkpt>
<trkpt lat="53.456775695" lon="49.496421833">
  <ele>70.403999</ele>
  <time>2010-07-31T06:22:56Z</time>
</trkpt>
<trkpt lat="53.456916846" lon="49.496555356">
  <ele>70.392998</ele>
  <time>2010-07-31T06:22:57Z</time>
</trkpt>
<trkpt lat="53.457050286" lon="49.496688880">
  <ele>70.460999</ele>
  <time>2010-07-31T06:22:58Z</time>
</trkpt>
<trkpt lat="53.457183810" lon="49.496818548">
  <ele>70.401001</ele>
  <time>2010-07-31T06:22:59Z</time>
</trkpt>
<trkpt lat="53.457313562" lon="49.496948216">
  <ele>70.295998</ele>
  <time>2010-07-31T06:23:00Z</time>
</trkpt>
<trkpt lat="53.457443230" lon="49.497074112">
  <ele>70.189003</ele>
  <time>2010-07-31T06:23:01Z</time>
</trkpt>
<trkpt lat="53.457576754" lon="49.497196237">
  <ele>70.084999</ele>
  <time>2010-07-31T06:23:02Z</time>
</trkpt>
<trkpt lat="53.457706422" lon="49.497322049">
  <ele>70.075996</ele>
  <time>2010-07-31T06:23:03Z</time>
</trkpt>
<trkpt lat="53.457832318" lon="49.497447945">
  <ele>70.164001</ele>
  <time>2010-07-31T06:23:04Z</time>
</trkpt>
<trkpt lat="53.457958214" lon="49.497573841">
  <ele>69.945999</ele>
  <time>2010-07-31T06:23:05Z</time>
</trkpt>
<trkpt lat="53.458087882" lon="49.497695882">
  <ele>69.830002</ele>
  <time>2010-07-31T06:23:06Z</time>
</trkpt>
<trkpt lat="53.458217634" lon="49.497821778">
  <ele>69.976997</ele>
  <time>2010-07-31T06:23:07Z</time>
</trkpt>
<trkpt lat="53.458351158" lon="49.497951530">
  <ele>70.080002</ele>
  <time>2010-07-31T06:23:08Z</time>
</trkpt>
<trkpt lat="53.458488453" lon="49.498085054">
  <ele>70.113998</ele>
  <time>2010-07-31T06:23:09Z</time>
</trkpt>
<trkpt lat="53.458633460" lon="49.498226205">
  <ele>70.200996</ele>
  <time>2010-07-31T06:23:10Z</time>
</trkpt>
<trkpt lat="53.458778383" lon="49.498363500">
  <ele>69.964996</ele>
  <time>2010-07-31T06:23:11Z</time>
</trkpt>
<trkpt lat="53.458919534" lon="49.498504652">
  <ele>69.641998</ele>
  <time>2010-07-31T06:23:12Z</time>
</trkpt>
<trkpt lat="53.459060686" lon="49.498638175">
  <ele>69.613998</ele>
  <time>2010-07-31T06:23:13Z</time>
</trkpt>
<trkpt lat="53.459197981" lon="49.498775471">
  <ele>69.551003</ele>
  <time>2010-07-31T06:23:14Z</time>
</trkpt>
<trkpt lat="53.459331505" lon="49.498912850">
  <ele>69.509003</ele>
  <time>2010-07-31T06:23:15Z</time>
</trkpt>
<trkpt lat="53.459468801" lon="49.499042518">
  <ele>69.378998</ele>
  <time>2010-07-31T06:23:16Z</time>
</trkpt>
<trkpt lat="53.459602324" lon="49.499172186">
  <ele>69.325996</ele>
  <time>2010-07-31T06:23:17Z</time>
</trkpt>
<trkpt lat="53.459732076" lon="49.499298083">
  <ele>69.392998</ele>
  <time>2010-07-31T06:23:18Z</time>
</trkpt>
<trkpt lat="53.459861744" lon="49.499423979">
  <ele>69.453003</ele>
  <time>2010-07-31T06:23:19Z</time>
</trkpt>
<trkpt lat="53.459987640" lon="49.499546019">
  <ele>69.350998</ele>
  <time>2010-07-31T06:23:20Z</time>
</trkpt>
<trkpt lat="53.460113537" lon="49.499668144">
  <ele>69.250000</ele>
  <time>2010-07-31T06:23:21Z</time>
</trkpt>
<trkpt lat="53.460243205" lon="49.499790184">
  <ele>69.309998</ele>
  <time>2010-07-31T06:23:22Z</time>
</trkpt>
<trkpt lat="53.460369101" lon="49.499912225">
  <ele>69.086998</ele>
  <time>2010-07-31T06:23:23Z</time>
</trkpt>
<trkpt lat="53.460498769" lon="49.500038121">
  <ele>69.150002</ele>
  <time>2010-07-31T06:23:24Z</time>
</trkpt>
<trkpt lat="53.460628521" lon="49.500164017">
  <ele>69.522003</ele>
  <time>2010-07-31T06:23:25Z</time>
</trkpt>
<trkpt lat="53.460754417" lon="49.500289913">
  <ele>69.654999</ele>
  <time>2010-07-31T06:23:26Z</time>
</trkpt>
<trkpt lat="53.460880313" lon="49.500408182">
  <ele>69.942001</ele>
  <time>2010-07-31T06:23:27Z</time>
</trkpt>
<trkpt lat="53.460994726" lon="49.500518823">
  <ele>69.764000</ele>
  <time>2010-07-31T06:23:28Z</time>
</trkpt>
<trkpt lat="53.461086256" lon="49.500606498">
  <ele>69.505997</ele>
  <time>2010-07-31T06:23:29Z</time>
</trkpt>
<trkpt lat="53.461170159" lon="49.500675229">
  <ele>69.452003</ele>
  <time>2010-07-31T06:23:30Z</time>
</trkpt>
<trkpt lat="53.461231263" lon="49.500736250">
  <ele>69.740997</ele>
  <time>2010-07-31T06:23:31Z</time>
</trkpt>
<trkpt lat="53.461280800" lon="49.500785787">
  <ele>69.859001</ele>
  <time>2010-07-31T06:23:32Z</time>
</trkpt>
<trkpt lat="53.461326566" lon="49.500831636">
  <ele>69.566002</ele>
  <time>2010-07-31T06:23:33Z</time>
</trkpt>
<trkpt lat="53.461376186" lon="49.500869773">
  <ele>69.335999</ele>
  <time>2010-07-31T06:23:34Z</time>
</trkpt>
<trkpt lat="53.461421952" lon="49.500915539">
  <ele>69.259003</ele>
  <time>2010-07-31T06:23:35Z</time>
</trkpt>
<trkpt lat="53.461467717" lon="49.500961304">
  <ele>69.480003</ele>
  <time>2010-07-31T06:23:36Z</time>
</trkpt>
<trkpt lat="53.461509710" lon="49.500999441">
  <ele>69.922997</ele>
  <time>2010-07-31T06:23:37Z</time>
</trkpt>
<trkpt lat="53.461540220" lon="49.501033807">
  <ele>70.046997</ele>
  <time>2010-07-31T06:23:38Z</time>
</trkpt>
<trkpt lat="53.461559331" lon="49.501071945">
  <ele>69.856003</ele>
  <time>2010-07-31T06:23:39Z</time>
</trkpt>
<trkpt lat="53.461589841" lon="49.501117710">
  <ele>70.026001</ele>
  <time>2010-07-31T06:23:40Z</time>
</trkpt>
<trkpt lat="53.461624123" lon="49.501167331">
  <ele>70.000000</ele>
  <time>2010-07-31T06:23:41Z</time>
</trkpt>
<trkpt lat="53.461666116" lon="49.501213096">
  <ele>69.990997</ele>
  <time>2010-07-31T06:23:42Z</time>
</trkpt>
<trkpt lat="53.461719509" lon="49.501258861">
  <ele>69.957001</ele>
  <time>2010-07-31T06:23:43Z</time>
</trkpt>
<trkpt lat="53.461776758" lon="49.501312254">
  <ele>70.189003</ele>
  <time>2010-07-31T06:23:44Z</time>
</trkpt>
<trkpt lat="53.461837778" lon="49.501369502">
  <ele>70.196999</ele>
  <time>2010-07-31T06:23:45Z</time>
</trkpt>
<trkpt lat="53.461898798" lon="49.501422895">
  <ele>70.175003</ele>
  <time>2010-07-31T06:23:46Z</time>
</trkpt>
<trkpt lat="53.461963674" lon="49.501476288">
  <ele>69.916000</ele>
  <time>2010-07-31T06:23:47Z</time>
</trkpt>
<trkpt lat="53.462024694" lon="49.501533536">
  <ele>69.806999</ele>
  <time>2010-07-31T06:23:48Z</time>
</trkpt>
<trkpt lat="53.462081943" lon="49.501590701">
  <ele>69.874001</ele>
  <time>2010-07-31T06:23:49Z</time>
</trkpt>
<trkpt lat="53.462131480" lon="49.501640322">
  <ele>69.901001</ele>
  <time>2010-07-31T06:23:50Z</time>
</trkpt>
<trkpt lat="53.462173473" lon="49.501686087">
  <ele>70.067001</ele>
  <time>2010-07-31T06:23:51Z</time>
</trkpt>
<trkpt lat="53.462215383" lon="49.501724225">
  <ele>70.274002</ele>
  <time>2010-07-31T06:23:52Z</time>
</trkpt>
<trkpt lat="53.462257376" lon="49.501766218">
  <ele>70.476997</ele>
  <time>2010-07-31T06:23:53Z</time>
</trkpt>
<trkpt lat="53.462303141" lon="49.501808127">
  <ele>70.445000</ele>
  <time>2010-07-31T06:23:54Z</time>
</trkpt>
<trkpt lat="53.462364161" lon="49.501857748">
  <ele>70.396004</ele>
  <time>2010-07-31T06:23:55Z</time>
</trkpt>
<trkpt lat="53.462425265" lon="49.501899742">
  <ele>70.732002</ele>
  <time>2010-07-31T06:23:56Z</time>
</trkpt>
<trkpt lat="53.462490058" lon="49.501930252">
  <ele>70.704002</ele>
  <time>2010-07-31T06:23:57Z</time>
</trkpt>
<trkpt lat="53.462543450" lon="49.501953134">
  <ele>70.617996</ele>
  <time>2010-07-31T06:23:58Z</time>
</trkpt>
<trkpt lat="53.462581672" lon="49.501972161">
  <ele>70.633003</ele>
  <time>2010-07-31T06:23:59Z</time>
</trkpt>
<trkpt lat="53.462615954" lon="49.501991272">
  <ele>70.491997</ele>
  <time>2010-07-31T06:24:00Z</time>
</trkpt>
<trkpt lat="53.462646464" lon="49.502010383">
  <ele>70.762001</ele>
  <time>2010-07-31T06:24:01Z</time>
</trkpt>
<trkpt lat="53.462673202" lon="49.502029410">
  <ele>70.716003</ele>
  <time>2010-07-31T06:24:02Z</time>
</trkpt>
<trkpt lat="53.462707484" lon="49.502048520">
  <ele>70.528999</ele>
  <time>2010-07-31T06:24:03Z</time>
</trkpt>
<trkpt lat="53.462745706" lon="49.502067547">
  <ele>70.671997</ele>
  <time>2010-07-31T06:24:04Z</time>
</trkpt>
<trkpt lat="53.462783843" lon="49.502086658">
  <ele>70.924004</ele>
  <time>2010-07-31T06:24:05Z</time>
</trkpt>
<trkpt lat="53.462821981" lon="49.502113312">
  <ele>70.879997</ele>
  <time>2010-07-31T06:24:06Z</time>
</trkpt>
<trkpt lat="53.462863890" lon="49.502140051">
  <ele>71.056999</ele>
  <time>2010-07-31T06:24:07Z</time>
</trkpt>
<trkpt lat="53.462909739" lon="49.502166789">
  <ele>71.259003</ele>
  <time>2010-07-31T06:24:08Z</time>
</trkpt>
<trkpt lat="53.462947877" lon="49.502189672">
  <ele>71.564003</ele>
  <time>2010-07-31T06:24:09Z</time>
</trkpt>
<trkpt lat="53.462978387" lon="49.502204927">
  <ele>71.689003</ele>
  <time>2010-07-31T06:24:10Z</time>
</trkpt>
<trkpt lat="53.463005042" lon="49.502220182">
  <ele>71.570999</ele>
  <time>2010-07-31T06:24:11Z</time>
</trkpt>
<trkpt lat="53.463024152" lon="49.502227809">
  <ele>71.371002</ele>
  <time>2010-07-31T06:24:12Z</time>
</trkpt>
<trkpt lat="53.463039408" lon="49.502239209">
  <ele>71.202003</ele>
  <time>2010-07-31T06:24:13Z</time>
</trkpt>
<trkpt lat="53.463054663" lon="49.502250692">
  <ele>71.440002</ele>
  <time>2010-07-31T06:24:14Z</time>
</trkpt>
<trkpt lat="53.463062290" lon="49.502258319">
  <ele>71.471001</ele>
  <time>2010-07-31T06:24:15Z</time>
</trkpt>
<trkpt lat="53.463073689" lon="49.502262091">
  <ele>71.648003</ele>
  <time>2010-07-31T06:24:16Z</time>
</trkpt>
<trkpt lat="53.463089028" lon="49.502273574">
  <ele>71.834999</ele>
  <time>2010-07-31T06:24:17Z</time>
</trkpt>
<trkpt lat="53.463111911" lon="49.502284974">
  <ele>71.966003</ele>
  <time>2010-07-31T06:24:18Z</time>
</trkpt>
<trkpt lat="53.463138565" lon="49.502296457">
  <ele>72.078003</ele>
  <time>2010-07-31T06:24:19Z</time>
</trkpt>
<trkpt lat="53.463169076" lon="49.502311712">
  <ele>72.425003</ele>
  <time>2010-07-31T06:24:20Z</time>
</trkpt>
<trkpt lat="53.463203441" lon="49.502334595">
  <ele>72.580002</ele>
  <time>2010-07-31T06:24:21Z</time>
</trkpt>
<trkpt lat="53.463245351" lon="49.502353705">
  <ele>72.537003</ele>
  <time>2010-07-31T06:24:22Z</time>
</trkpt>
<trkpt lat="53.463283572" lon="49.502376588">
  <ele>72.272003</ele>
  <time>2010-07-31T06:24:23Z</time>
</trkpt>
<trkpt lat="53.463329338" lon="49.502399471">
  <ele>72.264999</ele>
  <time>2010-07-31T06:24:24Z</time>
</trkpt>
<trkpt lat="53.463371247" lon="49.502426125">
  <ele>72.328003</ele>
  <time>2010-07-31T06:24:25Z</time>
</trkpt>
<trkpt lat="53.463417012" lon="49.502449008">
  <ele>72.397003</ele>
  <time>2010-07-31T06:24:26Z</time>
</trkpt>
<trkpt lat="53.463462861" lon="49.502471890">
  <ele>72.315002</ele>
  <time>2010-07-31T06:24:27Z</time>
</trkpt>
<trkpt lat="53.463508626" lon="49.502494773">
  <ele>72.204002</ele>
  <time>2010-07-31T06:24:28Z</time>
</trkpt>
<trkpt lat="53.463558163" lon="49.502517739">
  <ele>72.054001</ele>
  <time>2010-07-31T06:24:29Z</time>
</trkpt>
<trkpt lat="53.463607784" lon="49.502544394">
  <ele>71.834000</ele>
  <time>2010-07-31T06:24:30Z</time>
</trkpt>
<trkpt lat="53.463649778" lon="49.502567276">
  <ele>71.852997</ele>
  <time>2010-07-31T06:24:31Z</time>
</trkpt>
<trkpt lat="53.463691687" lon="49.502586387">
  <ele>71.806000</ele>
  <time>2010-07-31T06:24:32Z</time>
</trkpt>
<trkpt lat="53.463726053" lon="49.502605414">
  <ele>71.820999</ele>
  <time>2010-07-31T06:24:33Z</time>
</trkpt>
<trkpt lat="53.463768046" lon="49.502624525">
  <ele>71.656998</ele>
  <time>2010-07-31T06:24:34Z</time>
</trkpt>
<trkpt lat="53.463813812" lon="49.502643552">
  <ele>71.606003</ele>
  <time>2010-07-31T06:24:35Z</time>
</trkpt>
<trkpt lat="53.463863349" lon="49.502670290">
  <ele>71.302002</ele>
  <time>2010-07-31T06:24:36Z</time>
</trkpt>
<trkpt lat="53.463912969" lon="49.502693173">
  <ele>71.497002</ele>
  <time>2010-07-31T06:24:37Z</time>
</trkpt>
<trkpt lat="53.463962590" lon="49.502719911">
  <ele>71.487999</ele>
  <time>2010-07-31T06:24:38Z</time>
</trkpt>
<trkpt lat="53.464015983" lon="49.502742793">
  <ele>71.460999</ele>
  <time>2010-07-31T06:24:39Z</time>
</trkpt>
<trkpt lat="53.464073148" lon="49.502769448">
  <ele>71.472000</ele>
  <time>2010-07-31T06:24:40Z</time>
</trkpt>
<trkpt lat="53.464122768" lon="49.502796186">
  <ele>71.301003</ele>
  <time>2010-07-31T06:24:41Z</time>
</trkpt>
<trkpt lat="53.464180017" lon="49.502822841">
  <ele>70.940002</ele>
  <time>2010-07-31T06:24:42Z</time>
</trkpt>
<trkpt lat="53.464237181" lon="49.502849579">
  <ele>70.852997</ele>
  <time>2010-07-31T06:24:43Z</time>
</trkpt>
<trkpt lat="53.464294430" lon="49.502876317">
  <ele>70.814003</ele>
  <time>2010-07-31T06:24:44Z</time>
</trkpt>
<trkpt lat="53.464355450" lon="49.502906827">
  <ele>70.704002</ele>
  <time>2010-07-31T06:24:45Z</time>
</trkpt>
<trkpt lat="53.464420326" lon="49.502944965">
  <ele>70.683998</ele>
  <time>2010-07-31T06:24:46Z</time>
</trkpt>
<trkpt lat="53.464488974" lon="49.502975475">
  <ele>70.665001</ele>
  <time>2010-07-31T06:24:47Z</time>
</trkpt>
<trkpt lat="53.464561477" lon="49.503009757">
  <ele>70.586998</ele>
  <time>2010-07-31T06:24:48Z</time>
</trkpt>
<trkpt lat="53.464633981" lon="49.503044123">
  <ele>70.542999</ele>
  <time>2010-07-31T06:24:49Z</time>
</trkpt>
<trkpt lat="53.464710256" lon="49.503078489">
  <ele>70.727997</ele>
  <time>2010-07-31T06:24:50Z</time>
</trkpt>
<trkpt lat="53.464790303" lon="49.503116626">
  <ele>70.723999</ele>
  <time>2010-07-31T06:24:51Z</time>
</trkpt>
<trkpt lat="53.464878062" lon="49.503158536">
  <ele>71.064003</ele>
  <time>2010-07-31T06:24:52Z</time>
</trkpt>
<trkpt lat="53.464961965" lon="49.503200529">
  <ele>70.998001</ele>
  <time>2010-07-31T06:24:53Z</time>
</trkpt>
<trkpt lat="53.465045951" lon="49.503242522">
  <ele>70.924004</ele>
  <time>2010-07-31T06:24:54Z</time>
</trkpt>
<trkpt lat="53.465129854" lon="49.503284432">
  <ele>70.921997</ele>
  <time>2010-07-31T06:24:55Z</time>
</trkpt>
<trkpt lat="53.465209985" lon="49.503322570">
  <ele>70.822998</ele>
  <time>2010-07-31T06:24:56Z</time>
</trkpt>
<trkpt lat="53.465290032" lon="49.503364563">
  <ele>70.606003</ele>
  <time>2010-07-31T06:24:57Z</time>
</trkpt>
<trkpt lat="53.465366391" lon="49.503402701">
  <ele>70.512001</ele>
  <time>2010-07-31T06:24:58Z</time>
</trkpt>
<trkpt lat="53.465442667" lon="49.503440838">
  <ele>70.544998</ele>
  <time>2010-07-31T06:24:59Z</time>
</trkpt>
<trkpt lat="53.465518942" lon="49.503478976">
  <ele>70.512001</ele>
  <time>2010-07-31T06:25:00Z</time>
</trkpt>
<trkpt lat="53.465602845" lon="49.503520969">
  <ele>70.475998</ele>
  <time>2010-07-31T06:25:01Z</time>
</trkpt>
<trkpt lat="53.465686832" lon="49.503562963">
  <ele>70.454002</ele>
  <time>2010-07-31T06:25:02Z</time>
</trkpt>
<trkpt lat="53.465770734" lon="49.503608728">
  <ele>70.268997</ele>
  <time>2010-07-31T06:25:03Z</time>
</trkpt>
<trkpt lat="53.465858493" lon="49.503654493">
  <ele>70.324997</ele>
  <time>2010-07-31T06:25:04Z</time>
</trkpt>
<trkpt lat="53.465950023" lon="49.503704030">
  <ele>70.473000</ele>
  <time>2010-07-31T06:25:05Z</time>
</trkpt>
<trkpt lat="53.466037782" lon="49.503749879">
  <ele>70.292999</ele>
  <time>2010-07-31T06:25:06Z</time>
</trkpt>
<trkpt lat="53.466125457" lon="49.503795644">
  <ele>70.204002</ele>
  <time>2010-07-31T06:25:07Z</time>
</trkpt>
<trkpt lat="53.466213215" lon="49.503841409">
  <ele>70.265999</ele>
  <time>2010-07-31T06:25:08Z</time>
</trkpt>
<trkpt lat="53.466293346" lon="49.503883403">
  <ele>70.334999</ele>
  <time>2010-07-31T06:25:09Z</time>
</trkpt>
<trkpt lat="53.466365850" lon="49.503921540">
  <ele>70.446999</ele>
  <time>2010-07-31T06:25:10Z</time>
</trkpt>
<trkpt lat="53.466438269" lon="49.503959678">
  <ele>70.556999</ele>
  <time>2010-07-31T06:25:11Z</time>
</trkpt>
<trkpt lat="53.466503145" lon="49.503990188">
  <ele>70.390999</ele>
  <time>2010-07-31T06:25:12Z</time>
</trkpt>
<trkpt lat="53.466571793" lon="49.504028326">
  <ele>70.419998</ele>
  <time>2010-07-31T06:25:13Z</time>
</trkpt>
<trkpt lat="53.466636669" lon="49.504058836">
  <ele>70.290001</ele>
  <time>2010-07-31T06:25:14Z</time>
</trkpt>
<trkpt lat="53.466701545" lon="49.504089346">
  <ele>70.231003</ele>
  <time>2010-07-31T06:25:15Z</time>
</trkpt>
<trkpt lat="53.466773964" lon="49.504116084">
  <ele>70.080002</ele>
  <time>2010-07-31T06:25:16Z</time>
</trkpt>
<trkpt lat="53.466842612" lon="49.504138967">
  <ele>69.932999</ele>
  <time>2010-07-31T06:25:17Z</time>
</trkpt>
<trkpt lat="53.466915116" lon="49.504165621">
  <ele>69.989998</ele>
  <time>2010-07-31T06:25:18Z</time>
</trkpt>
<trkpt lat="53.466991391" lon="49.504192360">
  <ele>70.008003</ele>
  <time>2010-07-31T06:25:19Z</time>
</trkpt>
<trkpt lat="53.467067750" lon="49.504219014">
  <ele>69.821999</ele>
  <time>2010-07-31T06:25:20Z</time>
</trkpt>
<trkpt lat="53.467147797" lon="49.504238125">
  <ele>69.811996</ele>
  <time>2010-07-31T06:25:21Z</time>
</trkpt>
<trkpt lat="53.467227928" lon="49.504253380">
  <ele>69.879997</ele>
  <time>2010-07-31T06:25:22Z</time>
</trkpt>
<trkpt lat="53.467311831" lon="49.504272491">
  <ele>70.240997</ele>
  <time>2010-07-31T06:25:23Z</time>
</trkpt>
<trkpt lat="53.467395818" lon="49.504287746">
  <ele>70.171997</ele>
  <time>2010-07-31T06:25:24Z</time>
</trkpt>
<trkpt lat="53.467479721" lon="49.504299145">
  <ele>70.195000</ele>
  <time>2010-07-31T06:25:25Z</time>
</trkpt>
<trkpt lat="53.467563624" lon="49.504310628">
  <ele>69.917000</ele>
  <time>2010-07-31T06:25:26Z</time>
</trkpt>
<trkpt lat="53.467651382" lon="49.504318256">
  <ele>69.814003</ele>
  <time>2010-07-31T06:25:27Z</time>
</trkpt>
<trkpt lat="53.467742912" lon="49.504322028">
  <ele>69.907997</ele>
  <time>2010-07-31T06:25:28Z</time>
</trkpt>
<trkpt lat="53.467838299" lon="49.504329655">
  <ele>69.806000</ele>
  <time>2010-07-31T06:25:29Z</time>
</trkpt>
<trkpt lat="53.467941312" lon="49.504341139">
  <ele>69.927002</ele>
  <time>2010-07-31T06:25:30Z</time>
</trkpt>
<trkpt lat="53.468044242" lon="49.504348766">
  <ele>70.063004</ele>
  <time>2010-07-31T06:25:31Z</time>
</trkpt>
<trkpt lat="53.468151111" lon="49.504348766">
  <ele>69.901001</ele>
  <time>2010-07-31T06:25:32Z</time>
</trkpt>
<trkpt lat="53.468254125" lon="49.504356394">
  <ele>69.931999</ele>
  <time>2010-07-31T06:25:33Z</time>
</trkpt>
<trkpt lat="53.468364682" lon="49.504364021">
  <ele>70.225998</ele>
  <time>2010-07-31T06:25:34Z</time>
</trkpt>
<trkpt lat="53.468471551" lon="49.504371649">
  <ele>70.035004</ele>
  <time>2010-07-31T06:25:35Z</time>
</trkpt>
<trkpt lat="53.468582192" lon="49.504379276">
  <ele>69.788002</ele>
  <time>2010-07-31T06:25:36Z</time>
</trkpt>
<trkpt lat="53.468692750" lon="49.504383048">
  <ele>69.407997</ele>
  <time>2010-07-31T06:25:37Z</time>
</trkpt>
<trkpt lat="53.468811018" lon="49.504390676">
  <ele>69.288002</ele>
  <time>2010-07-31T06:25:38Z</time>
</trkpt>
<trkpt lat="53.468925515" lon="49.504398387">
  <ele>69.196999</ele>
  <time>2010-07-31T06:25:39Z</time>
</trkpt>
<trkpt lat="53.469043700" lon="49.504409786">
  <ele>69.403999</ele>
  <time>2010-07-31T06:25:40Z</time>
</trkpt>
<trkpt lat="53.469165824" lon="49.504421270">
  <ele>69.514000</ele>
  <time>2010-07-31T06:25:41Z</time>
</trkpt>
<trkpt lat="53.469287865" lon="49.504428897">
  <ele>69.476997</ele>
  <time>2010-07-31T06:25:42Z</time>
</trkpt>
<trkpt lat="53.469413761" lon="49.504444152">
  <ele>69.564003</ele>
  <time>2010-07-31T06:25:43Z</time>
</trkpt>
<trkpt lat="53.469535802" lon="49.504463179">
  <ele>69.445000</ele>
  <time>2010-07-31T06:25:44Z</time>
</trkpt>
<trkpt lat="53.469661698" lon="49.504489917">
  <ele>69.207001</ele>
  <time>2010-07-31T06:25:45Z</time>
</trkpt>
<trkpt lat="53.469791450" lon="49.504520427">
  <ele>69.164001</ele>
  <time>2010-07-31T06:25:46Z</time>
</trkpt>
<trkpt lat="53.469917262" lon="49.504562337">
  <ele>69.112000</ele>
  <time>2010-07-31T06:25:47Z</time>
</trkpt>
<trkpt lat="53.470047014" lon="49.504611958">
  <ele>69.157997</ele>
  <time>2010-07-31T06:25:48Z</time>
</trkpt>
<trkpt lat="53.470176682" lon="49.504669206">
  <ele>68.848999</ele>
  <time>2010-07-31T06:25:49Z</time>
</trkpt>
<trkpt lat="53.470310206" lon="49.504733998">
  <ele>68.817001</ele>
  <time>2010-07-31T06:25:50Z</time>
</trkpt>
<trkpt lat="53.470439874" lon="49.504806502">
  <ele>68.651001</ele>
  <time>2010-07-31T06:25:51Z</time>
</trkpt>
<trkpt lat="53.470573397" lon="49.504886633">
  <ele>68.528000</ele>
  <time>2010-07-31T06:25:52Z</time>
</trkpt>
<trkpt lat="53.470703149" lon="49.504970536">
  <ele>67.863998</ele>
  <time>2010-07-31T06:25:53Z</time>
</trkpt>
<trkpt lat="53.470836673" lon="49.505062066">
  <ele>67.474998</ele>
  <time>2010-07-31T06:25:54Z</time>
</trkpt>
<trkpt lat="53.470973969" lon="49.505161308">
  <ele>67.129997</ele>
  <time>2010-07-31T06:25:55Z</time>
</trkpt>
<trkpt lat="53.471111264" lon="49.505264321">
  <ele>66.855003</ele>
  <time>2010-07-31T06:25:56Z</time>
</trkpt>
<trkpt lat="53.471252415" lon="49.505371107">
  <ele>66.683998</ele>
  <time>2010-07-31T06:25:57Z</time>
</trkpt>
<trkpt lat="53.471393567" lon="49.505481748">
  <ele>66.233002</ele>
  <time>2010-07-31T06:25:58Z</time>
</trkpt>
<trkpt lat="53.471534718" lon="49.505596161">
  <ele>65.870003</ele>
  <time>2010-07-31T06:25:59Z</time>
</trkpt>
<trkpt lat="53.471683497" lon="49.505710574">
  <ele>65.602997</ele>
  <time>2010-07-31T06:26:00Z</time>
</trkpt>
<trkpt lat="53.471832275" lon="49.505828843">
  <ele>65.032997</ele>
  <time>2010-07-31T06:26:01Z</time>
</trkpt>
<trkpt lat="53.471984826" lon="49.505947111">
  <ele>64.632004</ele>
  <time>2010-07-31T06:26:02Z</time>
</trkpt>
<trkpt lat="53.472133605" lon="49.506069152">
  <ele>64.473000</ele>
  <time>2010-07-31T06:26:03Z</time>
</trkpt>
<trkpt lat="53.472286239" lon="49.506195048">
  <ele>64.126999</ele>
  <time>2010-07-31T06:26:04Z</time>
</trkpt>
<trkpt lat="53.472435018" lon="49.506313317">
  <ele>64.324997</ele>
  <time>2010-07-31T06:26:05Z</time>
</trkpt>
<trkpt lat="53.472587569" lon="49.506435357">
  <ele>64.291000</ele>
  <time>2010-07-31T06:26:06Z</time>
</trkpt>
<trkpt lat="53.472740203" lon="49.506549854">
  <ele>64.043999</ele>
  <time>2010-07-31T06:26:07Z</time>
</trkpt>
<trkpt lat="53.472885126" lon="49.506668122">
  <ele>63.755001</ele>
  <time>2010-07-31T06:26:08Z</time>
</trkpt>
<trkpt lat="53.473030049" lon="49.506782535">
  <ele>63.519001</ele>
  <time>2010-07-31T06:26:09Z</time>
</trkpt>
<trkpt lat="53.473175056" lon="49.506896948">
  <ele>63.470001</ele>
  <time>2010-07-31T06:26:10Z</time>
</trkpt>
<trkpt lat="53.473319979" lon="49.507011445">
  <ele>63.705002</ele>
  <time>2010-07-31T06:26:11Z</time>
</trkpt>
<trkpt lat="53.473464986" lon="49.507122003">
  <ele>63.521000</ele>
  <time>2010-07-31T06:26:12Z</time>
</trkpt>
<trkpt lat="53.473606138" lon="49.507228872">
  <ele>63.442001</ele>
  <time>2010-07-31T06:26:13Z</time>
</trkpt>
<trkpt lat="53.473747289" lon="49.507339513">
  <ele>63.536999</ele>
  <time>2010-07-31T06:26:14Z</time>
</trkpt>
<trkpt lat="53.473888356" lon="49.507446298">
  <ele>63.715000</ele>
  <time>2010-07-31T06:26:15Z</time>
</trkpt>
<trkpt lat="53.474029507" lon="49.507553084">
  <ele>63.688999</ele>
  <time>2010-07-31T06:26:16Z</time>
</trkpt>
<trkpt lat="53.474166887" lon="49.507656097">
  <ele>63.756001</ele>
  <time>2010-07-31T06:26:17Z</time>
</trkpt>
<trkpt lat="53.474300411" lon="49.507762883">
  <ele>63.988998</ele>
  <time>2010-07-31T06:26:18Z</time>
</trkpt>
<trkpt lat="53.474437706" lon="49.507865896">
  <ele>63.960999</ele>
  <time>2010-07-31T06:26:19Z</time>
</trkpt>
<trkpt lat="53.474571230" lon="49.507968910">
  <ele>63.769001</ele>
  <time>2010-07-31T06:26:20Z</time>
</trkpt>
<trkpt lat="53.474704754" lon="49.508068068">
  <ele>63.595001</ele>
  <time>2010-07-31T06:26:21Z</time>
</trkpt>
<trkpt lat="53.474834422" lon="49.508167226">
  <ele>63.745998</ele>
  <time>2010-07-31T06:26:22Z</time>
</trkpt>
<trkpt lat="53.474964174" lon="49.508270239">
  <ele>63.958000</ele>
  <time>2010-07-31T06:26:23Z</time>
</trkpt>
<trkpt lat="53.475093842" lon="49.508373253">
  <ele>63.713001</ele>
  <time>2010-07-31T06:26:24Z</time>
</trkpt>
<trkpt lat="53.475227365" lon="49.508472411">
  <ele>63.520000</ele>
  <time>2010-07-31T06:26:25Z</time>
</trkpt>
<trkpt lat="53.475357033" lon="49.508571653">
  <ele>63.522999</ele>
  <time>2010-07-31T06:26:26Z</time>
</trkpt>
<trkpt lat="53.475486785" lon="49.508674582">
  <ele>63.358002</ele>
  <time>2010-07-31T06:26:27Z</time>
</trkpt>
<trkpt lat="53.475616453" lon="49.508773824">
  <ele>63.466000</ele>
  <time>2010-07-31T06:26:28Z</time>
</trkpt>
<trkpt lat="53.475746121" lon="49.508869210">
  <ele>63.624001</ele>
  <time>2010-07-31T06:26:29Z</time>
</trkpt>
<trkpt lat="53.475875873" lon="49.508968368">
  <ele>63.604000</ele>
  <time>2010-07-31T06:26:30Z</time>
</trkpt>
<trkpt lat="53.476001769" lon="49.509067526">
  <ele>63.591999</ele>
  <time>2010-07-31T06:26:31Z</time>
</trkpt>
<trkpt lat="53.476127665" lon="49.509162912">
  <ele>63.500000</ele>
  <time>2010-07-31T06:26:32Z</time>
</trkpt>
<trkpt lat="53.476253478" lon="49.509258298">
  <ele>63.625000</ele>
  <time>2010-07-31T06:26:33Z</time>
</trkpt>
<trkpt lat="53.476379374" lon="49.509349829">
  <ele>63.750999</ele>
  <time>2010-07-31T06:26:34Z</time>
</trkpt>
<trkpt lat="53.476501498" lon="49.509441359">
  <ele>64.081001</ele>
  <time>2010-07-31T06:26:35Z</time>
</trkpt>
<trkpt lat="53.476623539" lon="49.509532889">
  <ele>64.029999</ele>
  <time>2010-07-31T06:26:36Z</time>
</trkpt>
<trkpt lat="53.476741808" lon="49.509624504">
  <ele>63.703999</ele>
  <time>2010-07-31T06:26:37Z</time>
</trkpt>
<trkpt lat="53.476860076" lon="49.509716034">
  <ele>63.613998</ele>
  <time>2010-07-31T06:26:38Z</time>
</trkpt>
<trkpt lat="53.476982117" lon="49.509803792">
  <ele>63.681999</ele>
  <time>2010-07-31T06:26:39Z</time>
</trkpt>
<trkpt lat="53.477100385" lon="49.509891551">
  <ele>63.476002</ele>
  <time>2010-07-31T06:26:40Z</time>
</trkpt>
<trkpt lat="53.477218654" lon="49.509979226">
  <ele>63.301998</ele>
  <time>2010-07-31T06:26:41Z</time>
</trkpt>
<trkpt lat="53.477333067" lon="49.510063212">
  <ele>63.213001</ele>
  <time>2010-07-31T06:26:42Z</time>
</trkpt>
<trkpt lat="53.477439852" lon="49.510143260">
  <ele>63.320999</ele>
  <time>2010-07-31T06:26:43Z</time>
</trkpt>
<trkpt lat="53.477539094" lon="49.510215763">
  <ele>63.549000</ele>
  <time>2010-07-31T06:26:44Z</time>
</trkpt>
<trkpt lat="53.477634396" lon="49.510284411">
  <ele>63.460999</ele>
  <time>2010-07-31T06:26:45Z</time>
</trkpt>
<trkpt lat="53.477718383" lon="49.510349287">
  <ele>63.354000</ele>
  <time>2010-07-31T06:26:46Z</time>
</trkpt>
<trkpt lat="53.477802286" lon="49.510410307">
  <ele>63.449001</ele>
  <time>2010-07-31T06:26:47Z</time>
</trkpt>
<trkpt lat="53.477886189" lon="49.510471327">
  <ele>63.639999</ele>
  <time>2010-07-31T06:26:48Z</time>
</trkpt>
<trkpt lat="53.477962464" lon="49.510528576">
  <ele>63.478001</ele>
  <time>2010-07-31T06:26:49Z</time>
</trkpt>
<trkpt lat="53.478046451" lon="49.510585824">
  <ele>63.417999</ele>
  <time>2010-07-31T06:26:50Z</time>
</trkpt>
<trkpt lat="53.478134125" lon="49.510642989">
  <ele>63.255001</ele>
  <time>2010-07-31T06:26:51Z</time>
</trkpt>
<trkpt lat="53.478233367" lon="49.510704009">
  <ele>63.320999</ele>
  <time>2010-07-31T06:26:52Z</time>
</trkpt>
<trkpt lat="53.478340153" lon="49.510765113">
  <ele>63.351002</ele>
  <time>2010-07-31T06:26:53Z</time>
</trkpt>
<trkpt lat="53.478450794" lon="49.510837533">
  <ele>63.341999</ele>
  <time>2010-07-31T06:26:54Z</time>
</trkpt>
<trkpt lat="53.478561435" lon="49.510910036">
  <ele>63.584000</ele>
  <time>2010-07-31T06:26:55Z</time>
</trkpt>
<trkpt lat="53.478668220" lon="49.510986311">
  <ele>63.787998</ele>
  <time>2010-07-31T06:26:56Z</time>
</trkpt>
<trkpt lat="53.478763606" lon="49.511054959">
  <ele>63.855000</ele>
  <time>2010-07-31T06:26:57Z</time>
</trkpt>
<trkpt lat="53.478847509" lon="49.511119835">
  <ele>63.951000</ele>
  <time>2010-07-31T06:26:58Z</time>
</trkpt>
<trkpt lat="53.478920013" lon="49.511173228">
  <ele>63.944000</ele>
  <time>2010-07-31T06:26:59Z</time>
</trkpt>
<trkpt lat="53.478984805" lon="49.511222849">
  <ele>63.723000</ele>
  <time>2010-07-31T06:27:00Z</time>
</trkpt>
<trkpt lat="53.479042053" lon="49.511276241">
  <ele>63.373001</ele>
  <time>2010-07-31T06:27:01Z</time>
</trkpt>
<trkpt lat="53.479095446" lon="49.511325862">
  <ele>63.223999</ele>
  <time>2010-07-31T06:27:02Z</time>
</trkpt>
<trkpt lat="53.479137439" lon="49.511371627">
  <ele>62.972000</ele>
  <time>2010-07-31T06:27:03Z</time>
</trkpt>
<trkpt lat="53.479175577" lon="49.511413537">
  <ele>62.980000</ele>
  <time>2010-07-31T06:27:04Z</time>
</trkpt>
<trkpt lat="53.479209859" lon="49.511451758">
  <ele>62.853001</ele>
  <time>2010-07-31T06:27:05Z</time>
</trkpt>
<trkpt lat="53.479236597" lon="49.511489896">
  <ele>63.133999</ele>
  <time>2010-07-31T06:27:06Z</time>
</trkpt>
<trkpt lat="53.479259480" lon="49.511535661">
  <ele>63.431000</ele>
  <time>2010-07-31T06:27:07Z</time>
</trkpt>
<trkpt lat="53.479282362" lon="49.511573799">
  <ele>64.025002</ele>
  <time>2010-07-31T06:27:08Z</time>
</trkpt>
<trkpt lat="53.479297617" lon="49.511604309">
  <ele>63.804001</ele>
  <time>2010-07-31T06:27:09Z</time>
</trkpt>
<trkpt lat="53.479309101" lon="49.511623420">
  <ele>63.985001</ele>
  <time>2010-07-31T06:27:10Z</time>
</trkpt>
<trkpt lat="53.479316728" lon="49.511631047">
  <ele>63.890999</ele>
  <time>2010-07-31T06:27:11Z</time>
</trkpt>
<trkpt lat="53.479316728" lon="49.511634819">
  <ele>63.838001</ele>
  <time>2010-07-31T06:27:15Z</time>
</trkpt>
<trkpt lat="53.479324356" lon="49.511642447">
  <ele>63.548000</ele>
  <time>2010-07-31T06:27:16Z</time>
</trkpt>
<trkpt lat="53.479339611" lon="49.511672957">
  <ele>63.980999</ele>
  <time>2010-07-31T06:27:17Z</time>
</trkpt>
<trkpt lat="53.479362493" lon="49.511730205">
  <ele>63.998001</ele>
  <time>2010-07-31T06:27:18Z</time>
</trkpt>
<trkpt lat="53.479393004" lon="49.511810336">
  <ele>63.813000</ele>
  <time>2010-07-31T06:27:19Z</time>
</trkpt>
<trkpt lat="53.479427369" lon="49.511901867">
  <ele>63.605999</ele>
  <time>2010-07-31T06:27:20Z</time>
</trkpt>
<trkpt lat="53.479465507" lon="49.512004880">
  <ele>63.653000</ele>
  <time>2010-07-31T06:27:21Z</time>
</trkpt>
<trkpt lat="53.479499789" lon="49.512104038">
  <ele>63.604000</ele>
  <time>2010-07-31T06:27:22Z</time>
</trkpt>
<trkpt lat="53.479545554" lon="49.512199424">
  <ele>63.537998</ele>
  <time>2010-07-31T06:27:23Z</time>
</trkpt>
<trkpt lat="53.479602803" lon="49.512294810">
  <ele>63.514000</ele>
  <time>2010-07-31T06:27:24Z</time>
</trkpt>
<trkpt lat="53.479671450" lon="49.512371086">
  <ele>63.292000</ele>
  <time>2010-07-31T06:27:25Z</time>
</trkpt>
<trkpt lat="53.479763065" lon="49.512424478">
  <ele>63.194000</ele>
  <time>2010-07-31T06:27:26Z</time>
</trkpt>
<trkpt lat="53.479858367" lon="49.512451133">
  <ele>63.007999</ele>
  <time>2010-07-31T06:27:27Z</time>
</trkpt>
<trkpt lat="53.479961380" lon="49.512462616">
  <ele>63.311001</ele>
  <time>2010-07-31T06:27:28Z</time>
</trkpt>
<trkpt lat="53.480072021" lon="49.512466472">
  <ele>63.146999</ele>
  <time>2010-07-31T06:27:29Z</time>
</trkpt>
<trkpt lat="53.480186434" lon="49.512477871">
  <ele>62.507000</ele>
  <time>2010-07-31T06:27:30Z</time>
</trkpt>
<trkpt lat="53.480308559" lon="49.512504609">
  <ele>62.129002</ele>
  <time>2010-07-31T06:27:31Z</time>
</trkpt>
<trkpt lat="53.480430599" lon="49.512542747">
  <ele>61.803001</ele>
  <time>2010-07-31T06:27:32Z</time>
</trkpt>
<trkpt lat="53.480548868" lon="49.512588512">
  <ele>62.062000</ele>
  <time>2010-07-31T06:27:33Z</time>
</trkpt>
<trkpt lat="53.480667137" lon="49.512634277">
  <ele>61.838001</ele>
  <time>2010-07-31T06:27:34Z</time>
</trkpt>
<trkpt lat="53.480781550" lon="49.512695298">
  <ele>62.083000</ele>
  <time>2010-07-31T06:27:35Z</time>
</trkpt>
<trkpt lat="53.480888335" lon="49.512763945">
  <ele>62.205002</ele>
  <time>2010-07-31T06:27:36Z</time>
</trkpt>
<trkpt lat="53.480987577" lon="49.512836449">
  <ele>62.063999</ele>
  <time>2010-07-31T06:27:37Z</time>
</trkpt>
<trkpt lat="53.481082879" lon="49.512905097">
  <ele>62.141998</ele>
  <time>2010-07-31T06:27:38Z</time>
</trkpt>
<trkpt lat="53.481182121" lon="49.512973744">
  <ele>62.035000</ele>
  <time>2010-07-31T06:27:39Z</time>
</trkpt>
<trkpt lat="53.481285134" lon="49.513061503">
  <ele>61.963001</ele>
  <time>2010-07-31T06:27:40Z</time>
</trkpt>
<trkpt lat="53.481369037" lon="49.513107268">
  <ele>61.824001</ele>
  <time>2010-07-31T06:27:41Z</time>
</trkpt>
<trkpt lat="53.481456796" lon="49.513179772">
  <ele>61.778999</ele>
  <time>2010-07-31T06:27:42Z</time>
</trkpt>
<trkpt lat="53.481540699" lon="49.513263674">
  <ele>61.848000</ele>
  <time>2010-07-31T06:27:43Z</time>
</trkpt>
<trkpt lat="53.481613118" lon="49.513340034">
  <ele>62.245998</ele>
  <time>2010-07-31T06:27:44Z</time>
</trkpt>
<trkpt lat="53.481681850" lon="49.513408681">
  <ele>62.530998</ele>
  <time>2010-07-31T06:27:45Z</time>
</trkpt>
<trkpt lat="53.481746642" lon="49.513473473">
  <ele>62.473000</ele>
  <time>2010-07-31T06:27:46Z</time>
</trkpt>
<trkpt lat="53.481803890" lon="49.513534578">
  <ele>62.644001</ele>
  <time>2010-07-31T06:27:47Z</time>
</trkpt>
<trkpt lat="53.481857283" lon="49.513591742">
  <ele>62.803001</ele>
  <time>2010-07-31T06:27:48Z</time>
</trkpt>
<trkpt lat="53.481910676" lon="49.513645135">
  <ele>62.837002</ele>
  <time>2010-07-31T06:27:49Z</time>
</trkpt>
<trkpt lat="53.481952669" lon="49.513694756">
  <ele>62.863998</ele>
  <time>2010-07-31T06:27:50Z</time>
</trkpt>
<trkpt lat="53.481990807" lon="49.513732893">
  <ele>63.099998</ele>
  <time>2010-07-31T06:27:51Z</time>
</trkpt>
<trkpt lat="53.482025173" lon="49.513763404">
  <ele>63.464001</ele>
  <time>2010-07-31T06:27:52Z</time>
</trkpt>
<trkpt lat="53.482055683" lon="49.513790142">
  <ele>64.135002</ele>
  <time>2010-07-31T06:27:53Z</time>
</trkpt>
<trkpt lat="53.482086193" lon="49.513816796">
  <ele>64.553001</ele>
  <time>2010-07-31T06:27:54Z</time>
</trkpt>
<trkpt lat="53.482116703" lon="49.513847390">
  <ele>64.251999</ele>
  <time>2010-07-31T06:27:55Z</time>
</trkpt>
<trkpt lat="53.482154841" lon="49.513881672">
  <ele>64.084999</ele>
  <time>2010-07-31T06:27:56Z</time>
</trkpt>
<trkpt lat="53.482204461" lon="49.513919810">
  <ele>63.973000</ele>
  <time>2010-07-31T06:27:57Z</time>
</trkpt>
<trkpt lat="53.482257854" lon="49.513950320">
  <ele>64.209000</ele>
  <time>2010-07-31T06:27:58Z</time>
</trkpt>
<trkpt lat="53.482315103" lon="49.513980830">
  <ele>64.470001</ele>
  <time>2010-07-31T06:27:59Z</time>
</trkpt>
<trkpt lat="53.482376123" lon="49.514007568">
  <ele>64.323997</ele>
  <time>2010-07-31T06:28:00Z</time>
</trkpt>
<trkpt lat="53.482440915" lon="49.514030451">
  <ele>63.911999</ele>
  <time>2010-07-31T06:28:01Z</time>
</trkpt>
<trkpt lat="53.482513418" lon="49.514057189">
  <ele>63.907001</ele>
  <time>2010-07-31T06:28:02Z</time>
</trkpt>
<trkpt lat="53.482582066" lon="49.514087699">
  <ele>63.855000</ele>
  <time>2010-07-31T06:28:03Z</time>
</trkpt>
<trkpt lat="53.482658425" lon="49.514121981">
  <ele>63.752998</ele>
  <time>2010-07-31T06:28:04Z</time>
</trkpt>
<trkpt lat="53.482738473" lon="49.514171602">
  <ele>63.553001</ele>
  <time>2010-07-31T06:28:05Z</time>
</trkpt>
<trkpt lat="53.482822459" lon="49.514224995">
  <ele>63.558998</ele>
  <time>2010-07-31T06:28:06Z</time>
</trkpt>
<trkpt lat="53.482910134" lon="49.514286015">
  <ele>63.776001</ele>
  <time>2010-07-31T06:28:07Z</time>
</trkpt>
<trkpt lat="53.483001748" lon="49.514350891">
  <ele>63.763000</ele>
  <time>2010-07-31T06:28:08Z</time>
</trkpt>
<trkpt lat="53.483093278" lon="49.514419539">
  <ele>63.721001</ele>
  <time>2010-07-31T06:28:09Z</time>
</trkpt>
<trkpt lat="53.483188665" lon="49.514488187">
  <ele>63.778999</ele>
  <time>2010-07-31T06:28:10Z</time>
</trkpt>
<trkpt lat="53.483291594" lon="49.514564546">
  <ele>63.748001</ele>
  <time>2010-07-31T06:28:11Z</time>
</trkpt>
<trkpt lat="53.483398464" lon="49.514636965">
  <ele>63.782001</ele>
  <time>2010-07-31T06:28:12Z</time>
</trkpt>
<trkpt lat="53.483505249" lon="49.514717096">
  <ele>63.997002</ele>
  <time>2010-07-31T06:28:13Z</time>
</trkpt>
<trkpt lat="53.483615890" lon="49.514797227">
  <ele>64.138000</ele>
  <time>2010-07-31T06:28:14Z</time>
</trkpt>
<trkpt lat="53.483730303" lon="49.514881130">
  <ele>64.071999</ele>
  <time>2010-07-31T06:28:15Z</time>
</trkpt>
<trkpt lat="53.483844716" lon="49.514968889">
  <ele>64.209000</ele>
  <time>2010-07-31T06:28:16Z</time>
</trkpt>
<trkpt lat="53.483962985" lon="49.515056647">
  <ele>64.615997</ele>
  <time>2010-07-31T06:28:17Z</time>
</trkpt>
<trkpt lat="53.484081253" lon="49.515144322">
  <ele>64.581001</ele>
  <time>2010-07-31T06:28:18Z</time>
</trkpt>
<trkpt lat="53.484195750" lon="49.515232081">
  <ele>64.667999</ele>
  <time>2010-07-31T06:28:19Z</time>
</trkpt>
<trkpt lat="53.484317791" lon="49.515323611">
  <ele>64.572998</ele>
  <time>2010-07-31T06:28:20Z</time>
</trkpt>
<trkpt lat="53.484443687" lon="49.515422853">
  <ele>64.795998</ele>
  <time>2010-07-31T06:28:21Z</time>
</trkpt>
<trkpt lat="53.484573355" lon="49.515525782">
  <ele>64.929001</ele>
  <time>2010-07-31T06:28:22Z</time>
</trkpt>
<trkpt lat="53.484710734" lon="49.515632652">
  <ele>64.958000</ele>
  <time>2010-07-31T06:28:23Z</time>
</trkpt>
<trkpt lat="53.484848030" lon="49.515750920">
  <ele>64.849998</ele>
  <time>2010-07-31T06:28:24Z</time>
</trkpt>
<trkpt lat="53.484985325" lon="49.515872961">
  <ele>64.810997</ele>
  <time>2010-07-31T06:28:25Z</time>
</trkpt>
<trkpt lat="53.485126477" lon="49.515998857">
  <ele>64.945999</ele>
  <time>2010-07-31T06:28:26Z</time>
</trkpt>
<trkpt lat="53.485260000" lon="49.516124753">
  <ele>65.111000</ele>
  <time>2010-07-31T06:28:27Z</time>
</trkpt>
<trkpt lat="53.485401152" lon="49.516250649">
  <ele>65.334000</ele>
  <time>2010-07-31T06:28:28Z</time>
</trkpt>
<trkpt lat="53.485542303" lon="49.516380318">
  <ele>65.630997</ele>
  <time>2010-07-31T06:28:29Z</time>
</trkpt>
<trkpt lat="53.485683454" lon="49.516513841">
  <ele>65.869003</ele>
  <time>2010-07-31T06:28:30Z</time>
</trkpt>
<trkpt lat="53.485824605" lon="49.516647365">
  <ele>66.280998</ele>
  <time>2010-07-31T06:28:31Z</time>
</trkpt>
<trkpt lat="53.485961901" lon="49.516784661">
  <ele>66.522003</ele>
  <time>2010-07-31T06:28:32Z</time>
</trkpt>
<trkpt lat="53.486099280" lon="49.516918184">
  <ele>66.913002</ele>
  <time>2010-07-31T06:28:33Z</time>
</trkpt>
<trkpt lat="53.486232720" lon="49.517055480">
  <ele>67.438004</ele>
  <time>2010-07-31T06:28:34Z</time>
</trkpt>
<trkpt lat="53.486370100" lon="49.517192859">
  <ele>68.128998</ele>
  <time>2010-07-31T06:28:35Z</time>
</trkpt>
<trkpt lat="53.486499768" lon="49.517330155">
  <ele>68.473000</ele>
  <time>2010-07-31T06:28:36Z</time>
</trkpt>
<trkpt lat="53.486625664" lon="49.517459907">
  <ele>68.867996</ele>
  <time>2010-07-31T06:28:37Z</time>
</trkpt>
<trkpt lat="53.486755332" lon="49.517593347">
  <ele>69.538002</ele>
  <time>2010-07-31T06:28:38Z</time>
</trkpt>
<trkpt lat="53.486881228" lon="49.517726870">
  <ele>70.038002</ele>
  <time>2010-07-31T06:28:39Z</time>
</trkpt>
<trkpt lat="53.487003352" lon="49.517864250">
  <ele>70.734001</ele>
  <time>2010-07-31T06:28:40Z</time>
</trkpt>
<trkpt lat="53.487129249" lon="49.518001545">
  <ele>71.430000</ele>
  <time>2010-07-31T06:28:41Z</time>
</trkpt>
<trkpt lat="53.487255061" lon="49.518142696">
  <ele>71.919998</ele>
  <time>2010-07-31T06:28:42Z</time>
</trkpt>
<trkpt lat="53.487384813" lon="49.518279992">
  <ele>72.545998</ele>
  <time>2010-07-31T06:28:43Z</time>
</trkpt>
<trkpt lat="53.487510709" lon="49.518424999">
  <ele>73.278999</ele>
  <time>2010-07-31T06:28:44Z</time>
</trkpt>
<trkpt lat="53.487636605" lon="49.518569922">
  <ele>73.925003</ele>
  <time>2010-07-31T06:28:45Z</time>
</trkpt>
<trkpt lat="53.487762418" lon="49.518714929">
  <ele>74.721001</ele>
  <time>2010-07-31T06:28:46Z</time>
</trkpt>
<trkpt lat="53.487888314" lon="49.518856080">
  <ele>75.142998</ele>
  <time>2010-07-31T06:28:47Z</time>
</trkpt>
<trkpt lat="53.488010438" lon="49.519008631">
  <ele>75.794998</ele>
  <time>2010-07-31T06:28:48Z</time>
</trkpt>
<trkpt lat="53.488132479" lon="49.519161265">
  <ele>76.085999</ele>
  <time>2010-07-31T06:28:49Z</time>
</trkpt>
<trkpt lat="53.488258375" lon="49.519317588">
  <ele>76.633003</ele>
  <time>2010-07-31T06:28:50Z</time>
</trkpt>
<trkpt lat="53.488380415" lon="49.519470222">
  <ele>77.258003</ele>
  <time>2010-07-31T06:28:51Z</time>
</trkpt>
<trkpt lat="53.488502540" lon="49.519626629">
  <ele>78.035004</ele>
  <time>2010-07-31T06:28:52Z</time>
</trkpt>
<trkpt lat="53.488624580" lon="49.519783035">
  <ele>78.280998</ele>
  <time>2010-07-31T06:28:53Z</time>
</trkpt>
<trkpt lat="53.488746621" lon="49.519939441">
  <ele>78.778000</ele>
  <time>2010-07-31T06:28:54Z</time>
</trkpt>
<trkpt lat="53.488864889" lon="49.520099619">
  <ele>79.420998</ele>
  <time>2010-07-31T06:28:55Z</time>
</trkpt>
<trkpt lat="53.488986930" lon="49.520259881">
  <ele>79.929001</ele>
  <time>2010-07-31T06:28:56Z</time>
</trkpt>
<trkpt lat="53.489109054" lon="49.520423915">
  <ele>80.552002</ele>
  <time>2010-07-31T06:28:57Z</time>
</trkpt>
<trkpt lat="53.489234950" lon="49.520584093">
  <ele>81.394997</ele>
  <time>2010-07-31T06:28:58Z</time>
</trkpt>
<trkpt lat="53.489353219" lon="49.520748127">
  <ele>81.903000</ele>
  <time>2010-07-31T06:28:59Z</time>
</trkpt>
<trkpt lat="53.489475260" lon="49.520916017">
  <ele>82.492996</ele>
  <time>2010-07-31T06:29:00Z</time>
</trkpt>
<trkpt lat="53.489593528" lon="49.521080051">
  <ele>83.043999</ele>
  <time>2010-07-31T06:29:01Z</time>
</trkpt>
<trkpt lat="53.489711797" lon="49.521247856">
  <ele>83.750000</ele>
  <time>2010-07-31T06:29:02Z</time>
</trkpt>
<trkpt lat="53.489829982" lon="49.521411890">
  <ele>84.114998</ele>
  <time>2010-07-31T06:29:03Z</time>
</trkpt>
<trkpt lat="53.489948250" lon="49.521579780">
  <ele>84.748001</ele>
  <time>2010-07-31T06:29:04Z</time>
</trkpt>
<trkpt lat="53.490070375" lon="49.521743814">
  <ele>85.453003</ele>
  <time>2010-07-31T06:29:05Z</time>
</trkpt>
<trkpt lat="53.490188560" lon="49.521915475">
  <ele>85.939003</ele>
  <time>2010-07-31T06:29:06Z</time>
</trkpt>
<trkpt lat="53.490306828" lon="49.522087136">
  <ele>86.584000</ele>
  <time>2010-07-31T06:29:07Z</time>
</trkpt>
<trkpt lat="53.490425097" lon="49.522258798">
  <ele>87.058998</ele>
  <time>2010-07-31T06:29:08Z</time>
</trkpt>
<trkpt lat="53.490543365" lon="49.522430459">
  <ele>87.681000</ele>
  <time>2010-07-31T06:29:09Z</time>
</trkpt>
<trkpt lat="53.490657778" lon="49.522605892">
  <ele>88.101997</ele>
  <time>2010-07-31T06:29:10Z</time>
</trkpt>
<trkpt lat="53.490772275" lon="49.522785181">
  <ele>88.571999</ele>
  <time>2010-07-31T06:29:11Z</time>
</trkpt>
<trkpt lat="53.490890544" lon="49.522964470">
  <ele>89.114998</ele>
  <time>2010-07-31T06:29:12Z</time>
</trkpt>
<trkpt lat="53.491004957" lon="49.523139987">
  <ele>89.383003</ele>
  <time>2010-07-31T06:29:13Z</time>
</trkpt>
<trkpt lat="53.491123226" lon="49.523326904">
  <ele>89.917999</ele>
  <time>2010-07-31T06:29:14Z</time>
</trkpt>
<trkpt lat="53.491241494" lon="49.523509964">
  <ele>90.470001</ele>
  <time>2010-07-31T06:29:15Z</time>
</trkpt>
<trkpt lat="53.491355907" lon="49.523700736">
  <ele>90.969002</ele>
  <time>2010-07-31T06:29:16Z</time>
</trkpt>
<trkpt lat="53.491466548" lon="49.523887653">
  <ele>91.564003</ele>
  <time>2010-07-31T06:29:17Z</time>
</trkpt>
<trkpt lat="53.491580961" lon="49.524070714">
  <ele>92.137001</ele>
  <time>2010-07-31T06:29:18Z</time>
</trkpt>
<trkpt lat="53.491691602" lon="49.524253858">
  <ele>92.406998</ele>
  <time>2010-07-31T06:29:19Z</time>
</trkpt>
<trkpt lat="53.491806015" lon="49.524436919">
  <ele>92.691002</ele>
  <time>2010-07-31T06:29:20Z</time>
</trkpt>
<trkpt lat="53.491916656" lon="49.524623835">
  <ele>93.139999</ele>
  <time>2010-07-31T06:29:21Z</time>
</trkpt>
<trkpt lat="53.492027298" lon="49.524814608">
  <ele>93.661003</ele>
  <time>2010-07-31T06:29:22Z</time>
</trkpt>
<trkpt lat="53.492141711" lon="49.525005380">
  <ele>94.220001</ele>
  <time>2010-07-31T06:29:23Z</time>
</trkpt>
<trkpt lat="53.492252352" lon="49.525203696">
  <ele>94.734001</ele>
  <time>2010-07-31T06:29:24Z</time>
</trkpt>
<trkpt lat="53.492366765" lon="49.525405867">
  <ele>95.343002</ele>
  <time>2010-07-31T06:29:25Z</time>
</trkpt>
<trkpt lat="53.492477406" lon="49.525615666">
  <ele>95.581001</ele>
  <time>2010-07-31T06:29:26Z</time>
</trkpt>
<trkpt lat="53.492588047" lon="49.525829321">
  <ele>96.009003</ele>
  <time>2010-07-31T06:29:27Z</time>
</trkpt>
<trkpt lat="53.492698688" lon="49.526046747">
  <ele>96.549004</ele>
  <time>2010-07-31T06:29:28Z</time>
</trkpt>
<trkpt lat="53.492813101" lon="49.526268030">
  <ele>97.367996</ele>
  <time>2010-07-31T06:29:29Z</time>
</trkpt>
<trkpt lat="53.492927514" lon="49.526489228">
  <ele>98.162003</ele>
  <time>2010-07-31T06:29:30Z</time>
</trkpt>
<trkpt lat="53.493049638" lon="49.526710510">
  <ele>98.782997</ele>
  <time>2010-07-31T06:29:31Z</time>
</trkpt>
<trkpt lat="53.493171679" lon="49.526939420">
  <ele>99.319000</ele>
  <time>2010-07-31T06:29:32Z</time>
</trkpt>
<trkpt lat="53.493301431" lon="49.527179729">
  <ele>100.087997</ele>
  <time>2010-07-31T06:29:33Z</time>
</trkpt>
<trkpt lat="53.493431099" lon="49.527420038">
  <ele>100.640999</ele>
  <time>2010-07-31T06:29:34Z</time>
</trkpt>
<trkpt lat="53.493564622" lon="49.527667975">
  <ele>101.384003</ele>
  <time>2010-07-31T06:29:35Z</time>
</trkpt>
<trkpt lat="53.493694291" lon="49.527923623">
  <ele>102.000000</ele>
  <time>2010-07-31T06:29:36Z</time>
</trkpt>
<trkpt lat="53.493824042" lon="49.528186815">
  <ele>102.614998</ele>
  <time>2010-07-31T06:29:37Z</time>
</trkpt>
<trkpt lat="53.493953710" lon="49.528453862">
  <ele>103.349998</ele>
  <time>2010-07-31T06:29:38Z</time>
</trkpt>
<trkpt lat="53.494083378" lon="49.528728453">
  <ele>104.066002</ele>
  <time>2010-07-31T06:29:39Z</time>
</trkpt>
<trkpt lat="53.494213130" lon="49.529003128">
  <ele>104.790001</ele>
  <time>2010-07-31T06:29:40Z</time>
</trkpt>
<trkpt lat="53.494339027" lon="49.529277803">
  <ele>105.329002</ele>
  <time>2010-07-31T06:29:41Z</time>
</trkpt>
<trkpt lat="53.494464839" lon="49.529552478">
  <ele>105.866997</ele>
  <time>2010-07-31T06:29:42Z</time>
</trkpt>
<trkpt lat="53.494594591" lon="49.529827153">
  <ele>106.517998</ele>
  <time>2010-07-31T06:29:43Z</time>
</trkpt>
<trkpt lat="53.494720487" lon="49.530105600">
  <ele>107.160004</ele>
  <time>2010-07-31T06:29:44Z</time>
</trkpt>
<trkpt lat="53.494850155" lon="49.530387903">
  <ele>107.838997</ele>
  <time>2010-07-31T06:29:45Z</time>
</trkpt>
<trkpt lat="53.494979823" lon="49.530670205">
  <ele>108.249001</ele>
  <time>2010-07-31T06:29:46Z</time>
</trkpt>
<trkpt lat="53.495109575" lon="49.530948652">
  <ele>108.760002</ele>
  <time>2010-07-31T06:29:47Z</time>
</trkpt>
<trkpt lat="53.495243099" lon="49.531230954">
  <ele>109.487999</ele>
  <time>2010-07-31T06:29:48Z</time>
</trkpt>
<trkpt lat="53.495372767" lon="49.531513173">
  <ele>110.402000</ele>
  <time>2010-07-31T06:29:49Z</time>
</trkpt>
<trkpt lat="53.495506290" lon="49.531795476">
  <ele>111.102997</ele>
  <time>2010-07-31T06:29:50Z</time>
</trkpt>
<trkpt lat="53.495635958" lon="49.532081634">
  <ele>112.050003</ele>
  <time>2010-07-31T06:29:51Z</time>
</trkpt>
<trkpt lat="53.495769482" lon="49.532367708">
  <ele>112.837997</ele>
  <time>2010-07-31T06:29:52Z</time>
</trkpt>
<trkpt lat="53.495899234" lon="49.532653783">
  <ele>113.475998</ele>
  <time>2010-07-31T06:29:53Z</time>
</trkpt>
<trkpt lat="53.496032674" lon="49.532939941">
  <ele>113.975998</ele>
  <time>2010-07-31T06:29:54Z</time>
</trkpt>
<trkpt lat="53.496166198" lon="49.533226015">
  <ele>114.309998</ele>
  <time>2010-07-31T06:29:55Z</time>
</trkpt>
<trkpt lat="53.496295949" lon="49.533515945">
  <ele>114.941002</ele>
  <time>2010-07-31T06:29:56Z</time>
</trkpt>
<trkpt lat="53.496421846" lon="49.533809647">
  <ele>115.573997</ele>
  <time>2010-07-31T06:29:57Z</time>
</trkpt>
<trkpt lat="53.496551514" lon="49.534103433">
  <ele>116.045998</ele>
  <time>2010-07-31T06:29:58Z</time>
</trkpt>
<trkpt lat="53.496681182" lon="49.534400906">
  <ele>116.931000</ele>
  <time>2010-07-31T06:29:59Z</time>
</trkpt>
<trkpt lat="53.496814705" lon="49.534698464">
  <ele>117.602997</ele>
  <time>2010-07-31T06:30:00Z</time>
</trkpt>
<trkpt lat="53.496948229" lon="49.534999877">
  <ele>118.375000</ele>
  <time>2010-07-31T06:30:01Z</time>
</trkpt>
<trkpt lat="53.497085609" lon="49.535297435">
  <ele>119.108002</ele>
  <time>2010-07-31T06:30:02Z</time>
</trkpt>
<trkpt lat="53.497222904" lon="49.535598764">
  <ele>119.760002</ele>
  <time>2010-07-31T06:30:03Z</time>
</trkpt>
<trkpt lat="53.497364055" lon="49.535900094">
  <ele>120.776001</ele>
  <time>2010-07-31T06:30:04Z</time>
</trkpt>
<trkpt lat="53.497505207" lon="49.536201507">
  <ele>121.694000</ele>
  <time>2010-07-31T06:30:05Z</time>
</trkpt>
<trkpt lat="53.497642502" lon="49.536506692">
  <ele>122.894997</ele>
  <time>2010-07-31T06:30:06Z</time>
</trkpt>
<trkpt lat="53.497783653" lon="49.536811793">
  <ele>123.726997</ele>
  <time>2010-07-31T06:30:07Z</time>
</trkpt>
<trkpt lat="53.497928660" lon="49.537120834">
  <ele>124.739998</ele>
  <time>2010-07-31T06:30:08Z</time>
</trkpt>
<trkpt lat="53.498073583" lon="49.537429791">
  <ele>125.309998</ele>
  <time>2010-07-31T06:30:09Z</time>
</trkpt>
<trkpt lat="53.498214735" lon="49.537742604">
  <ele>125.985001</ele>
  <time>2010-07-31T06:30:10Z</time>
</trkpt>
<trkpt lat="53.498355886" lon="49.538051644">
  <ele>126.524002</ele>
  <time>2010-07-31T06:30:11Z</time>
</trkpt>
<trkpt lat="53.498500809" lon="49.538364373">
  <ele>127.075996</ele>
  <time>2010-07-31T06:30:12Z</time>
</trkpt>
<trkpt lat="53.498645816" lon="49.538673414">
  <ele>127.865997</ele>
  <time>2010-07-31T06:30:13Z</time>
</trkpt>
<trkpt lat="53.498794595" lon="49.538974743">
  <ele>128.649994</ele>
  <time>2010-07-31T06:30:14Z</time>
</trkpt>
<trkpt lat="53.498943290" lon="49.539276157">
  <ele>129.565002</ele>
  <time>2010-07-31T06:30:15Z</time>
</trkpt>
<trkpt lat="53.499092069" lon="49.539581258">
  <ele>130.462006</ele>
  <time>2010-07-31T06:30:16Z</time>
</trkpt>
<trkpt lat="53.499237075" lon="49.539890299">
  <ele>131.179001</ele>
  <time>2010-07-31T06:30:17Z</time>
</trkpt>
<trkpt lat="53.499381999" lon="49.540206883">
  <ele>132.162003</ele>
  <time>2010-07-31T06:30:18Z</time>
</trkpt>
<trkpt lat="53.499527005" lon="49.540523551">
  <ele>132.985992</ele>
  <time>2010-07-31T06:30:19Z</time>
</trkpt>
<trkpt lat="53.499671929" lon="49.540843992">
  <ele>133.755997</ele>
  <time>2010-07-31T06:30:20Z</time>
</trkpt>
<trkpt lat="53.499816936" lon="49.541160576">
  <ele>134.524002</ele>
  <time>2010-07-31T06:30:21Z</time>
</trkpt>
<trkpt lat="53.499961859" lon="49.541477244">
  <ele>135.352005</ele>
  <time>2010-07-31T06:30:22Z</time>
</trkpt>
<trkpt lat="53.500106782" lon="49.541797601">
  <ele>136.205994</ele>
  <time>2010-07-31T06:30:23Z</time>
</trkpt>
<trkpt lat="53.500251789" lon="49.542118041">
  <ele>136.695007</ele>
  <time>2010-07-31T06:30:24Z</time>
</trkpt>
<trkpt lat="53.500396712" lon="49.542434709">
  <ele>137.701004</ele>
  <time>2010-07-31T06:30:25Z</time>
</trkpt>
<trkpt lat="53.500545491" lon="49.542755149">
  <ele>138.201996</ele>
  <time>2010-07-31T06:30:26Z</time>
</trkpt>
<trkpt lat="53.500690497" lon="49.543071734">
  <ele>138.546997</ele>
  <time>2010-07-31T06:30:27Z</time>
</trkpt>
<trkpt lat="53.500839192" lon="49.543396030">
  <ele>139.123993</ele>
  <time>2010-07-31T06:30:28Z</time>
</trkpt>
<trkpt lat="53.500984199" lon="49.543716470">
  <ele>139.740005</ele>
  <time>2010-07-31T06:30:29Z</time>
</trkpt>
<trkpt lat="53.501136750" lon="49.544040682">
  <ele>140.421005</ele>
  <time>2010-07-31T06:30:30Z</time>
</trkpt>
<trkpt lat="53.501289384" lon="49.544364894">
  <ele>141.082001</ele>
  <time>2010-07-31T06:30:31Z</time>
</trkpt>
<trkpt lat="53.501438163" lon="49.544692961">
  <ele>141.746002</ele>
  <time>2010-07-31T06:30:32Z</time>
</trkpt>
<trkpt lat="53.501583086" lon="49.545017257">
  <ele>142.078995</ele>
  <time>2010-07-31T06:30:33Z</time>
</trkpt>
<trkpt lat="53.501731865" lon="49.545345325">
  <ele>142.429001</ele>
  <time>2010-07-31T06:30:34Z</time>
</trkpt>
<trkpt lat="53.501876872" lon="49.545681020">
  <ele>142.921005</ele>
  <time>2010-07-31T06:30:35Z</time>
</trkpt>
<trkpt lat="53.502021795" lon="49.546020487">
  <ele>143.095993</ele>
  <time>2010-07-31T06:30:36Z</time>
</trkpt>
<trkpt lat="53.502166718" lon="49.546360038">
  <ele>143.380997</ele>
  <time>2010-07-31T06:30:37Z</time>
</trkpt>
<trkpt lat="53.502319353" lon="49.546691878">
  <ele>143.703003</ele>
  <time>2010-07-31T06:30:38Z</time>
</trkpt>
<trkpt lat="53.502471903" lon="49.547027573">
  <ele>144.162003</ele>
  <time>2010-07-31T06:30:39Z</time>
</trkpt>
<trkpt lat="53.502628310" lon="49.547363268">
  <ele>144.459000</ele>
  <time>2010-07-31T06:30:40Z</time>
</trkpt>
<trkpt lat="53.502788572" lon="49.547702819">
  <ele>144.841995</ele>
  <time>2010-07-31T06:30:41Z</time>
</trkpt>
<trkpt lat="53.502944978" lon="49.548038514">
  <ele>145.380997</ele>
  <time>2010-07-31T06:30:42Z</time>
</trkpt>
<trkpt lat="53.503097529" lon="49.548377981">
  <ele>145.975998</ele>
  <time>2010-07-31T06:30:43Z</time>
</trkpt>
<trkpt lat="53.503253935" lon="49.548713677">
  <ele>145.875000</ele>
  <time>2010-07-31T06:30:44Z</time>
</trkpt>
<trkpt lat="53.503410341" lon="49.549049372">
  <ele>146.367996</ele>
  <time>2010-07-31T06:30:45Z</time>
</trkpt>
<trkpt lat="53.503566748" lon="49.549385067">
  <ele>146.723999</ele>
  <time>2010-07-31T06:30:46Z</time>
</trkpt>
<trkpt lat="53.503723154" lon="49.549720762">
  <ele>147.097000</ele>
  <time>2010-07-31T06:30:47Z</time>
</trkpt>
<trkpt lat="53.503875704" lon="49.550056458">
  <ele>147.470993</ele>
  <time>2010-07-31T06:30:48Z</time>
</trkpt>
<trkpt lat="53.504028339" lon="49.550388297">
  <ele>147.589005</ele>
  <time>2010-07-31T06:30:49Z</time>
</trkpt>
<trkpt lat="53.504184745" lon="49.550723992">
  <ele>147.785995</ele>
  <time>2010-07-31T06:30:50Z</time>
</trkpt>
<trkpt lat="53.504337296" lon="49.551059688">
  <ele>148.061005</ele>
  <time>2010-07-31T06:30:51Z</time>
</trkpt>
<trkpt lat="53.504489930" lon="49.551399238">
  <ele>148.373993</ele>
  <time>2010-07-31T06:30:52Z</time>
</trkpt>
<trkpt lat="53.504642481" lon="49.551738705">
  <ele>148.669006</ele>
  <time>2010-07-31T06:30:53Z</time>
</trkpt>
<trkpt lat="53.504795115" lon="49.552078256">
  <ele>148.968002</ele>
  <time>2010-07-31T06:30:54Z</time>
</trkpt>
<trkpt lat="53.504951438" lon="49.552413952">
  <ele>149.184006</ele>
  <time>2010-07-31T06:30:55Z</time>
</trkpt>
<trkpt lat="53.505104072" lon="49.552749647">
  <ele>149.334000</ele>
  <time>2010-07-31T06:30:56Z</time>
</trkpt>
<trkpt lat="53.505260479" lon="49.553081486">
  <ele>149.522995</ele>
  <time>2010-07-31T06:30:57Z</time>
</trkpt>
<trkpt lat="53.505413029" lon="49.553413410">
  <ele>149.567001</ele>
  <time>2010-07-31T06:30:58Z</time>
</trkpt>
<trkpt lat="53.505565664" lon="49.553741477">
  <ele>149.643005</ele>
  <time>2010-07-31T06:30:59Z</time>
</trkpt>
<trkpt lat="53.505718214" lon="49.554069545">
  <ele>149.369003</ele>
  <time>2010-07-31T06:31:00Z</time>
</trkpt>
<trkpt lat="53.505870849" lon="49.554397613">
  <ele>149.270996</ele>
  <time>2010-07-31T06:31:01Z</time>
</trkpt>
<trkpt lat="53.506023400" lon="49.554725681">
  <ele>149.287003</ele>
  <time>2010-07-31T06:31:02Z</time>
</trkpt>
<trkpt lat="53.506179806" lon="49.555053748">
  <ele>149.212006</ele>
  <time>2010-07-31T06:31:03Z</time>
</trkpt>
<trkpt lat="53.506332356" lon="49.555381816">
  <ele>149.266998</ele>
  <time>2010-07-31T06:31:04Z</time>
</trkpt>
<trkpt lat="53.506484991" lon="49.555709800">
  <ele>149.324997</ele>
  <time>2010-07-31T06:31:05Z</time>
</trkpt>
<trkpt lat="53.506641397" lon="49.556041723">
  <ele>149.529999</ele>
  <time>2010-07-31T06:31:06Z</time>
</trkpt>
<trkpt lat="53.506793948" lon="49.556373563">
  <ele>149.574005</ele>
  <time>2010-07-31T06:31:07Z</time>
</trkpt>
<trkpt lat="53.506946582" lon="49.556705486">
  <ele>149.682999</ele>
  <time>2010-07-31T06:31:08Z</time>
</trkpt>
<trkpt lat="53.507099133" lon="49.557037326">
  <ele>149.483002</ele>
  <time>2010-07-31T06:31:09Z</time>
</trkpt>
<trkpt lat="53.507251767" lon="49.557369249">
  <ele>149.621002</ele>
  <time>2010-07-31T06:31:10Z</time>
</trkpt>
<trkpt lat="53.507400546" lon="49.557704944">
  <ele>149.582993</ele>
  <time>2010-07-31T06:31:11Z</time>
</trkpt>
<trkpt lat="53.507553097" lon="49.558036784">
  <ele>149.630005</ele>
  <time>2010-07-31T06:31:12Z</time>
</trkpt>
<trkpt lat="53.507701876" lon="49.558372479">
  <ele>149.630005</ele>
  <time>2010-07-31T06:31:13Z</time>
</trkpt>
<trkpt lat="53.507850654" lon="49.558712030">
  <ele>149.987000</ele>
  <time>2010-07-31T06:31:14Z</time>
</trkpt>
<trkpt lat="53.507995578" lon="49.559047725">
  <ele>149.886993</ele>
  <time>2010-07-31T06:31:15Z</time>
</trkpt>
<trkpt lat="53.508144356" lon="49.559387192">
  <ele>149.720993</ele>
  <time>2010-07-31T06:31:16Z</time>
</trkpt>
<trkpt lat="53.508289363" lon="49.559726743">
  <ele>149.522995</ele>
  <time>2010-07-31T06:31:17Z</time>
</trkpt>
<trkpt lat="53.508434286" lon="49.560070066">
  <ele>149.494995</ele>
  <time>2010-07-31T06:31:18Z</time>
</trkpt>
<trkpt lat="53.508579293" lon="49.560405761">
  <ele>149.285004</ele>
  <time>2010-07-31T06:31:19Z</time>
</trkpt>
<trkpt lat="53.508724216" lon="49.560741456">
  <ele>149.139999</ele>
  <time>2010-07-31T06:31:20Z</time>
</trkpt>
<trkpt lat="53.508865368" lon="49.561080923">
  <ele>149.266006</ele>
  <time>2010-07-31T06:31:21Z</time>
</trkpt>
<trkpt lat="53.509006519" lon="49.561420474">
  <ele>149.220001</ele>
  <time>2010-07-31T06:31:22Z</time>
</trkpt>
<trkpt lat="53.509143814" lon="49.561763797">
  <ele>148.804993</ele>
  <time>2010-07-31T06:31:23Z</time>
</trkpt>
<trkpt lat="53.509277338" lon="49.562114747">
  <ele>148.815994</ele>
  <time>2010-07-31T06:31:24Z</time>
</trkpt>
<trkpt lat="53.509410862" lon="49.562473325">
  <ele>148.509003</ele>
  <time>2010-07-31T06:31:25Z</time>
</trkpt>
<trkpt lat="53.509540530" lon="49.562831903">
  <ele>148.039001</ele>
  <time>2010-07-31T06:31:26Z</time>
</trkpt>
<trkpt lat="53.509670282" lon="49.563201880">
  <ele>148.011993</ele>
  <time>2010-07-31T06:31:27Z</time>
</trkpt>
<trkpt lat="53.509799950" lon="49.563571941">
  <ele>147.485001</ele>
  <time>2010-07-31T06:31:28Z</time>
</trkpt>
<trkpt lat="53.509921990" lon="49.563949546">
  <ele>147.423004</ele>
  <time>2010-07-31T06:31:29Z</time>
</trkpt>
<trkpt lat="53.510040259" lon="49.564327234">
  <ele>147.335999</ele>
  <time>2010-07-31T06:31:30Z</time>
</trkpt>
<trkpt lat="53.510162383" lon="49.564708695">
  <ele>147.175003</ele>
  <time>2010-07-31T06:31:31Z</time>
</trkpt>
<trkpt lat="53.510284424" lon="49.565090155">
  <ele>146.931000</ele>
  <time>2010-07-31T06:31:32Z</time>
</trkpt>
<trkpt lat="53.510402692" lon="49.565463988">
  <ele>146.623993</ele>
  <time>2010-07-31T06:31:33Z</time>
</trkpt>
<trkpt lat="53.510517105" lon="49.565841677">
  <ele>146.147003</ele>
  <time>2010-07-31T06:31:34Z</time>
</trkpt>
<trkpt lat="53.510631602" lon="49.566223137">
  <ele>145.945999</ele>
  <time>2010-07-31T06:31:35Z</time>
</trkpt>
<trkpt lat="53.510738388" lon="49.566604597">
  <ele>145.511002</ele>
  <time>2010-07-31T06:31:36Z</time>
</trkpt>
<trkpt lat="53.510845173" lon="49.566986058">
  <ele>145.078995</ele>
  <time>2010-07-31T06:31:37Z</time>
</trkpt>
<trkpt lat="53.510948187" lon="49.567371374">
  <ele>144.623993</ele>
  <time>2010-07-31T06:31:38Z</time>
</trkpt>
<trkpt lat="53.511054972" lon="49.567756690">
  <ele>144.261002</ele>
  <time>2010-07-31T06:31:39Z</time>
</trkpt>
<trkpt lat="53.511154214" lon="49.568145778">
  <ele>143.975998</ele>
  <time>2010-07-31T06:31:40Z</time>
</trkpt>
<trkpt lat="53.511253372" lon="49.568534866">
  <ele>143.326996</ele>
  <time>2010-07-31T06:31:41Z</time>
</trkpt>
<trkpt lat="53.511344902" lon="49.568920098">
  <ele>142.880997</ele>
  <time>2010-07-31T06:31:42Z</time>
</trkpt>
<trkpt lat="53.511440288" lon="49.569313042">
  <ele>142.533005</ele>
  <time>2010-07-31T06:31:43Z</time>
</trkpt>
<trkpt lat="53.511531819" lon="49.569709757">
  <ele>142.035004</ele>
  <time>2010-07-31T06:31:44Z</time>
</trkpt>
<trkpt lat="53.511619577" lon="49.570110328">
  <ele>141.393005</ele>
  <time>2010-07-31T06:31:45Z</time>
</trkpt>
<trkpt lat="53.511703480" lon="49.570514672">
  <ele>141.018005</ele>
  <time>2010-07-31T06:31:46Z</time>
</trkpt>
<trkpt lat="53.511779755" lon="49.570915243">
  <ele>140.779007</ele>
  <time>2010-07-31T06:31:47Z</time>
</trkpt>
<trkpt lat="53.511859886" lon="49.571311958">
  <ele>140.410004</ele>
  <time>2010-07-31T06:31:48Z</time>
</trkpt>
<trkpt lat="53.511940017" lon="49.571712529">
  <ele>140.292007</ele>
  <time>2010-07-31T06:31:49Z</time>
</trkpt>
<trkpt lat="53.512016293" lon="49.572113017">
  <ele>140.365005</ele>
  <time>2010-07-31T06:31:50Z</time>
</trkpt>
<trkpt lat="53.512088796" lon="49.572513588">
  <ele>140.084000</ele>
  <time>2010-07-31T06:31:51Z</time>
</trkpt>
<trkpt lat="53.512161216" lon="49.572917931">
  <ele>139.531998</ele>
  <time>2010-07-31T06:31:52Z</time>
</trkpt>
<trkpt lat="53.512229947" lon="49.573322274">
  <ele>139.042999</ele>
  <time>2010-07-31T06:31:53Z</time>
</trkpt>
<trkpt lat="53.512294739" lon="49.573726617">
  <ele>138.871002</ele>
  <time>2010-07-31T06:31:54Z</time>
</trkpt>
<trkpt lat="53.512359615" lon="49.574127188">
  <ele>138.942993</ele>
  <time>2010-07-31T06:31:55Z</time>
</trkpt>
<trkpt lat="53.512428263" lon="49.574531531">
  <ele>138.373001</ele>
  <time>2010-07-31T06:31:56Z</time>
</trkpt>
<trkpt lat="53.512496911" lon="49.574935874">
  <ele>138.552002</ele>
  <time>2010-07-31T06:31:57Z</time>
</trkpt>
<trkpt lat="53.512561787" lon="49.575344073">
  <ele>138.259995</ele>
  <time>2010-07-31T06:31:58Z</time>
</trkpt>
<trkpt lat="53.512619035" lon="49.575752271">
  <ele>137.908997</ele>
  <time>2010-07-31T06:31:59Z</time>
</trkpt>
<trkpt lat="53.512676200" lon="49.576164242">
  <ele>137.673004</ele>
  <time>2010-07-31T06:32:00Z</time>
</trkpt>
<trkpt lat="53.512725821" lon="49.576580068">
  <ele>137.401001</ele>
  <time>2010-07-31T06:32:01Z</time>
</trkpt>
<trkpt lat="53.512775442" lon="49.576999666">
  <ele>136.921997</ele>
  <time>2010-07-31T06:32:02Z</time>
</trkpt>
<trkpt lat="53.512824979" lon="49.577419264">
  <ele>136.710007</ele>
  <time>2010-07-31T06:32:03Z</time>
</trkpt>
<trkpt lat="53.512866972" lon="49.577835090">
  <ele>136.332993</ele>
  <time>2010-07-31T06:32:04Z</time>
</trkpt>
<trkpt lat="53.512908965" lon="49.578243289">
  <ele>136.238998</ele>
  <time>2010-07-31T06:32:05Z</time>
</trkpt>
<trkpt lat="53.512943247" lon="49.578643776">
  <ele>135.878998</ele>
  <time>2010-07-31T06:32:06Z</time>
</trkpt>
<trkpt lat="53.512977613" lon="49.579032864">
  <ele>135.746002</ele>
  <time>2010-07-31T06:32:07Z</time>
</trkpt>
<trkpt lat="53.513008123" lon="49.579402925">
  <ele>135.514008</ele>
  <time>2010-07-31T06:32:08Z</time>
</trkpt>
<trkpt lat="53.513031006" lon="49.579761503">
  <ele>135.246002</ele>
  <time>2010-07-31T06:32:09Z</time>
</trkpt>
<trkpt lat="53.513057744" lon="49.580120081">
  <ele>135.197998</ele>
  <time>2010-07-31T06:32:10Z</time>
</trkpt>
<trkpt lat="53.513080627" lon="49.580467260">
  <ele>135.382996</ele>
  <time>2010-07-31T06:32:11Z</time>
</trkpt>
<trkpt lat="53.513107281" lon="49.580814354">
  <ele>135.509003</ele>
  <time>2010-07-31T06:32:12Z</time>
</trkpt>
<trkpt lat="53.513130164" lon="49.581150049">
  <ele>135.597000</ele>
  <time>2010-07-31T06:32:13Z</time>
</trkpt>
<trkpt lat="53.513149275" lon="49.581489600">
  <ele>135.654007</ele>
  <time>2010-07-31T06:32:14Z</time>
</trkpt>
<trkpt lat="53.513164530" lon="49.581832923">
  <ele>135.559998</ele>
  <time>2010-07-31T06:32:15Z</time>
</trkpt>
<trkpt lat="53.513183556" lon="49.582172390">
  <ele>135.401001</ele>
  <time>2010-07-31T06:32:16Z</time>
</trkpt>
<trkpt lat="53.513195040" lon="49.582511941">
  <ele>134.985001</ele>
  <time>2010-07-31T06:32:17Z</time>
</trkpt>
<trkpt lat="53.513206523" lon="49.582847636">
  <ele>134.757996</ele>
  <time>2010-07-31T06:32:18Z</time>
</trkpt>
<trkpt lat="53.513217922" lon="49.583187103">
  <ele>134.401993</ele>
  <time>2010-07-31T06:32:19Z</time>
</trkpt>
<trkpt lat="53.513225550" lon="49.583541909">
  <ele>134.201996</ele>
  <time>2010-07-31T06:32:20Z</time>
</trkpt>
<trkpt lat="53.513233177" lon="49.583892860">
  <ele>133.778000</ele>
  <time>2010-07-31T06:32:21Z</time>
</trkpt>
<trkpt lat="53.513248432" lon="49.584243810">
  <ele>133.860001</ele>
  <time>2010-07-31T06:32:22Z</time>
</trkpt>
<trkpt lat="53.513256060" lon="49.584583277">
  <ele>133.759003</ele>
  <time>2010-07-31T06:32:23Z</time>
</trkpt>
<trkpt lat="53.513259916" lon="49.584926600">
  <ele>133.744003</ele>
  <time>2010-07-31T06:32:24Z</time>
</trkpt>
<trkpt lat="53.513267543" lon="49.585269922">
  <ele>133.651001</ele>
  <time>2010-07-31T06:32:25Z</time>
</trkpt>
<trkpt lat="53.513275171" lon="49.585628500">
  <ele>133.716003</ele>
  <time>2010-07-31T06:32:26Z</time>
</trkpt>
<trkpt lat="53.513278943" lon="49.585990934">
  <ele>133.526993</ele>
  <time>2010-07-31T06:32:27Z</time>
</trkpt>
<trkpt lat="53.513290426" lon="49.586353283">
  <ele>133.445999</ele>
  <time>2010-07-31T06:32:28Z</time>
</trkpt>
<trkpt lat="53.513301825" lon="49.586727116">
  <ele>133.537994</ele>
  <time>2010-07-31T06:32:29Z</time>
</trkpt>
<trkpt lat="53.513313308" lon="49.587104805">
  <ele>133.425995</ele>
  <time>2010-07-31T06:32:30Z</time>
</trkpt>
<trkpt lat="53.513320936" lon="49.587482493">
  <ele>133.253998</ele>
  <time>2010-07-31T06:32:31Z</time>
</trkpt>
<trkpt lat="53.513328563" lon="49.587860098">
  <ele>133.039001</ele>
  <time>2010-07-31T06:32:32Z</time>
</trkpt>
<trkpt lat="53.513336191" lon="49.588241559">
  <ele>132.910004</ele>
  <time>2010-07-31T06:32:33Z</time>
</trkpt>
<trkpt lat="53.513343818" lon="49.588619247">
  <ele>132.656998</ele>
  <time>2010-07-31T06:32:34Z</time>
</trkpt>
<trkpt lat="53.513351446" lon="49.588996852">
  <ele>132.574997</ele>
  <time>2010-07-31T06:32:35Z</time>
</trkpt>
<trkpt lat="53.513359074" lon="49.589366913">
  <ele>132.091003</ele>
  <time>2010-07-31T06:32:36Z</time>
</trkpt>
<trkpt lat="53.513366701" lon="49.589729346">
  <ele>132.065002</ele>
  <time>2010-07-31T06:32:37Z</time>
</trkpt>
<trkpt lat="53.513374329" lon="49.590087924">
  <ele>132.121002</ele>
  <time>2010-07-31T06:32:38Z</time>
</trkpt>
<trkpt lat="53.513381956" lon="49.590438874">
  <ele>132.130005</ele>
  <time>2010-07-31T06:32:39Z</time>
</trkpt>
<trkpt lat="53.513389584" lon="49.590789825">
  <ele>132.087997</ele>
  <time>2010-07-31T06:32:40Z</time>
</trkpt>
<trkpt lat="53.513397211" lon="49.591133147">
  <ele>131.750000</ele>
  <time>2010-07-31T06:32:41Z</time>
</trkpt>
<trkpt lat="53.513404839" lon="49.591472615">
  <ele>131.639999</ele>
  <time>2010-07-31T06:32:42Z</time>
</trkpt>
<trkpt lat="53.513416322" lon="49.591804538">
  <ele>131.473007</ele>
  <time>2010-07-31T06:32:43Z</time>
</trkpt>
<trkpt lat="53.513420094" lon="49.592121122">
  <ele>131.311005</ele>
  <time>2010-07-31T06:32:44Z</time>
</trkpt>
<trkpt lat="53.513423949" lon="49.592414824">
  <ele>131.145004</ele>
  <time>2010-07-31T06:32:45Z</time>
</trkpt>
<trkpt lat="53.513427721" lon="49.592681872">
  <ele>131.065994</ele>
  <time>2010-07-31T06:32:46Z</time>
</trkpt>
<trkpt lat="53.513431577" lon="49.592933664">
  <ele>130.908005</ele>
  <time>2010-07-31T06:32:47Z</time>
</trkpt>
<trkpt lat="53.513439205" lon="49.593173973">
  <ele>130.716003</ele>
  <time>2010-07-31T06:32:48Z</time>
</trkpt>
<trkpt lat="53.513446832" lon="49.593418138">
  <ele>130.716003</ele>
  <time>2010-07-31T06:32:49Z</time>
</trkpt>
<trkpt lat="53.513450604" lon="49.593666075">
  <ele>130.451004</ele>
  <time>2010-07-31T06:32:50Z</time>
</trkpt>
<trkpt lat="53.513458231" lon="49.593914011">
  <ele>130.352997</ele>
  <time>2010-07-31T06:32:51Z</time>
</trkpt>
<trkpt lat="53.513462087" lon="49.594165804">
  <ele>130.059998</ele>
  <time>2010-07-31T06:32:52Z</time>
</trkpt>
<trkpt lat="53.513469715" lon="49.594417596">
  <ele>129.692993</ele>
  <time>2010-07-31T06:32:53Z</time>
</trkpt>
<trkpt lat="53.513473487" lon="49.594669305">
  <ele>129.166000</ele>
  <time>2010-07-31T06:32:54Z</time>
</trkpt>
<trkpt lat="53.513477342" lon="49.594917325">
  <ele>128.927994</ele>
  <time>2010-07-31T06:32:55Z</time>
</trkpt>
<trkpt lat="53.513484970" lon="49.595161406">
  <ele>128.835999</ele>
  <time>2010-07-31T06:32:56Z</time>
</trkpt>
<trkpt lat="53.513488742" lon="49.595401799">
  <ele>128.876999</ele>
  <time>2010-07-31T06:32:57Z</time>
</trkpt>
<trkpt lat="53.513496369" lon="49.595642108">
  <ele>128.826996</ele>
  <time>2010-07-31T06:32:58Z</time>
</trkpt>
<trkpt lat="53.513500225" lon="49.595882418">
  <ele>128.848999</ele>
  <time>2010-07-31T06:32:59Z</time>
</trkpt>
<trkpt lat="53.513503997" lon="49.596126582">
  <ele>128.949997</ele>
  <time>2010-07-31T06:33:00Z</time>
</trkpt>
<trkpt lat="53.513507852" lon="49.596366892">
  <ele>129.050995</ele>
  <time>2010-07-31T06:33:01Z</time>
</trkpt>
<trkpt lat="53.513511624" lon="49.596614828">
  <ele>128.858994</ele>
  <time>2010-07-31T06:33:02Z</time>
</trkpt>
<trkpt lat="53.513519252" lon="49.596866621">
  <ele>129.031006</ele>
  <time>2010-07-31T06:33:03Z</time>
</trkpt>
<trkpt lat="53.513526879" lon="49.597122185">
  <ele>129.093002</ele>
  <time>2010-07-31T06:33:04Z</time>
</trkpt>
<trkpt lat="53.513534507" lon="49.597381605">
  <ele>128.960007</ele>
  <time>2010-07-31T06:33:05Z</time>
</trkpt>
<trkpt lat="53.513538362" lon="49.597641025">
  <ele>128.714996</ele>
  <time>2010-07-31T06:33:06Z</time>
</trkpt>
<trkpt lat="53.513542134" lon="49.597904216">
  <ele>128.746994</ele>
  <time>2010-07-31T06:33:07Z</time>
</trkpt>
<trkpt lat="53.513542134" lon="49.598175036">
  <ele>128.576004</ele>
  <time>2010-07-31T06:33:08Z</time>
</trkpt>
<trkpt lat="53.513542134" lon="49.598445855">
  <ele>128.550995</ele>
  <time>2010-07-31T06:33:09Z</time>
</trkpt>
<trkpt lat="53.513542134" lon="49.598724386">
  <ele>128.567993</ele>
  <time>2010-07-31T06:33:10Z</time>
</trkpt>
<trkpt lat="53.513545990" lon="49.599002833">
  <ele>128.785004</ele>
  <time>2010-07-31T06:33:11Z</time>
</trkpt>
<trkpt lat="53.513549846" lon="49.599285135">
  <ele>128.755997</ele>
  <time>2010-07-31T06:33:12Z</time>
</trkpt>
<trkpt lat="53.513553618" lon="49.599571209">
  <ele>128.917999</ele>
  <time>2010-07-31T06:33:13Z</time>
</trkpt>
<trkpt lat="53.513561245" lon="49.599853512">
  <ele>128.932007</ele>
  <time>2010-07-31T06:33:14Z</time>
</trkpt>
<trkpt lat="53.513568873" lon="49.600128187">
  <ele>128.932007</ele>
  <time>2010-07-31T06:33:15Z</time>
</trkpt>
<trkpt lat="53.513572728" lon="49.600406634">
  <ele>128.983994</ele>
  <time>2010-07-31T06:33:16Z</time>
</trkpt>
<trkpt lat="53.513580356" lon="49.600685081">
  <ele>129.029007</ele>
  <time>2010-07-31T06:33:17Z</time>
</trkpt>
<trkpt lat="53.513584128" lon="49.600955984">
  <ele>128.871994</ele>
  <time>2010-07-31T06:33:18Z</time>
</trkpt>
<trkpt lat="53.513591755" lon="49.601223031">
  <ele>129.251007</ele>
  <time>2010-07-31T06:33:19Z</time>
</trkpt>
<trkpt lat="53.513595611" lon="49.601486223">
  <ele>129.371002</ele>
  <time>2010-07-31T06:33:20Z</time>
</trkpt>
<trkpt lat="53.513603238" lon="49.601738015">
  <ele>129.414001</ele>
  <time>2010-07-31T06:33:21Z</time>
</trkpt>
<trkpt lat="53.513607010" lon="49.601974469">
  <ele>129.485992</ele>
  <time>2010-07-31T06:33:22Z</time>
</trkpt>
<trkpt lat="53.513614638" lon="49.602195751">
  <ele>129.479996</ele>
  <time>2010-07-31T06:33:23Z</time>
</trkpt>
<trkpt lat="53.513618493" lon="49.602401694">
  <ele>129.397003</ele>
  <time>2010-07-31T06:33:24Z</time>
</trkpt>
<trkpt lat="53.513622265" lon="49.602596322">
  <ele>129.029999</ele>
  <time>2010-07-31T06:33:25Z</time>
</trkpt>
<trkpt lat="53.513629893" lon="49.602790866">
  <ele>128.957001</ele>
  <time>2010-07-31T06:33:26Z</time>
</trkpt>
<trkpt lat="53.513629893" lon="49.602977782">
  <ele>128.766998</ele>
  <time>2010-07-31T06:33:27Z</time>
</trkpt>
<trkpt lat="53.513637520" lon="49.603168471">
  <ele>128.744995</ele>
  <time>2010-07-31T06:33:28Z</time>
</trkpt>
<trkpt lat="53.513641376" lon="49.603359243">
  <ele>128.623993</ele>
  <time>2010-07-31T06:33:29Z</time>
</trkpt>
<trkpt lat="53.513645148" lon="49.603549931">
  <ele>128.488998</ele>
  <time>2010-07-31T06:33:30Z</time>
</trkpt>
<trkpt lat="53.513649004" lon="49.603729220">
  <ele>128.432999</ele>
  <time>2010-07-31T06:33:31Z</time>
</trkpt>
<trkpt lat="53.513652775" lon="49.603893254">
  <ele>128.125000</ele>
  <time>2010-07-31T06:33:32Z</time>
</trkpt>
<trkpt lat="53.513652775" lon="49.604038261">
  <ele>127.905998</ele>
  <time>2010-07-31T06:33:33Z</time>
</trkpt>
<trkpt lat="53.513656631" lon="49.604183184">
  <ele>127.924004</ele>
  <time>2010-07-31T06:33:34Z</time>
</trkpt>
<trkpt lat="53.513656631" lon="49.604316708">
  <ele>127.797997</ele>
  <time>2010-07-31T06:33:35Z</time>
</trkpt>
<trkpt lat="53.513660403" lon="49.604457859">
  <ele>127.870003</ele>
  <time>2010-07-31T06:33:36Z</time>
</trkpt>
<trkpt lat="53.513668031" lon="49.604595155">
  <ele>127.448997</ele>
  <time>2010-07-31T06:33:37Z</time>
</trkpt>
<trkpt lat="53.513671886" lon="49.604736306">
  <ele>127.457001</ele>
  <time>2010-07-31T06:33:38Z</time>
</trkpt>
<trkpt lat="53.513675658" lon="49.604869829">
  <ele>127.350998</ele>
  <time>2010-07-31T06:33:39Z</time>
</trkpt>
<trkpt lat="53.513679514" lon="49.605003353">
  <ele>127.401001</ele>
  <time>2010-07-31T06:33:40Z</time>
</trkpt>
<trkpt lat="53.513679514" lon="49.605136877">
  <ele>127.292000</ele>
  <time>2010-07-31T06:33:41Z</time>
</trkpt>
<trkpt lat="53.513683286" lon="49.605278028">
  <ele>127.352997</ele>
  <time>2010-07-31T06:33:42Z</time>
</trkpt>
<trkpt lat="53.513687141" lon="49.605422951">
  <ele>127.193001</ele>
  <time>2010-07-31T06:33:43Z</time>
</trkpt>
<trkpt lat="53.513690913" lon="49.605567958">
  <ele>127.234001</ele>
  <time>2010-07-31T06:33:44Z</time>
</trkpt>
<trkpt lat="53.513694769" lon="49.605712881">
  <ele>127.364998</ele>
  <time>2010-07-31T06:33:45Z</time>
</trkpt>
<trkpt lat="53.513698541" lon="49.605861660">
  <ele>127.304001</ele>
  <time>2010-07-31T06:33:46Z</time>
</trkpt>
<trkpt lat="53.513698541" lon="49.606002811">
  <ele>126.852997</ele>
  <time>2010-07-31T06:33:47Z</time>
</trkpt>
<trkpt lat="53.513702396" lon="49.606147734">
  <ele>126.619003</ele>
  <time>2010-07-31T06:33:48Z</time>
</trkpt>
<trkpt lat="53.513706168" lon="49.606288886">
  <ele>126.458000</ele>
  <time>2010-07-31T06:33:49Z</time>
</trkpt>
<trkpt lat="53.513706168" lon="49.606426265">
  <ele>126.278000</ele>
  <time>2010-07-31T06:33:50Z</time>
</trkpt>
<trkpt lat="53.513710024" lon="49.606567416">
  <ele>125.960999</ele>
  <time>2010-07-31T06:33:51Z</time>
</trkpt>
<trkpt lat="53.513713796" lon="49.606708568">
  <ele>125.886002</ele>
  <time>2010-07-31T06:33:52Z</time>
</trkpt>
<trkpt lat="53.513717651" lon="49.606842007">
  <ele>125.732002</ele>
  <time>2010-07-31T06:33:53Z</time>
</trkpt>
<trkpt lat="53.513717651" lon="49.606971759">
  <ele>125.924004</ele>
  <time>2010-07-31T06:33:54Z</time>
</trkpt>
<trkpt lat="53.513721507" lon="49.607090028">
  <ele>125.792999</ele>
  <time>2010-07-31T06:33:55Z</time>
</trkpt>
<trkpt lat="53.513725279" lon="49.607204441">
  <ele>125.821999</ele>
  <time>2010-07-31T06:33:56Z</time>
</trkpt>
<trkpt lat="53.513725279" lon="49.607322710">
  <ele>125.681000</ele>
  <time>2010-07-31T06:33:57Z</time>
</trkpt>
<trkpt lat="53.513729135" lon="49.607448606">
  <ele>125.694000</ele>
  <time>2010-07-31T06:33:58Z</time>
</trkpt>
<trkpt lat="53.513729135" lon="49.607589757">
  <ele>125.726997</ele>
  <time>2010-07-31T06:33:59Z</time>
</trkpt>
<trkpt lat="53.513729135" lon="49.607746163">
  <ele>125.707001</ele>
  <time>2010-07-31T06:34:00Z</time>
</trkpt>
<trkpt lat="53.513732906" lon="49.607917825">
  <ele>125.862999</ele>
  <time>2010-07-31T06:34:01Z</time>
</trkpt>
<trkpt lat="53.513736762" lon="49.608104741">
  <ele>125.788002</ele>
  <time>2010-07-31T06:34:02Z</time>
</trkpt>
<trkpt lat="53.513744390" lon="49.608306913">
  <ele>125.778999</ele>
  <time>2010-07-31T06:34:03Z</time>
</trkpt>
<trkpt lat="53.513748161" lon="49.608520484">
  <ele>125.832001</ele>
  <time>2010-07-31T06:34:04Z</time>
</trkpt>
<trkpt lat="53.513755789" lon="49.608749393">
  <ele>125.885002</ele>
  <time>2010-07-31T06:34:05Z</time>
</trkpt>
<trkpt lat="53.513759645" lon="49.608978303">
  <ele>126.003998</ele>
  <time>2010-07-31T06:34:06Z</time>
</trkpt>
<trkpt lat="53.513767272" lon="49.609210985">
  <ele>125.910004</ele>
  <time>2010-07-31T06:34:07Z</time>
</trkpt>
<trkpt lat="53.513774900" lon="49.609455150">
  <ele>125.750000</ele>
  <time>2010-07-31T06:34:08Z</time>
</trkpt>
<trkpt lat="53.513782527" lon="49.609706858">
  <ele>125.724998</ele>
  <time>2010-07-31T06:34:09Z</time>
</trkpt>
<trkpt lat="53.513790155" lon="49.609970134">
  <ele>125.528000</ele>
  <time>2010-07-31T06:34:10Z</time>
</trkpt>
<trkpt lat="53.513793927" lon="49.610233326">
  <ele>125.484001</ele>
  <time>2010-07-31T06:34:11Z</time>
</trkpt>
<trkpt lat="53.513801554" lon="49.610496517">
  <ele>125.776001</ele>
  <time>2010-07-31T06:34:12Z</time>
</trkpt>
<trkpt lat="53.513805410" lon="49.610755937">
  <ele>125.852997</ele>
  <time>2010-07-31T06:34:13Z</time>
</trkpt>
<trkpt lat="53.513813037" lon="49.611011501">
  <ele>126.087997</ele>
  <time>2010-07-31T06:34:14Z</time>
</trkpt>
<trkpt lat="53.513820665" lon="49.611270921">
  <ele>126.189003</ele>
  <time>2010-07-31T06:34:15Z</time>
</trkpt>
<trkpt lat="53.513828292" lon="49.611530341">
  <ele>126.172997</ele>
  <time>2010-07-31T06:34:16Z</time>
</trkpt>
<trkpt lat="53.513832064" lon="49.611789677">
  <ele>126.300003</ele>
  <time>2010-07-31T06:34:17Z</time>
</trkpt>
<trkpt lat="53.513835920" lon="49.612041470">
  <ele>126.447998</ele>
  <time>2010-07-31T06:34:18Z</time>
</trkpt>
<trkpt lat="53.513843548" lon="49.612289406">
  <ele>126.470001</ele>
  <time>2010-07-31T06:34:19Z</time>
</trkpt>
<trkpt lat="53.513847319" lon="49.612533571">
  <ele>126.350998</ele>
  <time>2010-07-31T06:34:20Z</time>
</trkpt>
<trkpt lat="53.513851175" lon="49.612773880">
  <ele>126.045998</ele>
  <time>2010-07-31T06:34:21Z</time>
</trkpt>
<trkpt lat="53.513858803" lon="49.613021817">
  <ele>126.114998</ele>
  <time>2010-07-31T06:34:22Z</time>
</trkpt>
<trkpt lat="53.513866430" lon="49.613273609">
  <ele>126.170998</ele>
  <time>2010-07-31T06:34:23Z</time>
</trkpt>
<trkpt lat="53.513870202" lon="49.613525402">
  <ele>125.987000</ele>
  <time>2010-07-31T06:34:24Z</time>
</trkpt>
<trkpt lat="53.513877830" lon="49.613780966">
  <ele>125.723999</ele>
  <time>2010-07-31T06:34:25Z</time>
</trkpt>
<trkpt lat="53.513881685" lon="49.614036530">
  <ele>125.510002</ele>
  <time>2010-07-31T06:34:26Z</time>
</trkpt>
<trkpt lat="53.513893168" lon="49.614303578">
  <ele>125.450996</ele>
  <time>2010-07-31T06:34:27Z</time>
</trkpt>
<trkpt lat="53.513900796" lon="49.614578253">
  <ele>125.206001</ele>
  <time>2010-07-31T06:34:28Z</time>
</trkpt>
<trkpt lat="53.513908423" lon="49.614860555">
  <ele>125.101997</ele>
  <time>2010-07-31T06:34:29Z</time>
</trkpt>
<trkpt lat="53.513919823" lon="49.615161885">
  <ele>125.282997</ele>
  <time>2010-07-31T06:34:30Z</time>
</trkpt>
<trkpt lat="53.513931306" lon="49.615467070">
  <ele>125.460999</ele>
  <time>2010-07-31T06:34:31Z</time>
</trkpt>
<trkpt lat="53.513946561" lon="49.615783654">
  <ele>125.070999</ele>
  <time>2010-07-31T06:34:32Z</time>
</trkpt>
<trkpt lat="53.513961816" lon="49.616111722">
  <ele>125.125000</ele>
  <time>2010-07-31T06:34:33Z</time>
</trkpt>
<trkpt lat="53.513973216" lon="49.616458900">
  <ele>125.054001</ele>
  <time>2010-07-31T06:34:34Z</time>
</trkpt>
<trkpt lat="53.513988471" lon="49.616821250">
  <ele>124.880997</ele>
  <time>2010-07-31T06:34:35Z</time>
</trkpt>
<trkpt lat="53.513999954" lon="49.617195167">
  <ele>124.625000</ele>
  <time>2010-07-31T06:34:36Z</time>
</trkpt>
<trkpt lat="53.514011353" lon="49.617580399">
  <ele>124.181000</ele>
  <time>2010-07-31T06:34:37Z</time>
</trkpt>
<trkpt lat="53.514022836" lon="49.617980970">
  <ele>123.834999</ele>
  <time>2010-07-31T06:34:38Z</time>
</trkpt>
<trkpt lat="53.514030464" lon="49.618381541">
  <ele>123.454002</ele>
  <time>2010-07-31T06:34:39Z</time>
</trkpt>
<trkpt lat="53.514041863" lon="49.618785884">
  <ele>123.191002</ele>
  <time>2010-07-31T06:34:40Z</time>
</trkpt>
<trkpt lat="53.514053347" lon="49.619193999">
  <ele>122.690002</ele>
  <time>2010-07-31T06:34:41Z</time>
</trkpt>
<trkpt lat="53.514064830" lon="49.619609825">
  <ele>122.905998</ele>
  <time>2010-07-31T06:34:42Z</time>
</trkpt>
<trkpt lat="53.514072457" lon="49.620025652">
  <ele>122.754997</ele>
  <time>2010-07-31T06:34:43Z</time>
</trkpt>
<trkpt lat="53.514080085" lon="49.620445250">
  <ele>122.648003</ele>
  <time>2010-07-31T06:34:44Z</time>
</trkpt>
<trkpt lat="53.514091484" lon="49.620872475">
  <ele>122.066002</ele>
  <time>2010-07-31T06:34:45Z</time>
</trkpt>
<trkpt lat="53.514102967" lon="49.621303556">
  <ele>121.957001</ele>
  <time>2010-07-31T06:34:46Z</time>
</trkpt>
<trkpt lat="53.514110595" lon="49.621730782">
  <ele>121.783997</ele>
  <time>2010-07-31T06:34:47Z</time>
</trkpt>
<trkpt lat="53.514121994" lon="49.622154236">
  <ele>121.014999</ele>
  <time>2010-07-31T06:34:48Z</time>
</trkpt>
<trkpt lat="53.514133478" lon="49.622577690">
  <ele>120.721001</ele>
  <time>2010-07-31T06:34:49Z</time>
</trkpt>
<trkpt lat="53.514137249" lon="49.623001060">
  <ele>120.523003</ele>
  <time>2010-07-31T06:34:50Z</time>
</trkpt>
<trkpt lat="53.514144877" lon="49.623424513">
  <ele>120.283997</ele>
  <time>2010-07-31T06:34:51Z</time>
</trkpt>
<trkpt lat="53.514156360" lon="49.623840339">
  <ele>119.983002</ele>
  <time>2010-07-31T06:34:52Z</time>
</trkpt>
<trkpt lat="53.514163988" lon="49.624252310">
  <ele>119.817001</ele>
  <time>2010-07-31T06:34:53Z</time>
</trkpt>
<trkpt lat="53.514171615" lon="49.624660509">
  <ele>119.547997</ele>
  <time>2010-07-31T06:34:54Z</time>
</trkpt>
<trkpt lat="53.514183015" lon="49.625064852">
  <ele>119.172997</ele>
  <time>2010-07-31T06:34:55Z</time>
</trkpt>
<trkpt lat="53.514190642" lon="49.625473050">
  <ele>119.000000</ele>
  <time>2010-07-31T06:34:56Z</time>
</trkpt>
<trkpt lat="53.514202125" lon="49.625881165">
  <ele>118.910004</ele>
  <time>2010-07-31T06:34:57Z</time>
</trkpt>
<trkpt lat="53.514213525" lon="49.626285592">
  <ele>118.435997</ele>
  <time>2010-07-31T06:34:58Z</time>
</trkpt>
<trkpt lat="53.514225008" lon="49.626689935">
  <ele>118.178001</ele>
  <time>2010-07-31T06:34:59Z</time>
</trkpt>
<trkpt lat="53.514228780" lon="49.627098050">
  <ele>118.011002</ele>
  <time>2010-07-31T06:35:00Z</time>
</trkpt>
<trkpt lat="53.514240263" lon="49.627506249">
  <ele>118.059998</ele>
  <time>2010-07-31T06:35:01Z</time>
</trkpt>
<trkpt lat="53.514251746" lon="49.627910592">
  <ele>117.943001</ele>
  <time>2010-07-31T06:35:02Z</time>
</trkpt>
<trkpt lat="53.514259374" lon="49.628318790">
  <ele>117.583000</ele>
  <time>2010-07-31T06:35:03Z</time>
</trkpt>
<trkpt lat="53.514267001" lon="49.628726989">
  <ele>116.980003</ele>
  <time>2010-07-31T06:35:04Z</time>
</trkpt>
<trkpt lat="53.514278401" lon="49.629135104">
  <ele>116.682999</ele>
  <time>2010-07-31T06:35:05Z</time>
</trkpt>
<trkpt lat="53.514289884" lon="49.629543303">
  <ele>116.541000</ele>
  <time>2010-07-31T06:35:06Z</time>
</trkpt>
<trkpt lat="53.514301283" lon="49.629947646">
  <ele>116.527000</ele>
  <time>2010-07-31T06:35:07Z</time>
</trkpt>
<trkpt lat="53.514308911" lon="49.630359616">
  <ele>116.593002</ele>
  <time>2010-07-31T06:35:08Z</time>
</trkpt>
<trkpt lat="53.514316538" lon="49.630771670">
  <ele>116.237999</ele>
  <time>2010-07-31T06:35:09Z</time>
</trkpt>
<trkpt lat="53.514328022" lon="49.631179785">
  <ele>116.017998</ele>
  <time>2010-07-31T06:35:10Z</time>
</trkpt>
<trkpt lat="53.514335649" lon="49.631591756">
  <ele>115.986000</ele>
  <time>2010-07-31T06:35:11Z</time>
</trkpt>
<trkpt lat="53.514347048" lon="49.632003810">
  <ele>115.938004</ele>
  <time>2010-07-31T06:35:12Z</time>
</trkpt>
<trkpt lat="53.514358532" lon="49.632419553">
  <ele>115.781998</ele>
  <time>2010-07-31T06:35:13Z</time>
</trkpt>
<trkpt lat="53.514366159" lon="49.632839235">
  <ele>115.617996</ele>
  <time>2010-07-31T06:35:14Z</time>
</trkpt>
<trkpt lat="53.514377559" lon="49.633254977">
  <ele>115.725998</ele>
  <time>2010-07-31T06:35:15Z</time>
</trkpt>
<trkpt lat="53.514389042" lon="49.633670803">
  <ele>115.711998</ele>
  <time>2010-07-31T06:35:16Z</time>
</trkpt>
<trkpt lat="53.514400441" lon="49.634086629">
  <ele>115.403999</ele>
  <time>2010-07-31T06:35:17Z</time>
</trkpt>
<trkpt lat="53.514411924" lon="49.634498600">
  <ele>115.614998</ele>
  <time>2010-07-31T06:35:18Z</time>
</trkpt>
<trkpt lat="53.514423408" lon="49.634914426">
  <ele>115.818001</ele>
  <time>2010-07-31T06:35:19Z</time>
</trkpt>
<trkpt lat="53.514434807" lon="49.635334024">
  <ele>116.097000</ele>
  <time>2010-07-31T06:35:20Z</time>
</trkpt>
<trkpt lat="53.514446290" lon="49.635753622">
  <ele>116.622002</ele>
  <time>2010-07-31T06:35:21Z</time>
</trkpt>
<trkpt lat="53.514453918" lon="49.636173220">
  <ele>116.875999</ele>
  <time>2010-07-31T06:35:22Z</time>
</trkpt>
<trkpt lat="53.514461545" lon="49.636592902">
  <ele>117.272003</ele>
  <time>2010-07-31T06:35:23Z</time>
</trkpt>
<trkpt lat="53.514472945" lon="49.637008645">
  <ele>117.688004</ele>
  <time>2010-07-31T06:35:24Z</time>
</trkpt>
<trkpt lat="53.514480572" lon="49.637432098">
  <ele>118.060997</ele>
  <time>2010-07-31T06:35:25Z</time>
</trkpt>
<trkpt lat="53.514492055" lon="49.637855552">
  <ele>118.542999</ele>
  <time>2010-07-31T06:35:26Z</time>
</trkpt>
<trkpt lat="53.514503455" lon="49.638282778">
  <ele>119.083000</ele>
  <time>2010-07-31T06:35:27Z</time>
</trkpt>
<trkpt lat="53.514514938" lon="49.638706231">
  <ele>119.550003</ele>
  <time>2010-07-31T06:35:28Z</time>
</trkpt>
<trkpt lat="53.514526337" lon="49.639133457">
  <ele>120.172997</ele>
  <time>2010-07-31T06:35:29Z</time>
</trkpt>
<trkpt lat="53.514533965" lon="49.639556911">
  <ele>120.447998</ele>
  <time>2010-07-31T06:35:30Z</time>
</trkpt>
<trkpt lat="53.514541592" lon="49.639984136">
  <ele>121.024002</ele>
  <time>2010-07-31T06:35:31Z</time>
</trkpt>
<trkpt lat="53.514553076" lon="49.640411362">
  <ele>121.501999</ele>
  <time>2010-07-31T06:35:32Z</time>
</trkpt>
<trkpt lat="53.514564475" lon="49.640830960">
  <ele>122.024002</ele>
  <time>2010-07-31T06:35:33Z</time>
</trkpt>
<trkpt lat="53.514575958" lon="49.641250642">
  <ele>122.507004</ele>
  <time>2010-07-31T06:35:34Z</time>
</trkpt>
<trkpt lat="53.514583586" lon="49.641670240">
  <ele>122.899002</ele>
  <time>2010-07-31T06:35:35Z</time>
</trkpt>
<trkpt lat="53.514595069" lon="49.642093694">
  <ele>123.503998</ele>
  <time>2010-07-31T06:35:36Z</time>
</trkpt>
<trkpt lat="53.514610324" lon="49.642513292">
  <ele>123.867996</ele>
  <time>2010-07-31T06:35:37Z</time>
</trkpt>
<trkpt lat="53.514621723" lon="49.642925262">
  <ele>124.165001</ele>
  <time>2010-07-31T06:35:38Z</time>
</trkpt>
<trkpt lat="53.514633207" lon="49.643329605">
  <ele>124.125999</ele>
  <time>2010-07-31T06:35:39Z</time>
</trkpt>
<trkpt lat="53.514648462" lon="49.643730177">
  <ele>124.146004</ele>
  <time>2010-07-31T06:35:40Z</time>
</trkpt>
<trkpt lat="53.514659861" lon="49.644130748">
  <ele>124.179001</ele>
  <time>2010-07-31T06:35:41Z</time>
</trkpt>
<trkpt lat="53.514671344" lon="49.644535091">
  <ele>124.052002</ele>
  <time>2010-07-31T06:35:42Z</time>
</trkpt>
<trkpt lat="53.514682744" lon="49.644935578">
  <ele>124.014000</ele>
  <time>2010-07-31T06:35:43Z</time>
</trkpt>
<trkpt lat="53.514694227" lon="49.645336149">
  <ele>124.007004</ele>
  <time>2010-07-31T06:35:44Z</time>
</trkpt>
<trkpt lat="53.514701854" lon="49.645732865">
  <ele>123.809998</ele>
  <time>2010-07-31T06:35:45Z</time>
</trkpt>
<trkpt lat="53.514713254" lon="49.646129580">
  <ele>123.740997</ele>
  <time>2010-07-31T06:35:46Z</time>
</trkpt>
<trkpt lat="53.514724737" lon="49.646522524">
  <ele>123.892998</ele>
  <time>2010-07-31T06:35:47Z</time>
</trkpt>
<trkpt lat="53.514732365" lon="49.646915467">
  <ele>123.760002</ele>
  <time>2010-07-31T06:35:48Z</time>
</trkpt>
<trkpt lat="53.514739992" lon="49.647308327">
  <ele>123.608002</ele>
  <time>2010-07-31T06:35:49Z</time>
</trkpt>
<trkpt lat="53.514747620" lon="49.647705043">
  <ele>123.485001</ele>
  <time>2010-07-31T06:35:50Z</time>
</trkpt>
<trkpt lat="53.514759103" lon="49.648101842">
  <ele>123.282997</ele>
  <time>2010-07-31T06:35:51Z</time>
</trkpt>
<trkpt lat="53.514770502" lon="49.648498558">
  <ele>123.385002</ele>
  <time>2010-07-31T06:35:52Z</time>
</trkpt>
<trkpt lat="53.514781985" lon="49.648899045">
  <ele>123.436996</ele>
  <time>2010-07-31T06:35:53Z</time>
</trkpt>
<trkpt lat="53.514793385" lon="49.649295844">
  <ele>123.150002</ele>
  <time>2010-07-31T06:35:54Z</time>
</trkpt>
<trkpt lat="53.514804868" lon="49.649696331">
  <ele>123.115997</ele>
  <time>2010-07-31T06:35:55Z</time>
</trkpt>
<trkpt lat="53.514816267" lon="49.650100674">
  <ele>123.209000</ele>
  <time>2010-07-31T06:35:56Z</time>
</trkpt>
<trkpt lat="53.514823895" lon="49.650505101">
  <ele>123.129997</ele>
  <time>2010-07-31T06:35:57Z</time>
</trkpt>
<trkpt lat="53.514835378" lon="49.650913216">
  <ele>123.100998</ele>
  <time>2010-07-31T06:35:58Z</time>
</trkpt>
<trkpt lat="53.514846778" lon="49.651325187">
  <ele>123.212997</ele>
  <time>2010-07-31T06:35:59Z</time>
</trkpt>
<trkpt lat="53.514854405" lon="49.651737241">
  <ele>123.112000</ele>
  <time>2010-07-31T06:36:00Z</time>
</trkpt>
<trkpt lat="53.514862033" lon="49.652149212">
  <ele>123.074997</ele>
  <time>2010-07-31T06:36:01Z</time>
</trkpt>
<trkpt lat="53.514873516" lon="49.652565038">
  <ele>122.954002</ele>
  <time>2010-07-31T06:36:02Z</time>
</trkpt>
<trkpt lat="53.514881143" lon="49.652980780">
  <ele>122.931000</ele>
  <time>2010-07-31T06:36:03Z</time>
</trkpt>
<trkpt lat="53.514892543" lon="49.653396606">
  <ele>122.859001</ele>
  <time>2010-07-31T06:36:04Z</time>
</trkpt>
<trkpt lat="53.514904026" lon="49.653820060">
  <ele>123.175003</ele>
  <time>2010-07-31T06:36:05Z</time>
</trkpt>
<trkpt lat="53.514915425" lon="49.654235803">
  <ele>122.986000</ele>
  <time>2010-07-31T06:36:06Z</time>
</trkpt>
<trkpt lat="53.514923137" lon="49.654651629">
  <ele>122.691002</ele>
  <time>2010-07-31T06:36:07Z</time>
</trkpt>
<trkpt lat="53.514934536" lon="49.655075083">
  <ele>122.821999</ele>
  <time>2010-07-31T06:36:08Z</time>
</trkpt>
<trkpt lat="53.514942164" lon="49.655502308">
  <ele>122.774002</ele>
  <time>2010-07-31T06:36:09Z</time>
</trkpt>
<trkpt lat="53.514953647" lon="49.655925762">
  <ele>122.320000</ele>
  <time>2010-07-31T06:36:10Z</time>
</trkpt>
<trkpt lat="53.514965046" lon="49.656352988">
  <ele>122.109001</ele>
  <time>2010-07-31T06:36:11Z</time>
</trkpt>
<trkpt lat="53.514976529" lon="49.656784069">
  <ele>122.153999</ele>
  <time>2010-07-31T06:36:12Z</time>
</trkpt>
<trkpt lat="53.514984157" lon="49.657218922">
  <ele>121.991997</ele>
  <time>2010-07-31T06:36:13Z</time>
</trkpt>
<trkpt lat="53.514984157" lon="49.657657631">
  <ele>121.866997</ele>
  <time>2010-07-31T06:36:14Z</time>
</trkpt>
<trkpt lat="53.514987929" lon="49.658092484">
  <ele>121.867996</ele>
  <time>2010-07-31T06:36:15Z</time>
</trkpt>
<trkpt lat="53.514991784" lon="49.658523565">
  <ele>121.533997</ele>
  <time>2010-07-31T06:36:16Z</time>
</trkpt>
<trkpt lat="53.515003184" lon="49.658962274">
  <ele>121.263000</ele>
  <time>2010-07-31T06:36:17Z</time>
</trkpt>
<trkpt lat="53.515010811" lon="49.659397127">
  <ele>120.956001</ele>
  <time>2010-07-31T06:36:18Z</time>
</trkpt>
<trkpt lat="53.515022295" lon="49.659828208">
  <ele>120.721001</ele>
  <time>2010-07-31T06:36:19Z</time>
</trkpt>
<trkpt lat="53.515029922" lon="49.660251578">
  <ele>120.477997</ele>
  <time>2010-07-31T06:36:20Z</time>
</trkpt>
<trkpt lat="53.515041322" lon="49.660675032">
  <ele>120.290001</ele>
  <time>2010-07-31T06:36:21Z</time>
</trkpt>
<trkpt lat="53.515052805" lon="49.661094630">
  <ele>120.236000</ele>
  <time>2010-07-31T06:36:22Z</time>
</trkpt>
<trkpt lat="53.515060432" lon="49.661510456">
  <ele>120.022003</ele>
  <time>2010-07-31T06:36:23Z</time>
</trkpt>
<trkpt lat="53.515071832" lon="49.661930054">
  <ele>119.778999</ele>
  <time>2010-07-31T06:36:24Z</time>
</trkpt>
<trkpt lat="53.515079459" lon="49.662345881">
  <ele>119.560997</ele>
  <time>2010-07-31T06:36:25Z</time>
</trkpt>
<trkpt lat="53.515090942" lon="49.662761707">
  <ele>119.568001</ele>
  <time>2010-07-31T06:36:26Z</time>
</trkpt>
<trkpt lat="53.515102426" lon="49.663181305">
  <ele>119.245003</ele>
  <time>2010-07-31T06:36:27Z</time>
</trkpt>
<trkpt lat="53.515113825" lon="49.663600903">
  <ele>119.497002</ele>
  <time>2010-07-31T06:36:28Z</time>
</trkpt>
<trkpt lat="53.515121453" lon="49.664020501">
  <ele>119.376999</ele>
  <time>2010-07-31T06:36:29Z</time>
</trkpt>
<trkpt lat="53.515132936" lon="49.664436327">
  <ele>119.327003</ele>
  <time>2010-07-31T06:36:30Z</time>
</trkpt>
<trkpt lat="53.515140563" lon="49.664852154">
  <ele>119.445000</ele>
  <time>2010-07-31T06:36:31Z</time>
</trkpt>
<trkpt lat="53.515148191" lon="49.665271752">
  <ele>119.405998</ele>
  <time>2010-07-31T06:36:32Z</time>
</trkpt>
<trkpt lat="53.515155818" lon="49.665683722">
  <ele>119.212997</ele>
  <time>2010-07-31T06:36:33Z</time>
</trkpt>
<trkpt lat="53.515163446" lon="49.666095693">
  <ele>119.272003</ele>
  <time>2010-07-31T06:36:34Z</time>
</trkpt>
<trkpt lat="53.515174845" lon="49.666511519">
  <ele>119.386002</ele>
  <time>2010-07-31T06:36:35Z</time>
</trkpt>
<trkpt lat="53.515182473" lon="49.666919718">
  <ele>119.656998</ele>
  <time>2010-07-31T06:36:36Z</time>
</trkpt>
<trkpt lat="53.515190100" lon="49.667331688">
  <ele>119.817001</ele>
  <time>2010-07-31T06:36:37Z</time>
</trkpt>
<trkpt lat="53.515201584" lon="49.667736031">
  <ele>119.736000</ele>
  <time>2010-07-31T06:36:38Z</time>
</trkpt>
<trkpt lat="53.515212983" lon="49.668140374">
  <ele>119.607002</ele>
  <time>2010-07-31T06:36:39Z</time>
</trkpt>
<trkpt lat="53.515220610" lon="49.668544801">
  <ele>119.580002</ele>
  <time>2010-07-31T06:36:40Z</time>
</trkpt>
<trkpt lat="53.515228238" lon="49.668949144">
  <ele>119.697998</ele>
  <time>2010-07-31T06:36:41Z</time>
</trkpt>
<trkpt lat="53.515239721" lon="49.669353487">
  <ele>119.786003</ele>
  <time>2010-07-31T06:36:42Z</time>
</trkpt>
<trkpt lat="53.515247349" lon="49.669757830">
  <ele>119.616997</ele>
  <time>2010-07-31T06:36:43Z</time>
</trkpt>
<trkpt lat="53.515254976" lon="49.670162173">
  <ele>119.681999</ele>
  <time>2010-07-31T06:36:44Z</time>
</trkpt>
<trkpt lat="53.515266459" lon="49.670566600">
  <ele>119.987000</ele>
  <time>2010-07-31T06:36:45Z</time>
</trkpt>
<trkpt lat="53.515274087" lon="49.670963315">
  <ele>119.973000</ele>
  <time>2010-07-31T06:36:46Z</time>
</trkpt>
<trkpt lat="53.515281714" lon="49.671367658">
  <ele>120.334999</ele>
  <time>2010-07-31T06:36:47Z</time>
</trkpt>
<trkpt lat="53.515289342" lon="49.671772001">
  <ele>120.704002</ele>
  <time>2010-07-31T06:36:48Z</time>
</trkpt>
<trkpt lat="53.515300741" lon="49.672176344">
  <ele>120.730003</ele>
  <time>2010-07-31T06:36:49Z</time>
</trkpt>
<trkpt lat="53.515308369" lon="49.672584543">
  <ele>120.933998</ele>
  <time>2010-07-31T06:36:50Z</time>
</trkpt>
<trkpt lat="53.515319852" lon="49.672988886">
  <ele>121.077003</ele>
  <time>2010-07-31T06:36:51Z</time>
</trkpt>
<trkpt lat="53.515327480" lon="49.673393229">
  <ele>121.084999</ele>
  <time>2010-07-31T06:36:52Z</time>
</trkpt>
<trkpt lat="53.515335107" lon="49.673801428">
  <ele>121.056999</ele>
  <time>2010-07-31T06:36:53Z</time>
</trkpt>
<trkpt lat="53.515346507" lon="49.674209626">
  <ele>121.400002</ele>
  <time>2010-07-31T06:36:54Z</time>
</trkpt>
<trkpt lat="53.515357990" lon="49.674613969">
  <ele>121.594002</ele>
  <time>2010-07-31T06:36:55Z</time>
</trkpt>
<trkpt lat="53.515369389" lon="49.675022084">
  <ele>121.963997</ele>
  <time>2010-07-31T06:36:56Z</time>
</trkpt>
<trkpt lat="53.515377017" lon="49.675430283">
  <ele>122.288002</ele>
  <time>2010-07-31T06:36:57Z</time>
</trkpt>
<trkpt lat="53.515388500" lon="49.675830854">
  <ele>122.685997</ele>
  <time>2010-07-31T06:36:58Z</time>
</trkpt>
<trkpt lat="53.515396127" lon="49.676235197">
  <ele>122.794998</ele>
  <time>2010-07-31T06:36:59Z</time>
</trkpt>
<trkpt lat="53.515403755" lon="49.676639540">
  <ele>123.029999</ele>
  <time>2010-07-31T06:37:00Z</time>
</trkpt>
<trkpt lat="53.515415154" lon="49.677043883">
  <ele>123.147003</ele>
  <time>2010-07-31T06:37:01Z</time>
</trkpt>
<trkpt lat="53.515426638" lon="49.677444454">
  <ele>123.245003</ele>
  <time>2010-07-31T06:37:02Z</time>
</trkpt>
<trkpt lat="53.515434265" lon="49.677845025">
  <ele>123.482002</ele>
  <time>2010-07-31T06:37:03Z</time>
</trkpt>
<trkpt lat="53.515441893" lon="49.678241741">
  <ele>123.551003</ele>
  <time>2010-07-31T06:37:04Z</time>
</trkpt>
<trkpt lat="53.515453376" lon="49.678638456">
  <ele>123.709999</ele>
  <time>2010-07-31T06:37:05Z</time>
</trkpt>
<trkpt lat="53.515464775" lon="49.679031400">
  <ele>123.831001</ele>
  <time>2010-07-31T06:37:06Z</time>
</trkpt>
<trkpt lat="53.515480030" lon="49.679424260">
  <ele>124.051003</ele>
  <time>2010-07-31T06:37:07Z</time>
</trkpt>
<trkpt lat="53.515491514" lon="49.679820975">
  <ele>124.447998</ele>
  <time>2010-07-31T06:37:08Z</time>
</trkpt>
<trkpt lat="53.515499141" lon="49.680213919">
  <ele>124.785004</ele>
  <time>2010-07-31T06:37:09Z</time>
</trkpt>
<trkpt lat="53.515510540" lon="49.680610634">
  <ele>125.150002</ele>
  <time>2010-07-31T06:37:10Z</time>
</trkpt>
<trkpt lat="53.515518168" lon="49.680999722">
  <ele>124.974998</ele>
  <time>2010-07-31T06:37:11Z</time>
</trkpt>
<trkpt lat="53.515525796" lon="49.681392666">
  <ele>125.073997</ele>
  <time>2010-07-31T06:37:12Z</time>
</trkpt>
<trkpt lat="53.515533423" lon="49.681781754">
  <ele>124.883003</ele>
  <time>2010-07-31T06:37:13Z</time>
</trkpt>
<trkpt lat="53.515544906" lon="49.682170842">
  <ele>125.031998</ele>
  <time>2010-07-31T06:37:14Z</time>
</trkpt>
<trkpt lat="53.515556306" lon="49.682559930">
  <ele>125.052002</ele>
  <time>2010-07-31T06:37:15Z</time>
</trkpt>
<trkpt lat="53.515563933" lon="49.682949102">
  <ele>125.092003</ele>
  <time>2010-07-31T06:37:16Z</time>
</trkpt>
<trkpt lat="53.515571561" lon="49.683338189">
  <ele>125.195000</ele>
  <time>2010-07-31T06:37:17Z</time>
</trkpt>
<trkpt lat="53.515583044" lon="49.683731049">
  <ele>125.498001</ele>
  <time>2010-07-31T06:37:18Z</time>
</trkpt>
<trkpt lat="53.515594443" lon="49.684120137">
  <ele>125.728996</ele>
  <time>2010-07-31T06:37:19Z</time>
</trkpt>
<trkpt lat="53.515605927" lon="49.684513081">
  <ele>125.814003</ele>
  <time>2010-07-31T06:37:20Z</time>
</trkpt>
<trkpt lat="53.515613554" lon="49.684906024">
  <ele>125.927002</ele>
  <time>2010-07-31T06:37:21Z</time>
</trkpt>
<trkpt lat="53.515621182" lon="49.685298884">
  <ele>126.133003</ele>
  <time>2010-07-31T06:37:22Z</time>
</trkpt>
<trkpt lat="53.515632665" lon="49.685691828">
  <ele>126.362000</ele>
  <time>2010-07-31T06:37:23Z</time>
</trkpt>
<trkpt lat="53.515640292" lon="49.686080916">
  <ele>126.401001</ele>
  <time>2010-07-31T06:37:24Z</time>
</trkpt>
<trkpt lat="53.515651692" lon="49.686473859">
  <ele>126.650002</ele>
  <time>2010-07-31T06:37:25Z</time>
</trkpt>
<trkpt lat="53.515655547" lon="49.686866719">
  <ele>126.724998</ele>
  <time>2010-07-31T06:37:26Z</time>
</trkpt>
<trkpt lat="53.515663175" lon="49.687255891">
  <ele>126.699997</ele>
  <time>2010-07-31T06:37:27Z</time>
</trkpt>
<trkpt lat="53.515674574" lon="49.687648751">
  <ele>126.857002</ele>
  <time>2010-07-31T06:37:28Z</time>
</trkpt>
<trkpt lat="53.515682202" lon="49.688041694">
  <ele>127.099998</ele>
  <time>2010-07-31T06:37:29Z</time>
</trkpt>
<trkpt lat="53.515689829" lon="49.688442266">
  <ele>127.404999</ele>
  <time>2010-07-31T06:37:30Z</time>
</trkpt>
<trkpt lat="53.515701313" lon="49.688838981">
  <ele>127.573997</ele>
  <time>2010-07-31T06:37:31Z</time>
</trkpt>
<trkpt lat="53.515705084" lon="49.689235697">
  <ele>127.822998</ele>
  <time>2010-07-31T06:37:32Z</time>
</trkpt>
<trkpt lat="53.515716568" lon="49.689636268">
  <ele>127.824997</ele>
  <time>2010-07-31T06:37:33Z</time>
</trkpt>
<trkpt lat="53.515724195" lon="49.690036755">
  <ele>127.830002</ele>
  <time>2010-07-31T06:37:34Z</time>
</trkpt>
<trkpt lat="53.515731823" lon="49.690433471">
  <ele>127.916000</ele>
  <time>2010-07-31T06:37:35Z</time>
</trkpt>
<trkpt lat="53.515743222" lon="49.690837897">
  <ele>128.011002</ele>
  <time>2010-07-31T06:37:36Z</time>
</trkpt>
<trkpt lat="53.515754705" lon="49.691238385">
  <ele>128.001007</ele>
  <time>2010-07-31T06:37:37Z</time>
</trkpt>
<trkpt lat="53.515762333" lon="49.691642728">
  <ele>128.091995</ele>
  <time>2010-07-31T06:37:38Z</time>
</trkpt>
<trkpt lat="53.515769960" lon="49.692047155">
  <ele>127.985001</ele>
  <time>2010-07-31T06:37:39Z</time>
</trkpt>
<trkpt lat="53.515781444" lon="49.692451498">
  <ele>128.018997</ele>
  <time>2010-07-31T06:37:40Z</time>
</trkpt>
<trkpt lat="53.515789071" lon="49.692855841">
  <ele>128.089996</ele>
  <time>2010-07-31T06:37:41Z</time>
</trkpt>
<trkpt lat="53.515796699" lon="49.693260184">
  <ele>128.520004</ele>
  <time>2010-07-31T06:37:42Z</time>
</trkpt>
<trkpt lat="53.515808098" lon="49.693664527">
  <ele>129.095001</ele>
  <time>2010-07-31T06:37:43Z</time>
</trkpt>
<trkpt lat="53.515819581" lon="49.694061242">
  <ele>129.177994</ele>
  <time>2010-07-31T06:37:44Z</time>
</trkpt>
<trkpt lat="53.515827209" lon="49.694465669">
  <ele>129.548004</ele>
  <time>2010-07-31T06:37:45Z</time>
</trkpt>
<trkpt lat="53.515838608" lon="49.694870012">
  <ele>129.727005</ele>
  <time>2010-07-31T06:37:46Z</time>
</trkpt>
<trkpt lat="53.515850091" lon="49.695270499">
  <ele>130.169006</ele>
  <time>2010-07-31T06:37:47Z</time>
</trkpt>
<trkpt lat="53.515857719" lon="49.695667299">
  <ele>130.386002</ele>
  <time>2010-07-31T06:37:48Z</time>
</trkpt>
<trkpt lat="53.515865346" lon="49.696067786">
  <ele>130.701996</ele>
  <time>2010-07-31T06:37:49Z</time>
</trkpt>
<trkpt lat="53.515872974" lon="49.696468357">
  <ele>131.190002</ele>
  <time>2010-07-31T06:37:50Z</time>
</trkpt>
<trkpt lat="53.515880601" lon="49.696865072">
  <ele>131.429993</ele>
  <time>2010-07-31T06:37:51Z</time>
</trkpt>
<trkpt lat="53.515892001" lon="49.697261788">
  <ele>131.910995</ele>
  <time>2010-07-31T06:37:52Z</time>
</trkpt>
<trkpt lat="53.515903484" lon="49.697658503">
  <ele>132.328995</ele>
  <time>2010-07-31T06:37:53Z</time>
</trkpt>
<trkpt lat="53.515914883" lon="49.698051447">
  <ele>132.682007</ele>
  <time>2010-07-31T06:37:54Z</time>
</trkpt>
<trkpt lat="53.515926367" lon="49.698440535">
  <ele>133.138000</ele>
  <time>2010-07-31T06:37:55Z</time>
</trkpt>
<trkpt lat="53.515933994" lon="49.698829623">
  <ele>133.492004</ele>
  <time>2010-07-31T06:37:56Z</time>
</trkpt>
<trkpt lat="53.515945394" lon="49.699218711">
  <ele>133.897995</ele>
  <time>2010-07-31T06:37:57Z</time>
</trkpt>
<trkpt lat="53.515953105" lon="49.699611655">
  <ele>134.134995</ele>
  <time>2010-07-31T06:37:58Z</time>
</trkpt>
<trkpt lat="53.515964504" lon="49.699996971">
  <ele>134.475998</ele>
  <time>2010-07-31T06:37:59Z</time>
</trkpt>
<trkpt lat="53.515975988" lon="49.700389830">
  <ele>134.945999</ele>
  <time>2010-07-31T06:38:00Z</time>
</trkpt>
<trkpt lat="53.515983615" lon="49.700775146">
  <ele>135.110001</ele>
  <time>2010-07-31T06:38:01Z</time>
</trkpt>
<trkpt lat="53.515995014" lon="49.701168090">
  <ele>135.542999</ele>
  <time>2010-07-31T06:38:02Z</time>
</trkpt>
<trkpt lat="53.516002642" lon="49.701560950">
  <ele>136.061005</ele>
  <time>2010-07-31T06:38:03Z</time>
</trkpt>
<trkpt lat="53.516010270" lon="49.701950038">
  <ele>136.404999</ele>
  <time>2010-07-31T06:38:04Z</time>
</trkpt>
<trkpt lat="53.516021753" lon="49.702335354">
  <ele>137.001999</ele>
  <time>2010-07-31T06:38:05Z</time>
</trkpt>
<trkpt lat="53.516033152" lon="49.702728298">
  <ele>137.483994</ele>
  <time>2010-07-31T06:38:06Z</time>
</trkpt>
<trkpt lat="53.516040780" lon="49.703121157">
  <ele>138.188995</ele>
  <time>2010-07-31T06:38:07Z</time>
</trkpt>
<trkpt lat="53.516048407" lon="49.703510245">
  <ele>138.835007</ele>
  <time>2010-07-31T06:38:08Z</time>
</trkpt>
<trkpt lat="53.516059890" lon="49.703903189">
  <ele>139.335007</ele>
  <time>2010-07-31T06:38:09Z</time>
</trkpt>
<trkpt lat="53.516067518" lon="49.704296133">
  <ele>139.735992</ele>
  <time>2010-07-31T06:38:10Z</time>
</trkpt>
<trkpt lat="53.516075145" lon="49.704685220">
  <ele>139.975998</ele>
  <time>2010-07-31T06:38:11Z</time>
</trkpt>
<trkpt lat="53.516086545" lon="49.705066681">
  <ele>140.302002</ele>
  <time>2010-07-31T06:38:12Z</time>
</trkpt>
<trkpt lat="53.516090401" lon="49.705455769">
  <ele>140.470993</ele>
  <time>2010-07-31T06:38:13Z</time>
</trkpt>
<trkpt lat="53.516101800" lon="49.705841085">
  <ele>140.929993</ele>
  <time>2010-07-31T06:38:14Z</time>
</trkpt>
<trkpt lat="53.516109427" lon="49.706226317">
  <ele>141.097000</ele>
  <time>2010-07-31T06:38:15Z</time>
</trkpt>
<trkpt lat="53.516117055" lon="49.706607778">
  <ele>141.205994</ele>
  <time>2010-07-31T06:38:16Z</time>
</trkpt>
<trkpt lat="53.516128538" lon="49.706989322">
  <ele>141.317993</ele>
  <time>2010-07-31T06:38:17Z</time>
</trkpt>
<trkpt lat="53.516132394" lon="49.707370782">
  <ele>141.694000</ele>
  <time>2010-07-31T06:38:18Z</time>
</trkpt>
<trkpt lat="53.516140021" lon="49.707748387">
  <ele>141.714005</ele>
  <time>2010-07-31T06:38:19Z</time>
</trkpt>
<trkpt lat="53.516151421" lon="49.708129847">
  <ele>142.076004</ele>
  <time>2010-07-31T06:38:20Z</time>
</trkpt>
<trkpt lat="53.516162904" lon="49.708507536">
  <ele>142.496994</ele>
  <time>2010-07-31T06:38:21Z</time>
</trkpt>
<trkpt lat="53.516166676" lon="49.708885225">
  <ele>142.658997</ele>
  <time>2010-07-31T06:38:22Z</time>
</trkpt>
<trkpt lat="53.516178159" lon="49.709266685">
  <ele>142.563004</ele>
  <time>2010-07-31T06:38:23Z</time>
</trkpt>
<trkpt lat="53.516185787" lon="49.709644290">
  <ele>142.544006</ele>
  <time>2010-07-31T06:38:24Z</time>
</trkpt>
<trkpt lat="53.516193414" lon="49.710025750">
  <ele>142.626999</ele>
  <time>2010-07-31T06:38:25Z</time>
</trkpt>
<trkpt lat="53.516201042" lon="49.710407294">
  <ele>142.820999</ele>
  <time>2010-07-31T06:38:26Z</time>
</trkpt>
<trkpt lat="53.516208669" lon="49.710788755">
  <ele>143.033005</ele>
  <time>2010-07-31T06:38:27Z</time>
</trkpt>
<trkpt lat="53.516220069" lon="49.711173987">
  <ele>143.464996</ele>
  <time>2010-07-31T06:38:28Z</time>
</trkpt>
<trkpt lat="53.516227696" lon="49.711555447">
  <ele>143.949997</ele>
  <time>2010-07-31T06:38:29Z</time>
</trkpt>
<trkpt lat="53.516239179" lon="49.711936992">
  <ele>144.076996</ele>
  <time>2010-07-31T06:38:30Z</time>
</trkpt>
<trkpt lat="53.516250579" lon="49.712318452">
  <ele>144.350998</ele>
  <time>2010-07-31T06:38:31Z</time>
</trkpt>
<trkpt lat="53.516262062" lon="49.712703684">
  <ele>144.511993</ele>
  <time>2010-07-31T06:38:32Z</time>
</trkpt>
<trkpt lat="53.516273461" lon="49.713092772">
  <ele>144.791000</ele>
  <time>2010-07-31T06:38:33Z</time>
</trkpt>
<trkpt lat="53.516281089" lon="49.713478088">
  <ele>145.054001</ele>
  <time>2010-07-31T06:38:34Z</time>
</trkpt>
<trkpt lat="53.516288716" lon="49.713863404">
  <ele>145.593994</ele>
  <time>2010-07-31T06:38:35Z</time>
</trkpt>
<trkpt lat="53.516300200" lon="49.714252492">
  <ele>145.791000</ele>
  <time>2010-07-31T06:38:36Z</time>
</trkpt>
<trkpt lat="53.516307827" lon="49.714641580">
  <ele>146.257004</ele>
  <time>2010-07-31T06:38:37Z</time>
</trkpt>
<trkpt lat="53.516315455" lon="49.715034524">
  <ele>146.509003</ele>
  <time>2010-07-31T06:38:38Z</time>
</trkpt>
<trkpt lat="53.516326938" lon="49.715423612">
  <ele>146.742996</ele>
  <time>2010-07-31T06:38:39Z</time>
</trkpt>
<trkpt lat="53.516338337" lon="49.715812700">
  <ele>146.779999</ele>
  <time>2010-07-31T06:38:40Z</time>
</trkpt>
<trkpt lat="53.516345965" lon="49.716201788">
  <ele>146.563004</ele>
  <time>2010-07-31T06:38:41Z</time>
</trkpt>
<trkpt lat="53.516353592" lon="49.716587104">
  <ele>146.371994</ele>
  <time>2010-07-31T06:38:42Z</time>
</trkpt>
<trkpt lat="53.516361220" lon="49.716968564">
  <ele>146.615997</ele>
  <time>2010-07-31T06:38:43Z</time>
</trkpt>
<trkpt lat="53.516368847" lon="49.717350025">
  <ele>146.944000</ele>
  <time>2010-07-31T06:38:44Z</time>
</trkpt>
<trkpt lat="53.516376475" lon="49.717723858">
  <ele>147.001999</ele>
  <time>2010-07-31T06:38:45Z</time>
</trkpt>
<trkpt lat="53.516384102" lon="49.718105318">
  <ele>147.085007</ele>
  <time>2010-07-31T06:38:46Z</time>
</trkpt>
<trkpt lat="53.516391730" lon="49.718486778">
  <ele>147.126999</ele>
  <time>2010-07-31T06:38:47Z</time>
</trkpt>
<trkpt lat="53.516403213" lon="49.718868239">
  <ele>147.065994</ele>
  <time>2010-07-31T06:38:48Z</time>
</trkpt>
<trkpt lat="53.516410841" lon="49.719245927">
  <ele>147.166000</ele>
  <time>2010-07-31T06:38:49Z</time>
</trkpt>
<trkpt lat="53.516418468" lon="49.719627388">
  <ele>147.445999</ele>
  <time>2010-07-31T06:38:50Z</time>
</trkpt>
<trkpt lat="53.516426096" lon="49.720012704">
  <ele>147.591003</ele>
  <time>2010-07-31T06:38:51Z</time>
</trkpt>
<trkpt lat="53.516433723" lon="49.720401792">
  <ele>147.744995</ele>
  <time>2010-07-31T06:38:52Z</time>
</trkpt>
<trkpt lat="53.516445123" lon="49.720787024">
  <ele>147.731995</ele>
  <time>2010-07-31T06:38:53Z</time>
</trkpt>
<trkpt lat="53.516452750" lon="49.721179968">
  <ele>148.085999</ele>
  <time>2010-07-31T06:38:54Z</time>
</trkpt>
<trkpt lat="53.516460378" lon="49.721576683">
  <ele>148.220001</ele>
  <time>2010-07-31T06:38:55Z</time>
</trkpt>
<trkpt lat="53.516471861" lon="49.721984882">
  <ele>148.397995</ele>
  <time>2010-07-31T06:38:56Z</time>
</trkpt>
<trkpt lat="53.516479488" lon="49.722392997">
  <ele>148.841003</ele>
  <time>2010-07-31T06:38:57Z</time>
</trkpt>
<trkpt lat="53.516487116" lon="49.722805051">
  <ele>148.852005</ele>
  <time>2010-07-31T06:38:58Z</time>
</trkpt>
<trkpt lat="53.516498599" lon="49.723224649">
  <ele>149.048996</ele>
  <time>2010-07-31T06:38:59Z</time>
</trkpt>
<trkpt lat="53.516509999" lon="49.723640475">
  <ele>149.330002</ele>
  <time>2010-07-31T06:39:00Z</time>
</trkpt>
<trkpt lat="53.516517626" lon="49.724060073">
  <ele>149.641006</ele>
  <time>2010-07-31T06:39:01Z</time>
</trkpt>
<trkpt lat="53.516525254" lon="49.724479672">
  <ele>149.953003</ele>
  <time>2010-07-31T06:39:02Z</time>
</trkpt>
<trkpt lat="53.516536737" lon="49.724891642">
  <ele>149.906006</ele>
  <time>2010-07-31T06:39:03Z</time>
</trkpt>
<trkpt lat="53.516548136" lon="49.725307468">
  <ele>150.132004</ele>
  <time>2010-07-31T06:39:04Z</time>
</trkpt>
<trkpt lat="53.516555764" lon="49.725723295">
  <ele>150.406006</ele>
  <time>2010-07-31T06:39:05Z</time>
</trkpt>
<trkpt lat="53.516563391" lon="49.726135265">
  <ele>150.919006</ele>
  <time>2010-07-31T06:39:06Z</time>
</trkpt>
<trkpt lat="53.516574875" lon="49.726551091">
  <ele>151.328995</ele>
  <time>2010-07-31T06:39:07Z</time>
</trkpt>
<trkpt lat="53.516586274" lon="49.726966834">
  <ele>151.826996</ele>
  <time>2010-07-31T06:39:08Z</time>
</trkpt>
<trkpt lat="53.516597757" lon="49.727378804">
  <ele>152.296997</ele>
  <time>2010-07-31T06:39:09Z</time>
</trkpt>
<trkpt lat="53.516609157" lon="49.727794630">
  <ele>152.701996</ele>
  <time>2010-07-31T06:39:10Z</time>
</trkpt>
<trkpt lat="53.516620640" lon="49.728206601">
  <ele>152.869995</ele>
  <time>2010-07-31T06:39:11Z</time>
</trkpt>
<trkpt lat="53.516628267" lon="49.728626283">
  <ele>153.608002</ele>
  <time>2010-07-31T06:39:12Z</time>
</trkpt>
<trkpt lat="53.516639750" lon="49.729038253">
  <ele>153.783005</ele>
  <time>2010-07-31T06:39:13Z</time>
</trkpt>
<trkpt lat="53.516647378" lon="49.729450224">
  <ele>154.179001</ele>
  <time>2010-07-31T06:39:14Z</time>
</trkpt>
<trkpt lat="53.516655006" lon="49.729858423">
  <ele>154.636002</ele>
  <time>2010-07-31T06:39:15Z</time>
</trkpt>
<trkpt lat="53.516666405" lon="49.730266538">
  <ele>155.222000</ele>
  <time>2010-07-31T06:39:16Z</time>
</trkpt>
<trkpt lat="53.516674032" lon="49.730670964">
  <ele>155.645996</ele>
  <time>2010-07-31T06:39:17Z</time>
</trkpt>
<trkpt lat="53.516681660" lon="49.731075307">
  <ele>156.056000</ele>
  <time>2010-07-31T06:39:18Z</time>
</trkpt>
<trkpt lat="53.516693143" lon="49.731483422">
  <ele>156.268005</ele>
  <time>2010-07-31T06:39:19Z</time>
</trkpt>
<trkpt lat="53.516696915" lon="49.731887849">
  <ele>156.552994</ele>
  <time>2010-07-31T06:39:20Z</time>
</trkpt>
<trkpt lat="53.516708398" lon="49.732292192">
  <ele>156.811005</ele>
  <time>2010-07-31T06:39:21Z</time>
</trkpt>
<trkpt lat="53.516716026" lon="49.732696535">
  <ele>157.223999</ele>
  <time>2010-07-31T06:39:22Z</time>
</trkpt>
<trkpt lat="53.516723653" lon="49.733097106">
  <ele>157.541000</ele>
  <time>2010-07-31T06:39:23Z</time>
</trkpt>
<trkpt lat="53.516731281" lon="49.733501449">
  <ele>157.957001</ele>
  <time>2010-07-31T06:39:24Z</time>
</trkpt>
<trkpt lat="53.516738908" lon="49.733901937">
  <ele>158.098999</ele>
  <time>2010-07-31T06:39:25Z</time>
</trkpt>
<trkpt lat="53.516746536" lon="49.734306363">
  <ele>158.231995</ele>
  <time>2010-07-31T06:39:26Z</time>
</trkpt>
<trkpt lat="53.516757935" lon="49.734710706">
  <ele>158.363007</ele>
  <time>2010-07-31T06:39:27Z</time>
</trkpt>
<trkpt lat="53.516761791" lon="49.735115049">
  <ele>158.554993</ele>
  <time>2010-07-31T06:39:28Z</time>
</trkpt>
<trkpt lat="53.516773190" lon="49.735519392">
  <ele>158.789993</ele>
  <time>2010-07-31T06:39:29Z</time>
</trkpt>
<trkpt lat="53.516784674" lon="49.735919964">
  <ele>158.936996</ele>
  <time>2010-07-31T06:39:30Z</time>
</trkpt>
<trkpt lat="53.516792301" lon="49.736328162">
  <ele>158.951996</ele>
  <time>2010-07-31T06:39:31Z</time>
</trkpt>
<trkpt lat="53.516799929" lon="49.736736277">
  <ele>158.919006</ele>
  <time>2010-07-31T06:39:32Z</time>
</trkpt>
<trkpt lat="53.516807556" lon="49.737144476">
  <ele>158.841003</ele>
  <time>2010-07-31T06:39:33Z</time>
</trkpt>
<trkpt lat="53.516819039" lon="49.737548819">
  <ele>158.824997</ele>
  <time>2010-07-31T06:39:34Z</time>
</trkpt>
<trkpt lat="53.516826667" lon="49.737957017">
  <ele>158.774002</ele>
  <time>2010-07-31T06:39:35Z</time>
</trkpt>
<trkpt lat="53.516830439" lon="49.738368988">
  <ele>158.955002</ele>
  <time>2010-07-31T06:39:36Z</time>
</trkpt>
<trkpt lat="53.516841922" lon="49.738780959">
  <ele>159.119995</ele>
  <time>2010-07-31T06:39:37Z</time>
</trkpt>
<trkpt lat="53.516849549" lon="49.739189157">
  <ele>159.143005</ele>
  <time>2010-07-31T06:39:38Z</time>
</trkpt>
<trkpt lat="53.516857177" lon="49.739601128">
  <ele>159.324997</ele>
  <time>2010-07-31T06:39:39Z</time>
</trkpt>
<trkpt lat="53.516864805" lon="49.740009326">
  <ele>159.671997</ele>
  <time>2010-07-31T06:39:40Z</time>
</trkpt>
<trkpt lat="53.516872432" lon="49.740417441">
  <ele>160.195999</ele>
  <time>2010-07-31T06:39:41Z</time>
</trkpt>
<trkpt lat="53.516880060" lon="49.740829496">
  <ele>160.223999</ele>
  <time>2010-07-31T06:39:42Z</time>
</trkpt>
<trkpt lat="53.516887687" lon="49.741241466">
  <ele>160.546005</ele>
  <time>2010-07-31T06:39:43Z</time>
</trkpt>
<trkpt lat="53.516899087" lon="49.741653437">
  <ele>160.863998</ele>
  <time>2010-07-31T06:39:44Z</time>
</trkpt>
<trkpt lat="53.516906714" lon="49.742061635">
  <ele>161.278000</ele>
  <time>2010-07-31T06:39:45Z</time>
</trkpt>
<trkpt lat="53.516918197" lon="49.742473606">
  <ele>161.505997</ele>
  <time>2010-07-31T06:39:46Z</time>
</trkpt>
<trkpt lat="53.516929597" lon="49.742889432">
  <ele>161.710999</ele>
  <time>2010-07-31T06:39:47Z</time>
</trkpt>
<trkpt lat="53.516937224" lon="49.743305175">
  <ele>162.164001</ele>
  <time>2010-07-31T06:39:48Z</time>
</trkpt>
<trkpt lat="53.516944852" lon="49.743717229">
  <ele>162.778000</ele>
  <time>2010-07-31T06:39:49Z</time>
</trkpt>
<trkpt lat="53.516956335" lon="49.744129200">
  <ele>163.554993</ele>
  <time>2010-07-31T06:39:50Z</time>
</trkpt>
<trkpt lat="53.516963962" lon="49.744544942">
  <ele>164.164993</ele>
  <time>2010-07-31T06:39:51Z</time>
</trkpt>
<trkpt lat="53.516971590" lon="49.744960768">
  <ele>164.766006</ele>
  <time>2010-07-31T06:39:52Z</time>
</trkpt>
<trkpt lat="53.516983073" lon="49.745376594">
  <ele>165.356003</ele>
  <time>2010-07-31T06:39:53Z</time>
</trkpt>
<trkpt lat="53.516990701" lon="49.745792421">
  <ele>165.910995</ele>
  <time>2010-07-31T06:39:54Z</time>
</trkpt>
<trkpt lat="53.516998328" lon="49.746204391">
  <ele>166.371994</ele>
  <time>2010-07-31T06:39:55Z</time>
</trkpt>
<trkpt lat="53.517009728" lon="49.746620217">
  <ele>166.854996</ele>
  <time>2010-07-31T06:39:56Z</time>
</trkpt>
<trkpt lat="53.517017355" lon="49.747032188">
  <ele>167.188995</ele>
  <time>2010-07-31T06:39:57Z</time>
</trkpt>
<trkpt lat="53.517028838" lon="49.747447930">
  <ele>167.744995</ele>
  <time>2010-07-31T06:39:58Z</time>
</trkpt>
<trkpt lat="53.517040238" lon="49.747859985">
  <ele>168.029999</ele>
  <time>2010-07-31T06:39:59Z</time>
</trkpt>
<trkpt lat="53.517051721" lon="49.748279583">
  <ele>167.970993</ele>
  <time>2010-07-31T06:40:00Z</time>
</trkpt>
<trkpt lat="53.517059349" lon="49.748695409">
  <ele>168.119995</ele>
  <time>2010-07-31T06:40:01Z</time>
</trkpt>
<trkpt lat="53.517070748" lon="49.749115007">
  <ele>168.451004</ele>
  <time>2010-07-31T06:40:02Z</time>
</trkpt>
<trkpt lat="53.517082231" lon="49.749534605">
  <ele>168.509995</ele>
  <time>2010-07-31T06:40:03Z</time>
</trkpt>
<trkpt lat="53.517089859" lon="49.749954203">
  <ele>168.695999</ele>
  <time>2010-07-31T06:40:04Z</time>
</trkpt>
<trkpt lat="53.517101258" lon="49.750381429">
  <ele>168.908005</ele>
  <time>2010-07-31T06:40:05Z</time>
</trkpt>
<trkpt lat="53.517108886" lon="49.750804882">
  <ele>168.938995</ele>
  <time>2010-07-31T06:40:06Z</time>
</trkpt>
<trkpt lat="53.517120369" lon="49.751228336">
  <ele>169.237000</ele>
  <time>2010-07-31T06:40:07Z</time>
</trkpt>
<trkpt lat="53.517131768" lon="49.751644162">
  <ele>169.313004</ele>
  <time>2010-07-31T06:40:08Z</time>
</trkpt>
<trkpt lat="53.517139396" lon="49.752056133">
  <ele>169.401993</ele>
  <time>2010-07-31T06:40:09Z</time>
</trkpt>
<trkpt lat="53.517147023" lon="49.752460476">
  <ele>169.654999</ele>
  <time>2010-07-31T06:40:10Z</time>
</trkpt>
<trkpt lat="53.517158506" lon="49.752861047">
  <ele>169.835007</ele>
  <time>2010-07-31T06:40:11Z</time>
</trkpt>
<trkpt lat="53.517166134" lon="49.753250135">
  <ele>169.837997</ele>
  <time>2010-07-31T06:40:12Z</time>
</trkpt>
<trkpt lat="53.517177617" lon="49.753635367">
  <ele>169.858994</ele>
  <time>2010-07-31T06:40:13Z</time>
</trkpt>
<trkpt lat="53.517192872" lon="49.754020683">
  <ele>170.248993</ele>
  <time>2010-07-31T06:40:14Z</time>
</trkpt>
<trkpt lat="53.517211899" lon="49.754402144">
  <ele>170.634995</ele>
  <time>2010-07-31T06:40:15Z</time>
</trkpt>
<trkpt lat="53.517227154" lon="49.754787460">
  <ele>171.123001</ele>
  <time>2010-07-31T06:40:16Z</time>
</trkpt>
<trkpt lat="53.517238637" lon="49.755165065">
  <ele>171.401993</ele>
  <time>2010-07-31T06:40:17Z</time>
</trkpt>
<trkpt lat="53.517246265" lon="49.755538981">
  <ele>171.587006</ele>
  <time>2010-07-31T06:40:18Z</time>
</trkpt>
<trkpt lat="53.517253892" lon="49.755908959">
  <ele>171.557007</ele>
  <time>2010-07-31T06:40:19Z</time>
</trkpt>
<trkpt lat="53.517261520" lon="49.756282791">
  <ele>171.740997</ele>
  <time>2010-07-31T06:40:20Z</time>
</trkpt>
<trkpt lat="53.517272919" lon="49.756652853">
  <ele>171.662994</ele>
  <time>2010-07-31T06:40:21Z</time>
</trkpt>
<trkpt lat="53.517280547" lon="49.757022830">
  <ele>171.792007</ele>
  <time>2010-07-31T06:40:22Z</time>
</trkpt>
<trkpt lat="53.517288174" lon="49.757385263">
  <ele>172.089005</ele>
  <time>2010-07-31T06:40:23Z</time>
</trkpt>
<trkpt lat="53.517295802" lon="49.757751469">
  <ele>172.042999</ele>
  <time>2010-07-31T06:40:24Z</time>
</trkpt>
<trkpt lat="53.517307285" lon="49.758121530">
  <ele>172.186005</ele>
  <time>2010-07-31T06:40:25Z</time>
</trkpt>
<trkpt lat="53.517314913" lon="49.758491507">
  <ele>172.363007</ele>
  <time>2010-07-31T06:40:26Z</time>
</trkpt>
<trkpt lat="53.517322540" lon="49.758861568">
  <ele>172.738007</ele>
  <time>2010-07-31T06:40:27Z</time>
</trkpt>
<trkpt lat="53.517330168" lon="49.759220146">
  <ele>172.856003</ele>
  <time>2010-07-31T06:40:28Z</time>
</trkpt>
<trkpt lat="53.517341651" lon="49.759582495">
  <ele>172.878006</ele>
  <time>2010-07-31T06:40:29Z</time>
</trkpt>
<trkpt lat="53.517345423" lon="49.759944929">
  <ele>172.837006</ele>
  <time>2010-07-31T06:40:30Z</time>
</trkpt>
<trkpt lat="53.517356906" lon="49.760311134">
  <ele>172.649994</ele>
  <time>2010-07-31T06:40:31Z</time>
</trkpt>
<trkpt lat="53.517360678" lon="49.760673484">
  <ele>172.569000</ele>
  <time>2010-07-31T06:40:32Z</time>
</trkpt>
<trkpt lat="53.517368305" lon="49.761043545">
  <ele>172.634003</ele>
  <time>2010-07-31T06:40:33Z</time>
</trkpt>
<trkpt lat="53.517379789" lon="49.761413606">
  <ele>172.695999</ele>
  <time>2010-07-31T06:40:34Z</time>
</trkpt>
<trkpt lat="53.517387416" lon="49.761783583">
  <ele>172.653000</ele>
  <time>2010-07-31T06:40:35Z</time>
</trkpt>
<trkpt lat="53.517395044" lon="49.762161272">
  <ele>172.692001</ele>
  <time>2010-07-31T06:40:36Z</time>
</trkpt>
<trkpt lat="53.517398816" lon="49.762546504">
  <ele>172.787994</ele>
  <time>2010-07-31T06:40:37Z</time>
</trkpt>
<trkpt lat="53.517410299" lon="49.762939448">
  <ele>172.501999</ele>
  <time>2010-07-31T06:40:38Z</time>
</trkpt>
<trkpt lat="53.517417926" lon="49.763336163">
  <ele>172.462997</ele>
  <time>2010-07-31T06:40:39Z</time>
</trkpt>
<trkpt lat="53.517421698" lon="49.763736734">
  <ele>172.320999</ele>
  <time>2010-07-31T06:40:40Z</time>
</trkpt>
<trkpt lat="53.517429326" lon="49.764137305">
  <ele>171.916000</ele>
  <time>2010-07-31T06:40:41Z</time>
</trkpt>
<trkpt lat="53.517436953" lon="49.764545420">
  <ele>171.766006</ele>
  <time>2010-07-31T06:40:42Z</time>
</trkpt>
<trkpt lat="53.517448436" lon="49.764953619">
  <ele>171.470993</ele>
  <time>2010-07-31T06:40:43Z</time>
</trkpt>
<trkpt lat="53.517459836" lon="49.765361818">
  <ele>170.916000</ele>
  <time>2010-07-31T06:40:44Z</time>
</trkpt>
<trkpt lat="53.517467463" lon="49.765773788">
  <ele>170.699997</ele>
  <time>2010-07-31T06:40:45Z</time>
</trkpt>
<trkpt lat="53.517475091" lon="49.766189614">
  <ele>170.567001</ele>
  <time>2010-07-31T06:40:46Z</time>
</trkpt>
<trkpt lat="53.517486574" lon="49.766605357">
  <ele>170.675003</ele>
  <time>2010-07-31T06:40:47Z</time>
</trkpt>
<trkpt lat="53.517498057" lon="49.767024955">
  <ele>170.841995</ele>
  <time>2010-07-31T06:40:48Z</time>
</trkpt>
<trkpt lat="53.517505685" lon="49.767448409">
  <ele>171.192993</ele>
  <time>2010-07-31T06:40:49Z</time>
</trkpt>
<trkpt lat="53.517513312" lon="49.767875634">
  <ele>171.518005</ele>
  <time>2010-07-31T06:40:50Z</time>
</trkpt>
<trkpt lat="53.517524712" lon="49.768302944">
  <ele>171.783997</ele>
  <time>2010-07-31T06:40:51Z</time>
</trkpt>
<trkpt lat="53.517532339" lon="49.768726313">
  <ele>171.975998</ele>
  <time>2010-07-31T06:40:52Z</time>
</trkpt>
<trkpt lat="53.517539967" lon="49.769149767">
  <ele>172.334000</ele>
  <time>2010-07-31T06:40:53Z</time>
</trkpt>
<trkpt lat="53.517547594" lon="49.769573221">
  <ele>172.878998</ele>
  <time>2010-07-31T06:40:54Z</time>
</trkpt>
<trkpt lat="53.517559078" lon="49.769996675">
  <ele>173.378006</ele>
  <time>2010-07-31T06:40:55Z</time>
</trkpt>
<trkpt lat="53.517566705" lon="49.770408645">
  <ele>173.998993</ele>
  <time>2010-07-31T06:40:56Z</time>
</trkpt>
<trkpt lat="53.517574333" lon="49.770809133">
  <ele>174.602997</ele>
  <time>2010-07-31T06:40:57Z</time>
</trkpt>
<trkpt lat="53.517581960" lon="49.771198304">
  <ele>175.147003</ele>
  <time>2010-07-31T06:40:58Z</time>
</trkpt>
<trkpt lat="53.517589588" lon="49.771583537">
  <ele>175.686996</ele>
  <time>2010-07-31T06:40:59Z</time>
</trkpt>
<trkpt lat="53.517593360" lon="49.771953598">
  <ele>176.593002</ele>
  <time>2010-07-31T06:41:00Z</time>
</trkpt>
<trkpt lat="53.517600987" lon="49.772319803">
  <ele>177.617996</ele>
  <time>2010-07-31T06:41:01Z</time>
</trkpt>
<trkpt lat="53.517604843" lon="49.772663126">
  <ele>178.158005</ele>
  <time>2010-07-31T06:41:02Z</time>
</trkpt>
<trkpt lat="53.517616242" lon="49.772983566">
  <ele>178.964996</ele>
  <time>2010-07-31T06:41:03Z</time>
</trkpt>
<trkpt lat="53.517623870" lon="49.773288751">
  <ele>179.679993</ele>
  <time>2010-07-31T06:41:04Z</time>
</trkpt>
<trkpt lat="53.517631497" lon="49.773578681">
  <ele>180.248993</ele>
  <time>2010-07-31T06:41:05Z</time>
</trkpt>
<trkpt lat="53.517639125" lon="49.773864755">
  <ele>180.802002</ele>
  <time>2010-07-31T06:41:06Z</time>
</trkpt>
<trkpt lat="53.517646752" lon="49.774147058">
  <ele>181.322998</ele>
  <time>2010-07-31T06:41:07Z</time>
</trkpt>
<trkpt lat="53.517654380" lon="49.774433132">
  <ele>182.026993</ele>
  <time>2010-07-31T06:41:08Z</time>
</trkpt>
<trkpt lat="53.517662007" lon="49.774715435">
  <ele>182.617004</ele>
  <time>2010-07-31T06:41:09Z</time>
</trkpt>
<trkpt lat="53.517669719" lon="49.774990110">
  <ele>183.175003</ele>
  <time>2010-07-31T06:41:10Z</time>
</trkpt>
<trkpt lat="53.517673491" lon="49.775264701">
  <ele>183.550995</ele>
  <time>2010-07-31T06:41:11Z</time>
</trkpt>
<trkpt lat="53.517684974" lon="49.775535604">
  <ele>183.873993</ele>
  <time>2010-07-31T06:41:12Z</time>
</trkpt>
<trkpt lat="53.517688746" lon="49.775810279">
  <ele>184.354996</ele>
  <time>2010-07-31T06:41:13Z</time>
</trkpt>
<trkpt lat="53.517696373" lon="49.776084870">
  <ele>184.815994</ele>
  <time>2010-07-31T06:41:14Z</time>
</trkpt>
<trkpt lat="53.517700229" lon="49.776363401">
  <ele>185.317001</ele>
  <time>2010-07-31T06:41:15Z</time>
</trkpt>
<trkpt lat="53.517704001" lon="49.776641848">
  <ele>186.028000</ele>
  <time>2010-07-31T06:41:16Z</time>
</trkpt>
<trkpt lat="53.517707856" lon="49.776908895">
  <ele>186.460999</ele>
  <time>2010-07-31T06:41:17Z</time>
</trkpt>
<trkpt lat="53.517711628" lon="49.777183570">
  <ele>187.119995</ele>
  <time>2010-07-31T06:41:18Z</time>
</trkpt>
<trkpt lat="53.517719256" lon="49.777458161">
  <ele>187.882996</ele>
  <time>2010-07-31T06:41:19Z</time>
</trkpt>
<trkpt lat="53.517723111" lon="49.777740464">
  <ele>188.666000</ele>
  <time>2010-07-31T06:41:20Z</time>
</trkpt>
<trkpt lat="53.517730739" lon="49.778026622">
  <ele>189.108994</ele>
  <time>2010-07-31T06:41:21Z</time>
</trkpt>
<trkpt lat="53.517738366" lon="49.778320324">
  <ele>189.884995</ele>
  <time>2010-07-31T06:41:22Z</time>
</trkpt>
<trkpt lat="53.517745994" lon="49.778625509">
  <ele>190.682007</ele>
  <time>2010-07-31T06:41:23Z</time>
</trkpt>
<trkpt lat="53.517753622" lon="49.778938321">
  <ele>191.373993</ele>
  <time>2010-07-31T06:41:24Z</time>
</trkpt>
<trkpt lat="53.517761249" lon="49.779254906">
  <ele>192.028000</ele>
  <time>2010-07-31T06:41:25Z</time>
</trkpt>
<trkpt lat="53.517765021" lon="49.779586829">
  <ele>192.723999</ele>
  <time>2010-07-31T06:41:26Z</time>
</trkpt>
<trkpt lat="53.517768877" lon="49.779918669">
  <ele>193.481003</ele>
  <time>2010-07-31T06:41:27Z</time>
</trkpt>
<trkpt lat="53.517772648" lon="49.780261992">
  <ele>194.182007</ele>
  <time>2010-07-31T06:41:28Z</time>
</trkpt>
<trkpt lat="53.517776504" lon="49.780612942">
  <ele>194.837006</ele>
  <time>2010-07-31T06:41:29Z</time>
</trkpt>
<trkpt lat="53.517787904" lon="49.780971520">
  <ele>195.535004</ele>
  <time>2010-07-31T06:41:30Z</time>
</trkpt>
<trkpt lat="53.517795531" lon="49.781341581">
  <ele>196.220993</ele>
  <time>2010-07-31T06:41:31Z</time>
</trkpt>
<trkpt lat="53.517803159" lon="49.781719185">
  <ele>197.014008</ele>
  <time>2010-07-31T06:41:32Z</time>
</trkpt>
<trkpt lat="53.517810786" lon="49.782100646">
  <ele>197.677994</ele>
  <time>2010-07-31T06:41:33Z</time>
</trkpt>
<trkpt lat="53.517818414" lon="49.782489818">
  <ele>198.470001</ele>
  <time>2010-07-31T06:41:34Z</time>
</trkpt>
<trkpt lat="53.517829897" lon="49.782878906">
  <ele>198.972000</ele>
  <time>2010-07-31T06:41:35Z</time>
</trkpt>
<trkpt lat="53.517837524" lon="49.783271765">
  <ele>199.697998</ele>
  <time>2010-07-31T06:41:36Z</time>
</trkpt>
<trkpt lat="53.517849008" lon="49.783668481">
  <ele>200.093994</ele>
  <time>2010-07-31T06:41:37Z</time>
</trkpt>
<trkpt lat="53.517856635" lon="49.784065280">
  <ele>200.656006</ele>
  <time>2010-07-31T06:41:38Z</time>
</trkpt>
<trkpt lat="53.517864263" lon="49.784458140">
  <ele>201.126999</ele>
  <time>2010-07-31T06:41:39Z</time>
</trkpt>
<trkpt lat="53.517871890" lon="49.784858711">
  <ele>201.621994</ele>
  <time>2010-07-31T06:41:40Z</time>
</trkpt>
<trkpt lat="53.517883290" lon="49.785259282">
  <ele>202.000000</ele>
  <time>2010-07-31T06:41:41Z</time>
</trkpt>
<trkpt lat="53.517887145" lon="49.785663625">
  <ele>202.406006</ele>
  <time>2010-07-31T06:41:42Z</time>
</trkpt>
<trkpt lat="53.517887145" lon="49.786075596">
  <ele>202.895004</ele>
  <time>2010-07-31T06:41:43Z</time>
</trkpt>
<trkpt lat="53.517890917" lon="49.786491422">
  <ele>203.567001</ele>
  <time>2010-07-31T06:41:44Z</time>
</trkpt>
<trkpt lat="53.517894773" lon="49.786911020">
  <ele>204.065994</ele>
  <time>2010-07-31T06:41:45Z</time>
</trkpt>
<trkpt lat="53.517898545" lon="49.787326846">
  <ele>204.153000</ele>
  <time>2010-07-31T06:41:46Z</time>
</trkpt>
<trkpt lat="53.517906172" lon="49.787738817">
  <ele>204.235992</ele>
  <time>2010-07-31T06:41:47Z</time>
</trkpt>
<trkpt lat="53.517913800" lon="49.788158415">
  <ele>204.645996</ele>
  <time>2010-07-31T06:41:48Z</time>
</trkpt>
<trkpt lat="53.517921427" lon="49.788581869">
  <ele>204.625000</ele>
  <time>2010-07-31T06:41:49Z</time>
</trkpt>
<trkpt lat="53.517932910" lon="49.789001467">
  <ele>204.906006</ele>
  <time>2010-07-31T06:41:50Z</time>
</trkpt>
<trkpt lat="53.517936682" lon="49.789417293">
  <ele>204.895004</ele>
  <time>2010-07-31T06:41:51Z</time>
</trkpt>
<trkpt lat="53.517948166" lon="49.789840663">
  <ele>204.953995</ele>
  <time>2010-07-31T06:41:52Z</time>
</trkpt>
<trkpt lat="53.517955793" lon="49.790260345">
  <ele>205.164993</ele>
  <time>2010-07-31T06:41:53Z</time>
</trkpt>
<trkpt lat="53.517967192" lon="49.790683715">
  <ele>205.296005</ele>
  <time>2010-07-31T06:41:54Z</time>
</trkpt>
<trkpt lat="53.517974820" lon="49.791103397">
  <ele>205.509995</ele>
  <time>2010-07-31T06:41:55Z</time>
</trkpt>
<trkpt lat="53.517986303" lon="49.791526766">
  <ele>205.888000</ele>
  <time>2010-07-31T06:41:56Z</time>
</trkpt>
<trkpt lat="53.517993931" lon="49.791950220">
  <ele>206.220993</ele>
  <time>2010-07-31T06:41:57Z</time>
</trkpt>
<trkpt lat="53.518005330" lon="49.792373674">
  <ele>206.688004</ele>
  <time>2010-07-31T06:41:58Z</time>
</trkpt>
<trkpt lat="53.518013041" lon="49.792800900">
  <ele>207.119003</ele>
  <time>2010-07-31T06:41:59Z</time>
</trkpt>
<trkpt lat="53.518020669" lon="49.793224353">
  <ele>207.436005</ele>
  <time>2010-07-31T06:42:00Z</time>
</trkpt>
<trkpt lat="53.518032068" lon="49.793651579">
  <ele>207.723007</ele>
  <time>2010-07-31T06:42:01Z</time>
</trkpt>
<trkpt lat="53.518043552" lon="49.794071177">
  <ele>208.048996</ele>
  <time>2010-07-31T06:42:02Z</time>
</trkpt>
<trkpt lat="53.518054951" lon="49.794494631">
  <ele>208.748993</ele>
  <time>2010-07-31T06:42:03Z</time>
</trkpt>
<trkpt lat="53.518058807" lon="49.794914229">
  <ele>209.335999</ele>
  <time>2010-07-31T06:42:04Z</time>
</trkpt>
<trkpt lat="53.518070206" lon="49.795341454">
  <ele>210.033005</ele>
  <time>2010-07-31T06:42:05Z</time>
</trkpt>
<trkpt lat="53.518077834" lon="49.795764908">
  <ele>210.477005</ele>
  <time>2010-07-31T06:42:06Z</time>
</trkpt>
<trkpt lat="53.518085461" lon="49.796188362">
  <ele>211.134995</ele>
  <time>2010-07-31T06:42:07Z</time>
</trkpt>
<trkpt lat="53.518096944" lon="49.796607960">
  <ele>211.718002</ele>
  <time>2010-07-31T06:42:08Z</time>
</trkpt>
<trkpt lat="53.518104572" lon="49.797019931">
  <ele>212.315002</ele>
  <time>2010-07-31T06:42:09Z</time>
</trkpt>
<trkpt lat="53.518108344" lon="49.797435757">
  <ele>212.645996</ele>
  <time>2010-07-31T06:42:10Z</time>
</trkpt>
<trkpt lat="53.518119827" lon="49.797851583">
  <ele>212.955002</ele>
  <time>2010-07-31T06:42:11Z</time>
</trkpt>
<trkpt lat="53.518127454" lon="49.798263554">
  <ele>213.468994</ele>
  <time>2010-07-31T06:42:12Z</time>
</trkpt>
<trkpt lat="53.518135082" lon="49.798675524">
  <ele>213.712997</ele>
  <time>2010-07-31T06:42:13Z</time>
</trkpt>
<trkpt lat="53.518146481" lon="49.799087495">
  <ele>213.966995</ele>
  <time>2010-07-31T06:42:14Z</time>
</trkpt>
<trkpt lat="53.518161736" lon="49.799499549">
  <ele>213.917999</ele>
  <time>2010-07-31T06:42:15Z</time>
</trkpt>
<trkpt lat="53.518173220" lon="49.799911520">
  <ele>214.147003</ele>
  <time>2010-07-31T06:42:16Z</time>
</trkpt>
<trkpt lat="53.518184703" lon="49.800331118">
  <ele>214.354996</ele>
  <time>2010-07-31T06:42:17Z</time>
</trkpt>
<trkpt lat="53.518192330" lon="49.800750716">
  <ele>214.699997</ele>
  <time>2010-07-31T06:42:18Z</time>
</trkpt>
<trkpt lat="53.518203730" lon="49.801174169">
  <ele>214.871994</ele>
  <time>2010-07-31T06:42:19Z</time>
</trkpt>
<trkpt lat="53.518215213" lon="49.801593767">
  <ele>214.990005</ele>
  <time>2010-07-31T06:42:20Z</time>
</trkpt>
<trkpt lat="53.518222841" lon="49.802013366">
  <ele>215.020004</ele>
  <time>2010-07-31T06:42:21Z</time>
</trkpt>
<trkpt lat="53.518230468" lon="49.802436819">
  <ele>215.261002</ele>
  <time>2010-07-31T06:42:22Z</time>
</trkpt>
<trkpt lat="53.518241867" lon="49.802860273">
  <ele>215.632996</ele>
  <time>2010-07-31T06:42:23Z</time>
</trkpt>
<trkpt lat="53.518253351" lon="49.803283727">
  <ele>216.020996</ele>
  <time>2010-07-31T06:42:24Z</time>
</trkpt>
<trkpt lat="53.518260978" lon="49.803707097">
  <ele>216.141998</ele>
  <time>2010-07-31T06:42:25Z</time>
</trkpt>
<trkpt lat="53.518268606" lon="49.804130550">
  <ele>216.362000</ele>
  <time>2010-07-31T06:42:26Z</time>
</trkpt>
<trkpt lat="53.518280005" lon="49.804550149">
  <ele>216.395004</ele>
  <time>2010-07-31T06:42:27Z</time>
</trkpt>
<trkpt lat="53.518287633" lon="49.804969747">
  <ele>216.688004</ele>
  <time>2010-07-31T06:42:28Z</time>
</trkpt>
<trkpt lat="53.518299116" lon="49.805385573">
  <ele>216.707993</ele>
  <time>2010-07-31T06:42:29Z</time>
</trkpt>
<trkpt lat="53.518306743" lon="49.805801399">
  <ele>216.878998</ele>
  <time>2010-07-31T06:42:30Z</time>
</trkpt>
<trkpt lat="53.518318143" lon="49.806220997">
  <ele>217.078003</ele>
  <time>2010-07-31T06:42:31Z</time>
</trkpt>
<trkpt lat="53.518329626" lon="49.806636823">
  <ele>217.330994</ele>
  <time>2010-07-31T06:42:32Z</time>
</trkpt>
<trkpt lat="53.518341025" lon="49.807056421">
  <ele>217.468994</ele>
  <time>2010-07-31T06:42:33Z</time>
</trkpt>
<trkpt lat="53.518348653" lon="49.807468392">
  <ele>217.514999</ele>
  <time>2010-07-31T06:42:34Z</time>
</trkpt>
<trkpt lat="53.518360136" lon="49.807880362">
  <ele>217.600006</ele>
  <time>2010-07-31T06:42:35Z</time>
</trkpt>
<trkpt lat="53.518367764" lon="49.808300044">
  <ele>217.753006</ele>
  <time>2010-07-31T06:42:36Z</time>
</trkpt>
<trkpt lat="53.518379247" lon="49.808708159">
  <ele>217.744995</ele>
  <time>2010-07-31T06:42:37Z</time>
</trkpt>
<trkpt lat="53.518390646" lon="49.809120214">
  <ele>217.604996</ele>
  <time>2010-07-31T06:42:38Z</time>
</trkpt>
<trkpt lat="53.518402129" lon="49.809532184">
  <ele>217.423004</ele>
  <time>2010-07-31T06:42:39Z</time>
</trkpt>
<trkpt lat="53.518413529" lon="49.809944155">
  <ele>217.126007</ele>
  <time>2010-07-31T06:42:40Z</time>
</trkpt>
<trkpt lat="53.518425012" lon="49.810359981">
  <ele>216.938004</ele>
  <time>2010-07-31T06:42:41Z</time>
</trkpt>
<trkpt lat="53.518436411" lon="49.810775723">
  <ele>216.955002</ele>
  <time>2010-07-31T06:42:42Z</time>
</trkpt>
<trkpt lat="53.518444039" lon="49.811191550">
  <ele>216.822998</ele>
  <time>2010-07-31T06:42:43Z</time>
</trkpt>
<trkpt lat="53.518451666" lon="49.811603520">
  <ele>216.746994</ele>
  <time>2010-07-31T06:42:44Z</time>
</trkpt>
<trkpt lat="53.518463150" lon="49.812015574">
  <ele>216.675003</ele>
  <time>2010-07-31T06:42:45Z</time>
</trkpt>
<trkpt lat="53.518474549" lon="49.812427545">
  <ele>216.460999</ele>
  <time>2010-07-31T06:42:46Z</time>
</trkpt>
<trkpt lat="53.518482177" lon="49.812839516">
  <ele>216.347000</ele>
  <time>2010-07-31T06:42:47Z</time>
</trkpt>
<trkpt lat="53.518489804" lon="49.813251486">
  <ele>215.945007</ele>
  <time>2010-07-31T06:42:48Z</time>
</trkpt>
<trkpt lat="53.518501287" lon="49.813655829">
  <ele>215.576004</ele>
  <time>2010-07-31T06:42:49Z</time>
</trkpt>
<trkpt lat="53.518512687" lon="49.814060172">
  <ele>215.492996</ele>
  <time>2010-07-31T06:42:50Z</time>
</trkpt>
<trkpt lat="53.518520314" lon="49.814468371">
  <ele>215.570007</ele>
  <time>2010-07-31T06:42:51Z</time>
</trkpt>
<trkpt lat="53.518531797" lon="49.814876569">
  <ele>215.522995</ele>
  <time>2010-07-31T06:42:52Z</time>
</trkpt>
<trkpt lat="53.518539425" lon="49.815288540">
  <ele>215.444000</ele>
  <time>2010-07-31T06:42:53Z</time>
</trkpt>
<trkpt lat="53.518547053" lon="49.815700511">
  <ele>214.929001</ele>
  <time>2010-07-31T06:42:54Z</time>
</trkpt>
<trkpt lat="53.518554680" lon="49.816116337">
  <ele>214.856003</ele>
  <time>2010-07-31T06:42:55Z</time>
</trkpt>
<trkpt lat="53.518562308" lon="49.816524535">
  <ele>214.848007</ele>
  <time>2010-07-31T06:42:56Z</time>
</trkpt>
<trkpt lat="53.518566163" lon="49.816928878">
  <ele>215.117004</ele>
  <time>2010-07-31T06:42:57Z</time>
</trkpt>
<trkpt lat="53.518569935" lon="49.817333221">
  <ele>214.886002</ele>
  <time>2010-07-31T06:42:58Z</time>
</trkpt>
<trkpt lat="53.518569935" lon="49.817733793">
  <ele>214.291000</ele>
  <time>2010-07-31T06:42:59Z</time>
</trkpt>
<trkpt lat="53.518569935" lon="49.818130508">
  <ele>213.990997</ele>
  <time>2010-07-31T06:43:00Z</time>
</trkpt>
<trkpt lat="53.518566163" lon="49.818530995">
  <ele>214.046005</ele>
  <time>2010-07-31T06:43:01Z</time>
</trkpt>
<trkpt lat="53.518558536" lon="49.818927795">
  <ele>213.841003</ele>
  <time>2010-07-31T06:43:02Z</time>
</trkpt>
<trkpt lat="53.518543281" lon="49.819328282">
  <ele>213.845001</ele>
  <time>2010-07-31T06:43:03Z</time>
</trkpt>
<trkpt lat="53.518531797" lon="49.819721226">
  <ele>213.369003</ele>
  <time>2010-07-31T06:43:04Z</time>
</trkpt>
<trkpt lat="53.518516542" lon="49.820110314">
  <ele>213.246002</ele>
  <time>2010-07-31T06:43:05Z</time>
</trkpt>
<trkpt lat="53.518501287" lon="49.820503257">
  <ele>212.910004</ele>
  <time>2010-07-31T06:43:06Z</time>
</trkpt>
<trkpt lat="53.518482177" lon="49.820896117">
  <ele>212.727005</ele>
  <time>2010-07-31T06:43:07Z</time>
</trkpt>
<trkpt lat="53.518463150" lon="49.821292916">
  <ele>212.703995</ele>
  <time>2010-07-31T06:43:08Z</time>
</trkpt>
<trkpt lat="53.518444039" lon="49.821685776">
  <ele>212.375000</ele>
  <time>2010-07-31T06:43:09Z</time>
</trkpt>
<trkpt lat="53.518425012" lon="49.822082492">
  <ele>212.192001</ele>
  <time>2010-07-31T06:43:10Z</time>
</trkpt>
<trkpt lat="53.518402129" lon="49.822483063">
  <ele>212.067001</ele>
  <time>2010-07-31T06:43:11Z</time>
</trkpt>
<trkpt lat="53.518379247" lon="49.822887406">
  <ele>212.044998</ele>
  <time>2010-07-31T06:43:12Z</time>
</trkpt>
<trkpt lat="53.518360136" lon="49.823291749">
  <ele>211.781998</ele>
  <time>2010-07-31T06:43:13Z</time>
</trkpt>
<trkpt lat="53.518333398" lon="49.823696176">
  <ele>211.824005</ele>
  <time>2010-07-31T06:43:14Z</time>
</trkpt>
<trkpt lat="53.518310515" lon="49.824104290">
  <ele>211.945999</ele>
  <time>2010-07-31T06:43:15Z</time>
</trkpt>
<trkpt lat="53.518291488" lon="49.824516261">
  <ele>212.042007</ele>
  <time>2010-07-31T06:43:16Z</time>
</trkpt>
<trkpt lat="53.518268606" lon="49.824924460">
  <ele>212.080994</ele>
  <time>2010-07-31T06:43:17Z</time>
</trkpt>
<trkpt lat="53.518245723" lon="49.825332658">
  <ele>211.899994</ele>
  <time>2010-07-31T06:43:18Z</time>
</trkpt>
<trkpt lat="53.518222841" lon="49.825748485">
  <ele>212.123001</ele>
  <time>2010-07-31T06:43:19Z</time>
</trkpt>
<trkpt lat="53.518199958" lon="49.826164227">
  <ele>212.514008</ele>
  <time>2010-07-31T06:43:20Z</time>
</trkpt>
<trkpt lat="53.518173220" lon="49.826580053">
  <ele>212.889008</ele>
  <time>2010-07-31T06:43:21Z</time>
</trkpt>
<trkpt lat="53.518150337" lon="49.827003507">
  <ele>213.195007</ele>
  <time>2010-07-31T06:43:22Z</time>
</trkpt>
<trkpt lat="53.518127454" lon="49.827419249">
  <ele>213.358994</ele>
  <time>2010-07-31T06:43:23Z</time>
</trkpt>
<trkpt lat="53.518104572" lon="49.827838931">
  <ele>213.606003</ele>
  <time>2010-07-31T06:43:24Z</time>
</trkpt>
<trkpt lat="53.518081689" lon="49.828258529">
  <ele>213.832001</ele>
  <time>2010-07-31T06:43:25Z</time>
</trkpt>
<trkpt lat="53.518054951" lon="49.828674356">
  <ele>214.270004</ele>
  <time>2010-07-31T06:43:26Z</time>
</trkpt>
<trkpt lat="53.518032068" lon="49.829090098">
  <ele>214.587006</ele>
  <time>2010-07-31T06:43:27Z</time>
</trkpt>
<trkpt lat="53.518005330" lon="49.829505924">
  <ele>215.005997</ele>
  <time>2010-07-31T06:43:28Z</time>
</trkpt>
<trkpt lat="53.517982448" lon="49.829921750">
  <ele>215.617996</ele>
  <time>2010-07-31T06:43:29Z</time>
</trkpt>
<trkpt lat="53.517959565" lon="49.830337493">
  <ele>215.957001</ele>
  <time>2010-07-31T06:43:30Z</time>
</trkpt>
<trkpt lat="53.517936682" lon="49.830745691">
  <ele>216.115997</ele>
  <time>2010-07-31T06:43:31Z</time>
</trkpt>
<trkpt lat="53.517910028" lon="49.831157662">
  <ele>216.251999</ele>
  <time>2010-07-31T06:43:32Z</time>
</trkpt>
<trkpt lat="53.517883290" lon="49.831569633">
  <ele>216.298996</ele>
  <time>2010-07-31T06:43:33Z</time>
</trkpt>
<trkpt lat="53.517856635" lon="49.831981687">
  <ele>216.686005</ele>
  <time>2010-07-31T06:43:34Z</time>
</trkpt>
<trkpt lat="53.517833669" lon="49.832393657">
  <ele>216.796997</ele>
  <time>2010-07-31T06:43:35Z</time>
</trkpt>
<trkpt lat="53.517810786" lon="49.832809484">
  <ele>217.014008</ele>
  <time>2010-07-31T06:43:36Z</time>
</trkpt>
<trkpt lat="53.517791759" lon="49.833225226">
  <ele>217.171997</ele>
  <time>2010-07-31T06:43:37Z</time>
</trkpt>
<trkpt lat="53.517768877" lon="49.833633425">
  <ele>217.440002</ele>
  <time>2010-07-31T06:43:38Z</time>
</trkpt>
<trkpt lat="53.517745994" lon="49.834030140">
  <ele>217.563004</ele>
  <time>2010-07-31T06:43:39Z</time>
</trkpt>
<trkpt lat="53.517723111" lon="49.834423084">
  <ele>217.759003</ele>
  <time>2010-07-31T06:43:40Z</time>
</trkpt>
<trkpt lat="53.517696373" lon="49.834808316">
  <ele>218.139999</ele>
  <time>2010-07-31T06:43:41Z</time>
</trkpt>
<trkpt lat="53.517673491" lon="49.835186005">
  <ele>218.253998</ele>
  <time>2010-07-31T06:43:42Z</time>
</trkpt>
<trkpt lat="53.517650608" lon="49.835559838">
  <ele>218.436005</ele>
  <time>2010-07-31T06:43:43Z</time>
</trkpt>
<trkpt lat="53.517631497" lon="49.835922271">
  <ele>218.205002</ele>
  <time>2010-07-31T06:43:44Z</time>
</trkpt>
<trkpt lat="53.517604843" lon="49.836276993">
  <ele>217.781998</ele>
  <time>2010-07-31T06:43:45Z</time>
</trkpt>
<trkpt lat="53.517581960" lon="49.836631799">
  <ele>217.645996</ele>
  <time>2010-07-31T06:43:46Z</time>
</trkpt>
<trkpt lat="53.517562849" lon="49.836982749">
  <ele>217.470993</ele>
  <time>2010-07-31T06:43:47Z</time>
</trkpt>
<trkpt lat="53.517539967" lon="49.837337472">
  <ele>217.384995</ele>
  <time>2010-07-31T06:43:48Z</time>
</trkpt>
<trkpt lat="53.517520940" lon="49.837699905">
  <ele>217.167007</ele>
  <time>2010-07-31T06:43:49Z</time>
</trkpt>
<trkpt lat="53.517505685" lon="49.838066110">
  <ele>216.985992</ele>
  <time>2010-07-31T06:43:50Z</time>
</trkpt>
<trkpt lat="53.517490346" lon="49.838439943">
  <ele>216.794006</ele>
  <time>2010-07-31T06:43:51Z</time>
</trkpt>
<trkpt lat="53.517475091" lon="49.838821404">
  <ele>216.979004</ele>
  <time>2010-07-31T06:43:52Z</time>
</trkpt>
<trkpt lat="53.517452208" lon="49.839202864">
  <ele>216.809006</ele>
  <time>2010-07-31T06:43:53Z</time>
</trkpt>
<trkpt lat="53.517429326" lon="49.839588180">
  <ele>216.858002</ele>
  <time>2010-07-31T06:43:54Z</time>
</trkpt>
<trkpt lat="53.517406443" lon="49.839977268">
  <ele>216.731995</ele>
  <time>2010-07-31T06:43:55Z</time>
</trkpt>
<trkpt lat="53.517379789" lon="49.840370212">
  <ele>216.764008</ele>
  <time>2010-07-31T06:43:56Z</time>
</trkpt>
<trkpt lat="53.517356906" lon="49.840770699">
  <ele>216.813995</ele>
  <time>2010-07-31T06:43:57Z</time>
</trkpt>
<trkpt lat="53.517334023" lon="49.841171270">
  <ele>216.725006</ele>
  <time>2010-07-31T06:43:58Z</time>
</trkpt>
<trkpt lat="53.517307285" lon="49.841579469">
  <ele>216.772995</ele>
  <time>2010-07-31T06:43:59Z</time>
</trkpt>
<trkpt lat="53.517280547" lon="49.841987584">
  <ele>216.671005</ele>
  <time>2010-07-31T06:44:00Z</time>
</trkpt>
<trkpt lat="53.517253892" lon="49.842395782">
  <ele>216.662994</ele>
  <time>2010-07-31T06:44:01Z</time>
</trkpt>
<trkpt lat="53.517231010" lon="49.842811609">
  <ele>216.675003</ele>
  <time>2010-07-31T06:44:02Z</time>
</trkpt>
<trkpt lat="53.517208127" lon="49.843223579">
  <ele>217.029999</ele>
  <time>2010-07-31T06:44:03Z</time>
</trkpt>
<trkpt lat="53.517185245" lon="49.843639405">
  <ele>217.169006</ele>
  <time>2010-07-31T06:44:04Z</time>
</trkpt>
<trkpt lat="53.517162362" lon="49.844055148">
  <ele>217.220001</ele>
  <time>2010-07-31T06:44:05Z</time>
</trkpt>
<trkpt lat="53.517143251" lon="49.844467202">
  <ele>217.173996</ele>
  <time>2010-07-31T06:44:06Z</time>
</trkpt>
<trkpt lat="53.517116513" lon="49.844875317">
  <ele>217.065994</ele>
  <time>2010-07-31T06:44:07Z</time>
</trkpt>
<trkpt lat="53.517093631" lon="49.845272033">
  <ele>217.154999</ele>
  <time>2010-07-31T06:44:08Z</time>
</trkpt>
<trkpt lat="53.517070748" lon="49.845664976">
  <ele>217.270004</ele>
  <time>2010-07-31T06:44:09Z</time>
</trkpt>
<trkpt lat="53.517047865" lon="49.846057920">
  <ele>217.375000</ele>
  <time>2010-07-31T06:44:10Z</time>
</trkpt>
<trkpt lat="53.517024983" lon="49.846447008">
  <ele>217.511993</ele>
  <time>2010-07-31T06:44:11Z</time>
</trkpt>
<trkpt lat="53.517005956" lon="49.846836096">
  <ele>217.514008</ele>
  <time>2010-07-31T06:44:12Z</time>
</trkpt>
<trkpt lat="53.516986845" lon="49.847225184">
  <ele>217.501999</ele>
  <time>2010-07-31T06:44:13Z</time>
</trkpt>
<trkpt lat="53.516963962" lon="49.847614272">
  <ele>217.425995</ele>
  <time>2010-07-31T06:44:14Z</time>
</trkpt>
<trkpt lat="53.516941080" lon="49.847999588">
  <ele>217.261002</ele>
  <time>2010-07-31T06:44:15Z</time>
</trkpt>
<trkpt lat="53.516918197" lon="49.848384820">
  <ele>217.128998</ele>
  <time>2010-07-31T06:44:16Z</time>
</trkpt>
<trkpt lat="53.516895315" lon="49.848766364">
  <ele>216.962997</ele>
  <time>2010-07-31T06:44:17Z</time>
</trkpt>
<trkpt lat="53.516872432" lon="49.849143969">
  <ele>216.776001</ele>
  <time>2010-07-31T06:44:18Z</time>
</trkpt>
<trkpt lat="53.516849549" lon="49.849521657">
  <ele>216.623993</ele>
  <time>2010-07-31T06:44:19Z</time>
</trkpt>
<trkpt lat="53.516826667" lon="49.849903118">
  <ele>216.220993</ele>
  <time>2010-07-31T06:44:20Z</time>
</trkpt>
<trkpt lat="53.516803700" lon="49.850280723">
  <ele>216.069000</ele>
  <time>2010-07-31T06:44:21Z</time>
</trkpt>
<trkpt lat="53.516780818" lon="49.850658411">
  <ele>215.886993</ele>
  <time>2010-07-31T06:44:22Z</time>
</trkpt>
<trkpt lat="53.516761791" lon="49.851043727">
  <ele>216.054001</ele>
  <time>2010-07-31T06:44:23Z</time>
</trkpt>
<trkpt lat="53.516738908" lon="49.851432815">
  <ele>216.035004</ele>
  <time>2010-07-31T06:44:24Z</time>
</trkpt>
<trkpt lat="53.516719798" lon="49.851821903">
  <ele>215.914993</ele>
  <time>2010-07-31T06:44:25Z</time>
</trkpt>
<trkpt lat="53.516696915" lon="49.852210991">
  <ele>216.016998</ele>
  <time>2010-07-31T06:44:26Z</time>
</trkpt>
<trkpt lat="53.516674032" lon="49.852607707">
  <ele>215.882004</ele>
  <time>2010-07-31T06:44:27Z</time>
</trkpt>
<trkpt lat="53.516651150" lon="49.853004422">
  <ele>215.796005</ele>
  <time>2010-07-31T06:44:28Z</time>
</trkpt>
<trkpt lat="53.516628267" lon="49.853404993">
  <ele>215.501007</ele>
  <time>2010-07-31T06:44:29Z</time>
</trkpt>
<trkpt lat="53.516601529" lon="49.853805564">
  <ele>215.393005</ele>
  <time>2010-07-31T06:44:30Z</time>
</trkpt>
<trkpt lat="53.516578646" lon="49.854206052">
  <ele>215.235001</ele>
  <time>2010-07-31T06:44:31Z</time>
</trkpt>
<trkpt lat="53.516551992" lon="49.854606623">
  <ele>215.138000</ele>
  <time>2010-07-31T06:44:32Z</time>
</trkpt>
<trkpt lat="53.516529109" lon="49.855007194">
  <ele>214.912003</ele>
  <time>2010-07-31T06:44:33Z</time>
</trkpt>
<trkpt lat="53.516506227" lon="49.855411537">
  <ele>214.740997</ele>
  <time>2010-07-31T06:44:34Z</time>
</trkpt>
<trkpt lat="53.516483344" lon="49.855815880">
  <ele>214.750000</ele>
  <time>2010-07-31T06:44:35Z</time>
</trkpt>
<trkpt lat="53.516460378" lon="49.856224079">
  <ele>214.634995</ele>
  <time>2010-07-31T06:44:36Z</time>
</trkpt>
<trkpt lat="53.516433723" lon="49.856628422">
  <ele>214.294998</ele>
  <time>2010-07-31T06:44:37Z</time>
</trkpt>
<trkpt lat="53.516406985" lon="49.857040392">
  <ele>214.438004</ele>
  <time>2010-07-31T06:44:38Z</time>
</trkpt>
<trkpt lat="53.516384102" lon="49.857456218">
  <ele>214.528000</ele>
  <time>2010-07-31T06:44:39Z</time>
</trkpt>
<trkpt lat="53.516357448" lon="49.857872045">
  <ele>214.755005</ele>
  <time>2010-07-31T06:44:40Z</time>
</trkpt>
<trkpt lat="53.516334565" lon="49.858287787">
  <ele>214.606995</ele>
  <time>2010-07-31T06:44:41Z</time>
</trkpt>
<trkpt lat="53.516311683" lon="49.858703613">
  <ele>214.593994</ele>
  <time>2010-07-31T06:44:42Z</time>
</trkpt>
<trkpt lat="53.516284944" lon="49.859119439">
  <ele>214.483002</ele>
  <time>2010-07-31T06:44:43Z</time>
</trkpt>
<trkpt lat="53.516258206" lon="49.859531410">
  <ele>214.326996</ele>
  <time>2010-07-31T06:44:44Z</time>
</trkpt>
<trkpt lat="53.516235324" lon="49.859943381">
  <ele>214.169998</ele>
  <time>2010-07-31T06:44:45Z</time>
</trkpt>
<trkpt lat="53.516216297" lon="49.860351579">
  <ele>213.867996</ele>
  <time>2010-07-31T06:44:46Z</time>
</trkpt>
<trkpt lat="53.516189558" lon="49.860763550">
  <ele>213.645004</ele>
  <time>2010-07-31T06:44:47Z</time>
</trkpt>
<trkpt lat="53.516162904" lon="49.861171748">
  <ele>213.417007</ele>
  <time>2010-07-31T06:44:48Z</time>
</trkpt>
<trkpt lat="53.516140021" lon="49.861579863">
  <ele>213.764008</ele>
  <time>2010-07-31T06:44:49Z</time>
</trkpt>
<trkpt lat="53.516113283" lon="49.861991918">
  <ele>213.750000</ele>
  <time>2010-07-31T06:44:50Z</time>
</trkpt>
<trkpt lat="53.516090401" lon="49.862403888">
  <ele>213.628998</ele>
  <time>2010-07-31T06:44:51Z</time>
</trkpt>
<trkpt lat="53.516063662" lon="49.862812003">
  <ele>213.589005</ele>
  <time>2010-07-31T06:44:52Z</time>
</trkpt>
<trkpt lat="53.516040780" lon="49.863224057">
  <ele>213.466995</ele>
  <time>2010-07-31T06:44:53Z</time>
</trkpt>
<trkpt lat="53.516014125" lon="49.863636028">
  <ele>213.085007</ele>
  <time>2010-07-31T06:44:54Z</time>
</trkpt>
<trkpt lat="53.515991243" lon="49.864047999">
  <ele>212.804001</ele>
  <time>2010-07-31T06:44:55Z</time>
</trkpt>
<trkpt lat="53.515964504" lon="49.864456197">
  <ele>212.550003</ele>
  <time>2010-07-31T06:44:56Z</time>
</trkpt>
<trkpt lat="53.515941622" lon="49.864860540">
  <ele>212.531006</ele>
  <time>2010-07-31T06:44:57Z</time>
</trkpt>
<trkpt lat="53.515918739" lon="49.865268739">
  <ele>212.656998</ele>
  <time>2010-07-31T06:44:58Z</time>
</trkpt>
<trkpt lat="53.515895857" lon="49.865676854">
  <ele>212.298004</ele>
  <time>2010-07-31T06:44:59Z</time>
</trkpt>
<trkpt lat="53.515876746" lon="49.866085052">
  <ele>211.473999</ele>
  <time>2010-07-31T06:45:00Z</time>
</trkpt>
<trkpt lat="53.515850091" lon="49.866493251">
  <ele>211.250000</ele>
  <time>2010-07-31T06:45:01Z</time>
</trkpt>
<trkpt lat="53.515827209" lon="49.866901366">
  <ele>211.078995</ele>
  <time>2010-07-31T06:45:02Z</time>
</trkpt>
<trkpt lat="53.515808098" lon="49.867313420">
  <ele>210.856003</ele>
  <time>2010-07-31T06:45:03Z</time>
</trkpt>
<trkpt lat="53.515785215" lon="49.867721535">
  <ele>210.537994</ele>
  <time>2010-07-31T06:45:04Z</time>
</trkpt>
<trkpt lat="53.515758477" lon="49.868133506">
  <ele>209.893005</ele>
  <time>2010-07-31T06:45:05Z</time>
</trkpt>
<trkpt lat="53.515735595" lon="49.868541704">
  <ele>209.369995</ele>
  <time>2010-07-31T06:45:06Z</time>
</trkpt>
<trkpt lat="53.515716568" lon="49.868949903">
  <ele>209.084000</ele>
  <time>2010-07-31T06:45:07Z</time>
</trkpt>
<trkpt lat="53.515689829" lon="49.869354246">
  <ele>208.794998</ele>
  <time>2010-07-31T06:45:08Z</time>
</trkpt>
<trkpt lat="53.515666947" lon="49.869758589">
  <ele>208.423996</ele>
  <time>2010-07-31T06:45:09Z</time>
</trkpt>
<trkpt lat="53.515644064" lon="49.870159160">
  <ele>207.944000</ele>
  <time>2010-07-31T06:45:10Z</time>
</trkpt>
<trkpt lat="53.515621182" lon="49.870563503">
  <ele>207.529999</ele>
  <time>2010-07-31T06:45:11Z</time>
</trkpt>
<trkpt lat="53.515598299" lon="49.870960219">
  <ele>207.106995</ele>
  <time>2010-07-31T06:45:12Z</time>
</trkpt>
<trkpt lat="53.515579188" lon="49.871356934">
  <ele>206.725006</ele>
  <time>2010-07-31T06:45:13Z</time>
</trkpt>
<trkpt lat="53.515556306" lon="49.871757505">
  <ele>206.279007</ele>
  <time>2010-07-31T06:45:14Z</time>
</trkpt>
<trkpt lat="53.515529651" lon="49.872161848">
  <ele>205.856995</ele>
  <time>2010-07-31T06:45:15Z</time>
</trkpt>
<trkpt lat="53.515499141" lon="49.872566191">
  <ele>205.119003</ele>
  <time>2010-07-31T06:45:16Z</time>
</trkpt>
<trkpt lat="53.515472403" lon="49.872970618">
  <ele>204.360992</ele>
  <time>2010-07-31T06:45:17Z</time>
</trkpt>
<trkpt lat="53.515441893" lon="49.873374961">
  <ele>203.772003</ele>
  <time>2010-07-31T06:45:18Z</time>
</trkpt>
<trkpt lat="53.515415154" lon="49.873779304">
  <ele>203.384003</ele>
  <time>2010-07-31T06:45:19Z</time>
</trkpt>
<trkpt lat="53.515392272" lon="49.874183647">
  <ele>202.822006</ele>
  <time>2010-07-31T06:45:20Z</time>
</trkpt>
<trkpt lat="53.515369389" lon="49.874587990">
  <ele>202.529007</ele>
  <time>2010-07-31T06:45:21Z</time>
</trkpt>
<trkpt lat="53.515346507" lon="49.874988561">
  <ele>202.281006</ele>
  <time>2010-07-31T06:45:22Z</time>
</trkpt>
<trkpt lat="53.515323624" lon="49.875377649">
  <ele>201.992004</ele>
  <time>2010-07-31T06:45:23Z</time>
</trkpt>
<trkpt lat="53.515300741" lon="49.875766737">
  <ele>201.542999</ele>
  <time>2010-07-31T06:45:24Z</time>
</trkpt>
<trkpt lat="53.515277859" lon="49.876152053">
  <ele>201.233002</ele>
  <time>2010-07-31T06:45:25Z</time>
</trkpt>
<trkpt lat="53.515254976" lon="49.876533514">
  <ele>200.867004</ele>
  <time>2010-07-31T06:45:26Z</time>
</trkpt>
<trkpt lat="53.515235865" lon="49.876911202">
  <ele>200.804993</ele>
  <time>2010-07-31T06:45:27Z</time>
</trkpt>
<trkpt lat="53.515216839" lon="49.877285035">
  <ele>200.830002</ele>
  <time>2010-07-31T06:45:28Z</time>
</trkpt>
<trkpt lat="53.515190100" lon="49.877651241">
  <ele>200.675003</ele>
  <time>2010-07-31T06:45:29Z</time>
</trkpt>
<trkpt lat="53.515171073" lon="49.878009818">
  <ele>200.177002</ele>
  <time>2010-07-31T06:45:30Z</time>
</trkpt>
<trkpt lat="53.515148191" lon="49.878368396">
  <ele>199.742996</ele>
  <time>2010-07-31T06:45:31Z</time>
</trkpt>
<trkpt lat="53.515129080" lon="49.878726974">
  <ele>199.649994</ele>
  <time>2010-07-31T06:45:32Z</time>
</trkpt>
<trkpt lat="53.515110053" lon="49.879081696">
  <ele>199.354004</ele>
  <time>2010-07-31T06:45:33Z</time>
</trkpt>
<trkpt lat="53.515090942" lon="49.879436502">
  <ele>199.128998</ele>
  <time>2010-07-31T06:45:34Z</time>
</trkpt>
<trkpt lat="53.515068060" lon="49.879787453">
  <ele>199.067993</ele>
  <time>2010-07-31T06:45:35Z</time>
</trkpt>
<trkpt lat="53.515045177" lon="49.880138403">
  <ele>199.037994</ele>
  <time>2010-07-31T06:45:36Z</time>
</trkpt>
<trkpt lat="53.515026066" lon="49.880485497">
  <ele>199.108002</ele>
  <time>2010-07-31T06:45:37Z</time>
</trkpt>
<trkpt lat="53.515007040" lon="49.880840303">
  <ele>199.225006</ele>
  <time>2010-07-31T06:45:38Z</time>
</trkpt>
<trkpt lat="53.514987929" lon="49.881195109">
  <ele>199.466003</ele>
  <time>2010-07-31T06:45:39Z</time>
</trkpt>
<trkpt lat="53.514965046" lon="49.881549831">
  <ele>199.319000</ele>
  <time>2010-07-31T06:45:40Z</time>
</trkpt>
<trkpt lat="53.514942164" lon="49.881904637">
  <ele>199.233002</ele>
  <time>2010-07-31T06:45:41Z</time>
</trkpt>
<trkpt lat="53.514919281" lon="49.882263215">
  <ele>198.925995</ele>
  <time>2010-07-31T06:45:42Z</time>
</trkpt>
<trkpt lat="53.514900170" lon="49.882617937">
  <ele>198.973007</ele>
  <time>2010-07-31T06:45:43Z</time>
</trkpt>
<trkpt lat="53.514881143" lon="49.882965116">
  <ele>199.007004</ele>
  <time>2010-07-31T06:45:44Z</time>
</trkpt>
<trkpt lat="53.514862033" lon="49.883308439">
  <ele>198.891998</ele>
  <time>2010-07-31T06:45:45Z</time>
</trkpt>
<trkpt lat="53.514843006" lon="49.883651761">
  <ele>198.804993</ele>
  <time>2010-07-31T06:45:46Z</time>
</trkpt>
<trkpt lat="53.514827751" lon="49.883995084">
  <ele>198.533005</ele>
  <time>2010-07-31T06:45:47Z</time>
</trkpt>
<trkpt lat="53.514812496" lon="49.884330779">
  <ele>198.503998</ele>
  <time>2010-07-31T06:45:48Z</time>
</trkpt>
<trkpt lat="53.514793385" lon="49.884662619">
  <ele>198.666000</ele>
  <time>2010-07-31T06:45:49Z</time>
</trkpt>
<trkpt lat="53.514774358" lon="49.884994542">
  <ele>198.740005</ele>
  <time>2010-07-31T06:45:50Z</time>
</trkpt>
<trkpt lat="53.514759103" lon="49.885334009">
  <ele>198.645004</ele>
  <time>2010-07-31T06:45:51Z</time>
</trkpt>
<trkpt lat="53.514743764" lon="49.885684960">
  <ele>198.559006</ele>
  <time>2010-07-31T06:45:52Z</time>
</trkpt>
<trkpt lat="53.514732365" lon="49.886055021">
  <ele>198.602997</ele>
  <time>2010-07-31T06:45:53Z</time>
</trkpt>
<trkpt lat="53.514713254" lon="49.886432625">
  <ele>198.792999</ele>
  <time>2010-07-31T06:45:54Z</time>
</trkpt>
<trkpt lat="53.514694227" lon="49.886817941">
  <ele>198.893997</ele>
  <time>2010-07-31T06:45:55Z</time>
</trkpt>
<trkpt lat="53.514671344" lon="49.887207029">
  <ele>198.667007</ele>
  <time>2010-07-31T06:45:56Z</time>
</trkpt>
<trkpt lat="53.514648462" lon="49.887607601">
  <ele>198.602005</ele>
  <time>2010-07-31T06:45:57Z</time>
</trkpt>
<trkpt lat="53.514621723" lon="49.888011944">
  <ele>198.498001</ele>
  <time>2010-07-31T06:45:58Z</time>
</trkpt>
<trkpt lat="53.514598841" lon="49.888420142">
  <ele>198.546005</ele>
  <time>2010-07-31T06:45:59Z</time>
</trkpt>
<trkpt lat="53.514575958" lon="49.888828257">
  <ele>199.059006</ele>
  <time>2010-07-31T06:46:00Z</time>
</trkpt>
<trkpt lat="53.514553076" lon="49.889240228">
  <ele>199.496994</ele>
  <time>2010-07-31T06:46:01Z</time>
</trkpt>
<trkpt lat="53.514530193" lon="49.889648426">
  <ele>199.649002</ele>
  <time>2010-07-31T06:46:02Z</time>
</trkpt>
<trkpt lat="53.514503455" lon="49.890048997">
  <ele>199.746002</ele>
  <time>2010-07-31T06:46:03Z</time>
</trkpt>
<trkpt lat="53.514480572" lon="49.890453340">
  <ele>199.897995</ele>
  <time>2010-07-31T06:46:04Z</time>
</trkpt>
<trkpt lat="53.514453918" lon="49.890857683">
  <ele>199.809998</ele>
  <time>2010-07-31T06:46:05Z</time>
</trkpt>
<trkpt lat="53.514427179" lon="49.891265882">
  <ele>199.763000</ele>
  <time>2010-07-31T06:46:06Z</time>
</trkpt>
<trkpt lat="53.514396669" lon="49.891677853">
  <ele>199.688004</ele>
  <time>2010-07-31T06:46:07Z</time>
</trkpt>
<trkpt lat="53.514366159" lon="49.892086051">
  <ele>199.819000</ele>
  <time>2010-07-31T06:46:08Z</time>
</trkpt>
<trkpt lat="53.514335649" lon="49.892494166">
  <ele>199.705002</ele>
  <time>2010-07-31T06:46:09Z</time>
</trkpt>
<trkpt lat="53.514305139" lon="49.892898593">
  <ele>199.645004</ele>
  <time>2010-07-31T06:46:10Z</time>
</trkpt>
<trkpt lat="53.514278401" lon="49.893299080">
  <ele>199.501007</ele>
  <time>2010-07-31T06:46:11Z</time>
</trkpt>
<trkpt lat="53.514255518" lon="49.893688168">
  <ele>199.067993</ele>
  <time>2010-07-31T06:46:12Z</time>
</trkpt>
<trkpt lat="53.514232635" lon="49.894081112">
  <ele>198.576004</ele>
  <time>2010-07-31T06:46:13Z</time>
</trkpt>
<trkpt lat="53.514213525" lon="49.894470200">
  <ele>198.302994</ele>
  <time>2010-07-31T06:46:14Z</time>
</trkpt>
<trkpt lat="53.514190642" lon="49.894851660">
  <ele>198.408997</ele>
  <time>2010-07-31T06:46:15Z</time>
</trkpt>
<trkpt lat="53.514167760" lon="49.895229349">
  <ele>198.173996</ele>
  <time>2010-07-31T06:46:16Z</time>
</trkpt>
<trkpt lat="53.514148733" lon="49.895603182">
  <ele>198.125000</ele>
  <time>2010-07-31T06:46:17Z</time>
</trkpt>
<trkpt lat="53.514129622" lon="49.895973243">
  <ele>197.697998</ele>
  <time>2010-07-31T06:46:18Z</time>
</trkpt>
<trkpt lat="53.514106739" lon="49.896343220">
  <ele>197.432007</ele>
  <time>2010-07-31T06:46:19Z</time>
</trkpt>
<trkpt lat="53.514087712" lon="49.896701798">
  <ele>197.050003</ele>
  <time>2010-07-31T06:46:20Z</time>
</trkpt>
<trkpt lat="53.514064830" lon="49.897056604">
  <ele>196.968002</ele>
  <time>2010-07-31T06:46:21Z</time>
</trkpt>
<trkpt lat="53.514041863" lon="49.897407554">
  <ele>196.807999</ele>
  <time>2010-07-31T06:46:22Z</time>
</trkpt>
<trkpt lat="53.514022836" lon="49.897750877">
  <ele>196.505005</ele>
  <time>2010-07-31T06:46:23Z</time>
</trkpt>
<trkpt lat="53.514003726" lon="49.898090344">
  <ele>196.332001</ele>
  <time>2010-07-31T06:46:24Z</time>
</trkpt>
<trkpt lat="53.513984699" lon="49.898429895">
  <ele>196.494995</ele>
  <time>2010-07-31T06:46:25Z</time>
</trkpt>
<trkpt lat="53.513965588" lon="49.898761734">
  <ele>196.563004</ele>
  <time>2010-07-31T06:46:26Z</time>
</trkpt>
<trkpt lat="53.513946561" lon="49.899093658">
  <ele>196.520004</ele>
  <time>2010-07-31T06:46:27Z</time>
</trkpt>
<trkpt lat="53.513927450" lon="49.899421725">
  <ele>196.632996</ele>
  <time>2010-07-31T06:46:28Z</time>
</trkpt>
<trkpt lat="53.513908423" lon="49.899745937">
  <ele>196.481003</ele>
  <time>2010-07-31T06:46:29Z</time>
</trkpt>
<trkpt lat="53.513889313" lon="49.900070149">
  <ele>196.416000</ele>
  <time>2010-07-31T06:46:30Z</time>
</trkpt>
<trkpt lat="53.513870202" lon="49.900398217">
  <ele>196.266006</ele>
  <time>2010-07-31T06:46:31Z</time>
</trkpt>
<trkpt lat="53.513851175" lon="49.900718657">
  <ele>196.434006</ele>
  <time>2010-07-31T06:46:32Z</time>
</trkpt>
<trkpt lat="53.513832064" lon="49.901031470">
  <ele>196.259003</ele>
  <time>2010-07-31T06:46:33Z</time>
</trkpt>
<trkpt lat="53.513816809" lon="49.901344283">
  <ele>196.113998</ele>
  <time>2010-07-31T06:46:34Z</time>
</trkpt>
<trkpt lat="53.513797782" lon="49.901653323">
  <ele>195.988007</ele>
  <time>2010-07-31T06:46:35Z</time>
</trkpt>
<trkpt lat="53.513778672" lon="49.901969908">
  <ele>195.860992</ele>
  <time>2010-07-31T06:46:36Z</time>
</trkpt>
<trkpt lat="53.513759645" lon="49.902286492">
  <ele>195.949997</ele>
  <time>2010-07-31T06:46:37Z</time>
</trkpt>
<trkpt lat="53.513736762" lon="49.902606932">
  <ele>195.970001</ele>
  <time>2010-07-31T06:46:38Z</time>
</trkpt>
<trkpt lat="53.513717651" lon="49.902938856">
  <ele>195.934998</ele>
  <time>2010-07-31T06:46:39Z</time>
</trkpt>
<trkpt lat="53.513698541" lon="49.903274551">
  <ele>196.003998</ele>
  <time>2010-07-31T06:46:40Z</time>
</trkpt>
<trkpt lat="53.513679514" lon="49.903614018">
  <ele>195.835999</ele>
  <time>2010-07-31T06:46:41Z</time>
</trkpt>
<trkpt lat="53.513660403" lon="49.903957341">
  <ele>195.897003</ele>
  <time>2010-07-31T06:46:42Z</time>
</trkpt>
<trkpt lat="53.513641376" lon="49.904308291">
  <ele>195.959000</ele>
  <time>2010-07-31T06:46:43Z</time>
</trkpt>
<trkpt lat="53.513622265" lon="49.904666869">
  <ele>195.690994</ele>
  <time>2010-07-31T06:46:44Z</time>
</trkpt>
<trkpt lat="53.513599383" lon="49.905029302">
  <ele>195.345001</ele>
  <time>2010-07-31T06:46:45Z</time>
</trkpt>
<trkpt lat="53.513580356" lon="49.905399363">
  <ele>195.229004</ele>
  <time>2010-07-31T06:46:46Z</time>
</trkpt>
<trkpt lat="53.513557473" lon="49.905773196">
  <ele>194.972000</ele>
  <time>2010-07-31T06:46:47Z</time>
</trkpt>
<trkpt lat="53.513534507" lon="49.906154657">
  <ele>194.776993</ele>
  <time>2010-07-31T06:46:48Z</time>
</trkpt>
<trkpt lat="53.513511624" lon="49.906528490">
  <ele>194.285004</ele>
  <time>2010-07-31T06:46:49Z</time>
</trkpt>
<trkpt lat="53.513492597" lon="49.906906094">
  <ele>194.171997</ele>
  <time>2010-07-31T06:46:50Z</time>
</trkpt>
<trkpt lat="53.513473487" lon="49.907272300">
  <ele>194.145004</ele>
  <time>2010-07-31T06:46:51Z</time>
</trkpt>
<trkpt lat="53.513454460" lon="49.907634733">
  <ele>193.604004</ele>
  <time>2010-07-31T06:46:52Z</time>
</trkpt>
<trkpt lat="53.513431577" lon="49.907993311">
  <ele>193.255997</ele>
  <time>2010-07-31T06:46:53Z</time>
</trkpt>
<trkpt lat="53.513412466" lon="49.908359516">
  <ele>193.074005</ele>
  <time>2010-07-31T06:46:54Z</time>
</trkpt>
<trkpt lat="53.513393439" lon="49.908721950">
  <ele>192.626007</ele>
  <time>2010-07-31T06:46:55Z</time>
</trkpt>
<trkpt lat="53.513374329" lon="49.909084300">
  <ele>192.182999</ele>
  <time>2010-07-31T06:46:56Z</time>
</trkpt>
<trkpt lat="53.513355218" lon="49.909446733">
  <ele>191.619003</ele>
  <time>2010-07-31T06:46:57Z</time>
</trkpt>
<trkpt lat="53.513336191" lon="49.909809083">
  <ele>191.134003</ele>
  <time>2010-07-31T06:46:58Z</time>
</trkpt>
<trkpt lat="53.513313308" lon="49.910179144">
  <ele>190.639999</ele>
  <time>2010-07-31T06:46:59Z</time>
</trkpt>
<trkpt lat="53.513294198" lon="49.910556832">
  <ele>190.244003</ele>
  <time>2010-07-31T06:47:00Z</time>
</trkpt>
<trkpt lat="53.513271315" lon="49.910926810">
  <ele>189.800995</ele>
  <time>2010-07-31T06:47:01Z</time>
</trkpt>
<trkpt lat="53.513248432" lon="49.911300642">
  <ele>189.160004</ele>
  <time>2010-07-31T06:47:02Z</time>
</trkpt>
<trkpt lat="53.513225550" lon="49.911678331">
  <ele>188.757996</ele>
  <time>2010-07-31T06:47:03Z</time>
</trkpt>
<trkpt lat="53.513202667" lon="49.912063563">
  <ele>188.304001</ele>
  <time>2010-07-31T06:47:04Z</time>
</trkpt>
<trkpt lat="53.513183556" lon="49.912448879">
  <ele>188.042007</ele>
  <time>2010-07-31T06:47:05Z</time>
</trkpt>
<trkpt lat="53.513156902" lon="49.912837967">
  <ele>187.326004</ele>
  <time>2010-07-31T06:47:06Z</time>
</trkpt>
<trkpt lat="53.513134019" lon="49.913223283">
  <ele>186.800995</ele>
  <time>2010-07-31T06:47:07Z</time>
</trkpt>
<trkpt lat="53.513111137" lon="49.913612371">
  <ele>186.320007</ele>
  <time>2010-07-31T06:47:08Z</time>
</trkpt>
<trkpt lat="53.513088254" lon="49.914001459">
  <ele>185.908997</ele>
  <time>2010-07-31T06:47:09Z</time>
</trkpt>
<trkpt lat="53.513069144" lon="49.914394403">
  <ele>185.432007</ele>
  <time>2010-07-31T06:47:10Z</time>
</trkpt>
<trkpt lat="53.513050117" lon="49.914783491">
  <ele>185.009003</ele>
  <time>2010-07-31T06:47:11Z</time>
</trkpt>
<trkpt lat="53.513027150" lon="49.915168723">
  <ele>184.608994</ele>
  <time>2010-07-31T06:47:12Z</time>
</trkpt>
<trkpt lat="53.513000496" lon="49.915554039">
  <ele>184.445999</ele>
  <time>2010-07-31T06:47:13Z</time>
</trkpt>
<trkpt lat="53.512977613" lon="49.915939355">
  <ele>183.977997</ele>
  <time>2010-07-31T06:47:14Z</time>
</trkpt>
<trkpt lat="53.512954731" lon="49.916328443">
  <ele>183.757004</ele>
  <time>2010-07-31T06:47:15Z</time>
</trkpt>
<trkpt lat="53.512931848" lon="49.916709904">
  <ele>183.289001</ele>
  <time>2010-07-31T06:47:16Z</time>
</trkpt>
<trkpt lat="53.512908965" lon="49.917095220">
  <ele>183.255005</ele>
  <time>2010-07-31T06:47:17Z</time>
</trkpt>
<trkpt lat="53.512889855" lon="49.917472824">
  <ele>182.972000</ele>
  <time>2010-07-31T06:47:18Z</time>
</trkpt>
<trkpt lat="53.512863200" lon="49.917846657">
  <ele>182.628998</ele>
  <time>2010-07-31T06:47:19Z</time>
</trkpt>
<trkpt lat="53.512844089" lon="49.918216718">
  <ele>182.367996</ele>
  <time>2010-07-31T06:47:20Z</time>
</trkpt>
<trkpt lat="53.512821207" lon="49.918582924">
  <ele>181.981995</ele>
  <time>2010-07-31T06:47:21Z</time>
</trkpt>
<trkpt lat="53.512798324" lon="49.918945273">
  <ele>181.404999</ele>
  <time>2010-07-31T06:47:22Z</time>
</trkpt>
<trkpt lat="53.512779213" lon="49.919311563">
  <ele>181.272995</ele>
  <time>2010-07-31T06:47:23Z</time>
</trkpt>
<trkpt lat="53.512760187" lon="49.919681540">
  <ele>180.906006</ele>
  <time>2010-07-31T06:47:24Z</time>
</trkpt>
<trkpt lat="53.512737304" lon="49.920059228">
  <ele>180.660995</ele>
  <time>2010-07-31T06:47:25Z</time>
</trkpt>
<trkpt lat="53.512718193" lon="49.920440689">
  <ele>180.483994</ele>
  <time>2010-07-31T06:47:26Z</time>
</trkpt>
<trkpt lat="53.512702938" lon="49.920818293">
  <ele>180.209000</ele>
  <time>2010-07-31T06:47:27Z</time>
</trkpt>
<trkpt lat="53.512687683" lon="49.921199838">
  <ele>179.819000</ele>
  <time>2010-07-31T06:47:28Z</time>
</trkpt>
<trkpt lat="53.512668572" lon="49.921577442">
  <ele>179.268005</ele>
  <time>2010-07-31T06:47:29Z</time>
</trkpt>
<trkpt lat="53.512649545" lon="49.921955131">
  <ele>178.656006</ele>
  <time>2010-07-31T06:47:30Z</time>
</trkpt>
<trkpt lat="53.512626663" lon="49.922328964">
  <ele>177.783005</ele>
  <time>2010-07-31T06:47:31Z</time>
</trkpt>
<trkpt lat="53.512603780" lon="49.922698941">
  <ele>177.153000</ele>
  <time>2010-07-31T06:47:32Z</time>
</trkpt>
<trkpt lat="53.512577042" lon="49.923065146">
  <ele>176.322006</ele>
  <time>2010-07-31T06:47:33Z</time>
</trkpt>
<trkpt lat="53.512558015" lon="49.923419952">
  <ele>175.572006</ele>
  <time>2010-07-31T06:47:34Z</time>
</trkpt>
<trkpt lat="53.512535132" lon="49.923755648">
  <ele>174.988007</ele>
  <time>2010-07-31T06:47:35Z</time>
</trkpt>
<trkpt lat="53.512516022" lon="49.924076088">
  <ele>174.384003</ele>
  <time>2010-07-31T06:47:36Z</time>
</trkpt>
<trkpt lat="53.512496911" lon="49.924377417">
  <ele>173.819000</ele>
  <time>2010-07-31T06:47:37Z</time>
</trkpt>
<trkpt lat="53.512481656" lon="49.924663575">
  <ele>173.026993</ele>
  <time>2010-07-31T06:47:38Z</time>
</trkpt>
<trkpt lat="53.512466401" lon="49.924942022">
  <ele>172.537994</ele>
  <time>2010-07-31T06:47:39Z</time>
</trkpt>
<trkpt lat="53.512451146" lon="49.925216697">
  <ele>172.162003</ele>
  <time>2010-07-31T06:47:40Z</time>
</trkpt>
<trkpt lat="53.512435891" lon="49.925483745">
  <ele>171.565994</ele>
  <time>2010-07-31T06:47:41Z</time>
</trkpt>
<trkpt lat="53.512420636" lon="49.925754564">
  <ele>171.179993</ele>
  <time>2010-07-31T06:47:42Z</time>
</trkpt>
<trkpt lat="53.512401609" lon="49.926021611">
  <ele>170.554993</ele>
  <time>2010-07-31T06:47:43Z</time>
</trkpt>
<trkpt lat="53.512378726" lon="49.926284803">
  <ele>169.932007</ele>
  <time>2010-07-31T06:47:44Z</time>
</trkpt>
<trkpt lat="53.512359615" lon="49.926540367">
  <ele>169.242004</ele>
  <time>2010-07-31T06:47:45Z</time>
</trkpt>
<trkpt lat="53.512336733" lon="49.926799787">
  <ele>168.753006</ele>
  <time>2010-07-31T06:47:46Z</time>
</trkpt>
<trkpt lat="53.512313850" lon="49.927051580">
  <ele>168.248001</ele>
  <time>2010-07-31T06:47:47Z</time>
</trkpt>
<trkpt lat="53.512294739" lon="49.927303288">
  <ele>167.845001</ele>
  <time>2010-07-31T06:47:48Z</time>
</trkpt>
<trkpt lat="53.512275713" lon="49.927562708">
  <ele>167.520004</ele>
  <time>2010-07-31T06:47:49Z</time>
</trkpt>
<trkpt lat="53.512260458" lon="49.927818272">
  <ele>166.841003</ele>
  <time>2010-07-31T06:47:50Z</time>
</trkpt>
<trkpt lat="53.512241347" lon="49.928077692">
  <ele>166.059998</ele>
  <time>2010-07-31T06:47:51Z</time>
</trkpt>
<trkpt lat="53.512226092" lon="49.928344740">
  <ele>165.406006</ele>
  <time>2010-07-31T06:47:52Z</time>
</trkpt>
<trkpt lat="53.512207065" lon="49.928623186">
  <ele>164.871002</ele>
  <time>2010-07-31T06:47:53Z</time>
</trkpt>
<trkpt lat="53.512191810" lon="49.928909261">
  <ele>164.375000</ele>
  <time>2010-07-31T06:47:54Z</time>
</trkpt>
<trkpt lat="53.512176555" lon="49.929199191">
  <ele>163.988007</ele>
  <time>2010-07-31T06:47:55Z</time>
</trkpt>
<trkpt lat="53.512161216" lon="49.929492977">
  <ele>163.707993</ele>
  <time>2010-07-31T06:47:56Z</time>
</trkpt>
<trkpt lat="53.512145961" lon="49.929782907">
  <ele>162.945999</ele>
  <time>2010-07-31T06:47:57Z</time>
</trkpt>
<trkpt lat="53.512130706" lon="49.930076608">
  <ele>162.257996</ele>
  <time>2010-07-31T06:47:58Z</time>
</trkpt>
<trkpt lat="53.512111679" lon="49.930366538">
  <ele>161.613998</ele>
  <time>2010-07-31T06:47:59Z</time>
</trkpt>
<trkpt lat="53.512096424" lon="49.930652613">
  <ele>160.567993</ele>
  <time>2010-07-31T06:48:00Z</time>
</trkpt>
<trkpt lat="53.512077313" lon="49.930938687">
  <ele>159.774994</ele>
  <time>2010-07-31T06:48:01Z</time>
</trkpt>
<trkpt lat="53.512058286" lon="49.931228617">
  <ele>159.108002</ele>
  <time>2010-07-31T06:48:02Z</time>
</trkpt>
<trkpt lat="53.512043031" lon="49.931518547">
  <ele>158.690994</ele>
  <time>2010-07-31T06:48:03Z</time>
</trkpt>
<trkpt lat="53.512027776" lon="49.931812249">
  <ele>157.945999</ele>
  <time>2010-07-31T06:48:04Z</time>
</trkpt>
<trkpt lat="53.512008665" lon="49.932117434">
  <ele>157.138000</ele>
  <time>2010-07-31T06:48:05Z</time>
</trkpt>
<trkpt lat="53.511989554" lon="49.932434103">
  <ele>156.453003</ele>
  <time>2010-07-31T06:48:06Z</time>
</trkpt>
<trkpt lat="53.511970527" lon="49.932754543">
  <ele>155.936996</ele>
  <time>2010-07-31T06:48:07Z</time>
</trkpt>
<trkpt lat="53.511955272" lon="49.933078755">
  <ele>155.490005</ele>
  <time>2010-07-31T06:48:08Z</time>
</trkpt>
<trkpt lat="53.511936162" lon="49.933410678">
  <ele>155.011993</ele>
  <time>2010-07-31T06:48:09Z</time>
</trkpt>
<trkpt lat="53.511917135" lon="49.933738746">
  <ele>154.695007</ele>
  <time>2010-07-31T06:48:10Z</time>
</trkpt>
<trkpt lat="53.511898024" lon="49.934070585">
  <ele>153.998993</ele>
  <time>2010-07-31T06:48:11Z</time>
</trkpt>
<trkpt lat="53.511875141" lon="49.934398653">
  <ele>153.158005</ele>
  <time>2010-07-31T06:48:12Z</time>
</trkpt>
<trkpt lat="53.511859886" lon="49.934730493">
  <ele>152.466003</ele>
  <time>2010-07-31T06:48:13Z</time>
</trkpt>
<trkpt lat="53.511840859" lon="49.935062416">
  <ele>151.824997</ele>
  <time>2010-07-31T06:48:14Z</time>
</trkpt>
<trkpt lat="53.511821749" lon="49.935390484">
  <ele>151.218002</ele>
  <time>2010-07-31T06:48:15Z</time>
</trkpt>
<trkpt lat="53.511802638" lon="49.935722323">
  <ele>150.664001</ele>
  <time>2010-07-31T06:48:16Z</time>
</trkpt>
<trkpt lat="53.511783611" lon="49.936046619">
  <ele>150.173996</ele>
  <time>2010-07-31T06:48:17Z</time>
</trkpt>
<trkpt lat="53.511764500" lon="49.936374687">
  <ele>149.744003</ele>
  <time>2010-07-31T06:48:18Z</time>
</trkpt>
<trkpt lat="53.511745473" lon="49.936702754">
  <ele>148.960007</ele>
  <time>2010-07-31T06:48:19Z</time>
</trkpt>
<trkpt lat="53.511726363" lon="49.937038450">
  <ele>148.201004</ele>
  <time>2010-07-31T06:48:20Z</time>
</trkpt>
<trkpt lat="53.511707336" lon="49.937377917">
  <ele>147.546997</ele>
  <time>2010-07-31T06:48:21Z</time>
</trkpt>
<trkpt lat="53.511688225" lon="49.937721239">
  <ele>146.936005</ele>
  <time>2010-07-31T06:48:22Z</time>
</trkpt>
<trkpt lat="53.511672970" lon="49.938068418">
  <ele>146.386002</ele>
  <time>2010-07-31T06:48:23Z</time>
</trkpt>
<trkpt lat="53.511650087" lon="49.938419368">
  <ele>145.291000</ele>
  <time>2010-07-31T06:48:24Z</time>
</trkpt>
<trkpt lat="53.511634832" lon="49.938781718">
  <ele>144.473007</ele>
  <time>2010-07-31T06:48:25Z</time>
</trkpt>
<trkpt lat="53.511619577" lon="49.939151779">
  <ele>143.679001</ele>
  <time>2010-07-31T06:48:26Z</time>
</trkpt>
<trkpt lat="53.511596695" lon="49.939533239">
  <ele>142.972000</ele>
  <time>2010-07-31T06:48:27Z</time>
</trkpt>
<trkpt lat="53.511577584" lon="49.939929955">
  <ele>142.212997</ele>
  <time>2010-07-31T06:48:28Z</time>
</trkpt>
<trkpt lat="53.511558557" lon="49.940326670">
  <ele>141.311005</ele>
  <time>2010-07-31T06:48:29Z</time>
</trkpt>
<trkpt lat="53.511535674" lon="49.940727241">
  <ele>140.498001</ele>
  <time>2010-07-31T06:48:30Z</time>
</trkpt>
<trkpt lat="53.511512792" lon="49.941120185">
  <ele>139.593002</ele>
  <time>2010-07-31T06:48:31Z</time>
</trkpt>
<trkpt lat="53.511486053" lon="49.941520672">
  <ele>139.001999</ele>
  <time>2010-07-31T06:48:32Z</time>
</trkpt>
<trkpt lat="53.511463171" lon="49.941917388">
  <ele>138.199997</ele>
  <time>2010-07-31T06:48:33Z</time>
</trkpt>
<trkpt lat="53.511436433" lon="49.942321815">
  <ele>137.563995</ele>
  <time>2010-07-31T06:48:34Z</time>
</trkpt>
<trkpt lat="53.511409778" lon="49.942718530">
  <ele>136.766006</ele>
  <time>2010-07-31T06:48:35Z</time>
</trkpt>
<trkpt lat="53.511383040" lon="49.943122873">
  <ele>136.216995</ele>
  <time>2010-07-31T06:48:36Z</time>
</trkpt>
<trkpt lat="53.511356385" lon="49.943519589">
  <ele>135.287003</ele>
  <time>2010-07-31T06:48:37Z</time>
</trkpt>
<trkpt lat="53.511325875" lon="49.943912532">
  <ele>134.565002</ele>
  <time>2010-07-31T06:48:38Z</time>
</trkpt>
<trkpt lat="53.511295281" lon="49.944301620">
  <ele>133.841995</ele>
  <time>2010-07-31T06:48:39Z</time>
</trkpt>
<trkpt lat="53.511268627" lon="49.944686852">
  <ele>133.352005</ele>
  <time>2010-07-31T06:48:40Z</time>
</trkpt>
<trkpt lat="53.511234261" lon="49.945064541">
  <ele>132.582993</ele>
  <time>2010-07-31T06:48:41Z</time>
</trkpt>
<trkpt lat="53.511199979" lon="49.945438374">
  <ele>131.917007</ele>
  <time>2010-07-31T06:48:42Z</time>
</trkpt>
<trkpt lat="53.511169469" lon="49.945808435">
  <ele>131.139999</ele>
  <time>2010-07-31T06:48:43Z</time>
</trkpt>
<trkpt lat="53.511135103" lon="49.946178412">
  <ele>130.720993</ele>
  <time>2010-07-31T06:48:44Z</time>
</trkpt>
<trkpt lat="53.511096966" lon="49.946552245">
  <ele>130.147995</ele>
  <time>2010-07-31T06:48:45Z</time>
</trkpt>
<trkpt lat="53.511058828" lon="49.946922306">
  <ele>129.789001</ele>
  <time>2010-07-31T06:48:46Z</time>
</trkpt>
<trkpt lat="53.511024462" lon="49.947292367">
  <ele>129.248993</ele>
  <time>2010-07-31T06:48:47Z</time>
</trkpt>
<trkpt lat="53.510990180" lon="49.947662344">
  <ele>128.858994</ele>
  <time>2010-07-31T06:48:48Z</time>
</trkpt>
<trkpt lat="53.510951959" lon="49.948024778">
  <ele>128.531006</ele>
  <time>2010-07-31T06:48:49Z</time>
</trkpt>
<trkpt lat="53.510913821" lon="49.948371872">
  <ele>128.220993</ele>
  <time>2010-07-31T06:48:50Z</time>
</trkpt>
<trkpt lat="53.510875683" lon="49.948703796">
  <ele>128.018005</ele>
  <time>2010-07-31T06:48:51Z</time>
</trkpt>
<trkpt lat="53.510837546" lon="49.949012753">
  <ele>128.020996</ele>
  <time>2010-07-31T06:48:52Z</time>
</trkpt>
<trkpt lat="53.510799408" lon="49.949298827">
  <ele>128.145004</ele>
  <time>2010-07-31T06:48:53Z</time>
</trkpt>
<trkpt lat="53.510765042" lon="49.949565874">
  <ele>128.184006</ele>
  <time>2010-07-31T06:48:54Z</time>
</trkpt>
<trkpt lat="53.510730760" lon="49.949825294">
  <ele>128.259003</ele>
  <time>2010-07-31T06:48:55Z</time>
</trkpt>
<trkpt lat="53.510696394" lon="49.950084714">
  <ele>128.289993</ele>
  <time>2010-07-31T06:48:56Z</time>
</trkpt>
<trkpt lat="53.510658257" lon="49.950336423">
  <ele>128.121994</ele>
  <time>2010-07-31T06:48:57Z</time>
</trkpt>
<trkpt lat="53.510627747" lon="49.950572960">
  <ele>128.082001</ele>
  <time>2010-07-31T06:48:58Z</time>
</trkpt>
<trkpt lat="53.510593381" lon="49.950801870">
  <ele>127.807999</ele>
  <time>2010-07-31T06:48:59Z</time>
</trkpt>
<trkpt lat="53.510559099" lon="49.951038323">
  <ele>127.848000</ele>
  <time>2010-07-31T06:49:00Z</time>
</trkpt>
<trkpt lat="53.510524733" lon="49.951282488">
  <ele>127.903999</ele>
  <time>2010-07-31T06:49:01Z</time>
</trkpt>
<trkpt lat="53.510486595" lon="49.951545680">
  <ele>127.911003</ele>
  <time>2010-07-31T06:49:02Z</time>
</trkpt>
<trkpt lat="53.510444602" lon="49.951824211">
  <ele>127.821999</ele>
  <time>2010-07-31T06:49:03Z</time>
</trkpt>
<trkpt lat="53.510402692" lon="49.952114141">
  <ele>127.714996</ele>
  <time>2010-07-31T06:49:04Z</time>
</trkpt>
<trkpt lat="53.510364555" lon="49.952419242">
  <ele>127.700996</ele>
  <time>2010-07-31T06:49:05Z</time>
</trkpt>
<trkpt lat="53.510326417" lon="49.952735910">
  <ele>127.574997</ele>
  <time>2010-07-31T06:49:06Z</time>
</trkpt>
<trkpt lat="53.510284424" lon="49.953063978">
  <ele>127.254997</ele>
  <time>2010-07-31T06:49:07Z</time>
</trkpt>
<trkpt lat="53.510238659" lon="49.953407301">
  <ele>127.084000</ele>
  <time>2010-07-31T06:49:08Z</time>
</trkpt>
<trkpt lat="53.510185266" lon="49.953758251">
  <ele>126.787003</ele>
  <time>2010-07-31T06:49:09Z</time>
</trkpt>
<trkpt lat="53.510131873" lon="49.954116829">
  <ele>126.518997</ele>
  <time>2010-07-31T06:49:10Z</time>
</trkpt>
<trkpt lat="53.510070769" lon="49.954486806">
  <ele>126.182999</ele>
  <time>2010-07-31T06:49:11Z</time>
</trkpt>
<trkpt lat="53.510009749" lon="49.954868350">
  <ele>125.806000</ele>
  <time>2010-07-31T06:49:12Z</time>
</trkpt>
<trkpt lat="53.509944957" lon="49.955253582">
  <ele>125.515999</ele>
  <time>2010-07-31T06:49:13Z</time>
</trkpt>
<trkpt lat="53.509880081" lon="49.955646526">
  <ele>124.971001</ele>
  <time>2010-07-31T06:49:14Z</time>
</trkpt>
<trkpt lat="53.509811433" lon="49.956039470">
  <ele>124.633003</ele>
  <time>2010-07-31T06:49:15Z</time>
</trkpt>
<trkpt lat="53.509738930" lon="49.956436185">
  <ele>124.295998</ele>
  <time>2010-07-31T06:49:16Z</time>
</trkpt>
<trkpt lat="53.509670282" lon="49.956836672">
  <ele>124.096001</ele>
  <time>2010-07-31T06:49:17Z</time>
</trkpt>
<trkpt lat="53.509597778" lon="49.957233388">
  <ele>123.664001</ele>
  <time>2010-07-31T06:49:18Z</time>
</trkpt>
<trkpt lat="53.509525275" lon="49.957633959">
  <ele>123.238998</ele>
  <time>2010-07-31T06:49:19Z</time>
</trkpt>
<trkpt lat="53.509456627" lon="49.958030675">
  <ele>122.789001</ele>
  <time>2010-07-31T06:49:20Z</time>
</trkpt>
<trkpt lat="53.509384124" lon="49.958431246">
  <ele>122.528000</ele>
  <time>2010-07-31T06:49:21Z</time>
</trkpt>
<trkpt lat="53.509315476" lon="49.958827961">
  <ele>122.400002</ele>
  <time>2010-07-31T06:49:22Z</time>
</trkpt>
<trkpt lat="53.509246828" lon="49.959220905">
  <ele>122.289001</ele>
  <time>2010-07-31T06:49:23Z</time>
</trkpt>
<trkpt lat="53.509178180" lon="49.959609993">
  <ele>122.184998</ele>
  <time>2010-07-31T06:49:24Z</time>
</trkpt>
<trkpt lat="53.509105677" lon="49.959999081">
  <ele>121.844002</ele>
  <time>2010-07-31T06:49:25Z</time>
</trkpt>
<trkpt lat="53.509037029" lon="49.960392024">
  <ele>121.757004</ele>
  <time>2010-07-31T06:49:26Z</time>
</trkpt>
<trkpt lat="53.508968381" lon="49.960784884">
  <ele>121.665001</ele>
  <time>2010-07-31T06:49:27Z</time>
</trkpt>
<trkpt lat="53.508899650" lon="49.961173972">
  <ele>121.209000</ele>
  <time>2010-07-31T06:49:28Z</time>
</trkpt>
<trkpt lat="53.508831002" lon="49.961566916">
  <ele>120.833000</ele>
  <time>2010-07-31T06:49:29Z</time>
</trkpt>
<trkpt lat="53.508758582" lon="49.961959859">
  <ele>120.737000</ele>
  <time>2010-07-31T06:49:30Z</time>
</trkpt>
<trkpt lat="53.508689851" lon="49.962356575">
  <ele>120.983002</ele>
  <time>2010-07-31T06:49:31Z</time>
</trkpt>
<trkpt lat="53.508617431" lon="49.962753290">
  <ele>120.971001</ele>
  <time>2010-07-31T06:49:32Z</time>
</trkpt>
<trkpt lat="53.508548699" lon="49.963153861">
  <ele>121.025002</ele>
  <time>2010-07-31T06:49:33Z</time>
</trkpt>
<trkpt lat="53.508476280" lon="49.963558204">
  <ele>121.065002</ele>
  <time>2010-07-31T06:49:34Z</time>
</trkpt>
<trkpt lat="53.508403776" lon="49.963958776">
  <ele>121.180000</ele>
  <time>2010-07-31T06:49:35Z</time>
</trkpt>
<trkpt lat="53.508335128" lon="49.964363119">
  <ele>121.348000</ele>
  <time>2010-07-31T06:49:36Z</time>
</trkpt>
<trkpt lat="53.508258853" lon="49.964771233">
  <ele>121.396004</ele>
  <time>2010-07-31T06:49:37Z</time>
</trkpt>
<trkpt lat="53.508186350" lon="49.965179432">
  <ele>121.714996</ele>
  <time>2010-07-31T06:49:38Z</time>
</trkpt>
<trkpt lat="53.508110074" lon="49.965583775">
  <ele>122.045998</ele>
  <time>2010-07-31T06:49:39Z</time>
</trkpt>
<trkpt lat="53.508037571" lon="49.965988118">
  <ele>122.153000</ele>
  <time>2010-07-31T06:49:40Z</time>
</trkpt>
<trkpt lat="53.507961296" lon="49.966396317">
  <ele>122.345001</ele>
  <time>2010-07-31T06:49:41Z</time>
</trkpt>
<trkpt lat="53.507888792" lon="49.966800660">
  <ele>122.467003</ele>
  <time>2010-07-31T06:49:42Z</time>
</trkpt>
<trkpt lat="53.507816289" lon="49.967205087">
  <ele>122.525002</ele>
  <time>2010-07-31T06:49:43Z</time>
</trkpt>
<trkpt lat="53.507743869" lon="49.967605574">
  <ele>122.261002</ele>
  <time>2010-07-31T06:49:44Z</time>
</trkpt>
<trkpt lat="53.507675137" lon="49.968009917">
  <ele>122.235001</ele>
  <time>2010-07-31T06:49:45Z</time>
</trkpt>
<trkpt lat="53.507602718" lon="49.968414344">
  <ele>122.316002</ele>
  <time>2010-07-31T06:49:46Z</time>
</trkpt>
<trkpt lat="53.507530214" lon="49.968818687">
  <ele>122.334999</ele>
  <time>2010-07-31T06:49:47Z</time>
</trkpt>
<trkpt lat="53.507457711" lon="49.969223030">
  <ele>122.098999</ele>
  <time>2010-07-31T06:49:48Z</time>
</trkpt>
<trkpt lat="53.507389063" lon="49.969627373">
  <ele>122.328003</ele>
  <time>2010-07-31T06:49:49Z</time>
</trkpt>
<trkpt lat="53.507316560" lon="49.970024088">
  <ele>122.362000</ele>
  <time>2010-07-31T06:49:50Z</time>
</trkpt>
<trkpt lat="53.507247912" lon="49.970424660">
  <ele>122.499001</ele>
  <time>2010-07-31T06:49:51Z</time>
</trkpt>
<trkpt lat="53.507171636" lon="49.970817603">
  <ele>122.636002</ele>
  <time>2010-07-31T06:49:52Z</time>
</trkpt>
<trkpt lat="53.507102989" lon="49.971214319">
  <ele>122.755997</ele>
  <time>2010-07-31T06:49:53Z</time>
</trkpt>
<trkpt lat="53.507034341" lon="49.971607178">
  <ele>122.763000</ele>
  <time>2010-07-31T06:49:54Z</time>
</trkpt>
<trkpt lat="53.506965609" lon="49.972000122">
  <ele>122.570999</ele>
  <time>2010-07-31T06:49:55Z</time>
</trkpt>
<trkpt lat="53.506893190" lon="49.972393066">
  <ele>122.781998</ele>
  <time>2010-07-31T06:49:56Z</time>
</trkpt>
<trkpt lat="53.506824458" lon="49.972785925">
  <ele>122.736000</ele>
  <time>2010-07-31T06:49:57Z</time>
</trkpt>
<trkpt lat="53.506752038" lon="49.973175013">
  <ele>122.586998</ele>
  <time>2010-07-31T06:49:58Z</time>
</trkpt>
<trkpt lat="53.506683391" lon="49.973567957">
  <ele>122.501999</ele>
  <time>2010-07-31T06:49:59Z</time>
</trkpt>
<trkpt lat="53.506614659" lon="49.973960901">
  <ele>122.514999</ele>
  <time>2010-07-31T06:50:00Z</time>
</trkpt>
<trkpt lat="53.506542239" lon="49.974357616">
  <ele>122.440002</ele>
  <time>2010-07-31T06:50:01Z</time>
</trkpt>
<trkpt lat="53.506473508" lon="49.974754332">
  <ele>122.459999</ele>
  <time>2010-07-31T06:50:02Z</time>
</trkpt>
<trkpt lat="53.506401088" lon="49.975154903">
  <ele>122.357002</ele>
  <time>2010-07-31T06:50:03Z</time>
</trkpt>
<trkpt lat="53.506332356" lon="49.975555390">
  <ele>122.607002</ele>
  <time>2010-07-31T06:50:04Z</time>
</trkpt>
<trkpt lat="53.506259937" lon="49.975959817">
  <ele>122.653999</ele>
  <time>2010-07-31T06:50:05Z</time>
</trkpt>
<trkpt lat="53.506187433" lon="49.976364160">
  <ele>122.877998</ele>
  <time>2010-07-31T06:50:06Z</time>
</trkpt>
<trkpt lat="53.506114930" lon="49.976760875">
  <ele>122.827003</ele>
  <time>2010-07-31T06:50:07Z</time>
</trkpt>
<trkpt lat="53.506038655" lon="49.977157591">
  <ele>122.914001</ele>
  <time>2010-07-31T06:50:08Z</time>
</trkpt>
<trkpt lat="53.505966151" lon="49.977546679">
  <ele>123.013000</ele>
  <time>2010-07-31T06:50:09Z</time>
</trkpt>
<trkpt lat="53.505889876" lon="49.977939622">
  <ele>123.105003</ele>
  <time>2010-07-31T06:50:10Z</time>
</trkpt>
<trkpt lat="53.505821228" lon="49.978328710">
  <ele>122.830002</ele>
  <time>2010-07-31T06:50:11Z</time>
</trkpt>
<trkpt lat="53.505748725" lon="49.978717798">
  <ele>122.908997</ele>
  <time>2010-07-31T06:50:12Z</time>
</trkpt>
<trkpt lat="53.505680077" lon="49.979110742">
  <ele>122.959999</ele>
  <time>2010-07-31T06:50:13Z</time>
</trkpt>
<trkpt lat="53.505611429" lon="49.979503602">
  <ele>122.792000</ele>
  <time>2010-07-31T06:50:14Z</time>
</trkpt>
<trkpt lat="53.505542781" lon="49.979892690">
  <ele>122.416000</ele>
  <time>2010-07-31T06:50:15Z</time>
</trkpt>
<trkpt lat="53.505474050" lon="49.980281861">
  <ele>122.184998</ele>
  <time>2010-07-31T06:50:16Z</time>
</trkpt>
<trkpt lat="53.505405402" lon="49.980674721">
  <ele>122.075996</ele>
  <time>2010-07-31T06:50:17Z</time>
</trkpt>
<trkpt lat="53.505336754" lon="49.981060037">
  <ele>121.948997</ele>
  <time>2010-07-31T06:50:18Z</time>
</trkpt>
<trkpt lat="53.505268106" lon="49.981449125">
  <ele>121.942001</ele>
  <time>2010-07-31T06:50:19Z</time>
</trkpt>
<trkpt lat="53.505199458" lon="49.981838213">
  <ele>121.651001</ele>
  <time>2010-07-31T06:50:20Z</time>
</trkpt>
<trkpt lat="53.505130727" lon="49.982223529">
  <ele>121.427002</ele>
  <time>2010-07-31T06:50:21Z</time>
</trkpt>
<trkpt lat="53.505062079" lon="49.982604990">
  <ele>121.092003</ele>
  <time>2010-07-31T06:50:22Z</time>
</trkpt>
<trkpt lat="53.504993431" lon="49.982986450">
  <ele>120.638000</ele>
  <time>2010-07-31T06:50:23Z</time>
</trkpt>
<trkpt lat="53.504924783" lon="49.983364139">
  <ele>120.301003</ele>
  <time>2010-07-31T06:50:24Z</time>
</trkpt>
<trkpt lat="53.504856136" lon="49.983741743">
  <ele>119.763000</ele>
  <time>2010-07-31T06:50:25Z</time>
</trkpt>
<trkpt lat="53.504791260" lon="49.984123204">
  <ele>119.348999</ele>
  <time>2010-07-31T06:50:26Z</time>
</trkpt>
<trkpt lat="53.504726384" lon="49.984497037">
  <ele>118.661003</ele>
  <time>2010-07-31T06:50:27Z</time>
</trkpt>
<trkpt lat="53.504661592" lon="49.984867098">
  <ele>117.917999</ele>
  <time>2010-07-31T06:50:28Z</time>
</trkpt>
<trkpt lat="53.504596716" lon="49.985237159">
  <ele>117.345001</ele>
  <time>2010-07-31T06:50:29Z</time>
</trkpt>
<trkpt lat="53.504535696" lon="49.985599509">
  <ele>116.821999</ele>
  <time>2010-07-31T06:50:30Z</time>
</trkpt>
<trkpt lat="53.504474675" lon="49.985961942">
  <ele>116.394997</ele>
  <time>2010-07-31T06:50:31Z</time>
</trkpt>
<trkpt lat="53.504409799" lon="49.986316664">
  <ele>116.125999</ele>
  <time>2010-07-31T06:50:32Z</time>
</trkpt>
<trkpt lat="53.504348779" lon="49.986667614">
  <ele>115.723999</ele>
  <time>2010-07-31T06:50:33Z</time>
</trkpt>
<trkpt lat="53.504283903" lon="49.987018565">
  <ele>115.165001</ele>
  <time>2010-07-31T06:50:34Z</time>
</trkpt>
<trkpt lat="53.504226655" lon="49.987365743">
  <ele>114.688004</ele>
  <time>2010-07-31T06:50:35Z</time>
</trkpt>
<trkpt lat="53.504161863" lon="49.987716693">
  <ele>114.347000</ele>
  <time>2010-07-31T06:50:36Z</time>
</trkpt>
<trkpt lat="53.504104614" lon="49.988067644">
  <ele>114.051003</ele>
  <time>2010-07-31T06:50:37Z</time>
</trkpt>
<trkpt lat="53.504043594" lon="49.988414738">
  <ele>113.358002</ele>
  <time>2010-07-31T06:50:38Z</time>
</trkpt>
<trkpt lat="53.503982574" lon="49.988765689">
  <ele>112.588997</ele>
  <time>2010-07-31T06:50:39Z</time>
</trkpt>
<trkpt lat="53.503921470" lon="49.989116639">
  <ele>111.808998</ele>
  <time>2010-07-31T06:50:40Z</time>
</trkpt>
<trkpt lat="53.503864305" lon="49.989467589">
  <ele>111.056000</ele>
  <time>2010-07-31T06:50:41Z</time>
</trkpt>
<trkpt lat="53.503807057" lon="49.989818539">
  <ele>110.515999</ele>
  <time>2010-07-31T06:50:42Z</time>
</trkpt>
<trkpt lat="53.503749808" lon="49.990165718">
  <ele>110.139999</ele>
  <time>2010-07-31T06:50:43Z</time>
</trkpt>
<trkpt lat="53.503696416" lon="49.990520440">
  <ele>109.574997</ele>
  <time>2010-07-31T06:50:44Z</time>
</trkpt>
<trkpt lat="53.503639251" lon="49.990879018">
  <ele>109.134003</ele>
  <time>2010-07-31T06:50:45Z</time>
</trkpt>
<trkpt lat="53.503585774" lon="49.991237679">
  <ele>108.557999</ele>
  <time>2010-07-31T06:50:46Z</time>
</trkpt>
<trkpt lat="53.503536237" lon="49.991600029">
  <ele>107.981003</ele>
  <time>2010-07-31T06:50:47Z</time>
</trkpt>
<trkpt lat="53.503486617" lon="49.991958607">
  <ele>107.216003</ele>
  <time>2010-07-31T06:50:48Z</time>
</trkpt>
<trkpt lat="53.503440851" lon="49.992321040">
  <ele>106.749001</ele>
  <time>2010-07-31T06:50:49Z</time>
</trkpt>
<trkpt lat="53.503395086" lon="49.992679618">
  <ele>106.063004</ele>
  <time>2010-07-31T06:50:50Z</time>
</trkpt>
<trkpt lat="53.503345465" lon="49.993038196">
  <ele>105.547997</ele>
  <time>2010-07-31T06:50:51Z</time>
</trkpt>
<trkpt lat="53.503299700" lon="49.993396774">
  <ele>105.082001</ele>
  <time>2010-07-31T06:50:52Z</time>
</trkpt>
<trkpt lat="53.503253935" lon="49.993762979">
  <ele>104.650002</ele>
  <time>2010-07-31T06:50:53Z</time>
</trkpt>
<trkpt lat="53.503208170" lon="49.994129185">
  <ele>103.975998</ele>
  <time>2010-07-31T06:50:54Z</time>
</trkpt>
<trkpt lat="53.503166176" lon="49.994499246">
  <ele>103.292000</ele>
  <time>2010-07-31T06:50:55Z</time>
</trkpt>
<trkpt lat="53.503120411" lon="49.994869223">
  <ele>102.805000</ele>
  <time>2010-07-31T06:50:56Z</time>
</trkpt>
<trkpt lat="53.503078502" lon="49.995243056">
  <ele>102.177002</ele>
  <time>2010-07-31T06:50:57Z</time>
</trkpt>
<trkpt lat="53.503040280" lon="49.995616889">
  <ele>101.704002</ele>
  <time>2010-07-31T06:50:58Z</time>
</trkpt>
<trkpt lat="53.502998371" lon="49.995986950">
  <ele>101.057999</ele>
  <time>2010-07-31T06:50:59Z</time>
</trkpt>
<trkpt lat="53.502960233" lon="49.996364554">
  <ele>100.625999</ele>
  <time>2010-07-31T06:51:00Z</time>
</trkpt>
<trkpt lat="53.502918240" lon="49.996742243">
  <ele>99.973999</ele>
  <time>2010-07-31T06:51:01Z</time>
</trkpt>
<trkpt lat="53.502876246" lon="49.997123703">
  <ele>99.723999</ele>
  <time>2010-07-31T06:51:02Z</time>
</trkpt>
<trkpt lat="53.502834337" lon="49.997505164">
  <ele>99.467003</ele>
  <time>2010-07-31T06:51:03Z</time>
</trkpt>
<trkpt lat="53.502792343" lon="49.997886624">
  <ele>98.877998</ele>
  <time>2010-07-31T06:51:04Z</time>
</trkpt>
<trkpt lat="53.502750434" lon="49.998264313">
  <ele>98.389999</ele>
  <time>2010-07-31T06:51:05Z</time>
</trkpt>
<trkpt lat="53.502708441" lon="49.998649629">
  <ele>98.014999</ele>
  <time>2010-07-31T06:51:06Z</time>
</trkpt>
<trkpt lat="53.502662675" lon="49.999038717">
  <ele>97.793999</ele>
  <time>2010-07-31T06:51:07Z</time>
</trkpt>
<trkpt lat="53.502616910" lon="49.999431577">
  <ele>97.846001</ele>
  <time>2010-07-31T06:51:08Z</time>
</trkpt>
<trkpt lat="53.502574917" lon="49.999820748">
  <ele>97.582001</ele>
  <time>2010-07-31T06:51:09Z</time>
</trkpt>
<trkpt lat="53.502536779" lon="50.000209836">
  <ele>97.405998</ele>
  <time>2010-07-31T06:51:10Z</time>
</trkpt>
<trkpt lat="53.502491014" lon="50.000606552">
  <ele>97.175003</ele>
  <time>2010-07-31T06:51:11Z</time>
</trkpt>
<trkpt lat="53.502445249" lon="50.001003267">
  <ele>97.086998</ele>
  <time>2010-07-31T06:51:12Z</time>
</trkpt>
<trkpt lat="53.502403256" lon="50.001399983">
  <ele>96.513000</ele>
  <time>2010-07-31T06:51:13Z</time>
</trkpt>
<trkpt lat="53.502357490" lon="50.001796698">
  <ele>96.158997</ele>
  <time>2010-07-31T06:51:14Z</time>
</trkpt>
<trkpt lat="53.502311725" lon="50.002197269">
  <ele>96.133003</ele>
  <time>2010-07-31T06:51:15Z</time>
</trkpt>
<trkpt lat="53.502265960" lon="50.002597841">
  <ele>96.028999</ele>
  <time>2010-07-31T06:51:16Z</time>
</trkpt>
<trkpt lat="53.502220195" lon="50.002998328">
  <ele>95.982002</ele>
  <time>2010-07-31T06:51:17Z</time>
</trkpt>
<trkpt lat="53.502178201" lon="50.003395043">
  <ele>95.621002</ele>
  <time>2010-07-31T06:51:18Z</time>
</trkpt>
<trkpt lat="53.502132436" lon="50.003795614">
  <ele>95.184998</ele>
  <time>2010-07-31T06:51:19Z</time>
</trkpt>
<trkpt lat="53.502086671" lon="50.004196186">
  <ele>94.834999</ele>
  <time>2010-07-31T06:51:20Z</time>
</trkpt>
<trkpt lat="53.502044678" lon="50.004596673">
  <ele>94.694000</ele>
  <time>2010-07-31T06:51:21Z</time>
</trkpt>
<trkpt lat="53.501998913" lon="50.004993472">
  <ele>94.380997</ele>
  <time>2010-07-31T06:51:22Z</time>
</trkpt>
<trkpt lat="53.501956919" lon="50.005390188">
  <ele>94.223000</ele>
  <time>2010-07-31T06:51:23Z</time>
</trkpt>
<trkpt lat="53.501911154" lon="50.005794531">
  <ele>93.893997</ele>
  <time>2010-07-31T06:51:24Z</time>
</trkpt>
<trkpt lat="53.501865389" lon="50.006195102">
  <ele>93.432999</ele>
  <time>2010-07-31T06:51:25Z</time>
</trkpt>
<trkpt lat="53.501823395" lon="50.006599445">
  <ele>93.031998</ele>
  <time>2010-07-31T06:51:26Z</time>
</trkpt>
<trkpt lat="53.501777630" lon="50.007003788">
  <ele>92.839996</ele>
  <time>2010-07-31T06:51:27Z</time>
</trkpt>
<trkpt lat="53.501731865" lon="50.007408131">
  <ele>92.431000</ele>
  <time>2010-07-31T06:51:28Z</time>
</trkpt>
<trkpt lat="53.501689872" lon="50.007812474">
  <ele>91.737000</ele>
  <time>2010-07-31T06:51:29Z</time>
</trkpt>
<trkpt lat="53.501644107" lon="50.008216817">
  <ele>91.080002</ele>
  <time>2010-07-31T06:51:30Z</time>
</trkpt>
<trkpt lat="53.501602197" lon="50.008617388">
  <ele>90.466003</ele>
  <time>2010-07-31T06:51:31Z</time>
</trkpt>
<trkpt lat="53.501560204" lon="50.009014104">
  <ele>90.023003</ele>
  <time>2010-07-31T06:51:32Z</time>
</trkpt>
<trkpt lat="53.501514439" lon="50.009410819">
  <ele>89.704002</ele>
  <time>2010-07-31T06:51:33Z</time>
</trkpt>
<trkpt lat="53.501468673" lon="50.009799991">
  <ele>89.049004</ele>
  <time>2010-07-31T06:51:34Z</time>
</trkpt>
<trkpt lat="53.501426680" lon="50.010189079">
  <ele>88.610001</ele>
  <time>2010-07-31T06:51:35Z</time>
</trkpt>
<trkpt lat="53.501384770" lon="50.010570539">
  <ele>88.297997</ele>
  <time>2010-07-31T06:51:36Z</time>
</trkpt>
<trkpt lat="53.501342777" lon="50.010952000">
  <ele>87.950996</ele>
  <time>2010-07-31T06:51:37Z</time>
</trkpt>
<trkpt lat="53.501304640" lon="50.011325832">
  <ele>87.384003</ele>
  <time>2010-07-31T06:51:38Z</time>
</trkpt>
<trkpt lat="53.501262646" lon="50.011699665">
  <ele>86.922997</ele>
  <time>2010-07-31T06:51:39Z</time>
</trkpt>
<trkpt lat="53.501220737" lon="50.012065871">
  <ele>86.379997</ele>
  <time>2010-07-31T06:51:40Z</time>
</trkpt>
<trkpt lat="53.501178743" lon="50.012432076">
  <ele>85.830002</ele>
  <time>2010-07-31T06:51:41Z</time>
</trkpt>
<trkpt lat="53.501140606" lon="50.012802137">
  <ele>85.067001</ele>
  <time>2010-07-31T06:51:42Z</time>
</trkpt>
<trkpt lat="53.501098612" lon="50.013168342">
  <ele>84.512001</ele>
  <time>2010-07-31T06:51:43Z</time>
</trkpt>
<trkpt lat="53.501056703" lon="50.013530692">
  <ele>83.639999</ele>
  <time>2010-07-31T06:51:44Z</time>
</trkpt>
<trkpt lat="53.501018565" lon="50.013889354">
  <ele>82.748001</ele>
  <time>2010-07-31T06:51:45Z</time>
</trkpt>
<trkpt lat="53.500980344" lon="50.014255559">
  <ele>82.014999</ele>
  <time>2010-07-31T06:51:46Z</time>
</trkpt>
<trkpt lat="53.500938434" lon="50.014625536">
  <ele>81.299004</ele>
  <time>2010-07-31T06:51:47Z</time>
</trkpt>
<trkpt lat="53.500900296" lon="50.014995597">
  <ele>80.524002</ele>
  <time>2010-07-31T06:51:48Z</time>
</trkpt>
<trkpt lat="53.500862159" lon="50.015369430">
  <ele>79.717003</ele>
  <time>2010-07-31T06:51:49Z</time>
</trkpt>
<trkpt lat="53.500820166" lon="50.015739407">
  <ele>78.886002</ele>
  <time>2010-07-31T06:51:50Z</time>
</trkpt>
<trkpt lat="53.500778172" lon="50.016113240">
  <ele>78.175003</ele>
  <time>2010-07-31T06:51:51Z</time>
</trkpt>
<trkpt lat="53.500740035" lon="50.016494785">
  <ele>77.375999</ele>
  <time>2010-07-31T06:51:52Z</time>
</trkpt>
<trkpt lat="53.500698125" lon="50.016880017">
  <ele>76.557999</ele>
  <time>2010-07-31T06:51:53Z</time>
</trkpt>
<trkpt lat="53.500656132" lon="50.017269105">
  <ele>75.814003</ele>
  <time>2010-07-31T06:51:54Z</time>
</trkpt>
<trkpt lat="53.500614138" lon="50.017658193">
  <ele>75.093002</ele>
  <time>2010-07-31T06:51:55Z</time>
</trkpt>
<trkpt lat="53.500568373" lon="50.018051136">
  <ele>74.138000</ele>
  <time>2010-07-31T06:51:56Z</time>
</trkpt>
<trkpt lat="53.500526464" lon="50.018447852">
  <ele>72.990997</ele>
  <time>2010-07-31T06:51:57Z</time>
</trkpt>
<trkpt lat="53.500488242" lon="50.018848423">
  <ele>72.130997</ele>
  <time>2010-07-31T06:51:58Z</time>
</trkpt>
<trkpt lat="53.500442477" lon="50.019245138">
  <ele>71.261002</ele>
  <time>2010-07-31T06:51:59Z</time>
</trkpt>
<trkpt lat="53.500400567" lon="50.019645710">
  <ele>70.526001</ele>
  <time>2010-07-31T06:52:00Z</time>
</trkpt>
<trkpt lat="53.500358574" lon="50.020046197">
  <ele>69.666000</ele>
  <time>2010-07-31T06:52:01Z</time>
</trkpt>
<trkpt lat="53.500316581" lon="50.020446768">
  <ele>68.967003</ele>
  <time>2010-07-31T06:52:02Z</time>
</trkpt>
<trkpt lat="53.500270816" lon="50.020843484">
  <ele>68.058998</ele>
  <time>2010-07-31T06:52:03Z</time>
</trkpt>
<trkpt lat="53.500225050" lon="50.021240199">
  <ele>67.362999</ele>
  <time>2010-07-31T06:52:04Z</time>
</trkpt>
<trkpt lat="53.500183141" lon="50.021636998">
  <ele>66.589996</ele>
  <time>2010-07-31T06:52:05Z</time>
</trkpt>
<trkpt lat="53.500137292" lon="50.022033714">
  <ele>65.716003</ele>
  <time>2010-07-31T06:52:06Z</time>
</trkpt>
<trkpt lat="53.500091527" lon="50.022426574">
  <ele>64.747002</ele>
  <time>2010-07-31T06:52:07Z</time>
</trkpt>
<trkpt lat="53.500049617" lon="50.022823373">
  <ele>63.917999</ele>
  <time>2010-07-31T06:52:08Z</time>
</trkpt>
<trkpt lat="53.500003852" lon="50.023216233">
  <ele>63.469002</ele>
  <time>2010-07-31T06:52:09Z</time>
</trkpt>
<trkpt lat="53.499961859" lon="50.023609176">
  <ele>63.087002</ele>
  <time>2010-07-31T06:52:10Z</time>
</trkpt>
<trkpt lat="53.499919865" lon="50.024005892">
  <ele>62.723000</ele>
  <time>2010-07-31T06:52:11Z</time>
</trkpt>
<trkpt lat="53.499877956" lon="50.024406463">
  <ele>62.442001</ele>
  <time>2010-07-31T06:52:12Z</time>
</trkpt>
<trkpt lat="53.499832191" lon="50.024803178">
  <ele>62.194000</ele>
  <time>2010-07-31T06:52:13Z</time>
</trkpt>
<trkpt lat="53.499790197" lon="50.025199894">
  <ele>62.085999</ele>
  <time>2010-07-31T06:52:14Z</time>
</trkpt>
<trkpt lat="53.499740576" lon="50.025592837">
  <ele>61.833000</ele>
  <time>2010-07-31T06:52:15Z</time>
</trkpt>
<trkpt lat="53.499698667" lon="50.025989553">
  <ele>61.950001</ele>
  <time>2010-07-31T06:52:16Z</time>
</trkpt>
<trkpt lat="53.499656674" lon="50.026382413">
  <ele>61.721001</ele>
  <time>2010-07-31T06:52:17Z</time>
</trkpt>
<trkpt lat="53.499614680" lon="50.026775356">
  <ele>61.511002</ele>
  <time>2010-07-31T06:52:18Z</time>
</trkpt>
<trkpt lat="53.499568915" lon="50.027168300">
  <ele>61.388000</ele>
  <time>2010-07-31T06:52:19Z</time>
</trkpt>
<trkpt lat="53.499527005" lon="50.027565015">
  <ele>61.375000</ele>
  <time>2010-07-31T06:52:20Z</time>
</trkpt>
<trkpt lat="53.499485012" lon="50.027950248">
  <ele>61.465000</ele>
  <time>2010-07-31T06:52:21Z</time>
</trkpt>
<trkpt lat="53.499443019" lon="50.028335564">
  <ele>61.570999</ele>
  <time>2010-07-31T06:52:22Z</time>
</trkpt>
<trkpt lat="53.499401109" lon="50.028713252">
  <ele>61.383999</ele>
  <time>2010-07-31T06:52:23Z</time>
</trkpt>
<trkpt lat="53.499359116" lon="50.029083230">
  <ele>61.397999</ele>
  <time>2010-07-31T06:52:24Z</time>
</trkpt>
<trkpt lat="53.499320978" lon="50.029445663">
  <ele>61.639999</ele>
  <time>2010-07-31T06:52:25Z</time>
</trkpt>
<trkpt lat="53.499282841" lon="50.029804241">
  <ele>61.431999</ele>
  <time>2010-07-31T06:52:26Z</time>
</trkpt>
<trkpt lat="53.499244703" lon="50.030155191">
  <ele>61.095001</ele>
  <time>2010-07-31T06:52:27Z</time>
</trkpt>
<trkpt lat="53.499206565" lon="50.030509913">
  <ele>61.014000</ele>
  <time>2010-07-31T06:52:28Z</time>
</trkpt>
<trkpt lat="53.499168428" lon="50.030868491">
  <ele>61.075001</ele>
  <time>2010-07-31T06:52:29Z</time>
</trkpt>
<trkpt lat="53.499126434" lon="50.031219441">
  <ele>60.866001</ele>
  <time>2010-07-31T06:52:30Z</time>
</trkpt>
<trkpt lat="53.499088297" lon="50.031570476">
  <ele>60.798000</ele>
  <time>2010-07-31T06:52:31Z</time>
</trkpt>
<trkpt lat="53.499050159" lon="50.031921426">
  <ele>60.674999</ele>
  <time>2010-07-31T06:52:32Z</time>
</trkpt>
<trkpt lat="53.499012021" lon="50.032268520">
  <ele>60.764000</ele>
  <time>2010-07-31T06:52:33Z</time>
</trkpt>
<trkpt lat="53.498973884" lon="50.032615699">
  <ele>60.943001</ele>
  <time>2010-07-31T06:52:34Z</time>
</trkpt>
<trkpt lat="53.498939518" lon="50.032959022">
  <ele>60.873001</ele>
  <time>2010-07-31T06:52:35Z</time>
</trkpt>
<trkpt lat="53.498901380" lon="50.033302344">
  <ele>60.897999</ele>
  <time>2010-07-31T06:52:36Z</time>
</trkpt>
<trkpt lat="53.498863243" lon="50.033641811">
  <ele>60.956001</ele>
  <time>2010-07-31T06:52:37Z</time>
</trkpt>
<trkpt lat="53.498825105" lon="50.033981362">
  <ele>61.168999</ele>
  <time>2010-07-31T06:52:38Z</time>
</trkpt>
<trkpt lat="53.498786967" lon="50.034317058">
  <ele>61.195999</ele>
  <time>2010-07-31T06:52:39Z</time>
</trkpt>
<trkpt lat="53.498748746" lon="50.034656525">
  <ele>61.238998</ele>
  <time>2010-07-31T06:52:40Z</time>
</trkpt>
<trkpt lat="53.498714464" lon="50.034992220">
  <ele>61.306999</ele>
  <time>2010-07-31T06:52:41Z</time>
</trkpt>
<trkpt lat="53.498680098" lon="50.035327915">
  <ele>61.243000</ele>
  <time>2010-07-31T06:52:42Z</time>
</trkpt>
<trkpt lat="53.498641960" lon="50.035659755">
  <ele>61.403000</ele>
  <time>2010-07-31T06:52:43Z</time>
</trkpt>
<trkpt lat="53.498607595" lon="50.035987822">
  <ele>61.687000</ele>
  <time>2010-07-31T06:52:44Z</time>
</trkpt>
<trkpt lat="53.498573313" lon="50.036308262">
  <ele>61.782001</ele>
  <time>2010-07-31T06:52:45Z</time>
</trkpt>
<trkpt lat="53.498538947" lon="50.036636330">
  <ele>61.971001</ele>
  <time>2010-07-31T06:52:46Z</time>
</trkpt>
<trkpt lat="53.498500809" lon="50.036956770">
  <ele>62.026001</ele>
  <time>2010-07-31T06:52:47Z</time>
</trkpt>
<trkpt lat="53.498462671" lon="50.037281066">
  <ele>62.008999</ele>
  <time>2010-07-31T06:52:48Z</time>
</trkpt>
<trkpt lat="53.498424534" lon="50.037609134">
  <ele>61.919998</ele>
  <time>2010-07-31T06:52:49Z</time>
</trkpt>
<trkpt lat="53.498386396" lon="50.037933346">
  <ele>61.963001</ele>
  <time>2010-07-31T06:52:50Z</time>
</trkpt>
<trkpt lat="53.498348258" lon="50.038261414">
  <ele>61.752998</ele>
  <time>2010-07-31T06:52:51Z</time>
</trkpt>
<trkpt lat="53.498310121" lon="50.038581854">
  <ele>61.872002</ele>
  <time>2010-07-31T06:52:52Z</time>
</trkpt>
<trkpt lat="53.498271983" lon="50.038906066">
  <ele>61.723000</ele>
  <time>2010-07-31T06:52:53Z</time>
</trkpt>
<trkpt lat="53.498233762" lon="50.039230362">
  <ele>61.619999</ele>
  <time>2010-07-31T06:52:54Z</time>
</trkpt>
<trkpt lat="53.498199480" lon="50.039554574">
  <ele>61.709000</ele>
  <time>2010-07-31T06:52:55Z</time>
</trkpt>
<trkpt lat="53.498157486" lon="50.039882641">
  <ele>61.793999</ele>
  <time>2010-07-31T06:52:56Z</time>
</trkpt>
<trkpt lat="53.498119349" lon="50.040218337">
  <ele>61.867001</ele>
  <time>2010-07-31T06:52:57Z</time>
</trkpt>
<trkpt lat="53.498081211" lon="50.040561659">
  <ele>62.199001</ele>
  <time>2010-07-31T06:52:58Z</time>
</trkpt>
<trkpt lat="53.498039218" lon="50.040908838">
  <ele>62.285999</ele>
  <time>2010-07-31T06:52:59Z</time>
</trkpt>
<trkpt lat="53.498001080" lon="50.041263560">
  <ele>62.305000</ele>
  <time>2010-07-31T06:53:00Z</time>
</trkpt>
<trkpt lat="53.497959170" lon="50.041618366">
  <ele>62.264000</ele>
  <time>2010-07-31T06:53:01Z</time>
</trkpt>
<trkpt lat="53.497917177" lon="50.041984571">
  <ele>62.317001</ele>
  <time>2010-07-31T06:53:02Z</time>
</trkpt>
<trkpt lat="53.497875184" lon="50.042354548">
  <ele>62.500000</ele>
  <time>2010-07-31T06:53:03Z</time>
</trkpt>
<trkpt lat="53.497833274" lon="50.042728465">
  <ele>62.615002</ele>
  <time>2010-07-31T06:53:04Z</time>
</trkpt>
<trkpt lat="53.497795137" lon="50.043109925">
  <ele>62.668999</ele>
  <time>2010-07-31T06:53:05Z</time>
</trkpt>
<trkpt lat="53.497753143" lon="50.043491386">
  <ele>62.964001</ele>
  <time>2010-07-31T06:53:06Z</time>
</trkpt>
<trkpt lat="53.497711150" lon="50.043872846">
  <ele>63.210999</ele>
  <time>2010-07-31T06:53:07Z</time>
</trkpt>
<trkpt lat="53.497673012" lon="50.044250451">
  <ele>63.250000</ele>
  <time>2010-07-31T06:53:08Z</time>
</trkpt>
<trkpt lat="53.497634875" lon="50.044628140">
  <ele>63.244999</ele>
  <time>2010-07-31T06:53:09Z</time>
</trkpt>
<trkpt lat="53.497596737" lon="50.045005828">
  <ele>63.209000</ele>
  <time>2010-07-31T06:53:10Z</time>
</trkpt>
<trkpt lat="53.497554744" lon="50.045383433">
  <ele>63.283001</ele>
  <time>2010-07-31T06:53:11Z</time>
</trkpt>
<trkpt lat="53.497516606" lon="50.045753494">
  <ele>63.186001</ele>
  <time>2010-07-31T06:53:12Z</time>
</trkpt>
<trkpt lat="53.497478468" lon="50.046115844">
  <ele>63.108002</ele>
  <time>2010-07-31T06:53:13Z</time>
</trkpt>
<trkpt lat="53.497440331" lon="50.046466794">
  <ele>63.070000</ele>
  <time>2010-07-31T06:53:14Z</time>
</trkpt>
<trkpt lat="53.497402193" lon="50.046817744">
  <ele>63.084000</ele>
  <time>2010-07-31T06:53:15Z</time>
</trkpt>
<trkpt lat="53.497364055" lon="50.047164923">
  <ele>63.235001</ele>
  <time>2010-07-31T06:53:16Z</time>
</trkpt>
<trkpt lat="53.497325918" lon="50.047515873">
  <ele>63.133999</ele>
  <time>2010-07-31T06:53:17Z</time>
</trkpt>
<trkpt lat="53.497287780" lon="50.047862967">
  <ele>63.294998</ele>
  <time>2010-07-31T06:53:18Z</time>
</trkpt>
<trkpt lat="53.497249642" lon="50.048202518">
  <ele>63.348000</ele>
  <time>2010-07-31T06:53:19Z</time>
</trkpt>
<trkpt lat="53.497211421" lon="50.048541985">
  <ele>63.380001</ele>
  <time>2010-07-31T06:53:20Z</time>
</trkpt>
<trkpt lat="53.497173283" lon="50.048881536">
  <ele>63.504002</ele>
  <time>2010-07-31T06:53:21Z</time>
</trkpt>
<trkpt lat="53.497135146" lon="50.049221003">
  <ele>63.473999</ele>
  <time>2010-07-31T06:53:22Z</time>
</trkpt>
<trkpt lat="53.497097008" lon="50.049556699">
  <ele>63.502998</ele>
  <time>2010-07-31T06:53:23Z</time>
</trkpt>
<trkpt lat="53.497058870" lon="50.049900021">
  <ele>63.724998</ele>
  <time>2010-07-31T06:53:24Z</time>
</trkpt>
<trkpt lat="53.497020733" lon="50.050239572">
  <ele>63.818001</ele>
  <time>2010-07-31T06:53:25Z</time>
</trkpt>
<trkpt lat="53.496982595" lon="50.050575268">
  <ele>64.016998</ele>
  <time>2010-07-31T06:53:26Z</time>
</trkpt>
<trkpt lat="53.496948229" lon="50.050910963">
  <ele>63.945000</ele>
  <time>2010-07-31T06:53:27Z</time>
</trkpt>
<trkpt lat="53.496913947" lon="50.051246658">
  <ele>63.875000</ele>
  <time>2010-07-31T06:53:28Z</time>
</trkpt>
<trkpt lat="53.496875726" lon="50.051582353">
  <ele>63.985001</ele>
  <time>2010-07-31T06:53:29Z</time>
</trkpt>
<trkpt lat="53.496841444" lon="50.051921820">
  <ele>64.094002</ele>
  <time>2010-07-31T06:53:30Z</time>
</trkpt>
<trkpt lat="53.496803306" lon="50.052265143">
  <ele>64.323997</ele>
  <time>2010-07-31T06:53:31Z</time>
</trkpt>
<trkpt lat="53.496768940" lon="50.052608466">
  <ele>64.597000</ele>
  <time>2010-07-31T06:53:32Z</time>
</trkpt>
<trkpt lat="53.496734658" lon="50.052963272">
  <ele>64.859001</ele>
  <time>2010-07-31T06:53:33Z</time>
</trkpt>
<trkpt lat="53.496700292" lon="50.053317994">
  <ele>65.353996</ele>
  <time>2010-07-31T06:53:34Z</time>
</trkpt>
<trkpt lat="53.496665927" lon="50.053676572">
  <ele>65.452003</ele>
  <time>2010-07-31T06:53:35Z</time>
</trkpt>
<trkpt lat="53.496631645" lon="50.054042777">
  <ele>65.696999</ele>
  <time>2010-07-31T06:53:36Z</time>
</trkpt>
<trkpt lat="53.496601135" lon="50.054409066">
  <ele>65.933998</ele>
  <time>2010-07-31T06:53:37Z</time>
</trkpt>
<trkpt lat="53.496570624" lon="50.054779043">
  <ele>66.623001</ele>
  <time>2010-07-31T06:53:38Z</time>
</trkpt>
<trkpt lat="53.496547658" lon="50.055152876">
  <ele>67.264999</ele>
  <time>2010-07-31T06:53:39Z</time>
</trkpt>
<trkpt lat="53.496524775" lon="50.055526709">
  <ele>67.622002</ele>
  <time>2010-07-31T06:53:40Z</time>
</trkpt>
<trkpt lat="53.496505748" lon="50.055900542">
  <ele>68.208000</ele>
  <time>2010-07-31T06:53:41Z</time>
</trkpt>
<trkpt lat="53.496486638" lon="50.056278231">
  <ele>69.070999</ele>
  <time>2010-07-31T06:53:42Z</time>
</trkpt>
<trkpt lat="53.496467611" lon="50.056652064">
  <ele>69.916000</ele>
  <time>2010-07-31T06:53:43Z</time>
</trkpt>
<trkpt lat="53.496448500" lon="50.057025896">
  <ele>70.535004</ele>
  <time>2010-07-31T06:53:44Z</time>
</trkpt>
<trkpt lat="53.496433245" lon="50.057403585">
  <ele>71.053001</ele>
  <time>2010-07-31T06:53:45Z</time>
</trkpt>
<trkpt lat="53.496421846" lon="50.057781190">
  <ele>71.264999</ele>
  <time>2010-07-31T06:53:46Z</time>
</trkpt>
<trkpt lat="53.496414218" lon="50.058158878">
  <ele>71.872002</ele>
  <time>2010-07-31T06:53:47Z</time>
</trkpt>
<trkpt lat="53.496406591" lon="50.058544194">
  <ele>72.488998</ele>
  <time>2010-07-31T06:53:48Z</time>
</trkpt>
<trkpt lat="53.496395107" lon="50.058929427">
  <ele>73.109001</ele>
  <time>2010-07-31T06:53:49Z</time>
</trkpt>
<trkpt lat="53.496391336" lon="50.059318515">
  <ele>73.665001</ele>
  <time>2010-07-31T06:53:50Z</time>
</trkpt>
<trkpt lat="53.496383708" lon="50.059703831">
  <ele>74.022003</ele>
  <time>2010-07-31T06:53:51Z</time>
</trkpt>
<trkpt lat="53.496379852" lon="50.060089147">
  <ele>74.682999</ele>
  <time>2010-07-31T06:53:52Z</time>
</trkpt>
<trkpt lat="53.496375997" lon="50.060474379">
  <ele>75.418999</ele>
  <time>2010-07-31T06:53:53Z</time>
</trkpt>
<trkpt lat="53.496375997" lon="50.060855839">
  <ele>76.178001</ele>
  <time>2010-07-31T06:53:54Z</time>
</trkpt>
<trkpt lat="53.496379852" lon="50.061241155">
  <ele>76.730003</ele>
  <time>2010-07-31T06:53:55Z</time>
</trkpt>
<trkpt lat="53.496383708" lon="50.061626472">
  <ele>77.363998</ele>
  <time>2010-07-31T06:53:56Z</time>
</trkpt>
<trkpt lat="53.496391336" lon="50.062007932">
  <ele>77.899002</ele>
  <time>2010-07-31T06:53:57Z</time>
</trkpt>
<trkpt lat="53.496402735" lon="50.062389392">
  <ele>78.500000</ele>
  <time>2010-07-31T06:53:58Z</time>
</trkpt>
<trkpt lat="53.496414218" lon="50.062774625">
  <ele>79.121002</ele>
  <time>2010-07-31T06:53:59Z</time>
</trkpt>
<trkpt lat="53.496429473" lon="50.063156169">
  <ele>79.608002</ele>
  <time>2010-07-31T06:54:00Z</time>
</trkpt>
<trkpt lat="53.496440873" lon="50.063537629">
  <ele>80.177002</ele>
  <time>2010-07-31T06:54:01Z</time>
</trkpt>
<trkpt lat="53.496452356" lon="50.063915234">
  <ele>80.640999</ele>
  <time>2010-07-31T06:54:02Z</time>
</trkpt>
<trkpt lat="53.496471383" lon="50.064292923">
  <ele>81.240997</ele>
  <time>2010-07-31T06:54:03Z</time>
</trkpt>
<trkpt lat="53.496486638" lon="50.064674383">
  <ele>81.653000</ele>
  <time>2010-07-31T06:54:04Z</time>
</trkpt>
<trkpt lat="53.496501893" lon="50.065055843">
  <ele>82.115997</ele>
  <time>2010-07-31T06:54:05Z</time>
</trkpt>
<trkpt lat="53.496513376" lon="50.065437304">
  <ele>82.612000</ele>
  <time>2010-07-31T06:54:06Z</time>
</trkpt>
<trkpt lat="53.496524775" lon="50.065822620">
  <ele>82.929001</ele>
  <time>2010-07-31T06:54:07Z</time>
</trkpt>
<trkpt lat="53.496540030" lon="50.066211708">
  <ele>83.599998</ele>
  <time>2010-07-31T06:54:08Z</time>
</trkpt>
<trkpt lat="53.496555369" lon="50.066597024">
  <ele>84.192001</ele>
  <time>2010-07-31T06:54:09Z</time>
</trkpt>
<trkpt lat="53.496570624" lon="50.066989884">
  <ele>84.991997</ele>
  <time>2010-07-31T06:54:10Z</time>
</trkpt>
<trkpt lat="53.496589651" lon="50.067375200">
  <ele>85.544998</ele>
  <time>2010-07-31T06:54:11Z</time>
</trkpt>
<trkpt lat="53.496604906" lon="50.067768060">
  <ele>86.253998</ele>
  <time>2010-07-31T06:54:12Z</time>
</trkpt>
<trkpt lat="53.496620161" lon="50.068161003">
  <ele>86.888000</ele>
  <time>2010-07-31T06:54:13Z</time>
</trkpt>
<trkpt lat="53.496635417" lon="50.068550091">
  <ele>87.642998</ele>
  <time>2010-07-31T06:54:14Z</time>
</trkpt>
<trkpt lat="53.496650672" lon="50.068935407">
  <ele>88.441002</ele>
  <time>2010-07-31T06:54:15Z</time>
</trkpt>
<trkpt lat="53.496665927" lon="50.069316868">
  <ele>89.079002</ele>
  <time>2010-07-31T06:54:16Z</time>
</trkpt>
<trkpt lat="53.496685037" lon="50.069702184">
  <ele>89.745003</ele>
  <time>2010-07-31T06:54:17Z</time>
</trkpt>
<trkpt lat="53.496696437" lon="50.070083644">
  <ele>90.697998</ele>
  <time>2010-07-31T06:54:18Z</time>
</trkpt>
<trkpt lat="53.496715548" lon="50.070465105">
  <ele>91.404999</ele>
  <time>2010-07-31T06:54:19Z</time>
</trkpt>
<trkpt lat="53.496730803" lon="50.070838938">
  <ele>92.386002</ele>
  <time>2010-07-31T06:54:20Z</time>
</trkpt>
<trkpt lat="53.496746058" lon="50.071216542">
  <ele>92.873001</ele>
  <time>2010-07-31T06:54:21Z</time>
</trkpt>
<trkpt lat="53.496765168" lon="50.071594231">
  <ele>93.501999</ele>
  <time>2010-07-31T06:54:22Z</time>
</trkpt>
<trkpt lat="53.496776568" lon="50.071964292">
  <ele>93.708000</ele>
  <time>2010-07-31T06:54:23Z</time>
</trkpt>
<trkpt lat="53.496795679" lon="50.072338125">
  <ele>94.094002</ele>
  <time>2010-07-31T06:54:24Z</time>
</trkpt>
<trkpt lat="53.496814705" lon="50.072715729">
  <ele>94.656998</ele>
  <time>2010-07-31T06:54:25Z</time>
</trkpt>
<trkpt lat="53.496829960" lon="50.073093418">
  <ele>95.343002</ele>
  <time>2010-07-31T06:54:26Z</time>
</trkpt>
<trkpt lat="53.496845216" lon="50.073471107">
  <ele>95.749001</ele>
  <time>2010-07-31T06:54:27Z</time>
</trkpt>
<trkpt lat="53.496860471" lon="50.073848711">
  <ele>96.477997</ele>
  <time>2010-07-31T06:54:28Z</time>
</trkpt>
<trkpt lat="53.496879581" lon="50.074234027">
  <ele>97.268997</ele>
  <time>2010-07-31T06:54:29Z</time>
</trkpt>
<trkpt lat="53.496894836" lon="50.074623115">
  <ele>97.911003</ele>
  <time>2010-07-31T06:54:30Z</time>
</trkpt>
<trkpt lat="53.496910091" lon="50.075008431">
  <ele>98.625999</ele>
  <time>2010-07-31T06:54:31Z</time>
</trkpt>
<trkpt lat="53.496925347" lon="50.075397519">
  <ele>99.360001</ele>
  <time>2010-07-31T06:54:32Z</time>
</trkpt>
<trkpt lat="53.496940602" lon="50.075786607">
  <ele>99.851997</ele>
  <time>2010-07-31T06:54:33Z</time>
</trkpt>
<trkpt lat="53.496952085" lon="50.076183323">
  <ele>100.468002</ele>
  <time>2010-07-31T06:54:34Z</time>
</trkpt>
<trkpt lat="53.496963484" lon="50.076576266">
  <ele>100.950996</ele>
  <time>2010-07-31T06:54:35Z</time>
</trkpt>
<trkpt lat="53.496971112" lon="50.076976754">
  <ele>101.556999</ele>
  <time>2010-07-31T06:54:36Z</time>
</trkpt>
<trkpt lat="53.496978739" lon="50.077373469">
  <ele>102.045998</ele>
  <time>2010-07-31T06:54:37Z</time>
</trkpt>
<trkpt lat="53.496990222" lon="50.077774040">
  <ele>102.303001</ele>
  <time>2010-07-31T06:54:38Z</time>
</trkpt>
<trkpt lat="53.496997850" lon="50.078178383">
  <ele>102.619003</ele>
  <time>2010-07-31T06:54:39Z</time>
</trkpt>
<trkpt lat="53.497009249" lon="50.078586582">
  <ele>102.977997</ele>
  <time>2010-07-31T06:54:40Z</time>
</trkpt>
<trkpt lat="53.497016877" lon="50.078998553">
  <ele>103.565002</ele>
  <time>2010-07-31T06:54:41Z</time>
</trkpt>
<trkpt lat="53.497024504" lon="50.079406751">
  <ele>104.058998</ele>
  <time>2010-07-31T06:54:42Z</time>
</trkpt>
<trkpt lat="53.497024504" lon="50.079822578">
  <ele>104.817001</ele>
  <time>2010-07-31T06:54:43Z</time>
</trkpt>
<trkpt lat="53.497024504" lon="50.080234548">
  <ele>105.369003</ele>
  <time>2010-07-31T06:54:44Z</time>
</trkpt>
<trkpt lat="53.497024504" lon="50.080650290">
  <ele>105.745003</ele>
  <time>2010-07-31T06:54:45Z</time>
</trkpt>
<trkpt lat="53.497024504" lon="50.081066117">
  <ele>106.134003</ele>
  <time>2010-07-31T06:54:46Z</time>
</trkpt>
<trkpt lat="53.497020733" lon="50.081478087">
  <ele>106.670998</ele>
  <time>2010-07-31T06:54:47Z</time>
</trkpt>
<trkpt lat="53.497013105" lon="50.081890142">
  <ele>106.941002</ele>
  <time>2010-07-31T06:54:48Z</time>
</trkpt>
<trkpt lat="53.497001622" lon="50.082309740">
  <ele>107.420998</ele>
  <time>2010-07-31T06:54:49Z</time>
</trkpt>
<trkpt lat="53.496990222" lon="50.082725566">
  <ele>107.431999</ele>
  <time>2010-07-31T06:54:50Z</time>
</trkpt>
<trkpt lat="53.496974967" lon="50.083141308">
  <ele>107.646004</ele>
  <time>2010-07-31T06:54:51Z</time>
</trkpt>
<trkpt lat="53.496963484" lon="50.083553279">
  <ele>107.902000</ele>
  <time>2010-07-31T06:54:52Z</time>
</trkpt>
<trkpt lat="53.496944457" lon="50.083961478">
  <ele>108.056000</ele>
  <time>2010-07-31T06:54:53Z</time>
</trkpt>
<trkpt lat="53.496925347" lon="50.084373448">
  <ele>108.355003</ele>
  <time>2010-07-31T06:54:54Z</time>
</trkpt>
<trkpt lat="53.496902464" lon="50.084781647">
  <ele>108.388000</ele>
  <time>2010-07-31T06:54:55Z</time>
</trkpt>
<trkpt lat="53.496879581" lon="50.085189845">
  <ele>108.330002</ele>
  <time>2010-07-31T06:54:56Z</time>
</trkpt>
<trkpt lat="53.496856699" lon="50.085594188">
  <ele>108.320000</ele>
  <time>2010-07-31T06:54:57Z</time>
</trkpt>
<trkpt lat="53.496829960" lon="50.085994760">
  <ele>108.311996</ele>
  <time>2010-07-31T06:54:58Z</time>
</trkpt>
<trkpt lat="53.496795679" lon="50.086395247">
  <ele>108.619003</ele>
  <time>2010-07-31T06:54:59Z</time>
</trkpt>
<trkpt lat="53.496761313" lon="50.086799590">
  <ele>109.056999</ele>
  <time>2010-07-31T06:55:00Z</time>
</trkpt>
<trkpt lat="53.496723175" lon="50.087204017">
  <ele>109.396004</ele>
  <time>2010-07-31T06:55:01Z</time>
</trkpt>
<trkpt lat="53.496685037" lon="50.087608360">
  <ele>109.468002</ele>
  <time>2010-07-31T06:55:02Z</time>
</trkpt>
<trkpt lat="53.496639272" lon="50.088005075">
  <ele>109.363998</ele>
  <time>2010-07-31T06:55:03Z</time>
</trkpt>
<trkpt lat="53.496593507" lon="50.088401791">
  <ele>109.317001</ele>
  <time>2010-07-31T06:55:04Z</time>
</trkpt>
<trkpt lat="53.496551514" lon="50.088794734">
  <ele>109.362000</ele>
  <time>2010-07-31T06:55:05Z</time>
</trkpt>
<trkpt lat="53.496505748" lon="50.089195222">
  <ele>109.487999</ele>
  <time>2010-07-31T06:55:06Z</time>
</trkpt>
<trkpt lat="53.496459983" lon="50.089588165">
  <ele>109.723000</ele>
  <time>2010-07-31T06:55:07Z</time>
</trkpt>
<trkpt lat="53.496410362" lon="50.089981109">
  <ele>109.555000</ele>
  <time>2010-07-31T06:55:08Z</time>
</trkpt>
<trkpt lat="53.496364597" lon="50.090370197">
  <ele>109.461998</ele>
  <time>2010-07-31T06:55:09Z</time>
</trkpt>
<trkpt lat="53.496314976" lon="50.090755429">
  <ele>109.366997</ele>
  <time>2010-07-31T06:55:10Z</time>
</trkpt>
<trkpt lat="53.496261584" lon="50.091140745">
  <ele>109.332001</ele>
  <time>2010-07-31T06:55:11Z</time>
</trkpt>
<trkpt lat="53.496200563" lon="50.091518434">
  <ele>109.279999</ele>
  <time>2010-07-31T06:55:12Z</time>
</trkpt>
<trkpt lat="53.496139543" lon="50.091899894">
  <ele>109.374001</ele>
  <time>2010-07-31T06:55:13Z</time>
</trkpt>
<trkpt lat="53.496078523" lon="50.092281355">
  <ele>109.189003</ele>
  <time>2010-07-31T06:55:14Z</time>
</trkpt>
<trkpt lat="53.496013647" lon="50.092658959">
  <ele>108.817001</ele>
  <time>2010-07-31T06:55:15Z</time>
</trkpt>
<trkpt lat="53.495952627" lon="50.093032876">
  <ele>108.752998</ele>
  <time>2010-07-31T06:55:16Z</time>
</trkpt>
<trkpt lat="53.495887751" lon="50.093402853">
  <ele>108.525002</ele>
  <time>2010-07-31T06:55:17Z</time>
</trkpt>
<trkpt lat="53.495819103" lon="50.093765287">
  <ele>108.249001</ele>
  <time>2010-07-31T06:55:18Z</time>
</trkpt>
<trkpt lat="53.495750455" lon="50.094127636">
  <ele>108.085999</ele>
  <time>2010-07-31T06:55:19Z</time>
</trkpt>
<trkpt lat="53.495681724" lon="50.094490070">
  <ele>107.917000</ele>
  <time>2010-07-31T06:55:20Z</time>
</trkpt>
<trkpt lat="53.495609304" lon="50.094844792">
  <ele>107.806000</ele>
  <time>2010-07-31T06:55:21Z</time>
</trkpt>
<trkpt lat="53.495536800" lon="50.095203370">
  <ele>107.872002</ele>
  <time>2010-07-31T06:55:22Z</time>
</trkpt>
<trkpt lat="53.495460525" lon="50.095550548">
  <ele>107.535004</ele>
  <time>2010-07-31T06:55:23Z</time>
</trkpt>
<trkpt lat="53.495388022" lon="50.095901499">
  <ele>107.611000</ele>
  <time>2010-07-31T06:55:24Z</time>
</trkpt>
<trkpt lat="53.495311746" lon="50.096248593">
  <ele>107.709000</ele>
  <time>2010-07-31T06:55:25Z</time>
</trkpt>
<trkpt lat="53.495231615" lon="50.096591916">
  <ele>107.333000</ele>
  <time>2010-07-31T06:55:26Z</time>
</trkpt>
<trkpt lat="53.495151484" lon="50.096935239">
  <ele>107.032997</ele>
  <time>2010-07-31T06:55:27Z</time>
</trkpt>
<trkpt lat="53.495067582" lon="50.097278561">
  <ele>107.273003</ele>
  <time>2010-07-31T06:55:28Z</time>
</trkpt>
<trkpt lat="53.494979823" lon="50.097621884">
  <ele>107.511002</ele>
  <time>2010-07-31T06:55:29Z</time>
</trkpt>
<trkpt lat="53.494895920" lon="50.097969063">
  <ele>107.583000</ele>
  <time>2010-07-31T06:55:30Z</time>
</trkpt>
<trkpt lat="53.494804390" lon="50.098316157">
  <ele>107.755997</ele>
  <time>2010-07-31T06:55:31Z</time>
</trkpt>
<trkpt lat="53.494712859" lon="50.098663336">
  <ele>107.962997</ele>
  <time>2010-07-31T06:55:32Z</time>
</trkpt>
<trkpt lat="53.494617473" lon="50.099002803">
  <ele>107.942001</ele>
  <time>2010-07-31T06:55:33Z</time>
</trkpt>
<trkpt lat="53.494522087" lon="50.099338498">
  <ele>108.150002</ele>
  <time>2010-07-31T06:55:34Z</time>
</trkpt>
<trkpt lat="53.494426701" lon="50.099674193">
  <ele>108.448997</ele>
  <time>2010-07-31T06:55:35Z</time>
</trkpt>
<trkpt lat="53.494331399" lon="50.100006117">
  <ele>108.810997</ele>
  <time>2010-07-31T06:55:36Z</time>
</trkpt>
<trkpt lat="53.494232157" lon="50.100337956">
  <ele>109.083000</ele>
  <time>2010-07-31T06:55:37Z</time>
</trkpt>
<trkpt lat="53.494132999" lon="50.100669879">
  <ele>109.529999</ele>
  <time>2010-07-31T06:55:38Z</time>
</trkpt>
<trkpt lat="53.494029986" lon="50.100997947">
  <ele>110.320999</ele>
  <time>2010-07-31T06:55:39Z</time>
</trkpt>
<trkpt lat="53.493930828" lon="50.101326015">
  <ele>110.990997</ele>
  <time>2010-07-31T06:55:40Z</time>
</trkpt>
<trkpt lat="53.493827814" lon="50.101650227">
  <ele>111.699997</ele>
  <time>2010-07-31T06:55:41Z</time>
</trkpt>
<trkpt lat="53.493724801" lon="50.101970667">
  <ele>112.200996</ele>
  <time>2010-07-31T06:55:42Z</time>
</trkpt>
<trkpt lat="53.493618015" lon="50.102291107">
  <ele>112.742996</ele>
  <time>2010-07-31T06:55:43Z</time>
</trkpt>
<trkpt lat="53.493507374" lon="50.102607692">
  <ele>113.441002</ele>
  <time>2010-07-31T06:55:44Z</time>
</trkpt>
<trkpt lat="53.493400589" lon="50.102924360">
  <ele>114.039001</ele>
  <time>2010-07-31T06:55:45Z</time>
</trkpt>
<trkpt lat="53.493289948" lon="50.103237173">
  <ele>114.550003</ele>
  <time>2010-07-31T06:55:46Z</time>
</trkpt>
<trkpt lat="53.493186934" lon="50.103553757">
  <ele>115.234001</ele>
  <time>2010-07-31T06:55:47Z</time>
</trkpt>
<trkpt lat="53.493080148" lon="50.103866570">
  <ele>116.094002</ele>
  <time>2010-07-31T06:55:48Z</time>
</trkpt>
<trkpt lat="53.492973363" lon="50.104183238">
  <ele>116.973999</ele>
  <time>2010-07-31T06:55:49Z</time>
</trkpt>
<trkpt lat="53.492866494" lon="50.104492195">
  <ele>117.547997</ele>
  <time>2010-07-31T06:55:50Z</time>
</trkpt>
<trkpt lat="53.492755853" lon="50.104805008">
  <ele>118.156998</ele>
  <time>2010-07-31T06:55:51Z</time>
</trkpt>
<trkpt lat="53.492652923" lon="50.105113965">
  <ele>118.492996</ele>
  <time>2010-07-31T06:55:52Z</time>
</trkpt>
<trkpt lat="53.492542282" lon="50.105426777">
  <ele>119.066002</ele>
  <time>2010-07-31T06:55:53Z</time>
</trkpt>
<trkpt lat="53.492435496" lon="50.105739590">
  <ele>119.822998</ele>
  <time>2010-07-31T06:55:54Z</time>
</trkpt>
<trkpt lat="53.492324855" lon="50.106056174">
  <ele>120.540001</ele>
  <time>2010-07-31T06:55:55Z</time>
</trkpt>
<trkpt lat="53.492217986" lon="50.106368987">
  <ele>121.240997</ele>
  <time>2010-07-31T06:55:56Z</time>
</trkpt>
<trkpt lat="53.492107429" lon="50.106685655">
  <ele>122.189003</ele>
  <time>2010-07-31T06:55:57Z</time>
</trkpt>
<trkpt lat="53.491996787" lon="50.107006095">
  <ele>122.825996</ele>
  <time>2010-07-31T06:55:58Z</time>
</trkpt>
<trkpt lat="53.491889918" lon="50.107326536">
  <ele>123.260002</ele>
  <time>2010-07-31T06:55:59Z</time>
</trkpt>
<trkpt lat="53.491775505" lon="50.107650748">
  <ele>123.896004</ele>
  <time>2010-07-31T06:56:00Z</time>
</trkpt>
<trkpt lat="53.491664864" lon="50.107975043">
  <ele>124.516998</ele>
  <time>2010-07-31T06:56:01Z</time>
</trkpt>
<trkpt lat="53.491550451" lon="50.108303111">
  <ele>125.194000</ele>
  <time>2010-07-31T06:56:02Z</time>
</trkpt>
<trkpt lat="53.491439810" lon="50.108627323">
  <ele>125.959000</ele>
  <time>2010-07-31T06:56:03Z</time>
</trkpt>
<trkpt lat="53.491329169" lon="50.108951535">
  <ele>126.504997</ele>
  <time>2010-07-31T06:56:04Z</time>
</trkpt>
<trkpt lat="53.491218528" lon="50.109275831">
  <ele>127.085999</ele>
  <time>2010-07-31T06:56:05Z</time>
</trkpt>
<trkpt lat="53.491111742" lon="50.109600043">
  <ele>127.728996</ele>
  <time>2010-07-31T06:56:06Z</time>
</trkpt>
<trkpt lat="53.491004957" lon="50.109916711">
  <ele>128.548004</ele>
  <time>2010-07-31T06:56:07Z</time>
</trkpt>
<trkpt lat="53.490898171" lon="50.110233296">
  <ele>129.205002</ele>
  <time>2010-07-31T06:56:08Z</time>
</trkpt>
<trkpt lat="53.490791302" lon="50.110546108">
  <ele>129.863998</ele>
  <time>2010-07-31T06:56:09Z</time>
</trkpt>
<trkpt lat="53.490684517" lon="50.110855065">
  <ele>130.490005</ele>
  <time>2010-07-31T06:56:10Z</time>
</trkpt>
<trkpt lat="53.490581503" lon="50.111167878">
  <ele>130.985992</ele>
  <time>2010-07-31T06:56:11Z</time>
</trkpt>
<trkpt lat="53.490478490" lon="50.111469291">
  <ele>131.567001</ele>
  <time>2010-07-31T06:56:12Z</time>
</trkpt>
<trkpt lat="53.490379332" lon="50.111762993">
  <ele>132.197006</ele>
  <time>2010-07-31T06:56:13Z</time>
</trkpt>
<trkpt lat="53.490280174" lon="50.112052923">
  <ele>132.639008</ele>
  <time>2010-07-31T06:56:14Z</time>
</trkpt>
<trkpt lat="53.490180932" lon="50.112335226">
  <ele>133.195999</ele>
  <time>2010-07-31T06:56:15Z</time>
</trkpt>
<trkpt lat="53.490085630" lon="50.112613672">
  <ele>133.679993</ele>
  <time>2010-07-31T06:56:16Z</time>
</trkpt>
<trkpt lat="53.489990244" lon="50.112888347">
  <ele>134.130005</ele>
  <time>2010-07-31T06:56:17Z</time>
</trkpt>
<trkpt lat="53.489898713" lon="50.113155395">
  <ele>134.460999</ele>
  <time>2010-07-31T06:56:18Z</time>
</trkpt>
<trkpt lat="53.489810955" lon="50.113418587">
  <ele>135.117996</ele>
  <time>2010-07-31T06:56:19Z</time>
</trkpt>
<trkpt lat="53.489719424" lon="50.113681778">
  <ele>135.563004</ele>
  <time>2010-07-31T06:56:20Z</time>
</trkpt>
<trkpt lat="53.489627810" lon="50.113944970">
  <ele>135.964996</ele>
  <time>2010-07-31T06:56:21Z</time>
</trkpt>
<trkpt lat="53.489540135" lon="50.114200618">
  <ele>136.429001</ele>
  <time>2010-07-31T06:56:22Z</time>
</trkpt>
<trkpt lat="53.489452377" lon="50.114452327">
  <ele>136.746994</ele>
  <time>2010-07-31T06:56:23Z</time>
</trkpt>
<trkpt lat="53.489368474" lon="50.114704119">
  <ele>137.139008</ele>
  <time>2010-07-31T06:56:24Z</time>
</trkpt>
<trkpt lat="53.489276860" lon="50.114959683">
  <ele>137.376007</ele>
  <time>2010-07-31T06:56:25Z</time>
</trkpt>
<trkpt lat="53.489189185" lon="50.115222959">
  <ele>137.565994</ele>
  <time>2010-07-31T06:56:26Z</time>
</trkpt>
<trkpt lat="53.489101427" lon="50.115482295">
  <ele>137.651993</ele>
  <time>2010-07-31T06:56:27Z</time>
</trkpt>
<trkpt lat="53.489009896" lon="50.115753198">
  <ele>137.962997</ele>
  <time>2010-07-31T06:56:28Z</time>
</trkpt>
<trkpt lat="53.488918282" lon="50.116024017">
  <ele>138.214996</ele>
  <time>2010-07-31T06:56:29Z</time>
</trkpt>
<trkpt lat="53.488826752" lon="50.116294837">
  <ele>138.552002</ele>
  <time>2010-07-31T06:56:30Z</time>
</trkpt>
<trkpt lat="53.488742849" lon="50.116561884">
  <ele>138.957993</ele>
  <time>2010-07-31T06:56:31Z</time>
</trkpt>
<trkpt lat="53.488658946" lon="50.116817448">
  <ele>139.276001</ele>
  <time>2010-07-31T06:56:32Z</time>
</trkpt>
<trkpt lat="53.488578815" lon="50.117065469">
  <ele>139.531998</ele>
  <time>2010-07-31T06:56:33Z</time>
</trkpt>
<trkpt lat="53.488502540" lon="50.117313405">
  <ele>139.744995</ele>
  <time>2010-07-31T06:56:34Z</time>
</trkpt>
<trkpt lat="53.488422409" lon="50.117561342">
  <ele>139.910004</ele>
  <time>2010-07-31T06:56:35Z</time>
</trkpt>
<trkpt lat="53.488338506" lon="50.117809279">
  <ele>140.292007</ele>
  <time>2010-07-31T06:56:36Z</time>
</trkpt>
<trkpt lat="53.488250747" lon="50.118057216">
  <ele>140.369995</ele>
  <time>2010-07-31T06:56:37Z</time>
</trkpt>
<trkpt lat="53.488159217" lon="50.118309008">
  <ele>140.546005</ele>
  <time>2010-07-31T06:56:38Z</time>
</trkpt>
<trkpt lat="53.488067603" lon="50.118568428">
  <ele>140.356995</ele>
  <time>2010-07-31T06:56:39Z</time>
</trkpt>
<trkpt lat="53.487976072" lon="50.118823992">
  <ele>140.501007</ele>
  <time>2010-07-31T06:56:40Z</time>
</trkpt>
<trkpt lat="53.487884542" lon="50.119087184">
  <ele>140.923004</ele>
  <time>2010-07-31T06:56:41Z</time>
</trkpt>
<trkpt lat="53.487796783" lon="50.119350459">
  <ele>141.177002</ele>
  <time>2010-07-31T06:56:42Z</time>
</trkpt>
<trkpt lat="53.487709025" lon="50.119609796">
  <ele>141.205002</ele>
  <time>2010-07-31T06:56:43Z</time>
</trkpt>
<trkpt lat="53.487621266" lon="50.119869215">
  <ele>141.404999</ele>
  <time>2010-07-31T06:56:44Z</time>
</trkpt>
<trkpt lat="53.487533592" lon="50.120124780">
  <ele>141.468994</ele>
  <time>2010-07-31T06:56:45Z</time>
</trkpt>
<trkpt lat="53.487438206" lon="50.120391827">
  <ele>141.677994</ele>
  <time>2010-07-31T06:56:46Z</time>
</trkpt>
<trkpt lat="53.487350447" lon="50.120666502">
  <ele>141.927002</ele>
  <time>2010-07-31T06:56:47Z</time>
</trkpt>
<trkpt lat="53.487258917" lon="50.120952576">
  <ele>142.007004</ele>
  <time>2010-07-31T06:56:48Z</time>
</trkpt>
<trkpt lat="53.487167386" lon="50.121246362">
  <ele>142.014999</ele>
  <time>2010-07-31T06:56:49Z</time>
</trkpt>
<trkpt lat="53.487072000" lon="50.121543920">
  <ele>141.932007</ele>
  <time>2010-07-31T06:56:50Z</time>
</trkpt>
<trkpt lat="53.486972842" lon="50.121852877">
  <ele>141.985001</ele>
  <time>2010-07-31T06:56:51Z</time>
</trkpt>
<trkpt lat="53.486869829" lon="50.122169461">
  <ele>141.945007</ele>
  <time>2010-07-31T06:56:52Z</time>
</trkpt>
<trkpt lat="53.486762960" lon="50.122486129">
  <ele>141.983994</ele>
  <time>2010-07-31T06:56:53Z</time>
</trkpt>
<trkpt lat="53.486656174" lon="50.122810341">
  <ele>141.794006</ele>
  <time>2010-07-31T06:56:54Z</time>
</trkpt>
<trkpt lat="53.486545533" lon="50.123142265">
  <ele>141.679001</ele>
  <time>2010-07-31T06:56:55Z</time>
</trkpt>
<trkpt lat="53.486431120" lon="50.123477960">
  <ele>141.401993</ele>
  <time>2010-07-31T06:56:56Z</time>
</trkpt>
<trkpt lat="53.486316707" lon="50.123813655">
  <ele>141.233994</ele>
  <time>2010-07-31T06:56:57Z</time>
</trkpt>
<trkpt lat="53.486198438" lon="50.124156978">
  <ele>141.190994</ele>
  <time>2010-07-31T06:56:58Z</time>
</trkpt>
<trkpt lat="53.486080170" lon="50.124504073">
  <ele>141.292999</ele>
  <time>2010-07-31T06:56:59Z</time>
</trkpt>
<trkpt lat="53.485961901" lon="50.124855023">
  <ele>141.100998</ele>
  <time>2010-07-31T06:57:00Z</time>
</trkpt>
<trkpt lat="53.485839861" lon="50.125213601">
  <ele>141.167999</ele>
  <time>2010-07-31T06:57:01Z</time>
</trkpt>
<trkpt lat="53.485721592" lon="50.125572179">
  <ele>141.188995</ele>
  <time>2010-07-31T06:57:02Z</time>
</trkpt>
<trkpt lat="53.485595696" lon="50.125938384">
  <ele>141.330994</ele>
  <time>2010-07-31T06:57:03Z</time>
</trkpt>
<trkpt lat="53.485473655" lon="50.126308445">
  <ele>141.063004</ele>
  <time>2010-07-31T06:57:04Z</time>
</trkpt>
<trkpt lat="53.485351531" lon="50.126674650">
  <ele>140.794998</ele>
  <time>2010-07-31T06:57:05Z</time>
</trkpt>
<trkpt lat="53.485229490" lon="50.127033228">
  <ele>140.753006</ele>
  <time>2010-07-31T06:57:06Z</time>
</trkpt>
<trkpt lat="53.485107450" lon="50.127391806">
  <ele>140.537994</ele>
  <time>2010-07-31T06:57:07Z</time>
</trkpt>
<trkpt lat="53.484989181" lon="50.127746612">
  <ele>140.544998</ele>
  <time>2010-07-31T06:57:08Z</time>
</trkpt>
<trkpt lat="53.484867057" lon="50.128101334">
  <ele>140.470001</ele>
  <time>2010-07-31T06:57:09Z</time>
</trkpt>
<trkpt lat="53.484748872" lon="50.128448512">
  <ele>140.302002</ele>
  <time>2010-07-31T06:57:10Z</time>
</trkpt>
<trkpt lat="53.484626748" lon="50.128799463">
  <ele>140.414001</ele>
  <time>2010-07-31T06:57:11Z</time>
</trkpt>
<trkpt lat="53.484500851" lon="50.129142785">
  <ele>140.287994</ele>
  <time>2010-07-31T06:57:12Z</time>
</trkpt>
<trkpt lat="53.484375039" lon="50.129486108">
  <ele>140.082993</ele>
  <time>2010-07-31T06:57:13Z</time>
</trkpt>
<trkpt lat="53.484252915" lon="50.129837058">
  <ele>139.929001</ele>
  <time>2010-07-31T06:57:14Z</time>
</trkpt>
<trkpt lat="53.484130874" lon="50.130188009">
  <ele>139.949997</ele>
  <time>2010-07-31T06:57:15Z</time>
</trkpt>
<trkpt lat="53.484012606" lon="50.130542731">
  <ele>140.039001</ele>
  <time>2010-07-31T06:57:16Z</time>
</trkpt>
<trkpt lat="53.483894337" lon="50.130889909">
  <ele>139.947998</ele>
  <time>2010-07-31T06:57:17Z</time>
</trkpt>
<trkpt lat="53.483776068" lon="50.131237004">
  <ele>139.770004</ele>
  <time>2010-07-31T06:57:18Z</time>
</trkpt>
<trkpt lat="53.483661655" lon="50.131580327">
  <ele>139.645004</ele>
  <time>2010-07-31T06:57:19Z</time>
</trkpt>
<trkpt lat="53.483543387" lon="50.131923649">
  <ele>139.667007</ele>
  <time>2010-07-31T06:57:20Z</time>
</trkpt>
<trkpt lat="53.483428974" lon="50.132266972">
  <ele>139.496994</ele>
  <time>2010-07-31T06:57:21Z</time>
</trkpt>
<trkpt lat="53.483314477" lon="50.132606523">
  <ele>139.395996</ele>
  <time>2010-07-31T06:57:22Z</time>
</trkpt>
<trkpt lat="53.483200064" lon="50.132942218">
  <ele>139.151001</ele>
  <time>2010-07-31T06:57:23Z</time>
</trkpt>
<trkpt lat="53.483085651" lon="50.133277914">
  <ele>139.106995</ele>
  <time>2010-07-31T06:57:24Z</time>
</trkpt>
<trkpt lat="53.482971154" lon="50.133609753">
  <ele>139.039993</ele>
  <time>2010-07-31T06:57:25Z</time>
</trkpt>
<trkpt lat="53.482860597" lon="50.133941676">
  <ele>138.757004</ele>
  <time>2010-07-31T06:57:26Z</time>
</trkpt>
<trkpt lat="53.482746100" lon="50.134277372">
  <ele>138.796005</ele>
  <time>2010-07-31T06:57:27Z</time>
</trkpt>
<trkpt lat="53.482631687" lon="50.134605439">
  <ele>138.759003</ele>
  <time>2010-07-31T06:57:28Z</time>
</trkpt>
<trkpt lat="53.482517274" lon="50.134933507">
  <ele>138.451004</ele>
  <time>2010-07-31T06:57:29Z</time>
</trkpt>
<trkpt lat="53.482406633" lon="50.135261575">
  <ele>138.298996</ele>
  <time>2010-07-31T06:57:30Z</time>
</trkpt>
<trkpt lat="53.482295992" lon="50.135593414">
  <ele>138.110001</ele>
  <time>2010-07-31T06:57:31Z</time>
</trkpt>
<trkpt lat="53.482181579" lon="50.135921482">
  <ele>138.130997</ele>
  <time>2010-07-31T06:57:32Z</time>
</trkpt>
<trkpt lat="53.482067082" lon="50.136253322">
  <ele>137.962006</ele>
  <time>2010-07-31T06:57:33Z</time>
</trkpt>
<trkpt lat="53.481952669" lon="50.136589017">
  <ele>137.820999</ele>
  <time>2010-07-31T06:57:34Z</time>
</trkpt>
<trkpt lat="53.481834400" lon="50.136928568">
  <ele>137.615005</ele>
  <time>2010-07-31T06:57:35Z</time>
</trkpt>
<trkpt lat="53.481716132" lon="50.137268035">
  <ele>137.660004</ele>
  <time>2010-07-31T06:57:36Z</time>
</trkpt>
<trkpt lat="53.481601719" lon="50.137607586">
  <ele>137.455994</ele>
  <time>2010-07-31T06:57:37Z</time>
</trkpt>
<trkpt lat="53.481487306" lon="50.137947053">
  <ele>137.274994</ele>
  <time>2010-07-31T06:57:38Z</time>
</trkpt>
<trkpt lat="53.481372809" lon="50.138286604">
  <ele>137.151001</ele>
  <time>2010-07-31T06:57:39Z</time>
</trkpt>
<trkpt lat="53.481258396" lon="50.138629926">
  <ele>136.727997</ele>
  <time>2010-07-31T06:57:40Z</time>
</trkpt>
<trkpt lat="53.481140127" lon="50.138973249">
  <ele>136.453995</ele>
  <time>2010-07-31T06:57:41Z</time>
</trkpt>
<trkpt lat="53.481025714" lon="50.139316572">
  <ele>136.097000</ele>
  <time>2010-07-31T06:57:42Z</time>
</trkpt>
<trkpt lat="53.480911218" lon="50.139659895">
  <ele>135.615005</ele>
  <time>2010-07-31T06:57:43Z</time>
</trkpt>
<trkpt lat="53.480796805" lon="50.139999362">
  <ele>135.257004</ele>
  <time>2010-07-31T06:57:44Z</time>
</trkpt>
<trkpt lat="53.480678536" lon="50.140342684">
  <ele>134.710007</ele>
  <time>2010-07-31T06:57:45Z</time>
</trkpt>
<trkpt lat="53.480564123" lon="50.140682235">
  <ele>134.332001</ele>
  <time>2010-07-31T06:57:46Z</time>
</trkpt>
<trkpt lat="53.480449710" lon="50.141029330">
  <ele>134.085007</ele>
  <time>2010-07-31T06:57:47Z</time>
</trkpt>
<trkpt lat="53.480331441" lon="50.141376508">
  <ele>133.932999</ele>
  <time>2010-07-31T06:57:48Z</time>
</trkpt>
<trkpt lat="53.480213173" lon="50.141715975">
  <ele>133.354004</ele>
  <time>2010-07-31T06:57:49Z</time>
</trkpt>
<trkpt lat="53.480094904" lon="50.142063154">
  <ele>132.904007</ele>
  <time>2010-07-31T06:57:50Z</time>
</trkpt>
<trkpt lat="53.479980491" lon="50.142406477">
  <ele>132.654007</ele>
  <time>2010-07-31T06:57:51Z</time>
</trkpt>
<trkpt lat="53.479862222" lon="50.142749799">
  <ele>132.272003</ele>
  <time>2010-07-31T06:57:52Z</time>
</trkpt>
<trkpt lat="53.479743954" lon="50.143093122">
  <ele>131.820007</ele>
  <time>2010-07-31T06:57:53Z</time>
</trkpt>
<trkpt lat="53.479629541" lon="50.143440217">
  <ele>131.171997</ele>
  <time>2010-07-31T06:57:54Z</time>
</trkpt>
<trkpt lat="53.479511272" lon="50.143783540">
  <ele>130.459000</ele>
  <time>2010-07-31T06:57:55Z</time>
</trkpt>
<trkpt lat="53.479393004" lon="50.144126862">
  <ele>129.608002</ele>
  <time>2010-07-31T06:57:56Z</time>
</trkpt>
<trkpt lat="53.479278591" lon="50.144466413">
  <ele>129.123001</ele>
  <time>2010-07-31T06:57:57Z</time>
</trkpt>
<trkpt lat="53.479164094" lon="50.144805880">
  <ele>128.647995</ele>
  <time>2010-07-31T06:57:58Z</time>
</trkpt>
<trkpt lat="53.479049681" lon="50.145141575">
  <ele>128.268997</ele>
  <time>2010-07-31T06:57:59Z</time>
</trkpt>
<trkpt lat="53.478935268" lon="50.145477271">
  <ele>127.596001</ele>
  <time>2010-07-31T06:58:00Z</time>
</trkpt>
<trkpt lat="53.478820771" lon="50.145816822">
  <ele>127.066002</ele>
  <time>2010-07-31T06:58:01Z</time>
</trkpt>
<trkpt lat="53.478706358" lon="50.146156289">
  <ele>126.527000</ele>
  <time>2010-07-31T06:58:02Z</time>
</trkpt>
<trkpt lat="53.478591945" lon="50.146491984">
  <ele>125.913002</ele>
  <time>2010-07-31T06:58:03Z</time>
</trkpt>
<trkpt lat="53.478473676" lon="50.146831535">
  <ele>125.365997</ele>
  <time>2010-07-31T06:58:04Z</time>
</trkpt>
<trkpt lat="53.478359263" lon="50.147178629">
  <ele>124.875999</ele>
  <time>2010-07-31T06:58:05Z</time>
</trkpt>
<trkpt lat="53.478244767" lon="50.147518180">
  <ele>124.276001</ele>
  <time>2010-07-31T06:58:06Z</time>
</trkpt>
<trkpt lat="53.478130354" lon="50.147861503">
  <ele>124.073997</ele>
  <time>2010-07-31T06:58:07Z</time>
</trkpt>
<trkpt lat="53.478015941" lon="50.148204826">
  <ele>123.527000</ele>
  <time>2010-07-31T06:58:08Z</time>
</trkpt>
<trkpt lat="53.477897672" lon="50.148548149">
  <ele>123.070000</ele>
  <time>2010-07-31T06:58:09Z</time>
</trkpt>
<trkpt lat="53.477779403" lon="50.148895243">
  <ele>122.607002</ele>
  <time>2010-07-31T06:58:10Z</time>
</trkpt>
<trkpt lat="53.477664907" lon="50.149242422">
  <ele>122.250000</ele>
  <time>2010-07-31T06:58:11Z</time>
</trkpt>
<trkpt lat="53.477546722" lon="50.149589516">
  <ele>121.886002</ele>
  <time>2010-07-31T06:58:12Z</time>
</trkpt>
<trkpt lat="53.477428453" lon="50.149940467">
  <ele>121.467003</ele>
  <time>2010-07-31T06:58:13Z</time>
</trkpt>
<trkpt lat="53.477306329" lon="50.150291417">
  <ele>121.033997</ele>
  <time>2010-07-31T06:58:14Z</time>
</trkpt>
<trkpt lat="53.477188144" lon="50.150649995">
  <ele>120.536003</ele>
  <time>2010-07-31T06:58:15Z</time>
</trkpt>
<trkpt lat="53.477066020" lon="50.151008572">
  <ele>119.956001</ele>
  <time>2010-07-31T06:58:16Z</time>
</trkpt>
<trkpt lat="53.476943979" lon="50.151374778">
  <ele>119.343002</ele>
  <time>2010-07-31T06:58:17Z</time>
</trkpt>
<trkpt lat="53.476825710" lon="50.151737211">
  <ele>118.885002</ele>
  <time>2010-07-31T06:58:18Z</time>
</trkpt>
<trkpt lat="53.476703670" lon="50.152107272">
  <ele>118.622002</ele>
  <time>2010-07-31T06:58:19Z</time>
</trkpt>
<trkpt lat="53.476577774" lon="50.152473478">
  <ele>118.308998</ele>
  <time>2010-07-31T06:58:20Z</time>
</trkpt>
<trkpt lat="53.476451878" lon="50.152847311">
  <ele>117.933998</ele>
  <time>2010-07-31T06:58:21Z</time>
</trkpt>
<trkpt lat="53.476325981" lon="50.153224915">
  <ele>117.891998</ele>
  <time>2010-07-31T06:58:22Z</time>
</trkpt>
<trkpt lat="53.476200085" lon="50.153598748">
  <ele>117.664001</ele>
  <time>2010-07-31T06:58:23Z</time>
</trkpt>
<trkpt lat="53.476078045" lon="50.153976437">
  <ele>117.434998</ele>
  <time>2010-07-31T06:58:24Z</time>
</trkpt>
<trkpt lat="53.475952148" lon="50.154357897">
  <ele>117.432999</ele>
  <time>2010-07-31T06:58:25Z</time>
</trkpt>
<trkpt lat="53.475830108" lon="50.154735586">
  <ele>117.425003</ele>
  <time>2010-07-31T06:58:26Z</time>
</trkpt>
<trkpt lat="53.475715611" lon="50.155109419">
  <ele>117.612999</ele>
  <time>2010-07-31T06:58:27Z</time>
</trkpt>
<trkpt lat="53.475597342" lon="50.155483251">
  <ele>118.038002</ele>
  <time>2010-07-31T06:58:28Z</time>
</trkpt>
<trkpt lat="53.475486785" lon="50.155857084">
  <ele>118.578003</ele>
  <time>2010-07-31T06:58:29Z</time>
</trkpt>
<trkpt lat="53.475372288" lon="50.156227145">
  <ele>119.117996</ele>
  <time>2010-07-31T06:58:30Z</time>
</trkpt>
<trkpt lat="53.475261647" lon="50.156600978">
  <ele>119.338997</ele>
  <time>2010-07-31T06:58:31Z</time>
</trkpt>
<trkpt lat="53.475151090" lon="50.156974811">
  <ele>120.089996</ele>
  <time>2010-07-31T06:58:32Z</time>
</trkpt>
<trkpt lat="53.475044221" lon="50.157348644">
  <ele>120.563004</ele>
  <time>2010-07-31T06:58:33Z</time>
</trkpt>
<trkpt lat="53.474941291" lon="50.157722477">
  <ele>120.980003</ele>
  <time>2010-07-31T06:58:34Z</time>
</trkpt>
<trkpt lat="53.474838277" lon="50.158100165">
  <ele>121.457001</ele>
  <time>2010-07-31T06:58:35Z</time>
</trkpt>
<trkpt lat="53.474731408" lon="50.158470143">
  <ele>121.911003</ele>
  <time>2010-07-31T06:58:36Z</time>
</trkpt>
<trkpt lat="53.474628478" lon="50.158843976">
  <ele>122.231003</ele>
  <time>2010-07-31T06:58:37Z</time>
</trkpt>
<trkpt lat="53.474521609" lon="50.159221664">
  <ele>122.490997</ele>
  <time>2010-07-31T06:58:38Z</time>
</trkpt>
<trkpt lat="53.474418679" lon="50.159599269">
  <ele>122.848000</ele>
  <time>2010-07-31T06:58:39Z</time>
</trkpt>
<trkpt lat="53.474319438" lon="50.159969330">
  <ele>123.074997</ele>
  <time>2010-07-31T06:58:40Z</time>
</trkpt>
<trkpt lat="53.474216424" lon="50.160339391">
  <ele>123.361000</ele>
  <time>2010-07-31T06:58:41Z</time>
</trkpt>
<trkpt lat="53.474113494" lon="50.160705596">
  <ele>123.452003</ele>
  <time>2010-07-31T06:58:42Z</time>
</trkpt>
<trkpt lat="53.474018108" lon="50.161071802">
  <ele>123.500999</ele>
  <time>2010-07-31T06:58:43Z</time>
</trkpt>
<trkpt lat="53.473915095" lon="50.161434151">
  <ele>123.648003</ele>
  <time>2010-07-31T06:58:44Z</time>
</trkpt>
<trkpt lat="53.473819708" lon="50.161796585">
  <ele>123.758003</ele>
  <time>2010-07-31T06:58:45Z</time>
</trkpt>
<trkpt lat="53.473724406" lon="50.162155163">
  <ele>123.777000</ele>
  <time>2010-07-31T06:58:46Z</time>
</trkpt>
<trkpt lat="53.473629020" lon="50.162502257">
  <ele>123.880997</ele>
  <time>2010-07-31T06:58:47Z</time>
</trkpt>
<trkpt lat="53.473529778" lon="50.162845580">
  <ele>123.907997</ele>
  <time>2010-07-31T06:58:48Z</time>
</trkpt>
<trkpt lat="53.473438248" lon="50.163185131">
  <ele>123.763000</ele>
  <time>2010-07-31T06:58:49Z</time>
</trkpt>
<trkpt lat="53.473346718" lon="50.163520826">
  <ele>123.837997</ele>
  <time>2010-07-31T06:58:50Z</time>
</trkpt>
<trkpt lat="53.473251332" lon="50.163856521">
  <ele>123.986000</ele>
  <time>2010-07-31T06:58:51Z</time>
</trkpt>
<trkpt lat="53.473155946" lon="50.164192216">
  <ele>124.202003</ele>
  <time>2010-07-31T06:58:52Z</time>
</trkpt>
<trkpt lat="53.473064415" lon="50.164524056">
  <ele>124.443001</ele>
  <time>2010-07-31T06:58:53Z</time>
</trkpt>
<trkpt lat="53.472972885" lon="50.164859751">
  <ele>124.417999</ele>
  <time>2010-07-31T06:58:54Z</time>
</trkpt>
<trkpt lat="53.472877499" lon="50.165191675">
  <ele>124.343002</ele>
  <time>2010-07-31T06:58:55Z</time>
</trkpt>
<trkpt lat="53.472785968" lon="50.165531142">
  <ele>124.250000</ele>
  <time>2010-07-31T06:58:56Z</time>
</trkpt>
<trkpt lat="53.472690582" lon="50.165870693">
  <ele>124.307999</ele>
  <time>2010-07-31T06:58:57Z</time>
</trkpt>
<trkpt lat="53.472599052" lon="50.166210160">
  <ele>124.379997</ele>
  <time>2010-07-31T06:58:58Z</time>
</trkpt>
<trkpt lat="53.472507438" lon="50.166553482">
  <ele>124.194000</ele>
  <time>2010-07-31T06:58:59Z</time>
</trkpt>
<trkpt lat="53.472415907" lon="50.166893033">
  <ele>124.101997</ele>
  <time>2010-07-31T06:59:00Z</time>
</trkpt>
<trkpt lat="53.472324377" lon="50.167228729">
  <ele>123.970001</ele>
  <time>2010-07-31T06:59:01Z</time>
</trkpt>
<trkpt lat="53.472228991" lon="50.167568196">
  <ele>123.820999</ele>
  <time>2010-07-31T06:59:02Z</time>
</trkpt>
<trkpt lat="53.472137460" lon="50.167903891">
  <ele>123.694000</ele>
  <time>2010-07-31T06:59:03Z</time>
</trkpt>
<trkpt lat="53.472038303" lon="50.168243442">
  <ele>123.532997</ele>
  <time>2010-07-31T06:59:04Z</time>
</trkpt>
<trkpt lat="53.471946688" lon="50.168575281">
  <ele>123.359001</ele>
  <time>2010-07-31T06:59:05Z</time>
</trkpt>
<trkpt lat="53.471855158" lon="50.168910976">
  <ele>123.174004</ele>
  <time>2010-07-31T06:59:06Z</time>
</trkpt>
<trkpt lat="53.471763628" lon="50.169242900">
  <ele>123.186996</ele>
  <time>2010-07-31T06:59:07Z</time>
</trkpt>
<trkpt lat="53.471672097" lon="50.169574739">
  <ele>122.921997</ele>
  <time>2010-07-31T06:59:08Z</time>
</trkpt>
<trkpt lat="53.471576711" lon="50.169906579">
  <ele>122.713997</ele>
  <time>2010-07-31T06:59:09Z</time>
</trkpt>
<trkpt lat="53.471485097" lon="50.170238502">
  <ele>122.577003</ele>
  <time>2010-07-31T06:59:10Z</time>
</trkpt>
<trkpt lat="53.471393567" lon="50.170570342">
  <ele>122.443001</ele>
  <time>2010-07-31T06:59:11Z</time>
</trkpt>
<trkpt lat="53.471302036" lon="50.170898410">
  <ele>122.198997</ele>
  <time>2010-07-31T06:59:12Z</time>
</trkpt>
<trkpt lat="53.471210506" lon="50.171230333">
  <ele>121.963997</ele>
  <time>2010-07-31T06:59:13Z</time>
</trkpt>
<trkpt lat="53.471118892" lon="50.171562172">
  <ele>121.599998</ele>
  <time>2010-07-31T06:59:14Z</time>
</trkpt>
<trkpt lat="53.471023589" lon="50.171894096">
  <ele>121.274002</ele>
  <time>2010-07-31T06:59:15Z</time>
</trkpt>
<trkpt lat="53.470935831" lon="50.172222164">
  <ele>120.796997</ele>
  <time>2010-07-31T06:59:16Z</time>
</trkpt>
<trkpt lat="53.470844300" lon="50.172550231">
  <ele>120.455002</ele>
  <time>2010-07-31T06:59:17Z</time>
</trkpt>
<trkpt lat="53.470756542" lon="50.172874443">
  <ele>120.114998</ele>
  <time>2010-07-31T06:59:18Z</time>
</trkpt>
<trkpt lat="53.470665012" lon="50.173194883">
  <ele>119.822998</ele>
  <time>2010-07-31T06:59:19Z</time>
</trkpt>
<trkpt lat="53.470577253" lon="50.173511468">
  <ele>119.459999</ele>
  <time>2010-07-31T06:59:20Z</time>
</trkpt>
<trkpt lat="53.470489495" lon="50.173835764">
  <ele>119.077003</ele>
  <time>2010-07-31T06:59:21Z</time>
</trkpt>
<trkpt lat="53.470401736" lon="50.174156204">
  <ele>118.646004</ele>
  <time>2010-07-31T06:59:22Z</time>
</trkpt>
<trkpt lat="53.470314061" lon="50.174476644">
  <ele>118.457001</ele>
  <time>2010-07-31T06:59:23Z</time>
</trkpt>
<trkpt lat="53.470226303" lon="50.174804712">
  <ele>118.372002</ele>
  <time>2010-07-31T06:59:24Z</time>
</trkpt>
<trkpt lat="53.470134772" lon="50.175132779">
  <ele>118.199997</ele>
  <time>2010-07-31T06:59:25Z</time>
</trkpt>
<trkpt lat="53.470043158" lon="50.175453220">
  <ele>117.929001</ele>
  <time>2010-07-31T06:59:26Z</time>
</trkpt>
<trkpt lat="53.469951628" lon="50.175777432">
  <ele>117.681999</ele>
  <time>2010-07-31T06:59:27Z</time>
</trkpt>
<trkpt lat="53.469863869" lon="50.176105499">
  <ele>117.575996</ele>
  <time>2010-07-31T06:59:28Z</time>
</trkpt>
<trkpt lat="53.469776195" lon="50.176429711">
  <ele>117.443001</ele>
  <time>2010-07-31T06:59:29Z</time>
</trkpt>
<trkpt lat="53.469688436" lon="50.176750151">
  <ele>117.203003</ele>
  <time>2010-07-31T06:59:30Z</time>
</trkpt>
<trkpt lat="53.469596822" lon="50.177074447">
  <ele>117.336998</ele>
  <time>2010-07-31T06:59:31Z</time>
</trkpt>
<trkpt lat="53.469509147" lon="50.177394887">
  <ele>117.176003</ele>
  <time>2010-07-31T06:59:32Z</time>
</trkpt>
<trkpt lat="53.469425160" lon="50.177711472">
  <ele>117.042999</ele>
  <time>2010-07-31T06:59:33Z</time>
</trkpt>
<trkpt lat="53.469341258" lon="50.178024285">
  <ele>116.716003</ele>
  <time>2010-07-31T06:59:34Z</time>
</trkpt>
<trkpt lat="53.469253499" lon="50.178337097">
  <ele>116.435997</ele>
  <time>2010-07-31T06:59:35Z</time>
</trkpt>
<trkpt lat="53.469165824" lon="50.178649910">
  <ele>116.068001</ele>
  <time>2010-07-31T06:59:36Z</time>
</trkpt>
<trkpt lat="53.469081838" lon="50.178958867">
  <ele>116.067001</ele>
  <time>2010-07-31T06:59:37Z</time>
</trkpt>
<trkpt lat="53.468994163" lon="50.179271679">
  <ele>116.125999</ele>
  <time>2010-07-31T06:59:38Z</time>
</trkpt>
<trkpt lat="53.468910176" lon="50.179580720">
  <ele>115.998001</ele>
  <time>2010-07-31T06:59:39Z</time>
</trkpt>
<trkpt lat="53.468822502" lon="50.179893533">
  <ele>115.898003</ele>
  <time>2010-07-31T06:59:40Z</time>
</trkpt>
<trkpt lat="53.468738515" lon="50.180202490">
  <ele>115.542000</ele>
  <time>2010-07-31T06:59:41Z</time>
</trkpt>
<trkpt lat="53.468654612" lon="50.180511447">
  <ele>115.264999</ele>
  <time>2010-07-31T06:59:42Z</time>
</trkpt>
<trkpt lat="53.468566854" lon="50.180820487">
  <ele>114.970001</ele>
  <time>2010-07-31T06:59:43Z</time>
</trkpt>
<trkpt lat="53.468486806" lon="50.181129444">
  <ele>114.782997</ele>
  <time>2010-07-31T06:59:44Z</time>
</trkpt>
<trkpt lat="53.468399048" lon="50.181438485">
  <ele>114.541000</ele>
  <time>2010-07-31T06:59:45Z</time>
</trkpt>
<trkpt lat="53.468315145" lon="50.181747442">
  <ele>114.073997</ele>
  <time>2010-07-31T06:59:46Z</time>
</trkpt>
<trkpt lat="53.468231242" lon="50.182056399">
  <ele>113.686996</ele>
  <time>2010-07-31T06:59:47Z</time>
</trkpt>
<trkpt lat="53.468147255" lon="50.182361584">
  <ele>113.181000</ele>
  <time>2010-07-31T06:59:48Z</time>
</trkpt>
<trkpt lat="53.468063353" lon="50.182659142">
  <ele>112.500000</ele>
  <time>2010-07-31T06:59:49Z</time>
</trkpt>
<trkpt lat="53.467983222" lon="50.182956699">
  <ele>111.911003</ele>
  <time>2010-07-31T06:59:50Z</time>
</trkpt>
<trkpt lat="53.467899319" lon="50.183258029">
  <ele>111.286003</ele>
  <time>2010-07-31T06:59:51Z</time>
</trkpt>
<trkpt lat="53.467819188" lon="50.183551814">
  <ele>110.838997</ele>
  <time>2010-07-31T06:59:52Z</time>
</trkpt>
<trkpt lat="53.467742912" lon="50.183830261">
  <ele>110.362999</ele>
  <time>2010-07-31T06:59:53Z</time>
</trkpt>
<trkpt lat="53.467674265" lon="50.184093453">
  <ele>109.976997</ele>
  <time>2010-07-31T06:59:54Z</time>
</trkpt>
<trkpt lat="53.467609389" lon="50.184329990">
  <ele>109.528000</ele>
  <time>2010-07-31T06:59:55Z</time>
</trkpt>
<trkpt lat="53.467548368" lon="50.184558900">
  <ele>109.301003</ele>
  <time>2010-07-31T06:59:56Z</time>
</trkpt>
<trkpt lat="53.467483493" lon="50.184780098">
  <ele>109.273003</ele>
  <time>2010-07-31T06:59:57Z</time>
</trkpt>
<trkpt lat="53.467426328" lon="50.184989898">
  <ele>108.930000</ele>
  <time>2010-07-31T06:59:58Z</time>
</trkpt>
<trkpt lat="53.467365224" lon="50.185203552">
  <ele>108.858002</ele>
  <time>2010-07-31T06:59:59Z</time>
</trkpt>
<trkpt lat="53.467304204" lon="50.185424834">
  <ele>108.716003</ele>
  <time>2010-07-31T07:00:00Z</time>
</trkpt>
<trkpt lat="53.467243183" lon="50.185649889">
  <ele>108.389000</ele>
  <time>2010-07-31T07:00:01Z</time>
</trkpt>
<trkpt lat="53.467174536" lon="50.185878715">
  <ele>108.087997</ele>
  <time>2010-07-31T07:00:02Z</time>
</trkpt>
<trkpt lat="53.467105888" lon="50.186111480">
  <ele>107.796997</ele>
  <time>2010-07-31T07:00:03Z</time>
</trkpt>
<trkpt lat="53.467041012" lon="50.186355561">
  <ele>107.810997</ele>
  <time>2010-07-31T07:00:04Z</time>
</trkpt>
<trkpt lat="53.466972364" lon="50.186603582">
  <ele>107.762001</ele>
  <time>2010-07-31T07:00:05Z</time>
</trkpt>
<trkpt lat="53.466903716" lon="50.186855290">
  <ele>107.935997</ele>
  <time>2010-07-31T07:00:06Z</time>
</trkpt>
<trkpt lat="53.466834985" lon="50.187107082">
  <ele>107.778000</ele>
  <time>2010-07-31T07:00:07Z</time>
</trkpt>
<trkpt lat="53.466766337" lon="50.187358875">
  <ele>107.626999</ele>
  <time>2010-07-31T07:00:08Z</time>
</trkpt>
<trkpt lat="53.466697689" lon="50.187610667">
  <ele>107.374001</ele>
  <time>2010-07-31T07:00:09Z</time>
</trkpt>
<trkpt lat="53.466629041" lon="50.187858604">
  <ele>107.147003</ele>
  <time>2010-07-31T07:00:10Z</time>
</trkpt>
<trkpt lat="53.466556538" lon="50.188110312">
  <ele>106.950996</ele>
  <time>2010-07-31T07:00:11Z</time>
</trkpt>
<trkpt lat="53.466487890" lon="50.188365960">
  <ele>106.561996</ele>
  <time>2010-07-31T07:00:12Z</time>
</trkpt>
<trkpt lat="53.466411615" lon="50.188629152">
  <ele>106.468002</ele>
  <time>2010-07-31T07:00:13Z</time>
</trkpt>
<trkpt lat="53.466339111" lon="50.188896200">
  <ele>106.277000</ele>
  <time>2010-07-31T07:00:14Z</time>
</trkpt>
<trkpt lat="53.466266608" lon="50.189163247">
  <ele>106.212997</ele>
  <time>2010-07-31T07:00:15Z</time>
</trkpt>
<trkpt lat="53.466186561" lon="50.189441694">
  <ele>105.983002</ele>
  <time>2010-07-31T07:00:16Z</time>
</trkpt>
<trkpt lat="53.466110202" lon="50.189727768">
  <ele>105.787003</ele>
  <time>2010-07-31T07:00:17Z</time>
</trkpt>
<trkpt lat="53.466033926" lon="50.190021554">
  <ele>105.352997</ele>
  <time>2010-07-31T07:00:18Z</time>
</trkpt>
<trkpt lat="53.465953795" lon="50.190319028">
  <ele>105.112999</ele>
  <time>2010-07-31T07:00:19Z</time>
</trkpt>
<trkpt lat="53.465873748" lon="50.190620441">
  <ele>104.950996</ele>
  <time>2010-07-31T07:00:20Z</time>
</trkpt>
<trkpt lat="53.465789761" lon="50.190925626">
  <ele>104.692001</ele>
  <time>2010-07-31T07:00:21Z</time>
</trkpt>
<trkpt lat="53.465705859" lon="50.191234583">
  <ele>104.232002</ele>
  <time>2010-07-31T07:00:22Z</time>
</trkpt>
<trkpt lat="53.465618100" lon="50.191547396">
  <ele>103.988998</ele>
  <time>2010-07-31T07:00:23Z</time>
</trkpt>
<trkpt lat="53.465530425" lon="50.191860208">
  <ele>103.574997</ele>
  <time>2010-07-31T07:00:24Z</time>
</trkpt>
<trkpt lat="53.465446439" lon="50.192180648">
  <ele>103.249001</ele>
  <time>2010-07-31T07:00:25Z</time>
</trkpt>
<trkpt lat="53.465358764" lon="50.192504860">
  <ele>102.992996</ele>
  <time>2010-07-31T07:00:26Z</time>
</trkpt>
<trkpt lat="53.465267150" lon="50.192836784">
  <ele>102.415001</ele>
  <time>2010-07-31T07:00:27Z</time>
</trkpt>
<trkpt lat="53.465171847" lon="50.193172479">
  <ele>101.928001</ele>
  <time>2010-07-31T07:00:28Z</time>
</trkpt>
<trkpt lat="53.465076461" lon="50.193515802">
  <ele>101.602997</ele>
  <time>2010-07-31T07:00:29Z</time>
</trkpt>
<trkpt lat="53.464981075" lon="50.193866752">
  <ele>101.401001</ele>
  <time>2010-07-31T07:00:30Z</time>
</trkpt>
<trkpt lat="53.464881917" lon="50.194225330">
  <ele>100.953003</ele>
  <time>2010-07-31T07:00:31Z</time>
</trkpt>
<trkpt lat="53.464778904" lon="50.194583908">
  <ele>100.552002</ele>
  <time>2010-07-31T07:00:32Z</time>
</trkpt>
<trkpt lat="53.464675890" lon="50.194946257">
  <ele>100.070999</ele>
  <time>2010-07-31T07:00:33Z</time>
</trkpt>
<trkpt lat="53.464572877" lon="50.195304835">
  <ele>99.570000</ele>
  <time>2010-07-31T07:00:34Z</time>
</trkpt>
<trkpt lat="53.464469947" lon="50.195671041">
  <ele>99.260002</ele>
  <time>2010-07-31T07:00:35Z</time>
</trkpt>
<trkpt lat="53.464370705" lon="50.196041102">
  <ele>98.980003</ele>
  <time>2010-07-31T07:00:36Z</time>
</trkpt>
<trkpt lat="53.464271547" lon="50.196411163">
  <ele>98.424004</ele>
  <time>2010-07-31T07:00:37Z</time>
</trkpt>
<trkpt lat="53.464168534" lon="50.196777368">
  <ele>97.626999</ele>
  <time>2010-07-31T07:00:38Z</time>
</trkpt>
<trkpt lat="53.464065520" lon="50.197147345">
  <ele>97.175003</ele>
  <time>2010-07-31T07:00:39Z</time>
</trkpt>
<trkpt lat="53.463962590" lon="50.197513551">
  <ele>96.608002</ele>
  <time>2010-07-31T07:00:40Z</time>
</trkpt>
<trkpt lat="53.463859577" lon="50.197883612">
  <ele>96.238998</ele>
  <time>2010-07-31T07:00:41Z</time>
</trkpt>
<trkpt lat="53.463756563" lon="50.198253673">
  <ele>96.153999</ele>
  <time>2010-07-31T07:00:42Z</time>
</trkpt>
<trkpt lat="53.463657405" lon="50.198619878">
  <ele>95.780998</ele>
  <time>2010-07-31T07:00:43Z</time>
</trkpt>
<trkpt lat="53.463554392" lon="50.198989855">
  <ele>95.353996</ele>
  <time>2010-07-31T07:00:44Z</time>
</trkpt>
<trkpt lat="53.463455234" lon="50.199359916">
  <ele>94.837997</ele>
  <time>2010-07-31T07:00:45Z</time>
</trkpt>
<trkpt lat="53.463352220" lon="50.199729893">
  <ele>94.320000</ele>
  <time>2010-07-31T07:00:46Z</time>
</trkpt>
<trkpt lat="53.463253062" lon="50.200099954">
  <ele>93.903000</ele>
  <time>2010-07-31T07:00:47Z</time>
</trkpt>
<trkpt lat="53.463150049" lon="50.200469932">
  <ele>93.582001</ele>
  <time>2010-07-31T07:00:48Z</time>
</trkpt>
<trkpt lat="53.463047035" lon="50.200839993">
  <ele>93.106003</ele>
  <time>2010-07-31T07:00:49Z</time>
</trkpt>
<trkpt lat="53.462947877" lon="50.201210054">
  <ele>92.620003</ele>
  <time>2010-07-31T07:00:50Z</time>
</trkpt>
<trkpt lat="53.462844864" lon="50.201580031">
  <ele>92.244003</ele>
  <time>2010-07-31T07:00:51Z</time>
</trkpt>
<trkpt lat="53.462741850" lon="50.201950092">
  <ele>91.717003</ele>
  <time>2010-07-31T07:00:52Z</time>
</trkpt>
<trkpt lat="53.462635064" lon="50.202320069">
  <ele>91.261002</ele>
  <time>2010-07-31T07:00:53Z</time>
</trkpt>
<trkpt lat="53.462535823" lon="50.202693902">
  <ele>90.889999</ele>
  <time>2010-07-31T07:00:54Z</time>
</trkpt>
<trkpt lat="53.462432893" lon="50.203067819">
  <ele>90.598999</ele>
  <time>2010-07-31T07:00:55Z</time>
</trkpt>
<trkpt lat="53.462333651" lon="50.203437796">
  <ele>90.168999</ele>
  <time>2010-07-31T07:00:56Z</time>
</trkpt>
<trkpt lat="53.462234493" lon="50.203804001">
  <ele>89.421997</ele>
  <time>2010-07-31T07:00:57Z</time>
</trkpt>
<trkpt lat="53.462131480" lon="50.204174062">
  <ele>88.862999</ele>
  <time>2010-07-31T07:00:58Z</time>
</trkpt>
<trkpt lat="53.462032322" lon="50.204544039">
  <ele>88.436996</ele>
  <time>2010-07-31T07:00:59Z</time>
</trkpt>
<trkpt lat="53.461929308" lon="50.204910245">
  <ele>87.938004</ele>
  <time>2010-07-31T07:01:00Z</time>
</trkpt>
<trkpt lat="53.461826295" lon="50.205280306">
  <ele>87.349998</ele>
  <time>2010-07-31T07:01:01Z</time>
</trkpt>
<trkpt lat="53.461723365" lon="50.205650367">
  <ele>86.712997</ele>
  <time>2010-07-31T07:01:02Z</time>
</trkpt>
<trkpt lat="53.461624123" lon="50.206016572">
  <ele>86.044998</ele>
  <time>2010-07-31T07:01:03Z</time>
</trkpt>
<trkpt lat="53.461521110" lon="50.206382778">
  <ele>85.427002</ele>
  <time>2010-07-31T07:01:04Z</time>
</trkpt>
<trkpt lat="53.461418180" lon="50.206745127">
  <ele>84.663002</ele>
  <time>2010-07-31T07:01:05Z</time>
</trkpt>
<trkpt lat="53.461322794" lon="50.207103705">
  <ele>83.953003</ele>
  <time>2010-07-31T07:01:06Z</time>
</trkpt>
<trkpt lat="53.461223636" lon="50.207462283">
  <ele>83.300003</ele>
  <time>2010-07-31T07:01:07Z</time>
</trkpt>
<trkpt lat="53.461128250" lon="50.207820861">
  <ele>82.411003</ele>
  <time>2010-07-31T07:01:08Z</time>
</trkpt>
<trkpt lat="53.461025236" lon="50.208179438">
  <ele>81.692001</ele>
  <time>2010-07-31T07:01:09Z</time>
</trkpt>
<trkpt lat="53.460929850" lon="50.208538016">
  <ele>81.050003</ele>
  <time>2010-07-31T07:01:10Z</time>
</trkpt>
<trkpt lat="53.460826837" lon="50.208896678">
  <ele>80.362000</ele>
  <time>2010-07-31T07:01:11Z</time>
</trkpt>
<trkpt lat="53.460731534" lon="50.209255256">
  <ele>79.863998</ele>
  <time>2010-07-31T07:01:12Z</time>
</trkpt>
<trkpt lat="53.460632293" lon="50.209609978">
  <ele>79.190002</ele>
  <time>2010-07-31T07:01:13Z</time>
</trkpt>
<trkpt lat="53.460533135" lon="50.209968556">
  <ele>78.253998</ele>
  <time>2010-07-31T07:01:14Z</time>
</trkpt>
<trkpt lat="53.460433977" lon="50.210330989">
  <ele>77.487000</ele>
  <time>2010-07-31T07:01:15Z</time>
</trkpt>
<trkpt lat="53.460330963" lon="50.210693339">
  <ele>76.827003</ele>
  <time>2010-07-31T07:01:16Z</time>
</trkpt>
<trkpt lat="53.460231805" lon="50.211059544">
  <ele>76.325996</ele>
  <time>2010-07-31T07:01:17Z</time>
</trkpt>
<trkpt lat="53.460128792" lon="50.211433377">
  <ele>75.597000</ele>
  <time>2010-07-31T07:01:18Z</time>
</trkpt>
<trkpt lat="53.460025778" lon="50.211803438">
  <ele>74.848999</ele>
  <time>2010-07-31T07:01:19Z</time>
</trkpt>
<trkpt lat="53.459922764" lon="50.212173499">
  <ele>74.070999</ele>
  <time>2010-07-31T07:01:20Z</time>
</trkpt>
<trkpt lat="53.459819835" lon="50.212551104">
  <ele>73.303001</ele>
  <time>2010-07-31T07:01:21Z</time>
</trkpt>
<trkpt lat="53.459716821" lon="50.212924937">
  <ele>72.619003</ele>
  <time>2010-07-31T07:01:22Z</time>
</trkpt>
<trkpt lat="53.459609952" lon="50.213302625">
  <ele>72.072998</ele>
  <time>2010-07-31T07:01:23Z</time>
</trkpt>
<trkpt lat="53.459510794" lon="50.213676458">
  <ele>71.171997</ele>
  <time>2010-07-31T07:01:24Z</time>
</trkpt>
<trkpt lat="53.459407780" lon="50.214046519">
  <ele>70.455002</ele>
  <time>2010-07-31T07:01:25Z</time>
</trkpt>
<trkpt lat="53.459304851" lon="50.214420352">
  <ele>69.692001</ele>
  <time>2010-07-31T07:01:26Z</time>
</trkpt>
<trkpt lat="53.459201837" lon="50.214794185">
  <ele>69.167000</ele>
  <time>2010-07-31T07:01:27Z</time>
</trkpt>
<trkpt lat="53.459102595" lon="50.215164162">
  <ele>68.646004</ele>
  <time>2010-07-31T07:01:28Z</time>
</trkpt>
<trkpt lat="53.458999665" lon="50.215534223">
  <ele>68.406998</ele>
  <time>2010-07-31T07:01:29Z</time>
</trkpt>
<trkpt lat="53.458896652" lon="50.215900429">
  <ele>68.203003</ele>
  <time>2010-07-31T07:01:30Z</time>
</trkpt>
<trkpt lat="53.458793638" lon="50.216266634">
  <ele>67.792000</ele>
  <time>2010-07-31T07:01:31Z</time>
</trkpt>
<trkpt lat="53.458690625" lon="50.216632839">
  <ele>67.388000</ele>
  <time>2010-07-31T07:01:32Z</time>
</trkpt>
<trkpt lat="53.458591467" lon="50.216995273">
  <ele>67.112999</ele>
  <time>2010-07-31T07:01:33Z</time>
</trkpt>
<trkpt lat="53.458492309" lon="50.217353851">
  <ele>66.706001</ele>
  <time>2010-07-31T07:01:34Z</time>
</trkpt>
<trkpt lat="53.458389295" lon="50.217708573">
  <ele>66.425003</ele>
  <time>2010-07-31T07:01:35Z</time>
</trkpt>
<trkpt lat="53.458290137" lon="50.218067151">
  <ele>65.921997</ele>
  <time>2010-07-31T07:01:36Z</time>
</trkpt>
<trkpt lat="53.458190896" lon="50.218421957">
  <ele>65.584000</ele>
  <time>2010-07-31T07:01:37Z</time>
</trkpt>
<trkpt lat="53.458091738" lon="50.218776679">
  <ele>65.348000</ele>
  <time>2010-07-31T07:01:38Z</time>
</trkpt>
<trkpt lat="53.457988724" lon="50.219131485">
  <ele>65.121002</ele>
  <time>2010-07-31T07:01:39Z</time>
</trkpt>
<trkpt lat="53.457893338" lon="50.219482435">
  <ele>64.779999</ele>
  <time>2010-07-31T07:01:40Z</time>
</trkpt>
<trkpt lat="53.457798036" lon="50.219829530">
  <ele>64.561996</ele>
  <time>2010-07-31T07:01:41Z</time>
</trkpt>
<trkpt lat="53.457702650" lon="50.220172852">
  <ele>64.568001</ele>
  <time>2010-07-31T07:01:42Z</time>
</trkpt>
<trkpt lat="53.457607264" lon="50.220516175">
  <ele>64.662003</ele>
  <time>2010-07-31T07:01:43Z</time>
</trkpt>
<trkpt lat="53.457511878" lon="50.220855726">
  <ele>64.730003</ele>
  <time>2010-07-31T07:01:44Z</time>
</trkpt>
<trkpt lat="53.457420347" lon="50.221191421">
  <ele>64.763000</ele>
  <time>2010-07-31T07:01:45Z</time>
</trkpt>
<trkpt lat="53.457328817" lon="50.221527116">
  <ele>64.932999</ele>
  <time>2010-07-31T07:01:46Z</time>
</trkpt>
<trkpt lat="53.457233431" lon="50.221858956">
  <ele>64.900002</ele>
  <time>2010-07-31T07:01:47Z</time>
</trkpt>
<trkpt lat="53.457145672" lon="50.222183252">
  <ele>64.843002</ele>
  <time>2010-07-31T07:01:48Z</time>
</trkpt>
<trkpt lat="53.457057914" lon="50.222507464">
  <ele>65.028000</ele>
  <time>2010-07-31T07:01:49Z</time>
</trkpt>
<trkpt lat="53.456966383" lon="50.222820276">
  <ele>65.043999</ele>
  <time>2010-07-31T07:01:50Z</time>
</trkpt>
<trkpt lat="53.456878625" lon="50.223136861">
  <ele>64.668999</ele>
  <time>2010-07-31T07:01:51Z</time>
</trkpt>
<trkpt lat="53.456790950" lon="50.223449674">
  <ele>64.503998</ele>
  <time>2010-07-31T07:01:52Z</time>
</trkpt>
<trkpt lat="53.456703192" lon="50.223758714">
  <ele>64.350998</ele>
  <time>2010-07-31T07:01:53Z</time>
</trkpt>
<trkpt lat="53.456615433" lon="50.224067671">
  <ele>64.300003</ele>
  <time>2010-07-31T07:01:54Z</time>
</trkpt>
<trkpt lat="53.456531530" lon="50.224380484">
  <ele>64.336998</ele>
  <time>2010-07-31T07:01:55Z</time>
</trkpt>
<trkpt lat="53.456443772" lon="50.224693296">
  <ele>64.432999</ele>
  <time>2010-07-31T07:01:56Z</time>
</trkpt>
<trkpt lat="53.456356013" lon="50.225009881">
  <ele>64.496002</ele>
  <time>2010-07-31T07:01:57Z</time>
</trkpt>
<trkpt lat="53.456268338" lon="50.225322694">
  <ele>64.426003</ele>
  <time>2010-07-31T07:01:58Z</time>
</trkpt>
<trkpt lat="53.456184352" lon="50.225631734">
  <ele>64.289001</ele>
  <time>2010-07-31T07:01:59Z</time>
</trkpt>
<trkpt lat="53.456096677" lon="50.225944547">
  <ele>63.973999</ele>
  <time>2010-07-31T07:02:00Z</time>
</trkpt>
<trkpt lat="53.456008919" lon="50.226261131">
  <ele>63.737000</ele>
  <time>2010-07-31T07:02:01Z</time>
</trkpt>
<trkpt lat="53.455921160" lon="50.226577800">
  <ele>63.740002</ele>
  <time>2010-07-31T07:02:02Z</time>
</trkpt>
<trkpt lat="53.455829630" lon="50.226902012">
  <ele>63.777000</ele>
  <time>2010-07-31T07:02:03Z</time>
</trkpt>
<trkpt lat="53.455741871" lon="50.227237707">
  <ele>64.056000</ele>
  <time>2010-07-31T07:02:04Z</time>
</trkpt>
<trkpt lat="53.455646485" lon="50.227573402">
  <ele>64.099998</ele>
  <time>2010-07-31T07:02:05Z</time>
</trkpt>
<trkpt lat="53.455551183" lon="50.227916725">
  <ele>64.498001</ele>
  <time>2010-07-31T07:02:06Z</time>
</trkpt>
<trkpt lat="53.455451941" lon="50.228267675">
  <ele>64.975998</ele>
  <time>2010-07-31T07:02:07Z</time>
</trkpt>
<trkpt lat="53.455356639" lon="50.228618626">
  <ele>65.411003</ele>
  <time>2010-07-31T07:02:08Z</time>
</trkpt>
<trkpt lat="53.455253625" lon="50.228977203">
  <ele>65.641998</ele>
  <time>2010-07-31T07:02:09Z</time>
</trkpt>
<trkpt lat="53.455158239" lon="50.229343409">
  <ele>66.018997</ele>
  <time>2010-07-31T07:02:10Z</time>
</trkpt>
<trkpt lat="53.455059081" lon="50.229713470">
  <ele>66.511002</ele>
  <time>2010-07-31T07:02:11Z</time>
</trkpt>
<trkpt lat="53.454959840" lon="50.230087303">
  <ele>67.176003</ele>
  <time>2010-07-31T07:02:12Z</time>
</trkpt>
<trkpt lat="53.454864537" lon="50.230464907">
  <ele>67.772003</ele>
  <time>2010-07-31T07:02:13Z</time>
</trkpt>
<trkpt lat="53.454765296" lon="50.230846368">
  <ele>68.344002</ele>
  <time>2010-07-31T07:02:14Z</time>
</trkpt>
<trkpt lat="53.454666138" lon="50.231224056">
  <ele>68.778000</ele>
  <time>2010-07-31T07:02:15Z</time>
</trkpt>
<trkpt lat="53.454559352" lon="50.231601745">
  <ele>69.404999</ele>
  <time>2010-07-31T07:02:16Z</time>
</trkpt>
<trkpt lat="53.454452483" lon="50.231979350">
  <ele>70.307999</ele>
  <time>2010-07-31T07:02:17Z</time>
</trkpt>
<trkpt lat="53.454345698" lon="50.232357038">
  <ele>71.164001</ele>
  <time>2010-07-31T07:02:18Z</time>
</trkpt>
<trkpt lat="53.454238912" lon="50.232738499">
  <ele>71.938004</ele>
  <time>2010-07-31T07:02:19Z</time>
</trkpt>
<trkpt lat="53.454132043" lon="50.233123815">
  <ele>72.601997</ele>
  <time>2010-07-31T07:02:20Z</time>
</trkpt>
<trkpt lat="53.454025257" lon="50.233512903">
  <ele>73.325996</ele>
  <time>2010-07-31T07:02:21Z</time>
</trkpt>
<trkpt lat="53.453922244" lon="50.233905762">
  <ele>74.263000</ele>
  <time>2010-07-31T07:02:22Z</time>
</trkpt>
<trkpt lat="53.453815458" lon="50.234298706">
  <ele>75.191002</ele>
  <time>2010-07-31T07:02:23Z</time>
</trkpt>
<trkpt lat="53.453704817" lon="50.234691650">
  <ele>76.093002</ele>
  <time>2010-07-31T07:02:24Z</time>
</trkpt>
<trkpt lat="53.453601804" lon="50.235088365">
  <ele>76.961998</ele>
  <time>2010-07-31T07:02:25Z</time>
</trkpt>
<trkpt lat="53.453491246" lon="50.235481225">
  <ele>77.678001</ele>
  <time>2010-07-31T07:02:26Z</time>
</trkpt>
<trkpt lat="53.453380605" lon="50.235878024">
  <ele>78.357002</ele>
  <time>2010-07-31T07:02:27Z</time>
</trkpt>
<trkpt lat="53.453273736" lon="50.236274740">
  <ele>78.921997</ele>
  <time>2010-07-31T07:02:28Z</time>
</trkpt>
<trkpt lat="53.453163179" lon="50.236671455">
  <ele>79.595001</ele>
  <time>2010-07-31T07:02:29Z</time>
</trkpt>
<trkpt lat="53.453044910" lon="50.237068171">
  <ele>80.278999</ele>
  <time>2010-07-31T07:02:30Z</time>
</trkpt>
<trkpt lat="53.452930413" lon="50.237464886">
  <ele>80.966003</ele>
  <time>2010-07-31T07:02:31Z</time>
</trkpt>
<trkpt lat="53.452819856" lon="50.237853974">
  <ele>81.331001</ele>
  <time>2010-07-31T07:02:32Z</time>
</trkpt>
<trkpt lat="53.452701587" lon="50.238243062">
  <ele>81.908997</ele>
  <time>2010-07-31T07:02:33Z</time>
</trkpt>
<trkpt lat="53.452587090" lon="50.238624606">
  <ele>82.778999</ele>
  <time>2010-07-31T07:02:34Z</time>
</trkpt>
<trkpt lat="53.452476533" lon="50.239006067">
  <ele>83.536003</ele>
  <time>2010-07-31T07:02:35Z</time>
</trkpt>
<trkpt lat="53.452369664" lon="50.239383671">
  <ele>84.023003</ele>
  <time>2010-07-31T07:02:36Z</time>
</trkpt>
<trkpt lat="53.452266734" lon="50.239765132">
  <ele>84.415001</ele>
  <time>2010-07-31T07:02:37Z</time>
</trkpt>
<trkpt lat="53.452163721" lon="50.240139049">
  <ele>85.002998</ele>
  <time>2010-07-31T07:02:38Z</time>
</trkpt>
<trkpt lat="53.452056851" lon="50.240516653">
  <ele>85.510002</ele>
  <time>2010-07-31T07:02:39Z</time>
</trkpt>
<trkpt lat="53.451953921" lon="50.240898114">
  <ele>86.012001</ele>
  <time>2010-07-31T07:02:40Z</time>
</trkpt>
<trkpt lat="53.451850908" lon="50.241271947">
  <ele>86.684998</ele>
  <time>2010-07-31T07:02:41Z</time>
</trkpt>
<trkpt lat="53.451747894" lon="50.241645779">
  <ele>87.064003</ele>
  <time>2010-07-31T07:02:42Z</time>
</trkpt>
<trkpt lat="53.451648736" lon="50.242008213">
  <ele>87.278999</ele>
  <time>2010-07-31T07:02:43Z</time>
</trkpt>
<trkpt lat="53.451549495" lon="50.242370646">
  <ele>87.441002</ele>
  <time>2010-07-31T07:02:44Z</time>
</trkpt>
<trkpt lat="53.451450337" lon="50.242732996">
  <ele>87.477997</ele>
  <time>2010-07-31T07:02:45Z</time>
</trkpt>
<trkpt lat="53.451351179" lon="50.243087802">
  <ele>87.650002</ele>
  <time>2010-07-31T07:02:46Z</time>
</trkpt>
<trkpt lat="53.451248165" lon="50.243438752">
  <ele>87.971001</ele>
  <time>2010-07-31T07:02:47Z</time>
</trkpt>
<trkpt lat="53.451152779" lon="50.243785847">
  <ele>88.529999</ele>
  <time>2010-07-31T07:02:48Z</time>
</trkpt>
<trkpt lat="53.451053621" lon="50.244133025">
  <ele>89.037003</ele>
  <time>2010-07-31T07:02:49Z</time>
</trkpt>
<trkpt lat="53.450958235" lon="50.244476348">
  <ele>89.168999</ele>
  <time>2010-07-31T07:02:50Z</time>
</trkpt>
<trkpt lat="53.450862849" lon="50.244815815">
  <ele>89.344002</ele>
  <time>2010-07-31T07:02:51Z</time>
</trkpt>
<trkpt lat="53.450767547" lon="50.245155366">
  <ele>89.334000</ele>
  <time>2010-07-31T07:02:52Z</time>
</trkpt>
<trkpt lat="53.450672161" lon="50.245494833">
  <ele>89.454002</ele>
  <time>2010-07-31T07:02:53Z</time>
</trkpt>
<trkpt lat="53.450580630" lon="50.245834384">
  <ele>89.612000</ele>
  <time>2010-07-31T07:02:54Z</time>
</trkpt>
<trkpt lat="53.450489016" lon="50.246170079">
  <ele>89.852997</ele>
  <time>2010-07-31T07:02:55Z</time>
</trkpt>
<trkpt lat="53.450393714" lon="50.246505775">
  <ele>89.720001</ele>
  <time>2010-07-31T07:02:56Z</time>
</trkpt>
<trkpt lat="53.450298328" lon="50.246841470">
  <ele>89.389000</ele>
  <time>2010-07-31T07:02:57Z</time>
</trkpt>
<trkpt lat="53.450206798" lon="50.247180937">
  <ele>89.208000</ele>
  <time>2010-07-31T07:02:58Z</time>
</trkpt>
<trkpt lat="53.450111412" lon="50.247524260">
  <ele>89.278000</ele>
  <time>2010-07-31T07:02:59Z</time>
</trkpt>
<trkpt lat="53.450016025" lon="50.247867582">
  <ele>89.225998</ele>
  <time>2010-07-31T07:03:00Z</time>
</trkpt>
<trkpt lat="53.449920639" lon="50.248207133">
  <ele>89.084999</ele>
  <time>2010-07-31T07:03:01Z</time>
</trkpt>
<trkpt lat="53.449829109" lon="50.248542745">
  <ele>88.877998</ele>
  <time>2010-07-31T07:03:02Z</time>
</trkpt>
<trkpt lat="53.449733723" lon="50.248878440">
  <ele>88.658997</ele>
  <time>2010-07-31T07:03:03Z</time>
</trkpt>
<trkpt lat="53.449642193" lon="50.249217991">
  <ele>88.547997</ele>
  <time>2010-07-31T07:03:04Z</time>
</trkpt>
<trkpt lat="53.449546807" lon="50.249553686">
  <ele>88.208000</ele>
  <time>2010-07-31T07:03:05Z</time>
</trkpt>
<trkpt lat="53.449451420" lon="50.249889381">
  <ele>87.880997</ele>
  <time>2010-07-31T07:03:06Z</time>
</trkpt>
<trkpt lat="53.449359890" lon="50.250228848">
  <ele>87.727997</ele>
  <time>2010-07-31T07:03:07Z</time>
</trkpt>
<trkpt lat="53.449264504" lon="50.250564544">
  <ele>87.387001</ele>
  <time>2010-07-31T07:03:08Z</time>
</trkpt>
<trkpt lat="53.449172974" lon="50.250896467">
  <ele>87.071999</ele>
  <time>2010-07-31T07:03:09Z</time>
</trkpt>
<trkpt lat="53.449081443" lon="50.251228306">
  <ele>86.628998</ele>
  <time>2010-07-31T07:03:10Z</time>
</trkpt>
<trkpt lat="53.448989829" lon="50.251556374">
  <ele>86.031998</ele>
  <time>2010-07-31T07:03:11Z</time>
</trkpt>
<trkpt lat="53.448902154" lon="50.251884442">
  <ele>85.619003</ele>
  <time>2010-07-31T07:03:12Z</time>
</trkpt>
<trkpt lat="53.448810540" lon="50.252208738">
  <ele>85.263000</ele>
  <time>2010-07-31T07:03:13Z</time>
</trkpt>
<trkpt lat="53.448719010" lon="50.252536805">
  <ele>85.151001</ele>
  <time>2010-07-31T07:03:14Z</time>
</trkpt>
<trkpt lat="53.448627479" lon="50.252857246">
  <ele>84.968002</ele>
  <time>2010-07-31T07:03:15Z</time>
</trkpt>
<trkpt lat="53.448543577" lon="50.253177602">
  <ele>84.373001</ele>
  <time>2010-07-31T07:03:16Z</time>
</trkpt>
<trkpt lat="53.448455818" lon="50.253494270">
  <ele>83.963997</ele>
  <time>2010-07-31T07:03:17Z</time>
</trkpt>
<trkpt lat="53.448368059" lon="50.253814710">
  <ele>83.660004</ele>
  <time>2010-07-31T07:03:18Z</time>
</trkpt>
<trkpt lat="53.448276529" lon="50.254138922">
  <ele>83.439003</ele>
  <time>2010-07-31T07:03:19Z</time>
</trkpt>
<trkpt lat="53.448184999" lon="50.254466990">
  <ele>83.129997</ele>
  <time>2010-07-31T07:03:20Z</time>
</trkpt>
<trkpt lat="53.448093385" lon="50.254806541">
  <ele>82.652000</ele>
  <time>2010-07-31T07:03:21Z</time>
</trkpt>
<trkpt lat="53.447998082" lon="50.255149864">
  <ele>82.186996</ele>
  <time>2010-07-31T07:03:22Z</time>
</trkpt>
<trkpt lat="53.447898841" lon="50.255493186">
  <ele>81.742996</ele>
  <time>2010-07-31T07:03:23Z</time>
</trkpt>
<trkpt lat="53.447803538" lon="50.255844137">
  <ele>81.297997</ele>
  <time>2010-07-31T07:03:24Z</time>
</trkpt>
<trkpt lat="53.447708152" lon="50.256191231">
  <ele>80.987999</ele>
  <time>2010-07-31T07:03:25Z</time>
</trkpt>
<trkpt lat="53.447612766" lon="50.256538410">
  <ele>80.283997</ele>
  <time>2010-07-31T07:03:26Z</time>
</trkpt>
<trkpt lat="53.447521236" lon="50.256881732">
  <ele>79.483002</ele>
  <time>2010-07-31T07:03:27Z</time>
</trkpt>
<trkpt lat="53.447425850" lon="50.257221200">
  <ele>78.820999</ele>
  <time>2010-07-31T07:03:28Z</time>
</trkpt>
<trkpt lat="53.447326692" lon="50.257564522">
  <ele>78.150002</ele>
  <time>2010-07-31T07:03:29Z</time>
</trkpt>
<trkpt lat="53.447235078" lon="50.257904073">
  <ele>77.382004</ele>
  <time>2010-07-31T07:03:30Z</time>
</trkpt>
<trkpt lat="53.447139775" lon="50.258243540">
  <ele>76.661003</ele>
  <time>2010-07-31T07:03:31Z</time>
</trkpt>
<trkpt lat="53.447048161" lon="50.258586863">
  <ele>76.008003</ele>
  <time>2010-07-31T07:03:32Z</time>
</trkpt>
<trkpt lat="53.446952859" lon="50.258926414">
  <ele>75.059998</ele>
  <time>2010-07-31T07:03:33Z</time>
</trkpt>
<trkpt lat="53.446861245" lon="50.259262109">
  <ele>74.178001</ele>
  <time>2010-07-31T07:03:34Z</time>
</trkpt>
<trkpt lat="53.446765859" lon="50.259601576">
  <ele>73.513000</ele>
  <time>2010-07-31T07:03:35Z</time>
</trkpt>
<trkpt lat="53.446674328" lon="50.259941127">
  <ele>72.737999</ele>
  <time>2010-07-31T07:03:36Z</time>
</trkpt>
<trkpt lat="53.446578942" lon="50.260284450">
  <ele>71.870003</ele>
  <time>2010-07-31T07:03:37Z</time>
</trkpt>
<trkpt lat="53.446479784" lon="50.260627773">
  <ele>70.879997</ele>
  <time>2010-07-31T07:03:38Z</time>
</trkpt>
<trkpt lat="53.446384398" lon="50.260967240">
  <ele>70.032997</ele>
  <time>2010-07-31T07:03:39Z</time>
</trkpt>
<trkpt lat="53.446285240" lon="50.261306791">
  <ele>69.205002</ele>
  <time>2010-07-31T07:03:40Z</time>
</trkpt>
<trkpt lat="53.446186082" lon="50.261642486">
  <ele>68.655998</ele>
  <time>2010-07-31T07:03:41Z</time>
</trkpt>
<trkpt lat="53.446083069" lon="50.261978181">
  <ele>67.539001</ele>
  <time>2010-07-31T07:03:42Z</time>
</trkpt>
<trkpt lat="53.445976283" lon="50.262313876">
  <ele>66.549004</ele>
  <time>2010-07-31T07:03:43Z</time>
</trkpt>
<trkpt lat="53.445869414" lon="50.262645716">
  <ele>65.559998</ele>
  <time>2010-07-31T07:03:44Z</time>
</trkpt>
<trkpt lat="53.445762629" lon="50.262977639">
  <ele>64.847000</ele>
  <time>2010-07-31T07:03:45Z</time>
</trkpt>
<trkpt lat="53.445651988" lon="50.263305623">
  <ele>63.972000</ele>
  <time>2010-07-31T07:03:46Z</time>
</trkpt>
<trkpt lat="53.445541346" lon="50.263633691">
  <ele>63.308998</ele>
  <time>2010-07-31T07:03:47Z</time>
</trkpt>
<trkpt lat="53.445426933" lon="50.263957987">
  <ele>62.515999</ele>
  <time>2010-07-31T07:03:48Z</time>
</trkpt>
<trkpt lat="53.445312520" lon="50.264282199">
  <ele>61.666000</ele>
  <time>2010-07-31T07:03:49Z</time>
</trkpt>
<trkpt lat="53.445198024" lon="50.264602639">
  <ele>60.687000</ele>
  <time>2010-07-31T07:03:50Z</time>
</trkpt>
<trkpt lat="53.445079839" lon="50.264919307">
  <ele>60.062000</ele>
  <time>2010-07-31T07:03:51Z</time>
</trkpt>
<trkpt lat="53.444961570" lon="50.265235892">
  <ele>59.131001</ele>
  <time>2010-07-31T07:03:52Z</time>
</trkpt>
<trkpt lat="53.444839446" lon="50.265552560">
  <ele>58.266998</ele>
  <time>2010-07-31T07:03:53Z</time>
</trkpt>
<trkpt lat="53.444717405" lon="50.265869144">
  <ele>57.429001</ele>
  <time>2010-07-31T07:03:54Z</time>
</trkpt>
<trkpt lat="53.444595365" lon="50.266181957">
  <ele>56.289001</ele>
  <time>2010-07-31T07:03:55Z</time>
</trkpt>
<trkpt lat="53.444473241" lon="50.266498541">
  <ele>55.500000</ele>
  <time>2010-07-31T07:03:56Z</time>
</trkpt>
<trkpt lat="53.444347344" lon="50.266815210">
  <ele>54.457001</ele>
  <time>2010-07-31T07:03:57Z</time>
</trkpt>
<trkpt lat="53.444221532" lon="50.267135650">
  <ele>53.946999</ele>
  <time>2010-07-31T07:03:58Z</time>
</trkpt>
<trkpt lat="53.444095636" lon="50.267463718">
  <ele>53.488998</ele>
  <time>2010-07-31T07:03:59Z</time>
</trkpt>
<trkpt lat="53.443965884" lon="50.267791785">
  <ele>52.869999</ele>
  <time>2010-07-31T07:04:00Z</time>
</trkpt>
<trkpt lat="53.443836216" lon="50.268131252">
  <ele>52.092999</ele>
  <time>2010-07-31T07:04:01Z</time>
</trkpt>
<trkpt lat="53.443698920" lon="50.268474575">
  <ele>51.313000</ele>
  <time>2010-07-31T07:04:02Z</time>
</trkpt>
<trkpt lat="53.443561541" lon="50.268825525">
  <ele>50.548000</ele>
  <time>2010-07-31T07:04:03Z</time>
</trkpt>
<trkpt lat="53.443420390" lon="50.269176476">
  <ele>49.673000</ele>
  <time>2010-07-31T07:04:04Z</time>
</trkpt>
<trkpt lat="53.443283094" lon="50.269531282">
  <ele>49.011002</ele>
  <time>2010-07-31T07:04:05Z</time>
</trkpt>
<trkpt lat="53.443145715" lon="50.269878376">
  <ele>48.485001</ele>
  <time>2010-07-31T07:04:06Z</time>
</trkpt>
<trkpt lat="53.443004647" lon="50.270229327">
  <ele>47.834999</ele>
  <time>2010-07-31T07:04:07Z</time>
</trkpt>
<trkpt lat="53.442863496" lon="50.270584133">
  <ele>47.337002</ele>
  <time>2010-07-31T07:04:08Z</time>
</trkpt>
<trkpt lat="53.442722345" lon="50.270938855">
  <ele>46.981998</ele>
  <time>2010-07-31T07:04:09Z</time>
</trkpt>
<trkpt lat="53.442581194" lon="50.271293661">
  <ele>46.861000</ele>
  <time>2010-07-31T07:04:10Z</time>
</trkpt>
<trkpt lat="53.442443814" lon="50.271648383">
  <ele>46.958000</ele>
  <time>2010-07-31T07:04:11Z</time>
</trkpt>
<trkpt lat="53.442306519" lon="50.272003189">
  <ele>46.964001</ele>
  <time>2010-07-31T07:04:12Z</time>
</trkpt>
<trkpt lat="53.442172995" lon="50.272346511">
  <ele>46.840000</ele>
  <time>2010-07-31T07:04:13Z</time>
</trkpt>
<trkpt lat="53.442039471" lon="50.272689834">
  <ele>46.623001</ele>
  <time>2010-07-31T07:04:14Z</time>
</trkpt>
<trkpt lat="53.441905947" lon="50.273033157">
  <ele>46.483002</ele>
  <time>2010-07-31T07:04:15Z</time>
</trkpt>
<trkpt lat="53.441776279" lon="50.273368852">
  <ele>46.470001</ele>
  <time>2010-07-31T07:04:16Z</time>
</trkpt>
<trkpt lat="53.441642756" lon="50.273704547">
  <ele>46.446999</ele>
  <time>2010-07-31T07:04:17Z</time>
</trkpt>
<trkpt lat="53.441513088" lon="50.274040243">
  <ele>46.290001</ele>
  <time>2010-07-31T07:04:18Z</time>
</trkpt>
<trkpt lat="53.441383336" lon="50.274372082">
  <ele>46.231998</ele>
  <time>2010-07-31T07:04:19Z</time>
</trkpt>
<trkpt lat="53.441253668" lon="50.274700150">
  <ele>46.021999</ele>
  <time>2010-07-31T07:04:20Z</time>
</trkpt>
<trkpt lat="53.441124000" lon="50.275028218">
  <ele>45.991001</ele>
  <time>2010-07-31T07:04:21Z</time>
</trkpt>
<trkpt lat="53.440998103" lon="50.275348658">
  <ele>45.785999</ele>
  <time>2010-07-31T07:04:22Z</time>
</trkpt>
<trkpt lat="53.440868352" lon="50.275669098">
  <ele>45.664001</ele>
  <time>2010-07-31T07:04:23Z</time>
</trkpt>
<trkpt lat="53.440746311" lon="50.275985682">
  <ele>45.823002</ele>
  <time>2010-07-31T07:04:24Z</time>
</trkpt>
<trkpt lat="53.440620415" lon="50.276298495">
  <ele>45.793999</ele>
  <time>2010-07-31T07:04:25Z</time>
</trkpt>
<trkpt lat="53.440498374" lon="50.276607536">
  <ele>45.976002</ele>
  <time>2010-07-31T07:04:26Z</time>
</trkpt>
<trkpt lat="53.440380106" lon="50.276912721">
  <ele>46.082001</ele>
  <time>2010-07-31T07:04:27Z</time>
</trkpt>
<trkpt lat="53.440261837" lon="50.277214050">
  <ele>46.103001</ele>
  <time>2010-07-31T07:04:28Z</time>
</trkpt>
<trkpt lat="53.440143568" lon="50.277511608">
  <ele>45.964001</ele>
  <time>2010-07-31T07:04:29Z</time>
</trkpt>
<trkpt lat="53.440025300" lon="50.277812937">
  <ele>46.007000</ele>
  <time>2010-07-31T07:04:30Z</time>
</trkpt>
<trkpt lat="53.439907115" lon="50.278106723">
  <ele>45.841000</ele>
  <time>2010-07-31T07:04:31Z</time>
</trkpt>
<trkpt lat="53.439788846" lon="50.278408052">
  <ele>45.848000</ele>
  <time>2010-07-31T07:04:32Z</time>
</trkpt>
<trkpt lat="53.439670578" lon="50.278705610">
  <ele>45.731998</ele>
  <time>2010-07-31T07:04:33Z</time>
</trkpt>
<trkpt lat="53.439552309" lon="50.279018423">
  <ele>45.762001</ele>
  <time>2010-07-31T07:04:34Z</time>
</trkpt>
<trkpt lat="53.439430268" lon="50.279331235">
  <ele>45.841999</ele>
  <time>2010-07-31T07:04:35Z</time>
</trkpt>
<trkpt lat="53.439304372" lon="50.279651675">
  <ele>45.655998</ele>
  <time>2010-07-31T07:04:36Z</time>
</trkpt>
<trkpt lat="53.439178476" lon="50.279972116">
  <ele>45.535000</ele>
  <time>2010-07-31T07:04:37Z</time>
</trkpt>
<trkpt lat="53.439052580" lon="50.280300099">
  <ele>45.415001</ele>
  <time>2010-07-31T07:04:38Z</time>
</trkpt>
<trkpt lat="53.438926684" lon="50.280635795">
  <ele>45.446999</ele>
  <time>2010-07-31T07:04:39Z</time>
</trkpt>
<trkpt lat="53.438804643" lon="50.280975346">
  <ele>45.179001</ele>
  <time>2010-07-31T07:04:40Z</time>
</trkpt>
<trkpt lat="53.438678747" lon="50.281318668">
  <ele>45.068001</ele>
  <time>2010-07-31T07:04:41Z</time>
</trkpt>
<trkpt lat="53.438552851" lon="50.281661991">
  <ele>45.101002</ele>
  <time>2010-07-31T07:04:42Z</time>
</trkpt>
<trkpt lat="53.438423183" lon="50.282005314">
  <ele>45.189999</ele>
  <time>2010-07-31T07:04:43Z</time>
</trkpt>
<trkpt lat="53.438293431" lon="50.282344781">
  <ele>45.129002</ele>
  <time>2010-07-31T07:04:44Z</time>
</trkpt>
<trkpt lat="53.438159907" lon="50.282684332">
  <ele>44.995998</ele>
  <time>2010-07-31T07:04:45Z</time>
</trkpt>
<trkpt lat="53.438026467" lon="50.283023799">
  <ele>44.798000</ele>
  <time>2010-07-31T07:04:46Z</time>
</trkpt>
<trkpt lat="53.437892944" lon="50.283370977">
  <ele>44.875999</ele>
  <time>2010-07-31T07:04:47Z</time>
</trkpt>
<trkpt lat="53.437759420" lon="50.283714300">
  <ele>44.973000</ele>
  <time>2010-07-31T07:04:48Z</time>
</trkpt>
<trkpt lat="53.437622041" lon="50.284061395">
  <ele>45.134998</ele>
  <time>2010-07-31T07:04:49Z</time>
</trkpt>
<trkpt lat="53.437484745" lon="50.284408573">
  <ele>45.076000</ele>
  <time>2010-07-31T07:04:50Z</time>
</trkpt>
<trkpt lat="53.437343594" lon="50.284748040">
  <ele>44.945999</ele>
  <time>2010-07-31T07:04:51Z</time>
</trkpt>
<trkpt lat="53.437206298" lon="50.285087591">
  <ele>44.955002</ele>
  <time>2010-07-31T07:04:52Z</time>
</trkpt>
<trkpt lat="53.437068919" lon="50.285423286">
  <ele>44.914001</ele>
  <time>2010-07-31T07:04:53Z</time>
</trkpt>
<trkpt lat="53.436931623" lon="50.285758981">
  <ele>44.665001</ele>
  <time>2010-07-31T07:04:54Z</time>
</trkpt>
<trkpt lat="53.436798099" lon="50.286098449">
  <ele>44.971001</ele>
  <time>2010-07-31T07:04:55Z</time>
</trkpt>
<trkpt lat="53.436664576" lon="50.286437999">
  <ele>44.840000</ele>
  <time>2010-07-31T07:04:56Z</time>
</trkpt>
<trkpt lat="53.436531052" lon="50.286773695">
  <ele>45.014999</ele>
  <time>2010-07-31T07:04:57Z</time>
</trkpt>
<trkpt lat="53.436397528" lon="50.287113162">
  <ele>44.997002</ele>
  <time>2010-07-31T07:04:58Z</time>
</trkpt>
<trkpt lat="53.436264005" lon="50.287445085">
  <ele>44.793999</ele>
  <time>2010-07-31T07:04:59Z</time>
</trkpt>
<trkpt lat="53.436130565" lon="50.287776925">
  <ele>44.997002</ele>
  <time>2010-07-31T07:05:00Z</time>
</trkpt>
<trkpt lat="53.435997041" lon="50.288116476">
  <ele>45.153999</ele>
  <time>2010-07-31T07:05:01Z</time>
</trkpt>
<trkpt lat="53.435863517" lon="50.288459798">
  <ele>45.129002</ele>
  <time>2010-07-31T07:05:02Z</time>
</trkpt>
<trkpt lat="53.435726138" lon="50.288810749">
  <ele>44.958000</ele>
  <time>2010-07-31T07:05:03Z</time>
</trkpt>
<trkpt lat="53.435584987" lon="50.289165471">
  <ele>45.270000</ele>
  <time>2010-07-31T07:05:04Z</time>
</trkpt>
<trkpt lat="53.435451547" lon="50.289520277">
  <ele>45.330002</ele>
  <time>2010-07-31T07:05:05Z</time>
</trkpt>
<trkpt lat="53.435310395" lon="50.289878855">
  <ele>45.373001</ele>
  <time>2010-07-31T07:05:06Z</time>
</trkpt>
<trkpt lat="53.435173016" lon="50.290237432">
  <ele>45.612000</ele>
  <time>2010-07-31T07:05:07Z</time>
</trkpt>
<trkpt lat="53.435031865" lon="50.290599782">
  <ele>45.951000</ele>
  <time>2010-07-31T07:05:08Z</time>
</trkpt>
<trkpt lat="53.434890714" lon="50.290958444">
  <ele>46.388000</ele>
  <time>2010-07-31T07:05:09Z</time>
</trkpt>
<trkpt lat="53.434753418" lon="50.291320793">
  <ele>46.750000</ele>
  <time>2010-07-31T07:05:10Z</time>
</trkpt>
<trkpt lat="53.434616122" lon="50.291675599">
  <ele>47.349998</ele>
  <time>2010-07-31T07:05:11Z</time>
</trkpt>
<trkpt lat="53.434478743" lon="50.292026550">
  <ele>47.993999</ele>
  <time>2010-07-31T07:05:12Z</time>
</trkpt>
<trkpt lat="53.434341447" lon="50.292377500">
  <ele>48.994999</ele>
  <time>2010-07-31T07:05:13Z</time>
</trkpt>
<trkpt lat="53.434204068" lon="50.292720823">
  <ele>49.712002</ele>
  <time>2010-07-31T07:05:14Z</time>
</trkpt>
<trkpt lat="53.434074400" lon="50.293060290">
  <ele>50.325001</ele>
  <time>2010-07-31T07:05:15Z</time>
</trkpt>
<trkpt lat="53.433944732" lon="50.293395985">
  <ele>50.903999</ele>
  <time>2010-07-31T07:05:16Z</time>
</trkpt>
<trkpt lat="53.433818836" lon="50.293731680">
  <ele>51.653000</ele>
  <time>2010-07-31T07:05:17Z</time>
</trkpt>
<trkpt lat="53.433696711" lon="50.294063604">
  <ele>52.245998</ele>
  <time>2010-07-31T07:05:18Z</time>
</trkpt>
<trkpt lat="53.433570899" lon="50.294391671">
  <ele>52.528000</ele>
  <time>2010-07-31T07:05:19Z</time>
</trkpt>
<trkpt lat="53.433445003" lon="50.294723511">
  <ele>52.942001</ele>
  <time>2010-07-31T07:05:20Z</time>
</trkpt>
<trkpt lat="53.433326734" lon="50.295051578">
  <ele>53.320999</ele>
  <time>2010-07-31T07:05:21Z</time>
</trkpt>
<trkpt lat="53.433208466" lon="50.295375790">
  <ele>53.418999</ele>
  <time>2010-07-31T07:05:22Z</time>
</trkpt>
<trkpt lat="53.433086425" lon="50.295692459">
  <ele>53.367001</ele>
  <time>2010-07-31T07:05:23Z</time>
</trkpt>
<trkpt lat="53.432964301" lon="50.296009043">
  <ele>53.433998</ele>
  <time>2010-07-31T07:05:24Z</time>
</trkpt>
<trkpt lat="53.432846032" lon="50.296321856">
  <ele>53.515999</ele>
  <time>2010-07-31T07:05:25Z</time>
</trkpt>
<trkpt lat="53.432723992" lon="50.296638524">
  <ele>53.708000</ele>
  <time>2010-07-31T07:05:26Z</time>
</trkpt>
<trkpt lat="53.432601951" lon="50.296951253">
  <ele>53.887001</ele>
  <time>2010-07-31T07:05:27Z</time>
</trkpt>
<trkpt lat="53.432479827" lon="50.297264066">
  <ele>54.264999</ele>
  <time>2010-07-31T07:05:28Z</time>
</trkpt>
<trkpt lat="53.432361642" lon="50.297576878">
  <ele>54.334000</ele>
  <time>2010-07-31T07:05:29Z</time>
</trkpt>
<trkpt lat="53.432239518" lon="50.297882063">
  <ele>54.699001</ele>
  <time>2010-07-31T07:05:30Z</time>
</trkpt>
<trkpt lat="53.432117477" lon="50.298187248">
  <ele>54.731998</ele>
  <time>2010-07-31T07:05:31Z</time>
</trkpt>
<trkpt lat="53.431995353" lon="50.298492434">
  <ele>54.719002</ele>
  <time>2010-07-31T07:05:32Z</time>
</trkpt>
<trkpt lat="53.431873312" lon="50.298797619">
  <ele>54.810001</ele>
  <time>2010-07-31T07:05:33Z</time>
</trkpt>
<trkpt lat="53.431751272" lon="50.299106576">
  <ele>54.654999</ele>
  <time>2010-07-31T07:05:34Z</time>
</trkpt>
<trkpt lat="53.431629147" lon="50.299415616">
  <ele>54.804001</ele>
  <time>2010-07-31T07:05:35Z</time>
</trkpt>
<trkpt lat="53.431503335" lon="50.299728429">
  <ele>54.702999</ele>
  <time>2010-07-31T07:05:36Z</time>
</trkpt>
<trkpt lat="53.431385066" lon="50.300037386">
  <ele>54.591999</ele>
  <time>2010-07-31T07:05:37Z</time>
</trkpt>
<trkpt lat="53.431259170" lon="50.300350199">
  <ele>54.403999</ele>
  <time>2010-07-31T07:05:38Z</time>
</trkpt>
<trkpt lat="53.431133274" lon="50.300663011">
  <ele>54.264999</ele>
  <time>2010-07-31T07:05:39Z</time>
</trkpt>
<trkpt lat="53.431007378" lon="50.300975824">
  <ele>54.175999</ele>
  <time>2010-07-31T07:05:40Z</time>
</trkpt>
<trkpt lat="53.430885337" lon="50.301296264">
  <ele>54.051998</ele>
  <time>2010-07-31T07:05:41Z</time>
</trkpt>
<trkpt lat="53.430763213" lon="50.301616704">
  <ele>53.847000</ele>
  <time>2010-07-31T07:05:42Z</time>
</trkpt>
<trkpt lat="53.430637401" lon="50.301937144">
  <ele>53.483002</ele>
  <time>2010-07-31T07:05:43Z</time>
</trkpt>
<trkpt lat="53.430511504" lon="50.302261356">
  <ele>53.061001</ele>
  <time>2010-07-31T07:05:44Z</time>
</trkpt>
<trkpt lat="53.430381753" lon="50.302585568">
  <ele>52.630001</ele>
  <time>2010-07-31T07:05:45Z</time>
</trkpt>
<trkpt lat="53.430248229" lon="50.302913636">
  <ele>52.368999</ele>
  <time>2010-07-31T07:05:46Z</time>
</trkpt>
<trkpt lat="53.430118561" lon="50.303245559">
  <ele>52.088001</ele>
  <time>2010-07-31T07:05:47Z</time>
</trkpt>
<trkpt lat="53.429992665" lon="50.303581255">
  <ele>51.731998</ele>
  <time>2010-07-31T07:05:48Z</time>
</trkpt>
<trkpt lat="53.429862997" lon="50.303913094">
  <ele>51.505001</ele>
  <time>2010-07-31T07:05:49Z</time>
</trkpt>
<trkpt lat="53.429733245" lon="50.304248789">
  <ele>51.241001</ele>
  <time>2010-07-31T07:05:50Z</time>
</trkpt>
<trkpt lat="53.429603577" lon="50.304588340">
  <ele>50.897999</ele>
  <time>2010-07-31T07:05:51Z</time>
</trkpt>
<trkpt lat="53.429473909" lon="50.304924035">
  <ele>50.264999</ele>
  <time>2010-07-31T07:05:52Z</time>
</trkpt>
<trkpt lat="53.429344157" lon="50.305259731">
  <ele>49.952000</ele>
  <time>2010-07-31T07:05:53Z</time>
</trkpt>
<trkpt lat="53.429210633" lon="50.305591570">
  <ele>49.323002</ele>
  <time>2010-07-31T07:05:54Z</time>
</trkpt>
<trkpt lat="53.429080965" lon="50.305931121">
  <ele>48.671001</ele>
  <time>2010-07-31T07:05:55Z</time>
</trkpt>
<trkpt lat="53.428951297" lon="50.306266816">
  <ele>47.922001</ele>
  <time>2010-07-31T07:05:56Z</time>
</trkpt>
<trkpt lat="53.428821545" lon="50.306606283">
  <ele>47.251999</ele>
  <time>2010-07-31T07:05:57Z</time>
</trkpt>
<trkpt lat="53.428688021" lon="50.306941979">
  <ele>46.667000</ele>
  <time>2010-07-31T07:05:58Z</time>
</trkpt>
<trkpt lat="53.428550726" lon="50.307281530">
  <ele>46.425999</ele>
  <time>2010-07-31T07:05:59Z</time>
</trkpt>
<trkpt lat="53.428413430" lon="50.307624852">
  <ele>45.903000</ele>
  <time>2010-07-31T07:06:00Z</time>
</trkpt>
<trkpt lat="53.428276051" lon="50.307971947">
  <ele>45.695999</ele>
  <time>2010-07-31T07:06:01Z</time>
</trkpt>
<trkpt lat="53.428138755" lon="50.308326753">
  <ele>45.316002</ele>
  <time>2010-07-31T07:06:02Z</time>
</trkpt>
<trkpt lat="53.428001376" lon="50.308673847">
  <ele>44.971001</ele>
  <time>2010-07-31T07:06:03Z</time>
</trkpt>
<trkpt lat="53.427864080" lon="50.309021026">
  <ele>44.764999</ele>
  <time>2010-07-31T07:06:04Z</time>
</trkpt>
<trkpt lat="53.427730557" lon="50.309368121">
  <ele>44.756001</ele>
  <time>2010-07-31T07:06:05Z</time>
</trkpt>
<trkpt lat="53.427593261" lon="50.309711443">
  <ele>44.847000</ele>
  <time>2010-07-31T07:06:06Z</time>
</trkpt>
<trkpt lat="53.427455882" lon="50.310058622">
  <ele>44.946999</ele>
  <time>2010-07-31T07:06:07Z</time>
</trkpt>
<trkpt lat="53.427322358" lon="50.310401944">
  <ele>44.743999</ele>
  <time>2010-07-31T07:06:08Z</time>
</trkpt>
<trkpt lat="53.427185062" lon="50.310745267">
  <ele>44.813999</ele>
  <time>2010-07-31T07:06:09Z</time>
</trkpt>
<trkpt lat="53.427051539" lon="50.311084734">
  <ele>44.765999</ele>
  <time>2010-07-31T07:06:10Z</time>
</trkpt>
<trkpt lat="53.426914243" lon="50.311428057">
  <ele>44.765999</ele>
  <time>2010-07-31T07:06:11Z</time>
</trkpt>
<trkpt lat="53.426776864" lon="50.311775235">
  <ele>44.912998</ele>
  <time>2010-07-31T07:06:12Z</time>
</trkpt>
<trkpt lat="53.426639568" lon="50.312118558">
  <ele>44.730000</ele>
  <time>2010-07-31T07:06:13Z</time>
</trkpt>
<trkpt lat="53.426494561" lon="50.312465653">
  <ele>44.699001</ele>
  <time>2010-07-31T07:06:14Z</time>
</trkpt>
<trkpt lat="53.426349638" lon="50.312812831">
  <ele>44.685001</ele>
  <time>2010-07-31T07:06:15Z</time>
</trkpt>
<trkpt lat="53.426204715" lon="50.313159926">
  <ele>44.685001</ele>
  <time>2010-07-31T07:06:16Z</time>
</trkpt>
<trkpt lat="53.426063564" lon="50.313510876">
  <ele>44.858002</ele>
  <time>2010-07-31T07:06:17Z</time>
</trkpt>
<trkpt lat="53.425922412" lon="50.313861826">
  <ele>44.747002</ele>
  <time>2010-07-31T07:06:18Z</time>
</trkpt>
<trkpt lat="53.425785033" lon="50.314216632">
  <ele>44.931999</ele>
  <time>2010-07-31T07:06:19Z</time>
</trkpt>
<trkpt lat="53.425647737" lon="50.314563727">
  <ele>44.925999</ele>
  <time>2010-07-31T07:06:20Z</time>
</trkpt>
<trkpt lat="53.425510442" lon="50.314907050">
  <ele>45.147999</ele>
  <time>2010-07-31T07:06:21Z</time>
</trkpt>
<trkpt lat="53.425380690" lon="50.315246601">
  <ele>45.369999</ele>
  <time>2010-07-31T07:06:22Z</time>
</trkpt>
<trkpt lat="53.425247166" lon="50.315578440">
  <ele>45.280998</ele>
  <time>2010-07-31T07:06:23Z</time>
</trkpt>
<trkpt lat="53.425117498" lon="50.315914135">
  <ele>45.340000</ele>
  <time>2010-07-31T07:06:24Z</time>
</trkpt>
<trkpt lat="53.424987830" lon="50.316249831">
  <ele>45.293999</ele>
  <time>2010-07-31T07:06:25Z</time>
</trkpt>
<trkpt lat="53.424858078" lon="50.316581754">
  <ele>45.355999</ele>
  <time>2010-07-31T07:06:26Z</time>
</trkpt>
<trkpt lat="53.424728410" lon="50.316905966">
  <ele>45.320000</ele>
  <time>2010-07-31T07:06:27Z</time>
</trkpt>
<trkpt lat="53.424602514" lon="50.317226406">
  <ele>45.139000</ele>
  <time>2010-07-31T07:06:28Z</time>
</trkpt>
<trkpt lat="53.424476618" lon="50.317542991">
  <ele>45.058998</ele>
  <time>2010-07-31T07:06:29Z</time>
</trkpt>
<trkpt lat="53.424350722" lon="50.317848176">
  <ele>45.116001</ele>
  <time>2010-07-31T07:06:30Z</time>
</trkpt>
<trkpt lat="53.424232453" lon="50.318153361">
  <ele>45.296001</ele>
  <time>2010-07-31T07:06:31Z</time>
</trkpt>
<trkpt lat="53.424114268" lon="50.318454774">
  <ele>45.618000</ele>
  <time>2010-07-31T07:06:32Z</time>
</trkpt>
<trkpt lat="53.423999771" lon="50.318748476">
  <ele>45.632000</ele>
  <time>2010-07-31T07:06:33Z</time>
</trkpt>
<trkpt lat="53.423885358" lon="50.319042178">
  <ele>45.701000</ele>
  <time>2010-07-31T07:06:34Z</time>
</trkpt>
<trkpt lat="53.423774717" lon="50.319328336">
  <ele>45.644001</ele>
  <time>2010-07-31T07:06:35Z</time>
</trkpt>
<trkpt lat="53.423664076" lon="50.319610555">
  <ele>45.778000</ele>
  <time>2010-07-31T07:06:36Z</time>
</trkpt>
<trkpt lat="53.423557291" lon="50.319885230">
  <ele>46.143002</ele>
  <time>2010-07-31T07:06:37Z</time>
</trkpt>
<trkpt lat="53.423450505" lon="50.320156133">
  <ele>46.667000</ele>
  <time>2010-07-31T07:06:38Z</time>
</trkpt>
<trkpt lat="53.423347492" lon="50.320419325">
  <ele>46.816002</ele>
  <time>2010-07-31T07:06:39Z</time>
</trkpt>
<trkpt lat="53.423248250" lon="50.320674889">
  <ele>47.057999</ele>
  <time>2010-07-31T07:06:40Z</time>
</trkpt>
<trkpt lat="53.423149092" lon="50.320922825">
  <ele>47.437000</ele>
  <time>2010-07-31T07:06:41Z</time>
</trkpt>
<trkpt lat="53.423053706" lon="50.321166990">
  <ele>47.889999</ele>
  <time>2010-07-31T07:06:42Z</time>
</trkpt>
<trkpt lat="53.422962176" lon="50.321403528">
  <ele>48.335999</ele>
  <time>2010-07-31T07:06:43Z</time>
</trkpt>
<trkpt lat="53.422874417" lon="50.321639981">
  <ele>48.568001</ele>
  <time>2010-07-31T07:06:44Z</time>
</trkpt>
<trkpt lat="53.422786742" lon="50.321868891">
  <ele>49.139000</ele>
  <time>2010-07-31T07:06:45Z</time>
</trkpt>
<trkpt lat="53.422695128" lon="50.322097801">
  <ele>49.748001</ele>
  <time>2010-07-31T07:06:46Z</time>
</trkpt>
<trkpt lat="53.422603598" lon="50.322326627">
  <ele>50.009998</ele>
  <time>2010-07-31T07:06:47Z</time>
</trkpt>
<trkpt lat="53.422515839" lon="50.322559392">
  <ele>50.354000</ele>
  <time>2010-07-31T07:06:48Z</time>
</trkpt>
<trkpt lat="53.422428165" lon="50.322788218">
  <ele>50.626999</ele>
  <time>2010-07-31T07:06:49Z</time>
</trkpt>
<trkpt lat="53.422336550" lon="50.323013272">
  <ele>51.022999</ele>
  <time>2010-07-31T07:06:50Z</time>
</trkpt>
<trkpt lat="53.422248876" lon="50.323242182">
  <ele>51.262001</ele>
  <time>2010-07-31T07:06:51Z</time>
</trkpt>
<trkpt lat="53.422157262" lon="50.323471092">
  <ele>51.681000</ele>
  <time>2010-07-31T07:06:52Z</time>
</trkpt>
<trkpt lat="53.422069587" lon="50.323699918">
  <ele>52.248001</ele>
  <time>2010-07-31T07:06:53Z</time>
</trkpt>
<trkpt lat="53.421977973" lon="50.323932683">
  <ele>52.555000</ele>
  <time>2010-07-31T07:06:54Z</time>
</trkpt>
<trkpt lat="53.421882670" lon="50.324165365">
  <ele>53.089001</ele>
  <time>2010-07-31T07:06:55Z</time>
</trkpt>
<trkpt lat="53.421787284" lon="50.324398046">
  <ele>53.208000</ele>
  <time>2010-07-31T07:06:56Z</time>
</trkpt>
<trkpt lat="53.421691898" lon="50.324634584">
  <ele>53.630001</ele>
  <time>2010-07-31T07:06:57Z</time>
</trkpt>
<trkpt lat="53.421596512" lon="50.324871037">
  <ele>53.805000</ele>
  <time>2010-07-31T07:06:58Z</time>
</trkpt>
<trkpt lat="53.421497354" lon="50.325107574">
  <ele>53.862000</ele>
  <time>2010-07-31T07:06:59Z</time>
</trkpt>
<trkpt lat="53.421401968" lon="50.325340256">
  <ele>53.977001</ele>
  <time>2010-07-31T07:07:00Z</time>
</trkpt>
<trkpt lat="53.421302810" lon="50.325580565">
  <ele>54.238998</ele>
  <time>2010-07-31T07:07:01Z</time>
</trkpt>
<trkpt lat="53.421203652" lon="50.325817103">
  <ele>54.409000</ele>
  <time>2010-07-31T07:07:02Z</time>
</trkpt>
<trkpt lat="53.421100639" lon="50.326057412">
  <ele>54.677002</ele>
  <time>2010-07-31T07:07:03Z</time>
</trkpt>
<trkpt lat="53.420997625" lon="50.326301577">
  <ele>54.652000</ele>
  <time>2010-07-31T07:07:04Z</time>
</trkpt>
<trkpt lat="53.420890840" lon="50.326549513">
  <ele>54.834000</ele>
  <time>2010-07-31T07:07:05Z</time>
</trkpt>
<trkpt lat="53.420783971" lon="50.326793678">
  <ele>55.051998</ele>
  <time>2010-07-31T07:07:06Z</time>
</trkpt>
<trkpt lat="53.420677185" lon="50.327030215">
  <ele>55.248001</ele>
  <time>2010-07-31T07:07:07Z</time>
</trkpt>
<trkpt lat="53.420570400" lon="50.327266669">
  <ele>55.293999</ele>
  <time>2010-07-31T07:07:08Z</time>
</trkpt>
<trkpt lat="53.420463530" lon="50.327503206">
  <ele>55.341999</ele>
  <time>2010-07-31T07:07:09Z</time>
</trkpt>
<trkpt lat="53.420352973" lon="50.327743515">
  <ele>55.443001</ele>
  <time>2010-07-31T07:07:10Z</time>
</trkpt>
<trkpt lat="53.420242332" lon="50.327987680">
  <ele>55.627998</ele>
  <time>2010-07-31T07:07:11Z</time>
</trkpt>
<trkpt lat="53.420131691" lon="50.328231845">
  <ele>55.530998</ele>
  <time>2010-07-31T07:07:12Z</time>
</trkpt>
<trkpt lat="53.420021050" lon="50.328475926">
  <ele>55.737000</ele>
  <time>2010-07-31T07:07:13Z</time>
</trkpt>
<trkpt lat="53.419910409" lon="50.328720091">
  <ele>55.931000</ele>
  <time>2010-07-31T07:07:14Z</time>
</trkpt>
<trkpt lat="53.419799767" lon="50.328971883">
  <ele>56.195000</ele>
  <time>2010-07-31T07:07:15Z</time>
</trkpt>
<trkpt lat="53.419681583" lon="50.329231303">
  <ele>56.577000</ele>
  <time>2010-07-31T07:07:16Z</time>
</trkpt>
<trkpt lat="53.419563314" lon="50.329498267">
  <ele>57.035000</ele>
  <time>2010-07-31T07:07:17Z</time>
</trkpt>
<trkpt lat="53.419437418" lon="50.329776797">
  <ele>57.661999</ele>
  <time>2010-07-31T07:07:18Z</time>
</trkpt>
<trkpt lat="53.419307750" lon="50.330055244">
  <ele>58.237000</ele>
  <time>2010-07-31T07:07:19Z</time>
</trkpt>
<trkpt lat="53.419174226" lon="50.330329919">
  <ele>58.925999</ele>
  <time>2010-07-31T07:07:20Z</time>
</trkpt>
<trkpt lat="53.419040702" lon="50.330608366">
  <ele>59.632999</ele>
  <time>2010-07-31T07:07:21Z</time>
</trkpt>
<trkpt lat="53.418907179" lon="50.330894440">
  <ele>60.202999</ele>
  <time>2010-07-31T07:07:22Z</time>
</trkpt>
<trkpt lat="53.418769799" lon="50.331184370">
  <ele>60.705002</ele>
  <time>2010-07-31T07:07:23Z</time>
</trkpt>
<trkpt lat="53.418636359" lon="50.331478156">
  <ele>61.323002</ele>
  <time>2010-07-31T07:07:24Z</time>
</trkpt>
<trkpt lat="53.418502836" lon="50.331760375">
  <ele>61.838001</ele>
  <time>2010-07-31T07:07:25Z</time>
</trkpt>
<trkpt lat="53.418365456" lon="50.332038905">
  <ele>62.452999</ele>
  <time>2010-07-31T07:07:26Z</time>
</trkpt>
<trkpt lat="53.418228161" lon="50.332309725">
  <ele>62.966000</ele>
  <time>2010-07-31T07:07:27Z</time>
</trkpt>
<trkpt lat="53.418090781" lon="50.332572917">
  <ele>63.324001</ele>
  <time>2010-07-31T07:07:28Z</time>
</trkpt>
<trkpt lat="53.417949714" lon="50.332836192">
  <ele>63.963001</ele>
  <time>2010-07-31T07:07:29Z</time>
</trkpt>
<trkpt lat="53.417812334" lon="50.333095528">
  <ele>64.681999</ele>
  <time>2010-07-31T07:07:30Z</time>
</trkpt>
<trkpt lat="53.417678811" lon="50.333347321">
  <ele>65.427002</ele>
  <time>2010-07-31T07:07:31Z</time>
</trkpt>
<trkpt lat="53.417552914" lon="50.333591485">
  <ele>66.022003</ele>
  <time>2010-07-31T07:07:32Z</time>
</trkpt>
<trkpt lat="53.417430874" lon="50.333824167">
  <ele>66.432999</ele>
  <time>2010-07-31T07:07:33Z</time>
</trkpt>
<trkpt lat="53.417320233" lon="50.334056849">
  <ele>66.903000</ele>
  <time>2010-07-31T07:07:34Z</time>
</trkpt>
<trkpt lat="53.417213447" lon="50.334278131">
  <ele>67.280998</ele>
  <time>2010-07-31T07:07:35Z</time>
</trkpt>
<trkpt lat="53.417118061" lon="50.334495557">
  <ele>67.438004</ele>
  <time>2010-07-31T07:07:36Z</time>
</trkpt>
<trkpt lat="53.417022675" lon="50.334716756">
  <ele>67.709000</ele>
  <time>2010-07-31T07:07:37Z</time>
</trkpt>
<trkpt lat="53.416931145" lon="50.334941894">
  <ele>67.575996</ele>
  <time>2010-07-31T07:07:38Z</time>
</trkpt>
<trkpt lat="53.416847242" lon="50.335170720">
  <ele>67.748001</ele>
  <time>2010-07-31T07:07:39Z</time>
</trkpt>
<trkpt lat="53.416774739" lon="50.335411113">
  <ele>67.873001</ele>
  <time>2010-07-31T07:07:40Z</time>
</trkpt>
<trkpt lat="53.416713718" lon="50.335659049">
  <ele>68.027000</ele>
  <time>2010-07-31T07:07:41Z</time>
</trkpt>
<trkpt lat="53.416656470" lon="50.335918386">
  <ele>68.521004</ele>
  <time>2010-07-31T07:07:42Z</time>
</trkpt>
<trkpt lat="53.416606933" lon="50.336177805">
  <ele>68.794998</ele>
  <time>2010-07-31T07:07:43Z</time>
</trkpt>
<trkpt lat="53.416557312" lon="50.336433370">
  <ele>69.065002</ele>
  <time>2010-07-31T07:07:44Z</time>
</trkpt>
<trkpt lat="53.416515319" lon="50.336692790">
  <ele>69.529999</ele>
  <time>2010-07-31T07:07:45Z</time>
</trkpt>
<trkpt lat="53.416484809" lon="50.336959837">
  <ele>70.078003</ele>
  <time>2010-07-31T07:07:46Z</time>
</trkpt>
<trkpt lat="53.416465782" lon="50.337230656">
  <ele>70.353996</ele>
  <time>2010-07-31T07:07:47Z</time>
</trkpt>
<trkpt lat="53.416458154" lon="50.337509187">
  <ele>70.371002</ele>
  <time>2010-07-31T07:07:48Z</time>
</trkpt>
<trkpt lat="53.416458154" lon="50.337795261">
  <ele>70.551003</ele>
  <time>2010-07-31T07:07:49Z</time>
</trkpt>
<trkpt lat="53.416461926" lon="50.338085191">
  <ele>70.692001</ele>
  <time>2010-07-31T07:07:50Z</time>
</trkpt>
<trkpt lat="53.416473409" lon="50.338371266">
  <ele>70.730003</ele>
  <time>2010-07-31T07:07:51Z</time>
</trkpt>
<trkpt lat="53.416488664" lon="50.338657340">
  <ele>70.377998</ele>
  <time>2010-07-31T07:07:52Z</time>
</trkpt>
<trkpt lat="53.416503919" lon="50.338951126">
  <ele>70.668999</ele>
  <time>2010-07-31T07:07:53Z</time>
</trkpt>
<trkpt lat="53.416515319" lon="50.339244828">
  <ele>71.490997</ele>
  <time>2010-07-31T07:07:54Z</time>
</trkpt>
<trkpt lat="53.416519174" lon="50.339546241">
  <ele>72.509003</ele>
  <time>2010-07-31T07:07:55Z</time>
</trkpt>
<trkpt lat="53.416519174" lon="50.339847570">
  <ele>73.514000</ele>
  <time>2010-07-31T07:07:56Z</time>
</trkpt>
<trkpt lat="53.416519174" lon="50.340156527">
  <ele>74.362000</ele>
  <time>2010-07-31T07:07:57Z</time>
</trkpt>
<trkpt lat="53.416511547" lon="50.340465568">
  <ele>75.213997</ele>
  <time>2010-07-31T07:07:58Z</time>
</trkpt>
<trkpt lat="53.416503919" lon="50.340778381">
  <ele>76.066002</ele>
  <time>2010-07-31T07:07:59Z</time>
</trkpt>
<trkpt lat="53.416492436" lon="50.341087338">
  <ele>76.930000</ele>
  <time>2010-07-31T07:08:00Z</time>
</trkpt>
<trkpt lat="53.416469553" lon="50.341392523">
  <ele>77.866997</ele>
  <time>2010-07-31T07:08:01Z</time>
</trkpt>
<trkpt lat="53.416439043" lon="50.341686225">
  <ele>78.420998</ele>
  <time>2010-07-31T07:08:02Z</time>
</trkpt>
<trkpt lat="53.416400906" lon="50.341976155">
  <ele>79.161003</ele>
  <time>2010-07-31T07:08:03Z</time>
</trkpt>
<trkpt lat="53.416351285" lon="50.342258457">
  <ele>79.824997</ele>
  <time>2010-07-31T07:08:04Z</time>
</trkpt>
<trkpt lat="53.416297892" lon="50.342521649">
  <ele>80.699997</ele>
  <time>2010-07-31T07:08:05Z</time>
</trkpt>
<trkpt lat="53.416236872" lon="50.342781069">
  <ele>81.449997</ele>
  <time>2010-07-31T07:08:06Z</time>
</trkpt>
<trkpt lat="53.416168224" lon="50.343032861">
  <ele>82.227997</ele>
  <time>2010-07-31T07:08:07Z</time>
</trkpt>
<trkpt lat="53.416088093" lon="50.343288425">
  <ele>82.938004</ele>
  <time>2010-07-31T07:08:08Z</time>
</trkpt>
<trkpt lat="53.416004190" lon="50.343547845">
  <ele>83.930000</ele>
  <time>2010-07-31T07:08:09Z</time>
</trkpt>
<trkpt lat="53.415916432" lon="50.343799554">
  <ele>84.389000</ele>
  <time>2010-07-31T07:08:10Z</time>
</trkpt>
<trkpt lat="53.415817274" lon="50.344047574">
  <ele>84.973999</ele>
  <time>2010-07-31T07:08:11Z</time>
</trkpt>
<trkpt lat="53.415718116" lon="50.344295511">
  <ele>85.462997</ele>
  <time>2010-07-31T07:08:12Z</time>
</trkpt>
<trkpt lat="53.415615102" lon="50.344543448">
  <ele>85.746002</ele>
  <time>2010-07-31T07:08:13Z</time>
</trkpt>
<trkpt lat="53.415512089" lon="50.344783757">
  <ele>86.035004</ele>
  <time>2010-07-31T07:08:14Z</time>
</trkpt>
<trkpt lat="53.415405303" lon="50.345031777">
  <ele>86.337997</ele>
  <time>2010-07-31T07:08:15Z</time>
</trkpt>
<trkpt lat="53.415302290" lon="50.345279714">
  <ele>86.564003</ele>
  <time>2010-07-31T07:08:16Z</time>
</trkpt>
<trkpt lat="53.415195504" lon="50.345527651">
  <ele>87.040001</ele>
  <time>2010-07-31T07:08:17Z</time>
</trkpt>
<trkpt lat="53.415092491" lon="50.345771816">
  <ele>87.206001</ele>
  <time>2010-07-31T07:08:18Z</time>
</trkpt>
<trkpt lat="53.414985621" lon="50.346015897">
  <ele>87.472000</ele>
  <time>2010-07-31T07:08:19Z</time>
</trkpt>
<trkpt lat="53.414871208" lon="50.346248662">
  <ele>87.587997</ele>
  <time>2010-07-31T07:08:20Z</time>
</trkpt>
<trkpt lat="53.414752940" lon="50.346481344">
  <ele>87.853996</ele>
  <time>2010-07-31T07:08:21Z</time>
</trkpt>
<trkpt lat="53.414627044" lon="50.346698770">
  <ele>87.899002</ele>
  <time>2010-07-31T07:08:22Z</time>
</trkpt>
<trkpt lat="53.414501231" lon="50.346904714">
  <ele>87.875999</ele>
  <time>2010-07-31T07:08:23Z</time>
</trkpt>
<trkpt lat="53.414371479" lon="50.347099341">
  <ele>88.071999</ele>
  <time>2010-07-31T07:08:24Z</time>
</trkpt>
<trkpt lat="53.414234184" lon="50.347282402">
  <ele>88.098999</ele>
  <time>2010-07-31T07:08:25Z</time>
</trkpt>
<trkpt lat="53.414093032" lon="50.347454064">
  <ele>87.814003</ele>
  <time>2010-07-31T07:08:26Z</time>
</trkpt>
<trkpt lat="53.413951881" lon="50.347606698">
  <ele>87.758003</ele>
  <time>2010-07-31T07:08:27Z</time>
</trkpt>
<trkpt lat="53.413814586" lon="50.347740138">
  <ele>87.726997</ele>
  <time>2010-07-31T07:08:28Z</time>
</trkpt>
<trkpt lat="53.413681062" lon="50.347850779">
  <ele>87.389000</ele>
  <time>2010-07-31T07:08:29Z</time>
</trkpt>
<trkpt lat="53.413551310" lon="50.347934682">
  <ele>87.068001</ele>
  <time>2010-07-31T07:08:30Z</time>
</trkpt>
<trkpt lat="53.413425414" lon="50.347972903">
  <ele>86.763000</ele>
  <time>2010-07-31T07:08:31Z</time>
</trkpt>
<trkpt lat="53.413303373" lon="50.347972903">
  <ele>87.042999</ele>
  <time>2010-07-31T07:08:32Z</time>
</trkpt>
<trkpt lat="53.413185105" lon="50.347938538">
  <ele>86.108002</ele>
  <time>2010-07-31T07:08:33Z</time>
</trkpt>
<trkpt lat="53.413066836" lon="50.347877517">
  <ele>86.110001</ele>
  <time>2010-07-31T07:08:34Z</time>
</trkpt>
<trkpt lat="53.412948567" lon="50.347801242">
  <ele>86.283997</ele>
  <time>2010-07-31T07:08:35Z</time>
</trkpt>
<trkpt lat="53.412838010" lon="50.347709628">
  <ele>86.339996</ele>
  <time>2010-07-31T07:08:36Z</time>
</trkpt>
<trkpt lat="53.412731141" lon="50.347595215">
  <ele>86.528999</ele>
  <time>2010-07-31T07:08:37Z</time>
</trkpt>
<trkpt lat="53.412631983" lon="50.347461691">
  <ele>86.435997</ele>
  <time>2010-07-31T07:08:38Z</time>
</trkpt>
<trkpt lat="53.412540453" lon="50.347305285">
  <ele>86.545998</ele>
  <time>2010-07-31T07:08:39Z</time>
</trkpt>
<trkpt lat="53.412464177" lon="50.347129852">
  <ele>86.129997</ele>
  <time>2010-07-31T07:08:40Z</time>
</trkpt>
<trkpt lat="53.412403073" lon="50.346935308">
  <ele>85.815002</ele>
  <time>2010-07-31T07:08:41Z</time>
</trkpt>
<trkpt lat="53.412353536" lon="50.346729280">
  <ele>85.599998</ele>
  <time>2010-07-31T07:08:42Z</time>
</trkpt>
<trkpt lat="53.412315398" lon="50.346511854">
  <ele>85.325996</ele>
  <time>2010-07-31T07:08:43Z</time>
</trkpt>
<trkpt lat="53.412288660" lon="50.346286800">
  <ele>85.019997</ele>
  <time>2010-07-31T07:08:44Z</time>
</trkpt>
<trkpt lat="53.412284888" lon="50.346050262">
  <ele>84.718002</ele>
  <time>2010-07-31T07:08:45Z</time>
</trkpt>
<trkpt lat="53.412300143" lon="50.345809953">
  <ele>84.574997</ele>
  <time>2010-07-31T07:08:46Z</time>
</trkpt>
<trkpt lat="53.412326798" lon="50.345565788">
  <ele>84.105003</ele>
  <time>2010-07-31T07:08:47Z</time>
</trkpt>
<trkpt lat="53.412372563" lon="50.345333107">
  <ele>83.578003</ele>
  <time>2010-07-31T07:08:48Z</time>
</trkpt>
<trkpt lat="53.412433583" lon="50.345111825">
  <ele>83.163002</ele>
  <time>2010-07-31T07:08:49Z</time>
</trkpt>
<trkpt lat="53.412513714" lon="50.344905881">
  <ele>82.558998</ele>
  <time>2010-07-31T07:08:50Z</time>
</trkpt>
<trkpt lat="53.412612956" lon="50.344730364">
  <ele>81.973000</ele>
  <time>2010-07-31T07:08:51Z</time>
</trkpt>
<trkpt lat="53.412719741" lon="50.344577814">
  <ele>81.518997</ele>
  <time>2010-07-31T07:08:52Z</time>
</trkpt>
<trkpt lat="53.412841782" lon="50.344448062">
  <ele>81.279999</ele>
  <time>2010-07-31T07:08:53Z</time>
</trkpt>
<trkpt lat="53.412967678" lon="50.344341276">
  <ele>81.106003</ele>
  <time>2010-07-31T07:08:54Z</time>
</trkpt>
<trkpt lat="53.413089719" lon="50.344265001">
  <ele>81.064003</ele>
  <time>2010-07-31T07:08:55Z</time>
</trkpt>
<trkpt lat="53.413204215" lon="50.344223008">
  <ele>81.295998</ele>
  <time>2010-07-31T07:08:56Z</time>
</trkpt>
<trkpt lat="53.413314857" lon="50.344207752">
  <ele>80.779999</ele>
  <time>2010-07-31T07:08:57Z</time>
</trkpt>
<trkpt lat="53.413421642" lon="50.344211608">
  <ele>80.491997</ele>
  <time>2010-07-31T07:08:58Z</time>
</trkpt>
<trkpt lat="53.413524656" lon="50.344230635">
  <ele>80.171997</ele>
  <time>2010-07-31T07:08:59Z</time>
</trkpt>
<trkpt lat="53.413616186" lon="50.344253518">
  <ele>80.061996</ele>
  <time>2010-07-31T07:09:00Z</time>
</trkpt>
<trkpt lat="53.413707716" lon="50.344295511">
  <ele>79.667000</ele>
  <time>2010-07-31T07:09:01Z</time>
</trkpt>
<trkpt lat="53.413799247" lon="50.344345132">
  <ele>79.440002</ele>
  <time>2010-07-31T07:09:02Z</time>
</trkpt>
<trkpt lat="53.413887005" lon="50.344413780">
  <ele>79.086998</ele>
  <time>2010-07-31T07:09:03Z</time>
</trkpt>
<trkpt lat="53.413978536" lon="50.344501454">
  <ele>78.702003</ele>
  <time>2010-07-31T07:09:04Z</time>
</trkpt>
<trkpt lat="53.414073922" lon="50.344604468">
  <ele>78.589996</ele>
  <time>2010-07-31T07:09:05Z</time>
</trkpt>
<trkpt lat="53.414176935" lon="50.344718965">
  <ele>78.574997</ele>
  <time>2010-07-31T07:09:06Z</time>
</trkpt>
<trkpt lat="53.414291348" lon="50.344852488">
  <ele>78.666000</ele>
  <time>2010-07-31T07:09:07Z</time>
</trkpt>
<trkpt lat="53.414417244" lon="50.344993556">
  <ele>78.515999</ele>
  <time>2010-07-31T07:09:08Z</time>
</trkpt>
<trkpt lat="53.414558396" lon="50.345142335">
  <ele>78.466003</ele>
  <time>2010-07-31T07:09:09Z</time>
</trkpt>
<trkpt lat="53.414703403" lon="50.345298741">
  <ele>78.202003</ele>
  <time>2010-07-31T07:09:10Z</time>
</trkpt>
<trkpt lat="53.414859809" lon="50.345462775">
  <ele>78.323997</ele>
  <time>2010-07-31T07:09:11Z</time>
</trkpt>
<trkpt lat="53.415019987" lon="50.345638292">
  <ele>78.490997</ele>
  <time>2010-07-31T07:09:12Z</time>
</trkpt>
<trkpt lat="53.415187877" lon="50.345813725">
  <ele>78.398003</ele>
  <time>2010-07-31T07:09:13Z</time>
</trkpt>
<trkpt lat="53.415351827" lon="50.346000642">
  <ele>78.433998</ele>
  <time>2010-07-31T07:09:14Z</time>
</trkpt>
<trkpt lat="53.415515861" lon="50.346183786">
  <ele>78.686996</ele>
  <time>2010-07-31T07:09:15Z</time>
</trkpt>
<trkpt lat="53.415679894" lon="50.346363075">
  <ele>79.140999</ele>
  <time>2010-07-31T07:09:16Z</time>
</trkpt>
<trkpt lat="53.415836301" lon="50.346542364">
  <ele>79.209999</ele>
  <time>2010-07-31T07:09:17Z</time>
</trkpt>
<trkpt lat="53.415992707" lon="50.346721653">
  <ele>79.369003</ele>
  <time>2010-07-31T07:09:18Z</time>
</trkpt>
<trkpt lat="53.416149113" lon="50.346908569">
  <ele>79.333000</ele>
  <time>2010-07-31T07:09:19Z</time>
</trkpt>
<trkpt lat="53.416305520" lon="50.347091714">
  <ele>79.355003</ele>
  <time>2010-07-31T07:09:20Z</time>
</trkpt>
<trkpt lat="53.416458154" lon="50.347274775">
  <ele>79.669998</ele>
  <time>2010-07-31T07:09:21Z</time>
</trkpt>
<trkpt lat="53.416614560" lon="50.347450292">
  <ele>80.015999</ele>
  <time>2010-07-31T07:09:22Z</time>
</trkpt>
<trkpt lat="53.416759484" lon="50.347618097">
  <ele>80.075996</ele>
  <time>2010-07-31T07:09:23Z</time>
</trkpt>
<trkpt lat="53.416896779" lon="50.347774504">
  <ele>80.236000</ele>
  <time>2010-07-31T07:09:24Z</time>
</trkpt>
<trkpt lat="53.417026531" lon="50.347923283">
  <ele>80.221001</ele>
  <time>2010-07-31T07:09:25Z</time>
</trkpt>
<trkpt lat="53.417152427" lon="50.348072061">
  <ele>80.263000</ele>
  <time>2010-07-31T07:09:26Z</time>
</trkpt>
<trkpt lat="53.417278323" lon="50.348216984">
  <ele>80.224998</ele>
  <time>2010-07-31T07:09:27Z</time>
</trkpt>
<trkpt lat="53.417404136" lon="50.348358136">
  <ele>80.120003</ele>
  <time>2010-07-31T07:09:28Z</time>
</trkpt>
<trkpt lat="53.417526260" lon="50.348499287">
  <ele>79.870003</ele>
  <time>2010-07-31T07:09:29Z</time>
</trkpt>
<trkpt lat="53.417648301" lon="50.348640438">
  <ele>79.984001</ele>
  <time>2010-07-31T07:09:30Z</time>
</trkpt>
<trkpt lat="53.417766569" lon="50.348777734">
  <ele>80.031998</ele>
  <time>2010-07-31T07:09:31Z</time>
</trkpt>
<trkpt lat="53.417880982" lon="50.348907486">
  <ele>79.985001</ele>
  <time>2010-07-31T07:09:32Z</time>
</trkpt>
<trkpt lat="53.417983996" lon="50.349025754">
  <ele>79.797997</ele>
  <time>2010-07-31T07:09:33Z</time>
</trkpt>
<trkpt lat="53.418083154" lon="50.349140167">
  <ele>79.801003</ele>
  <time>2010-07-31T07:09:34Z</time>
</trkpt>
<trkpt lat="53.418186167" lon="50.349254580">
  <ele>79.680000</ele>
  <time>2010-07-31T07:09:35Z</time>
</trkpt>
<trkpt lat="53.418289181" lon="50.349376705">
  <ele>79.436996</ele>
  <time>2010-07-31T07:09:36Z</time>
</trkpt>
<trkpt lat="53.418392194" lon="50.349498745">
  <ele>78.885002</ele>
  <time>2010-07-31T07:09:37Z</time>
</trkpt>
<trkpt lat="53.418498980" lon="50.349620786">
  <ele>78.772003</ele>
  <time>2010-07-31T07:09:38Z</time>
</trkpt>
<trkpt lat="53.418601993" lon="50.349742910">
  <ele>78.795998</ele>
  <time>2010-07-31T07:09:39Z</time>
</trkpt>
<trkpt lat="53.418712635" lon="50.349868806">
  <ele>78.814003</ele>
  <time>2010-07-31T07:09:40Z</time>
</trkpt>
<trkpt lat="53.418819420" lon="50.349998474">
  <ele>78.723999</ele>
  <time>2010-07-31T07:09:41Z</time>
</trkpt>
<trkpt lat="53.418933833" lon="50.350131998">
  <ele>78.544998</ele>
  <time>2010-07-31T07:09:42Z</time>
</trkpt>
<trkpt lat="53.419048330" lon="50.350265522">
  <ele>78.349998</ele>
  <time>2010-07-31T07:09:43Z</time>
</trkpt>
<trkpt lat="53.419162743" lon="50.350395190">
  <ele>78.280998</ele>
  <time>2010-07-31T07:09:44Z</time>
</trkpt>
<trkpt lat="53.419277156" lon="50.350532569">
  <ele>78.115997</ele>
  <time>2010-07-31T07:09:45Z</time>
</trkpt>
<trkpt lat="53.419395424" lon="50.350669865">
  <ele>77.973000</ele>
  <time>2010-07-31T07:09:46Z</time>
</trkpt>
<trkpt lat="53.419513693" lon="50.350807160">
  <ele>77.808998</ele>
  <time>2010-07-31T07:09:47Z</time>
</trkpt>
<trkpt lat="53.419635734" lon="50.350948311">
  <ele>77.544998</ele>
  <time>2010-07-31T07:09:48Z</time>
</trkpt>
<trkpt lat="53.419757858" lon="50.351093318">
  <ele>77.388000</ele>
  <time>2010-07-31T07:09:49Z</time>
</trkpt>
<trkpt lat="53.419883754" lon="50.351242097">
  <ele>77.293999</ele>
  <time>2010-07-31T07:09:50Z</time>
</trkpt>
<trkpt lat="53.420009650" lon="50.351394648">
  <ele>76.999001</ele>
  <time>2010-07-31T07:09:51Z</time>
</trkpt>
<trkpt lat="53.420139318" lon="50.351547282">
  <ele>76.627998</ele>
  <time>2010-07-31T07:09:52Z</time>
</trkpt>
<trkpt lat="53.420265215" lon="50.351695977">
  <ele>76.351997</ele>
  <time>2010-07-31T07:09:53Z</time>
</trkpt>
<trkpt lat="53.420394883" lon="50.351844756">
  <ele>76.143997</ele>
  <time>2010-07-31T07:09:54Z</time>
</trkpt>
<trkpt lat="53.420520779" lon="50.351997390">
  <ele>76.087997</ele>
  <time>2010-07-31T07:09:55Z</time>
</trkpt>
<trkpt lat="53.420650447" lon="50.352149941">
  <ele>76.001999</ele>
  <time>2010-07-31T07:09:56Z</time>
</trkpt>
<trkpt lat="53.420780199" lon="50.352298720">
  <ele>75.669998</ele>
  <time>2010-07-31T07:09:57Z</time>
</trkpt>
<trkpt lat="53.420909867" lon="50.352443727">
  <ele>75.407997</ele>
  <time>2010-07-31T07:09:58Z</time>
</trkpt>
<trkpt lat="53.421031991" lon="50.352584878">
  <ele>75.204002</ele>
  <time>2010-07-31T07:09:59Z</time>
</trkpt>
<trkpt lat="53.421150176" lon="50.352718318">
  <ele>75.212997</ele>
  <time>2010-07-31T07:10:00Z</time>
</trkpt>
<trkpt lat="53.421268445" lon="50.352851842">
  <ele>75.044998</ele>
  <time>2010-07-31T07:10:01Z</time>
</trkpt>
<trkpt lat="53.421386713" lon="50.352985365">
  <ele>74.772003</ele>
  <time>2010-07-31T07:10:02Z</time>
</trkpt>
<trkpt lat="53.421504982" lon="50.353115117">
  <ele>74.516998</ele>
  <time>2010-07-31T07:10:03Z</time>
</trkpt>
<trkpt lat="53.421619395" lon="50.353252413">
  <ele>74.361000</ele>
  <time>2010-07-31T07:10:04Z</time>
</trkpt>
<trkpt lat="53.421733892" lon="50.353385936">
  <ele>74.140999</ele>
  <time>2010-07-31T07:10:05Z</time>
</trkpt>
<trkpt lat="53.421848305" lon="50.353519460">
  <ele>73.859001</ele>
  <time>2010-07-31T07:10:06Z</time>
</trkpt>
<trkpt lat="53.421966573" lon="50.353656756">
  <ele>73.695000</ele>
  <time>2010-07-31T07:10:07Z</time>
</trkpt>
<trkpt lat="53.422077214" lon="50.353790279">
  <ele>73.416000</ele>
  <time>2010-07-31T07:10:08Z</time>
</trkpt>
<trkpt lat="53.422191627" lon="50.353923803">
  <ele>73.074997</ele>
  <time>2010-07-31T07:10:09Z</time>
</trkpt>
<trkpt lat="53.422306040" lon="50.354061099">
  <ele>72.845001</ele>
  <time>2010-07-31T07:10:10Z</time>
</trkpt>
<trkpt lat="53.422420537" lon="50.354198478">
  <ele>72.527000</ele>
  <time>2010-07-31T07:10:11Z</time>
</trkpt>
<trkpt lat="53.422534950" lon="50.354335774">
  <ele>72.378998</ele>
  <time>2010-07-31T07:10:12Z</time>
</trkpt>
<trkpt lat="53.422653219" lon="50.354473153">
  <ele>71.913002</ele>
  <time>2010-07-31T07:10:13Z</time>
</trkpt>
<trkpt lat="53.422767632" lon="50.354610449">
  <ele>71.578003</ele>
  <time>2010-07-31T07:10:14Z</time>
</trkpt>
<trkpt lat="53.422882045" lon="50.354743972">
  <ele>71.352997</ele>
  <time>2010-07-31T07:10:15Z</time>
</trkpt>
<trkpt lat="53.423004169" lon="50.354881268">
  <ele>71.179001</ele>
  <time>2010-07-31T07:10:16Z</time>
</trkpt>
<trkpt lat="53.423122438" lon="50.355018647">
  <ele>70.969002</ele>
  <time>2010-07-31T07:10:17Z</time>
</trkpt>
<trkpt lat="53.423240623" lon="50.355155943">
  <ele>70.727997</ele>
  <time>2010-07-31T07:10:18Z</time>
</trkpt>
<trkpt lat="53.423358891" lon="50.355293239">
  <ele>70.510002</ele>
  <time>2010-07-31T07:10:19Z</time>
</trkpt>
<trkpt lat="53.423477160" lon="50.355430618">
  <ele>70.136002</ele>
  <time>2010-07-31T07:10:20Z</time>
</trkpt>
<trkpt lat="53.423595428" lon="50.355567914">
  <ele>69.815002</ele>
  <time>2010-07-31T07:10:21Z</time>
</trkpt>
<trkpt lat="53.423713697" lon="50.355705293">
  <ele>69.517998</ele>
  <time>2010-07-31T07:10:22Z</time>
</trkpt>
<trkpt lat="53.423831966" lon="50.355838817">
  <ele>68.977997</ele>
  <time>2010-07-31T07:10:23Z</time>
</trkpt>
<trkpt lat="53.423950234" lon="50.355976112">
  <ele>68.939003</ele>
  <time>2010-07-31T07:10:24Z</time>
</trkpt>
<trkpt lat="53.424068419" lon="50.356113408">
  <ele>69.049004</ele>
  <time>2010-07-31T07:10:25Z</time>
</trkpt>
<trkpt lat="53.424182916" lon="50.356246931">
  <ele>69.033997</ele>
  <time>2010-07-31T07:10:26Z</time>
</trkpt>
<trkpt lat="53.424297329" lon="50.356380455">
  <ele>69.174004</ele>
  <time>2010-07-31T07:10:27Z</time>
</trkpt>
<trkpt lat="53.424411742" lon="50.356513979">
  <ele>69.093002</ele>
  <time>2010-07-31T07:10:28Z</time>
</trkpt>
<trkpt lat="53.424533866" lon="50.356647503">
  <ele>68.960999</ele>
  <time>2010-07-31T07:10:29Z</time>
</trkpt>
<trkpt lat="53.424659763" lon="50.356788654">
  <ele>68.820999</ele>
  <time>2010-07-31T07:10:30Z</time>
</trkpt>
<trkpt lat="53.424785575" lon="50.356941205">
  <ele>68.674004</ele>
  <time>2010-07-31T07:10:31Z</time>
</trkpt>
<trkpt lat="53.424919099" lon="50.357093839">
  <ele>68.579002</ele>
  <time>2010-07-31T07:10:32Z</time>
</trkpt>
<trkpt lat="53.425052622" lon="50.357250245">
  <ele>68.560997</ele>
  <time>2010-07-31T07:10:33Z</time>
</trkpt>
<trkpt lat="53.425178519" lon="50.357395168">
  <ele>68.824997</ele>
  <time>2010-07-31T07:10:34Z</time>
</trkpt>
<trkpt lat="53.425285304" lon="50.357517209">
  <ele>68.969002</ele>
  <time>2010-07-31T07:10:35Z</time>
</trkpt>
<trkpt lat="53.425369291" lon="50.357616451">
  <ele>68.987000</ele>
  <time>2010-07-31T07:10:36Z</time>
</trkpt>
<trkpt lat="53.425430311" lon="50.357688870">
  <ele>68.719002</ele>
  <time>2010-07-31T07:10:37Z</time>
</trkpt>
<trkpt lat="53.425487559" lon="50.357753746">
  <ele>68.760002</ele>
  <time>2010-07-31T07:10:38Z</time>
</trkpt>
<trkpt lat="53.425533324" lon="50.357807139">
  <ele>68.806000</ele>
  <time>2010-07-31T07:10:39Z</time>
</trkpt>
<trkpt lat="53.425571462" lon="50.357852904">
  <ele>68.694000</ele>
  <time>2010-07-31T07:10:40Z</time>
</trkpt>
<trkpt lat="53.425605744" lon="50.357887270">
  <ele>68.681999</ele>
  <time>2010-07-31T07:10:41Z</time>
</trkpt>
<trkpt lat="53.425632482" lon="50.357917780">
  <ele>68.714996</ele>
  <time>2010-07-31T07:10:42Z</time>
</trkpt>
<trkpt lat="53.425651509" lon="50.357936891">
  <ele>68.793999</ele>
  <time>2010-07-31T07:10:43Z</time>
</trkpt>
<trkpt lat="53.425662993" lon="50.357944518">
  <ele>68.777000</ele>
  <time>2010-07-31T07:10:44Z</time>
</trkpt>
<trkpt lat="53.425666848" lon="50.357952146">
  <ele>68.878998</ele>
  <time>2010-07-31T07:10:45Z</time>
</trkpt>
<trkpt lat="53.425674476" lon="50.357963545">
  <ele>69.001999</ele>
  <time>2010-07-31T07:10:46Z</time>
</trkpt>
<trkpt lat="53.425682103" lon="50.357971173">
  <ele>69.110001</ele>
  <time>2010-07-31T07:10:47Z</time>
</trkpt>
<trkpt lat="53.425689731" lon="50.357978800">
  <ele>69.236000</ele>
  <time>2010-07-31T07:10:48Z</time>
</trkpt>
<trkpt lat="53.425697358" lon="50.357986428">
  <ele>68.999001</ele>
  <time>2010-07-31T07:10:49Z</time>
</trkpt>
<trkpt lat="53.425704986" lon="50.357997911">
  <ele>68.858002</ele>
  <time>2010-07-31T07:10:50Z</time>
</trkpt>
<trkpt lat="53.425724013" lon="50.358016938">
  <ele>68.708000</ele>
  <time>2010-07-31T07:10:51Z</time>
</trkpt>
<trkpt lat="53.425743124" lon="50.358043676">
  <ele>68.691002</ele>
  <time>2010-07-31T07:10:52Z</time>
</trkpt>
<trkpt lat="53.425766006" lon="50.358066559">
  <ele>68.547997</ele>
  <time>2010-07-31T07:10:53Z</time>
</trkpt>
<trkpt lat="53.425788889" lon="50.358093297">
  <ele>68.509003</ele>
  <time>2010-07-31T07:10:54Z</time>
</trkpt>
<trkpt lat="53.425811771" lon="50.358119952">
  <ele>68.191002</ele>
  <time>2010-07-31T07:10:55Z</time>
</trkpt>
<trkpt lat="53.425830882" lon="50.358146690">
  <ele>67.982002</ele>
  <time>2010-07-31T07:10:56Z</time>
</trkpt>
<trkpt lat="53.425857536" lon="50.358173344">
  <ele>67.932999</ele>
  <time>2010-07-31T07:10:57Z</time>
</trkpt>
<trkpt lat="53.425891902" lon="50.358207710">
  <ele>67.731003</ele>
  <time>2010-07-31T07:10:58Z</time>
</trkpt>
<trkpt lat="53.425922412" lon="50.358249703">
  <ele>67.671997</ele>
  <time>2010-07-31T07:10:59Z</time>
</trkpt>
<trkpt lat="53.425952923" lon="50.358287841">
  <ele>67.684998</ele>
  <time>2010-07-31T07:11:00Z</time>
</trkpt>
<trkpt lat="53.425987205" lon="50.358329751">
  <ele>67.799004</ele>
  <time>2010-07-31T07:11:01Z</time>
</trkpt>
<trkpt lat="53.426021570" lon="50.358367888">
  <ele>67.668999</ele>
  <time>2010-07-31T07:11:02Z</time>
</trkpt>
<trkpt lat="53.426055936" lon="50.358406026">
  <ele>67.637001</ele>
  <time>2010-07-31T07:11:03Z</time>
</trkpt>
<trkpt lat="53.426090218" lon="50.358448019">
  <ele>67.709999</ele>
  <time>2010-07-31T07:11:04Z</time>
</trkpt>
<trkpt lat="53.426128356" lon="50.358490013">
  <ele>67.487999</ele>
  <time>2010-07-31T07:11:05Z</time>
</trkpt>
<trkpt lat="53.426170349" lon="50.358539550">
  <ele>67.485001</ele>
  <time>2010-07-31T07:11:06Z</time>
</trkpt>
<trkpt lat="53.426212342" lon="50.358589171">
  <ele>67.693001</ele>
  <time>2010-07-31T07:11:07Z</time>
</trkpt>
<trkpt lat="53.426254252" lon="50.358638791">
  <ele>67.376999</ele>
  <time>2010-07-31T07:11:08Z</time>
</trkpt>
<trkpt lat="53.426300017" lon="50.358695956">
  <ele>67.352997</ele>
  <time>2010-07-31T07:11:09Z</time>
</trkpt>
<trkpt lat="53.426349638" lon="50.358753204">
  <ele>67.385002</ele>
  <time>2010-07-31T07:11:10Z</time>
</trkpt>
<trkpt lat="53.426403031" lon="50.358810453">
  <ele>67.416000</ele>
  <time>2010-07-31T07:11:11Z</time>
</trkpt>
<trkpt lat="53.426456423" lon="50.358871473">
  <ele>67.482002</ele>
  <time>2010-07-31T07:11:12Z</time>
</trkpt>
<trkpt lat="53.426513672" lon="50.358943976">
  <ele>67.436996</ele>
  <time>2010-07-31T07:11:13Z</time>
</trkpt>
<trkpt lat="53.426570920" lon="50.359016396">
  <ele>67.351997</ele>
  <time>2010-07-31T07:11:14Z</time>
</trkpt>
<trkpt lat="53.426631941" lon="50.359085044">
  <ele>67.283997</ele>
  <time>2010-07-31T07:11:15Z</time>
</trkpt>
<trkpt lat="53.426692961" lon="50.359153775">
  <ele>67.114998</ele>
  <time>2010-07-31T07:11:16Z</time>
</trkpt>
<trkpt lat="53.426757837" lon="50.359230051">
  <ele>67.043999</ele>
  <time>2010-07-31T07:11:17Z</time>
</trkpt>
<trkpt lat="53.426822629" lon="50.359302554">
  <ele>66.880997</ele>
  <time>2010-07-31T07:11:18Z</time>
</trkpt>
<trkpt lat="53.426891360" lon="50.359386457">
  <ele>66.745003</ele>
  <time>2010-07-31T07:11:19Z</time>
</trkpt>
<trkpt lat="53.426960008" lon="50.359470360">
  <ele>66.584999</ele>
  <time>2010-07-31T07:11:20Z</time>
</trkpt>
<trkpt lat="53.427032512" lon="50.359554263">
  <ele>66.567001</ele>
  <time>2010-07-31T07:11:21Z</time>
</trkpt>
<trkpt lat="53.427104931" lon="50.359638250">
  <ele>66.455002</ele>
  <time>2010-07-31T07:11:22Z</time>
</trkpt>
<trkpt lat="53.427181207" lon="50.359722152">
  <ele>66.518997</ele>
  <time>2010-07-31T07:11:23Z</time>
</trkpt>
<trkpt lat="53.427253710" lon="50.359809911">
  <ele>66.351997</ele>
  <time>2010-07-31T07:11:24Z</time>
</trkpt>
<trkpt lat="53.427333841" lon="50.359901441">
  <ele>66.231003</ele>
  <time>2010-07-31T07:11:25Z</time>
</trkpt>
<trkpt lat="53.427417744" lon="50.359996827">
  <ele>66.102997</ele>
  <time>2010-07-31T07:11:26Z</time>
</trkpt>
<trkpt lat="53.427501647" lon="50.360095985">
  <ele>65.987000</ele>
  <time>2010-07-31T07:11:27Z</time>
</trkpt>
<trkpt lat="53.427593261" lon="50.360198999">
  <ele>65.733002</ele>
  <time>2010-07-31T07:11:28Z</time>
</trkpt>
<trkpt lat="53.427684791" lon="50.360309640">
  <ele>65.599998</ele>
  <time>2010-07-31T07:11:29Z</time>
</trkpt>
<trkpt lat="53.427783949" lon="50.360424053">
  <ele>65.641998</ele>
  <time>2010-07-31T07:11:30Z</time>
</trkpt>
<trkpt lat="53.427883107" lon="50.360538466">
  <ele>65.504997</ele>
  <time>2010-07-31T07:11:31Z</time>
</trkpt>
<trkpt lat="53.427989976" lon="50.360656735">
  <ele>65.504997</ele>
  <time>2010-07-31T07:11:32Z</time>
</trkpt>
<trkpt lat="53.428092990" lon="50.360782631">
  <ele>65.350998</ele>
  <time>2010-07-31T07:11:33Z</time>
</trkpt>
<trkpt lat="53.428203547" lon="50.360908527">
  <ele>65.334999</ele>
  <time>2010-07-31T07:11:34Z</time>
</trkpt>
<trkpt lat="53.428310417" lon="50.361034423">
  <ele>65.179001</ele>
  <time>2010-07-31T07:11:35Z</time>
</trkpt>
<trkpt lat="53.428421058" lon="50.361160319">
  <ele>65.226997</ele>
  <time>2010-07-31T07:11:36Z</time>
</trkpt>
<trkpt lat="53.428531615" lon="50.361289987">
  <ele>65.236000</ele>
  <time>2010-07-31T07:11:37Z</time>
</trkpt>
<trkpt lat="53.428642256" lon="50.361415884">
  <ele>65.074997</ele>
  <time>2010-07-31T07:11:38Z</time>
</trkpt>
<trkpt lat="53.428752897" lon="50.361545552">
  <ele>65.010002</ele>
  <time>2010-07-31T07:11:39Z</time>
</trkpt>
<trkpt lat="53.428863538" lon="50.361671448">
  <ele>64.932999</ele>
  <time>2010-07-31T07:11:40Z</time>
</trkpt>
<trkpt lat="53.428970324" lon="50.361801116">
  <ele>64.845001</ele>
  <time>2010-07-31T07:11:41Z</time>
</trkpt>
<trkpt lat="53.429080965" lon="50.361930868">
  <ele>64.664001</ele>
  <time>2010-07-31T07:11:42Z</time>
</trkpt>
<trkpt lat="53.429191606" lon="50.362056764">
  <ele>64.521004</ele>
  <time>2010-07-31T07:11:43Z</time>
</trkpt>
<trkpt lat="53.429298392" lon="50.362182576">
  <ele>64.428001</ele>
  <time>2010-07-31T07:11:44Z</time>
</trkpt>
<trkpt lat="53.429409033" lon="50.362308472">
  <ele>64.193001</ele>
  <time>2010-07-31T07:11:45Z</time>
</trkpt>
<trkpt lat="53.429519674" lon="50.362438224">
  <ele>63.727001</ele>
  <time>2010-07-31T07:11:46Z</time>
</trkpt>
<trkpt lat="53.429630315" lon="50.362571748">
  <ele>63.373001</ele>
  <time>2010-07-31T07:11:47Z</time>
</trkpt>
<trkpt lat="53.429740872" lon="50.362701416">
  <ele>63.201000</ele>
  <time>2010-07-31T07:11:48Z</time>
</trkpt>
<trkpt lat="53.429851513" lon="50.362834940">
  <ele>63.167000</ele>
  <time>2010-07-31T07:11:49Z</time>
</trkpt>
<trkpt lat="53.429966010" lon="50.362968463">
  <ele>62.998001</ele>
  <time>2010-07-31T07:11:50Z</time>
</trkpt>
<trkpt lat="53.430076567" lon="50.363098131">
  <ele>62.666000</ele>
  <time>2010-07-31T07:11:51Z</time>
</trkpt>
<trkpt lat="53.430191064" lon="50.363231655">
  <ele>62.523998</ele>
  <time>2010-07-31T07:11:52Z</time>
</trkpt>
<trkpt lat="53.430305477" lon="50.363365179">
  <ele>62.411999</ele>
  <time>2010-07-31T07:11:53Z</time>
</trkpt>
<trkpt lat="53.430423746" lon="50.363502475">
  <ele>62.402000</ele>
  <time>2010-07-31T07:11:54Z</time>
</trkpt>
<trkpt lat="53.430538159" lon="50.363639854">
  <ele>62.092999</ele>
  <time>2010-07-31T07:11:55Z</time>
</trkpt>
<trkpt lat="53.430656428" lon="50.363777149">
  <ele>61.987999</ele>
  <time>2010-07-31T07:11:56Z</time>
</trkpt>
<trkpt lat="53.430778468" lon="50.363918301">
  <ele>61.763000</ele>
  <time>2010-07-31T07:11:57Z</time>
</trkpt>
<trkpt lat="53.430900592" lon="50.364059452">
  <ele>61.606998</ele>
  <time>2010-07-31T07:11:58Z</time>
</trkpt>
<trkpt lat="53.431022633" lon="50.364204375">
  <ele>61.410000</ele>
  <time>2010-07-31T07:11:59Z</time>
</trkpt>
<trkpt lat="53.431148529" lon="50.364349382">
  <ele>61.404999</ele>
  <time>2010-07-31T07:12:00Z</time>
</trkpt>
<trkpt lat="53.431270570" lon="50.364494305">
  <ele>61.254002</ele>
  <time>2010-07-31T07:12:01Z</time>
</trkpt>
<trkpt lat="53.431396466" lon="50.364639312">
  <ele>61.068001</ele>
  <time>2010-07-31T07:12:02Z</time>
</trkpt>
<trkpt lat="53.431518590" lon="50.364776608">
  <ele>61.369999</ele>
  <time>2010-07-31T07:12:03Z</time>
</trkpt>
<trkpt lat="53.431640631" lon="50.364917759">
  <ele>61.591000</ele>
  <time>2010-07-31T07:12:04Z</time>
</trkpt>
<trkpt lat="53.431758899" lon="50.365055054">
  <ele>61.776001</ele>
  <time>2010-07-31T07:12:05Z</time>
</trkpt>
<trkpt lat="53.431877168" lon="50.365196206">
  <ele>61.450001</ele>
  <time>2010-07-31T07:12:06Z</time>
</trkpt>
<trkpt lat="53.431999208" lon="50.365333585">
  <ele>60.984001</ele>
  <time>2010-07-31T07:12:07Z</time>
</trkpt>
<trkpt lat="53.432117477" lon="50.365474736">
  <ele>60.917999</ele>
  <time>2010-07-31T07:12:08Z</time>
</trkpt>
<trkpt lat="53.432243373" lon="50.365615804">
  <ele>60.973000</ele>
  <time>2010-07-31T07:12:09Z</time>
</trkpt>
<trkpt lat="53.432365414" lon="50.365764583">
  <ele>61.095001</ele>
  <time>2010-07-31T07:12:10Z</time>
</trkpt>
<trkpt lat="53.432491310" lon="50.365909589">
  <ele>61.168999</ele>
  <time>2010-07-31T07:12:11Z</time>
</trkpt>
<trkpt lat="53.432613350" lon="50.366054513">
  <ele>61.080002</ele>
  <time>2010-07-31T07:12:12Z</time>
</trkpt>
<trkpt lat="53.432743102" lon="50.366203291">
  <ele>61.000999</ele>
  <time>2010-07-31T07:12:13Z</time>
</trkpt>
<trkpt lat="53.432872770" lon="50.366355926">
  <ele>60.898998</ele>
  <time>2010-07-31T07:12:14Z</time>
</trkpt>
<trkpt lat="53.433006294" lon="50.366508476">
  <ele>60.900002</ele>
  <time>2010-07-31T07:12:15Z</time>
</trkpt>
<trkpt lat="53.433139818" lon="50.366664883">
  <ele>60.955002</ele>
  <time>2010-07-31T07:12:16Z</time>
</trkpt>
<trkpt lat="53.433273342" lon="50.366817433">
  <ele>60.665001</ele>
  <time>2010-07-31T07:12:17Z</time>
</trkpt>
<trkpt lat="53.433406865" lon="50.366970068">
  <ele>60.390999</ele>
  <time>2010-07-31T07:12:18Z</time>
</trkpt>
<trkpt lat="53.433544161" lon="50.367126474">
  <ele>60.348000</ele>
  <time>2010-07-31T07:12:19Z</time>
</trkpt>
<trkpt lat="53.433681456" lon="50.367282880">
  <ele>60.452000</ele>
  <time>2010-07-31T07:12:20Z</time>
</trkpt>
<trkpt lat="53.433818836" lon="50.367443059">
  <ele>60.577000</ele>
  <time>2010-07-31T07:12:21Z</time>
</trkpt>
<trkpt lat="53.433956131" lon="50.367603321">
  <ele>60.660000</ele>
  <time>2010-07-31T07:12:22Z</time>
</trkpt>
<trkpt lat="53.434093511" lon="50.367759727">
  <ele>60.458000</ele>
  <time>2010-07-31T07:12:23Z</time>
</trkpt>
<trkpt lat="53.434226951" lon="50.367916133">
  <ele>60.493000</ele>
  <time>2010-07-31T07:12:24Z</time>
</trkpt>
<trkpt lat="53.434356702" lon="50.368064912">
  <ele>60.521000</ele>
  <time>2010-07-31T07:12:25Z</time>
</trkpt>
<trkpt lat="53.434474971" lon="50.368206063">
  <ele>60.667000</ele>
  <time>2010-07-31T07:12:26Z</time>
</trkpt>
<trkpt lat="53.434589384" lon="50.368335731">
  <ele>60.792000</ele>
  <time>2010-07-31T07:12:27Z</time>
</trkpt>
<trkpt lat="53.434696170" lon="50.368461628">
  <ele>60.888000</ele>
  <time>2010-07-31T07:12:28Z</time>
</trkpt>
<trkpt lat="53.434803039" lon="50.368579896">
  <ele>60.698002</ele>
  <time>2010-07-31T07:12:29Z</time>
</trkpt>
<trkpt lat="53.434905969" lon="50.368701937">
  <ele>60.672001</ele>
  <time>2010-07-31T07:12:30Z</time>
</trkpt>
<trkpt lat="53.435008982" lon="50.368823977">
  <ele>60.652000</ele>
  <time>2010-07-31T07:12:31Z</time>
</trkpt>
<trkpt lat="53.435115851" lon="50.368946102">
  <ele>60.682999</ele>
  <time>2010-07-31T07:12:32Z</time>
</trkpt>
<trkpt lat="53.435218781" lon="50.369068142">
  <ele>60.527000</ele>
  <time>2010-07-31T07:12:33Z</time>
</trkpt>
<trkpt lat="53.435325650" lon="50.369186411">
  <ele>60.546001</ele>
  <time>2010-07-31T07:12:34Z</time>
</trkpt>
<trkpt lat="53.435428580" lon="50.369304679">
  <ele>60.435001</ele>
  <time>2010-07-31T07:12:35Z</time>
</trkpt>
<trkpt lat="53.435531594" lon="50.369426720">
  <ele>60.472000</ele>
  <time>2010-07-31T07:12:36Z</time>
</trkpt>
<trkpt lat="53.435638463" lon="50.369548760">
  <ele>60.362999</ele>
  <time>2010-07-31T07:12:37Z</time>
</trkpt>
<trkpt lat="53.435745249" lon="50.369674657">
  <ele>60.026001</ele>
  <time>2010-07-31T07:12:38Z</time>
</trkpt>
<trkpt lat="53.435855890" lon="50.369800553">
  <ele>60.063000</ele>
  <time>2010-07-31T07:12:39Z</time>
</trkpt>
<trkpt lat="53.435962675" lon="50.369926449">
  <ele>60.173000</ele>
  <time>2010-07-31T07:12:40Z</time>
</trkpt>
<trkpt lat="53.436073316" lon="50.370052345">
  <ele>60.237999</ele>
  <time>2010-07-31T07:12:41Z</time>
</trkpt>
<trkpt lat="53.436180102" lon="50.370178241">
  <ele>60.162998</ele>
  <time>2010-07-31T07:12:42Z</time>
</trkpt>
<trkpt lat="53.436286887" lon="50.370304137">
  <ele>60.026001</ele>
  <time>2010-07-31T07:12:43Z</time>
</trkpt>
<trkpt lat="53.436389901" lon="50.370426178">
  <ele>59.839001</ele>
  <time>2010-07-31T07:12:44Z</time>
</trkpt>
<trkpt lat="53.436496770" lon="50.370548218">
  <ele>60.032001</ele>
  <time>2010-07-31T07:12:45Z</time>
</trkpt>
<trkpt lat="53.436603555" lon="50.370674115">
  <ele>59.957001</ele>
  <time>2010-07-31T07:12:46Z</time>
</trkpt>
<trkpt lat="53.436706569" lon="50.370800011">
  <ele>59.896999</ele>
  <time>2010-07-31T07:12:47Z</time>
</trkpt>
<trkpt lat="53.436809499" lon="50.370918280">
  <ele>59.770000</ele>
  <time>2010-07-31T07:12:48Z</time>
</trkpt>
<trkpt lat="53.436912512" lon="50.371036548">
  <ele>59.789001</ele>
  <time>2010-07-31T07:12:49Z</time>
</trkpt>
<trkpt lat="53.437015526" lon="50.371158589">
  <ele>59.772999</ele>
  <time>2010-07-31T07:12:50Z</time>
</trkpt>
<trkpt lat="53.437118540" lon="50.371276857">
  <ele>59.631001</ele>
  <time>2010-07-31T07:12:51Z</time>
</trkpt>
<trkpt lat="53.437225325" lon="50.371402754">
  <ele>59.459000</ele>
  <time>2010-07-31T07:12:52Z</time>
</trkpt>
<trkpt lat="53.437332194" lon="50.371524794">
  <ele>59.185001</ele>
  <time>2010-07-31T07:12:53Z</time>
</trkpt>
<trkpt lat="53.437446607" lon="50.371654546">
  <ele>58.967999</ele>
  <time>2010-07-31T07:12:54Z</time>
</trkpt>
<trkpt lat="53.437557248" lon="50.371787986">
  <ele>58.918999</ele>
  <time>2010-07-31T07:12:55Z</time>
</trkpt>
<trkpt lat="53.437671661" lon="50.371917738">
  <ele>58.632000</ele>
  <time>2010-07-31T07:12:56Z</time>
</trkpt>
<trkpt lat="53.437782302" lon="50.372047406">
  <ele>58.518002</ele>
  <time>2010-07-31T07:12:57Z</time>
</trkpt>
<trkpt lat="53.437896715" lon="50.372180929">
  <ele>58.278000</ele>
  <time>2010-07-31T07:12:58Z</time>
</trkpt>
<trkpt lat="53.438007357" lon="50.372306826">
  <ele>58.119999</ele>
  <time>2010-07-31T07:12:59Z</time>
</trkpt>
<trkpt lat="53.438117998" lon="50.372432722">
  <ele>57.799000</ele>
  <time>2010-07-31T07:13:00Z</time>
</trkpt>
<trkpt lat="53.438232411" lon="50.372558618">
  <ele>57.773998</ele>
  <time>2010-07-31T07:13:01Z</time>
</trkpt>
<trkpt lat="53.438339196" lon="50.372684514">
  <ele>57.806000</ele>
  <time>2010-07-31T07:13:02Z</time>
</trkpt>
<trkpt lat="53.438449837" lon="50.372806555">
  <ele>57.554001</ele>
  <time>2010-07-31T07:13:03Z</time>
</trkpt>
<trkpt lat="53.438552851" lon="50.372924823">
  <ele>57.677002</ele>
  <time>2010-07-31T07:13:04Z</time>
</trkpt>
<trkpt lat="53.438659636" lon="50.373046864">
  <ele>57.714001</ele>
  <time>2010-07-31T07:13:05Z</time>
</trkpt>
<trkpt lat="53.438762650" lon="50.373165132">
  <ele>57.493999</ele>
  <time>2010-07-31T07:13:06Z</time>
</trkpt>
<trkpt lat="53.438873291" lon="50.373283401">
  <ele>57.446999</ele>
  <time>2010-07-31T07:13:07Z</time>
</trkpt>
<trkpt lat="53.438980076" lon="50.373405442">
  <ele>57.464001</ele>
  <time>2010-07-31T07:13:08Z</time>
</trkpt>
<trkpt lat="53.439086946" lon="50.373523710">
  <ele>57.395000</ele>
  <time>2010-07-31T07:13:09Z</time>
</trkpt>
<trkpt lat="53.439193731" lon="50.373641979">
  <ele>57.248001</ele>
  <time>2010-07-31T07:13:10Z</time>
</trkpt>
<trkpt lat="53.439300517" lon="50.373760248">
  <ele>57.387001</ele>
  <time>2010-07-31T07:13:11Z</time>
</trkpt>
<trkpt lat="53.439407386" lon="50.373870889">
  <ele>57.401001</ele>
  <time>2010-07-31T07:13:12Z</time>
</trkpt>
<trkpt lat="53.439506544" lon="50.373977674">
  <ele>57.410000</ele>
  <time>2010-07-31T07:13:13Z</time>
</trkpt>
<trkpt lat="53.439601930" lon="50.374080688">
  <ele>57.338001</ele>
  <time>2010-07-31T07:13:14Z</time>
</trkpt>
<trkpt lat="53.439693460" lon="50.374179846">
  <ele>57.133999</ele>
  <time>2010-07-31T07:13:15Z</time>
</trkpt>
<trkpt lat="53.439781219" lon="50.374279004">
  <ele>57.112000</ele>
  <time>2010-07-31T07:13:16Z</time>
</trkpt>
<trkpt lat="53.439865122" lon="50.374374390">
  <ele>57.166000</ele>
  <time>2010-07-31T07:13:17Z</time>
</trkpt>
<trkpt lat="53.439952880" lon="50.374462148">
  <ele>57.384998</ele>
  <time>2010-07-31T07:13:18Z</time>
</trkpt>
<trkpt lat="53.440036783" lon="50.374549907">
  <ele>57.337002</ele>
  <time>2010-07-31T07:13:19Z</time>
</trkpt>
<trkpt lat="53.440132169" lon="50.374633810">
  <ele>57.224998</ele>
  <time>2010-07-31T07:13:20Z</time>
</trkpt>
<trkpt lat="53.440227471" lon="50.374721568">
  <ele>57.105999</ele>
  <time>2010-07-31T07:13:21Z</time>
</trkpt>
<trkpt lat="53.440326713" lon="50.374816870">
  <ele>56.939999</ele>
  <time>2010-07-31T07:13:22Z</time>
</trkpt>
<trkpt lat="53.440425871" lon="50.374912256">
  <ele>56.880001</ele>
  <time>2010-07-31T07:13:23Z</time>
</trkpt>
<trkpt lat="53.440525029" lon="50.375011414">
  <ele>56.702999</ele>
  <time>2010-07-31T07:13:24Z</time>
</trkpt>
<trkpt lat="53.440631898" lon="50.375114428">
  <ele>56.395000</ele>
  <time>2010-07-31T07:13:25Z</time>
</trkpt>
<trkpt lat="53.440734828" lon="50.375213586">
  <ele>56.115002</ele>
  <time>2010-07-31T07:13:26Z</time>
</trkpt>
<trkpt lat="53.440841697" lon="50.375312828">
  <ele>55.785000</ele>
  <time>2010-07-31T07:13:27Z</time>
</trkpt>
<trkpt lat="53.440948483" lon="50.375411985">
  <ele>55.546001</ele>
  <time>2010-07-31T07:13:28Z</time>
</trkpt>
<trkpt lat="53.441055268" lon="50.375511143">
  <ele>55.242001</ele>
  <time>2010-07-31T07:13:29Z</time>
</trkpt>
<trkpt lat="53.441162137" lon="50.375610385">
  <ele>55.027000</ele>
  <time>2010-07-31T07:13:30Z</time>
</trkpt>
<trkpt lat="53.441272695" lon="50.375713315">
  <ele>54.974998</ele>
  <time>2010-07-31T07:13:31Z</time>
</trkpt>
<trkpt lat="53.441383336" lon="50.375812557">
  <ele>54.683998</ele>
  <time>2010-07-31T07:13:32Z</time>
</trkpt>
<trkpt lat="53.441493977" lon="50.375919342">
  <ele>54.518002</ele>
  <time>2010-07-31T07:13:33Z</time>
</trkpt>
<trkpt lat="53.441612246" lon="50.376026127">
  <ele>54.205002</ele>
  <time>2010-07-31T07:13:34Z</time>
</trkpt>
<trkpt lat="53.441738142" lon="50.376136769">
  <ele>53.917000</ele>
  <time>2010-07-31T07:13:35Z</time>
</trkpt>
<trkpt lat="53.441864038" lon="50.376251182">
  <ele>53.653000</ele>
  <time>2010-07-31T07:13:36Z</time>
</trkpt>
<trkpt lat="53.441997562" lon="50.376369450">
  <ele>53.437000</ele>
  <time>2010-07-31T07:13:37Z</time>
</trkpt>
<trkpt lat="53.442131002" lon="50.376487719">
  <ele>53.560001</ele>
  <time>2010-07-31T07:13:38Z</time>
</trkpt>
<trkpt lat="53.442268381" lon="50.376609843">
  <ele>53.379002</ele>
  <time>2010-07-31T07:13:39Z</time>
</trkpt>
<trkpt lat="53.442405676" lon="50.376731884">
  <ele>53.132000</ele>
  <time>2010-07-31T07:13:40Z</time>
</trkpt>
<trkpt lat="53.442546828" lon="50.376861552">
  <ele>53.166000</ele>
  <time>2010-07-31T07:13:41Z</time>
</trkpt>
<trkpt lat="53.442691835" lon="50.376995075">
  <ele>52.990002</ele>
  <time>2010-07-31T07:13:42Z</time>
</trkpt>
<trkpt lat="53.442836758" lon="50.377124827">
  <ele>53.007999</ele>
  <time>2010-07-31T07:13:43Z</time>
</trkpt>
<trkpt lat="53.442989308" lon="50.377246868">
  <ele>52.835999</ele>
  <time>2010-07-31T07:13:44Z</time>
</trkpt>
<trkpt lat="53.443138087" lon="50.377372764">
  <ele>52.626999</ele>
  <time>2010-07-31T07:13:45Z</time>
</trkpt>
<trkpt lat="53.443283094" lon="50.377498660">
  <ele>52.451000</ele>
  <time>2010-07-31T07:13:46Z</time>
</trkpt>
<trkpt lat="53.443428017" lon="50.377628328">
  <ele>52.203999</ele>
  <time>2010-07-31T07:13:47Z</time>
</trkpt>
<trkpt lat="53.443573024" lon="50.377761852">
  <ele>52.161999</ele>
  <time>2010-07-31T07:13:48Z</time>
</trkpt>
<trkpt lat="53.443721803" lon="50.377891520">
  <ele>52.213001</ele>
  <time>2010-07-31T07:13:49Z</time>
</trkpt>
<trkpt lat="53.443874354" lon="50.378021272">
  <ele>52.148998</ele>
  <time>2010-07-31T07:13:50Z</time>
</trkpt>
<trkpt lat="53.444023132" lon="50.378150940">
  <ele>52.091999</ele>
  <time>2010-07-31T07:13:51Z</time>
</trkpt>
<trkpt lat="53.444175683" lon="50.378280608">
  <ele>52.119999</ele>
  <time>2010-07-31T07:13:52Z</time>
</trkpt>
<trkpt lat="53.444328317" lon="50.378414132">
  <ele>52.188000</ele>
  <time>2010-07-31T07:13:53Z</time>
</trkpt>
<trkpt lat="53.444477096" lon="50.378547655">
  <ele>52.148998</ele>
  <time>2010-07-31T07:13:54Z</time>
</trkpt>
<trkpt lat="53.444625875" lon="50.378677407">
  <ele>52.078999</ele>
  <time>2010-07-31T07:13:55Z</time>
</trkpt>
<trkpt lat="53.444774654" lon="50.378814703">
  <ele>51.896000</ele>
  <time>2010-07-31T07:13:56Z</time>
</trkpt>
<trkpt lat="53.444923433" lon="50.378944371">
  <ele>51.827000</ele>
  <time>2010-07-31T07:13:57Z</time>
</trkpt>
<trkpt lat="53.445068356" lon="50.379074123">
  <ele>51.903999</ele>
  <time>2010-07-31T07:13:58Z</time>
</trkpt>
<trkpt lat="53.445213279" lon="50.379200019">
  <ele>51.907001</ele>
  <time>2010-07-31T07:13:59Z</time>
</trkpt>
<trkpt lat="53.445358286" lon="50.379325831">
  <ele>52.105000</ele>
  <time>2010-07-31T07:14:00Z</time>
</trkpt>
<trkpt lat="53.445499437" lon="50.379447956">
  <ele>52.208000</ele>
  <time>2010-07-31T07:14:01Z</time>
</trkpt>
<trkpt lat="53.445636733" lon="50.379569996">
  <ele>52.088001</ele>
  <time>2010-07-31T07:14:02Z</time>
</trkpt>
<trkpt lat="53.445777884" lon="50.379692037">
  <ele>52.090000</ele>
  <time>2010-07-31T07:14:03Z</time>
</trkpt>
<trkpt lat="53.445915263" lon="50.379810305">
  <ele>52.137001</ele>
  <time>2010-07-31T07:14:04Z</time>
</trkpt>
<trkpt lat="53.446056331" lon="50.379936201">
  <ele>52.512001</ele>
  <time>2010-07-31T07:14:05Z</time>
</trkpt>
<trkpt lat="53.446193710" lon="50.380058326">
  <ele>52.634998</ele>
  <time>2010-07-31T07:14:06Z</time>
</trkpt>
<trkpt lat="53.446334861" lon="50.380180366">
  <ele>52.588001</ele>
  <time>2010-07-31T07:14:07Z</time>
</trkpt>
<trkpt lat="53.446472157" lon="50.380302407">
  <ele>52.680000</ele>
  <time>2010-07-31T07:14:08Z</time>
</trkpt>
<trkpt lat="53.446613308" lon="50.380424531">
  <ele>52.808998</ele>
  <time>2010-07-31T07:14:09Z</time>
</trkpt>
<trkpt lat="53.446758231" lon="50.380546572">
  <ele>52.833000</ele>
  <time>2010-07-31T07:14:10Z</time>
</trkpt>
<trkpt lat="53.446899382" lon="50.380672468">
  <ele>52.825001</ele>
  <time>2010-07-31T07:14:11Z</time>
</trkpt>
<trkpt lat="53.447040534" lon="50.380794508">
  <ele>52.868000</ele>
  <time>2010-07-31T07:14:12Z</time>
</trkpt>
<trkpt lat="53.447181685" lon="50.380916633">
  <ele>52.852001</ele>
  <time>2010-07-31T07:14:13Z</time>
</trkpt>
<trkpt lat="53.447322836" lon="50.381046301">
  <ele>52.988998</ele>
  <time>2010-07-31T07:14:14Z</time>
</trkpt>
<trkpt lat="53.447467843" lon="50.381168341">
  <ele>53.173000</ele>
  <time>2010-07-31T07:14:15Z</time>
</trkpt>
<trkpt lat="53.447608911" lon="50.381294237">
  <ele>53.140999</ele>
  <time>2010-07-31T07:14:16Z</time>
</trkpt>
<trkpt lat="53.447750062" lon="50.381416362">
  <ele>53.094002</ele>
  <time>2010-07-31T07:14:17Z</time>
</trkpt>
<trkpt lat="53.447891213" lon="50.381538402">
  <ele>53.161999</ele>
  <time>2010-07-31T07:14:18Z</time>
</trkpt>
<trkpt lat="53.448032364" lon="50.381660443">
  <ele>53.136002</ele>
  <time>2010-07-31T07:14:19Z</time>
</trkpt>
<trkpt lat="53.448169744" lon="50.381778711">
  <ele>53.103001</ele>
  <time>2010-07-31T07:14:20Z</time>
</trkpt>
<trkpt lat="53.448307039" lon="50.381893124">
  <ele>52.936001</ele>
  <time>2010-07-31T07:14:21Z</time>
</trkpt>
<trkpt lat="53.448440563" lon="50.382011393">
  <ele>52.911999</ele>
  <time>2010-07-31T07:14:22Z</time>
</trkpt>
<trkpt lat="53.448574087" lon="50.382129662">
  <ele>53.040001</ele>
  <time>2010-07-31T07:14:23Z</time>
</trkpt>
<trkpt lat="53.448707610" lon="50.382247930">
  <ele>52.897999</ele>
  <time>2010-07-31T07:14:24Z</time>
</trkpt>
<trkpt lat="53.448841134" lon="50.382362343">
  <ele>52.951000</ele>
  <time>2010-07-31T07:14:25Z</time>
</trkpt>
<trkpt lat="53.448978430" lon="50.382480612">
  <ele>52.976002</ele>
  <time>2010-07-31T07:14:26Z</time>
</trkpt>
<trkpt lat="53.449119581" lon="50.382598881">
  <ele>52.882000</ele>
  <time>2010-07-31T07:14:27Z</time>
</trkpt>
<trkpt lat="53.449256876" lon="50.382713294">
  <ele>53.063000</ele>
  <time>2010-07-31T07:14:28Z</time>
</trkpt>
<trkpt lat="53.449390400" lon="50.382831562">
  <ele>53.007000</ele>
  <time>2010-07-31T07:14:29Z</time>
</trkpt>
<trkpt lat="53.449527780" lon="50.382949831">
  <ele>53.015999</ele>
  <time>2010-07-31T07:14:30Z</time>
</trkpt>
<trkpt lat="53.449665075" lon="50.383068100">
  <ele>52.938000</ele>
  <time>2010-07-31T07:14:31Z</time>
</trkpt>
<trkpt lat="53.449798599" lon="50.383182513">
  <ele>53.075001</ele>
  <time>2010-07-31T07:14:32Z</time>
</trkpt>
<trkpt lat="53.449924495" lon="50.383293154">
  <ele>53.082001</ele>
  <time>2010-07-31T07:14:33Z</time>
</trkpt>
<trkpt lat="53.450038908" lon="50.383388540">
  <ele>53.082001</ele>
  <time>2010-07-31T07:14:34Z</time>
</trkpt>
<trkpt lat="53.450138066" lon="50.383468587">
  <ele>53.167999</ele>
  <time>2010-07-31T07:14:35Z</time>
</trkpt>
<trkpt lat="53.450222053" lon="50.383541090">
  <ele>52.945000</ele>
  <time>2010-07-31T07:14:36Z</time>
</trkpt>
<trkpt lat="53.450302100" lon="50.383609738">
  <ele>52.827999</ele>
  <time>2010-07-31T07:14:37Z</time>
</trkpt>
<trkpt lat="53.450378459" lon="50.383674614">
  <ele>52.689999</ele>
  <time>2010-07-31T07:14:38Z</time>
</trkpt>
<trkpt lat="53.450454734" lon="50.383735634">
  <ele>52.529999</ele>
  <time>2010-07-31T07:14:39Z</time>
</trkpt>
<trkpt lat="53.450527154" lon="50.383796655">
  <ele>52.369999</ele>
  <time>2010-07-31T07:14:40Z</time>
</trkpt>
<trkpt lat="53.450603513" lon="50.383861531">
  <ele>52.230000</ele>
  <time>2010-07-31T07:14:41Z</time>
</trkpt>
<trkpt lat="53.450679788" lon="50.383930178">
  <ele>52.314999</ele>
  <time>2010-07-31T07:14:42Z</time>
</trkpt>
<trkpt lat="53.450756064" lon="50.383995054">
  <ele>52.159000</ele>
  <time>2010-07-31T07:14:43Z</time>
</trkpt>
<trkpt lat="53.450832339" lon="50.384059930">
  <ele>52.389000</ele>
  <time>2010-07-31T07:14:44Z</time>
</trkpt>
<trkpt lat="53.450904842" lon="50.384124722">
  <ele>52.669998</ele>
  <time>2010-07-31T07:14:45Z</time>
</trkpt>
<trkpt lat="53.450981118" lon="50.384189598">
  <ele>52.715000</ele>
  <time>2010-07-31T07:14:46Z</time>
</trkpt>
<trkpt lat="53.451053621" lon="50.384250619">
  <ele>52.681000</ele>
  <time>2010-07-31T07:14:47Z</time>
</trkpt>
<trkpt lat="53.451129897" lon="50.384315494">
  <ele>52.694000</ele>
  <time>2010-07-31T07:14:48Z</time>
</trkpt>
<trkpt lat="53.451206172" lon="50.384380370">
  <ele>52.566002</ele>
  <time>2010-07-31T07:14:49Z</time>
</trkpt>
<trkpt lat="53.451286303" lon="50.384445162">
  <ele>52.573002</ele>
  <time>2010-07-31T07:14:50Z</time>
</trkpt>
<trkpt lat="53.451362578" lon="50.384510038">
  <ele>52.742001</ele>
  <time>2010-07-31T07:14:51Z</time>
</trkpt>
<trkpt lat="53.451438937" lon="50.384574914">
  <ele>52.750000</ele>
  <time>2010-07-31T07:14:52Z</time>
</trkpt>
<trkpt lat="53.451515213" lon="50.384639706">
  <ele>52.868999</ele>
  <time>2010-07-31T07:14:53Z</time>
</trkpt>
<trkpt lat="53.451591488" lon="50.384704582">
  <ele>52.848000</ele>
  <time>2010-07-31T07:14:54Z</time>
</trkpt>
<trkpt lat="53.451667763" lon="50.384769458">
  <ele>52.942001</ele>
  <time>2010-07-31T07:14:55Z</time>
</trkpt>
<trkpt lat="53.451744039" lon="50.384838106">
  <ele>53.020000</ele>
  <time>2010-07-31T07:14:56Z</time>
</trkpt>
<trkpt lat="53.451820398" lon="50.384910610">
  <ele>53.133999</ele>
  <time>2010-07-31T07:14:57Z</time>
</trkpt>
<trkpt lat="53.451904301" lon="50.384986885">
  <ele>53.075001</ele>
  <time>2010-07-31T07:14:58Z</time>
</trkpt>
<trkpt lat="53.451988203" lon="50.385059388">
  <ele>53.025002</ele>
  <time>2010-07-31T07:14:59Z</time>
</trkpt>
<trkpt lat="53.452075962" lon="50.385139436">
  <ele>53.111000</ele>
  <time>2010-07-31T07:15:00Z</time>
</trkpt>
<trkpt lat="53.452167492" lon="50.385227194">
  <ele>53.004002</ele>
  <time>2010-07-31T07:15:01Z</time>
</trkpt>
<trkpt lat="53.452270506" lon="50.385318724">
  <ele>52.995998</ele>
  <time>2010-07-31T07:15:02Z</time>
</trkpt>
<trkpt lat="53.452381147" lon="50.385417966">
  <ele>52.888000</ele>
  <time>2010-07-31T07:15:03Z</time>
</trkpt>
<trkpt lat="53.452499416" lon="50.385524752">
  <ele>52.785999</ele>
  <time>2010-07-31T07:15:04Z</time>
</trkpt>
<trkpt lat="53.452625312" lon="50.385631537">
  <ele>52.768002</ele>
  <time>2010-07-31T07:15:05Z</time>
</trkpt>
<trkpt lat="53.452754980" lon="50.385742178">
  <ele>53.011002</ele>
  <time>2010-07-31T07:15:06Z</time>
</trkpt>
<trkpt lat="53.452880876" lon="50.385852819">
  <ele>52.915001</ele>
  <time>2010-07-31T07:15:07Z</time>
</trkpt>
<trkpt lat="53.453010544" lon="50.385963460">
  <ele>52.972000</ele>
  <time>2010-07-31T07:15:08Z</time>
</trkpt>
<trkpt lat="53.453140296" lon="50.386077873">
  <ele>52.653999</ele>
  <time>2010-07-31T07:15:09Z</time>
</trkpt>
<trkpt lat="53.453269964" lon="50.386188515">
  <ele>52.560001</ele>
  <time>2010-07-31T07:15:10Z</time>
</trkpt>
<trkpt lat="53.453403488" lon="50.386302928">
  <ele>52.452999</ele>
  <time>2010-07-31T07:15:11Z</time>
</trkpt>
<trkpt lat="53.453537012" lon="50.386413569">
  <ele>52.202000</ele>
  <time>2010-07-31T07:15:12Z</time>
</trkpt>
<trkpt lat="53.453666680" lon="50.386527982">
  <ele>52.084000</ele>
  <time>2010-07-31T07:15:13Z</time>
</trkpt>
<trkpt lat="53.453796348" lon="50.386642478">
  <ele>52.097000</ele>
  <time>2010-07-31T07:15:14Z</time>
</trkpt>
<trkpt lat="53.453918472" lon="50.386756891">
  <ele>51.983002</ele>
  <time>2010-07-31T07:15:15Z</time>
</trkpt>
<trkpt lat="53.454040512" lon="50.386867533">
  <ele>51.734001</ele>
  <time>2010-07-31T07:15:16Z</time>
</trkpt>
<trkpt lat="53.454166409" lon="50.386978174">
  <ele>51.691002</ele>
  <time>2010-07-31T07:15:17Z</time>
</trkpt>
<trkpt lat="53.454288449" lon="50.387084959">
  <ele>51.648998</ele>
  <time>2010-07-31T07:15:18Z</time>
</trkpt>
<trkpt lat="53.454410573" lon="50.387187973">
  <ele>51.730999</ele>
  <time>2010-07-31T07:15:19Z</time>
</trkpt>
<trkpt lat="53.454528842" lon="50.387290986">
  <ele>51.792000</ele>
  <time>2010-07-31T07:15:20Z</time>
</trkpt>
<trkpt lat="53.454643255" lon="50.387393916">
  <ele>51.792999</ele>
  <time>2010-07-31T07:15:21Z</time>
</trkpt>
<trkpt lat="53.454757668" lon="50.387496930">
  <ele>51.782001</ele>
  <time>2010-07-31T07:15:22Z</time>
</trkpt>
<trkpt lat="53.454872165" lon="50.387592316">
  <ele>51.873001</ele>
  <time>2010-07-31T07:15:23Z</time>
</trkpt>
<trkpt lat="53.454982722" lon="50.387687702">
  <ele>52.014000</ele>
  <time>2010-07-31T07:15:24Z</time>
</trkpt>
<trkpt lat="53.455093363" lon="50.387783088">
  <ele>52.159000</ele>
  <time>2010-07-31T07:15:25Z</time>
</trkpt>
<trkpt lat="53.455200233" lon="50.387874618">
  <ele>52.307999</ele>
  <time>2010-07-31T07:15:26Z</time>
</trkpt>
<trkpt lat="53.455303162" lon="50.387966149">
  <ele>52.509998</ele>
  <time>2010-07-31T07:15:27Z</time>
</trkpt>
<trkpt lat="53.455406176" lon="50.388057679">
  <ele>52.728001</ele>
  <time>2010-07-31T07:15:28Z</time>
</trkpt>
<trkpt lat="53.455509190" lon="50.388145437">
  <ele>52.853001</ele>
  <time>2010-07-31T07:15:29Z</time>
</trkpt>
<trkpt lat="53.455608347" lon="50.388236968">
  <ele>53.078999</ele>
  <time>2010-07-31T07:15:30Z</time>
</trkpt>
<trkpt lat="53.455711361" lon="50.388324726">
  <ele>53.326000</ele>
  <time>2010-07-31T07:15:31Z</time>
</trkpt>
<trkpt lat="53.455810519" lon="50.388412485">
  <ele>53.458000</ele>
  <time>2010-07-31T07:15:32Z</time>
</trkpt>
<trkpt lat="53.455909761" lon="50.388500243">
  <ele>53.682999</ele>
  <time>2010-07-31T07:15:33Z</time>
</trkpt>
<trkpt lat="53.456005063" lon="50.388587918">
  <ele>53.681999</ele>
  <time>2010-07-31T07:15:34Z</time>
</trkpt>
<trkpt lat="53.456100449" lon="50.388679532">
  <ele>53.521999</ele>
  <time>2010-07-31T07:15:35Z</time>
</trkpt>
<trkpt lat="53.456199607" lon="50.388767207">
  <ele>53.313000</ele>
  <time>2010-07-31T07:15:36Z</time>
</trkpt>
<trkpt lat="53.456298849" lon="50.388854966">
  <ele>53.305000</ele>
  <time>2010-07-31T07:15:37Z</time>
</trkpt>
<trkpt lat="53.456398007" lon="50.388942724">
  <ele>53.201000</ele>
  <time>2010-07-31T07:15:38Z</time>
</trkpt>
<trkpt lat="53.456493393" lon="50.389030483">
  <ele>53.227001</ele>
  <time>2010-07-31T07:15:39Z</time>
</trkpt>
<trkpt lat="53.456592551" lon="50.389118157">
  <ele>53.269001</ele>
  <time>2010-07-31T07:15:40Z</time>
</trkpt>
<trkpt lat="53.456695564" lon="50.389205916">
  <ele>53.351002</ele>
  <time>2010-07-31T07:15:41Z</time>
</trkpt>
<trkpt lat="53.456798578" lon="50.389293674">
  <ele>53.488998</ele>
  <time>2010-07-31T07:15:42Z</time>
</trkpt>
<trkpt lat="53.456901591" lon="50.389385205">
  <ele>53.582001</ele>
  <time>2010-07-31T07:15:43Z</time>
</trkpt>
<trkpt lat="53.457012149" lon="50.389476735">
  <ele>53.740002</ele>
  <time>2010-07-31T07:15:44Z</time>
</trkpt>
<trkpt lat="53.457122790" lon="50.389575977">
  <ele>53.793999</ele>
  <time>2010-07-31T07:15:45Z</time>
</trkpt>
<trkpt lat="53.457233431" lon="50.389675135">
  <ele>53.751999</ele>
  <time>2010-07-31T07:15:46Z</time>
</trkpt>
<trkpt lat="53.457351699" lon="50.389774293">
  <ele>53.672001</ele>
  <time>2010-07-31T07:15:47Z</time>
</trkpt>
<trkpt lat="53.457466112" lon="50.389873534">
  <ele>53.869999</ele>
  <time>2010-07-31T07:15:48Z</time>
</trkpt>
<trkpt lat="53.457584381" lon="50.389976464">
  <ele>54.110001</ele>
  <time>2010-07-31T07:15:49Z</time>
</trkpt>
<trkpt lat="53.457702650" lon="50.390079478">
  <ele>54.278999</ele>
  <time>2010-07-31T07:15:50Z</time>
</trkpt>
<trkpt lat="53.457828546" lon="50.390190119">
  <ele>54.297001</ele>
  <time>2010-07-31T07:15:51Z</time>
</trkpt>
<trkpt lat="53.457954442" lon="50.390300760">
  <ele>54.539001</ele>
  <time>2010-07-31T07:15:52Z</time>
</trkpt>
<trkpt lat="53.458076483" lon="50.390411401">
  <ele>54.605000</ele>
  <time>2010-07-31T07:15:53Z</time>
</trkpt>
<trkpt lat="53.458206151" lon="50.390518187">
  <ele>54.660000</ele>
  <time>2010-07-31T07:15:54Z</time>
</trkpt>
<trkpt lat="53.458335903" lon="50.390628828">
  <ele>54.645000</ele>
  <time>2010-07-31T07:15:55Z</time>
</trkpt>
<trkpt lat="53.458465571" lon="50.390739469">
  <ele>54.526001</ele>
  <time>2010-07-31T07:15:56Z</time>
</trkpt>
<trkpt lat="53.458595239" lon="50.390853882">
  <ele>54.410999</ele>
  <time>2010-07-31T07:15:57Z</time>
</trkpt>
<trkpt lat="53.458724990" lon="50.390972150">
  <ele>54.536999</ele>
  <time>2010-07-31T07:15:58Z</time>
</trkpt>
<trkpt lat="53.458858514" lon="50.391090419">
  <ele>54.549000</ele>
  <time>2010-07-31T07:15:59Z</time>
</trkpt>
<trkpt lat="53.458988182" lon="50.391204832">
  <ele>54.418999</ele>
  <time>2010-07-31T07:16:00Z</time>
</trkpt>
<trkpt lat="53.459121706" lon="50.391319245">
  <ele>54.395000</ele>
  <time>2010-07-31T07:16:01Z</time>
</trkpt>
<trkpt lat="53.459251374" lon="50.391429886">
  <ele>54.365002</ele>
  <time>2010-07-31T07:16:02Z</time>
</trkpt>
<trkpt lat="53.459377270" lon="50.391540527">
  <ele>54.372002</ele>
  <time>2010-07-31T07:16:03Z</time>
</trkpt>
<trkpt lat="53.459503166" lon="50.391647313">
  <ele>54.463001</ele>
  <time>2010-07-31T07:16:04Z</time>
</trkpt>
<trkpt lat="53.459632834" lon="50.391761810">
  <ele>54.325001</ele>
  <time>2010-07-31T07:16:05Z</time>
</trkpt>
<trkpt lat="53.459762586" lon="50.391872367">
  <ele>54.337002</ele>
  <time>2010-07-31T07:16:06Z</time>
</trkpt>
<trkpt lat="53.459888482" lon="50.391979236">
  <ele>54.430000</ele>
  <time>2010-07-31T07:16:07Z</time>
</trkpt>
<trkpt lat="53.460018151" lon="50.392086022">
  <ele>54.387001</ele>
  <time>2010-07-31T07:16:08Z</time>
</trkpt>
<trkpt lat="53.460140191" lon="50.392196663">
  <ele>54.583000</ele>
  <time>2010-07-31T07:16:09Z</time>
</trkpt>
<trkpt lat="53.460266087" lon="50.392307304">
  <ele>54.544998</ele>
  <time>2010-07-31T07:16:10Z</time>
</trkpt>
<trkpt lat="53.460395839" lon="50.392417945">
  <ele>54.556000</ele>
  <time>2010-07-31T07:16:11Z</time>
</trkpt>
<trkpt lat="53.460521735" lon="50.392528502">
  <ele>54.602001</ele>
  <time>2010-07-31T07:16:12Z</time>
</trkpt>
<trkpt lat="53.460643776" lon="50.392639143">
  <ele>54.780998</ele>
  <time>2010-07-31T07:16:13Z</time>
</trkpt>
<trkpt lat="53.460769672" lon="50.392746013">
  <ele>54.925999</ele>
  <time>2010-07-31T07:16:14Z</time>
</trkpt>
<trkpt lat="53.460895568" lon="50.392856570">
  <ele>55.164001</ele>
  <time>2010-07-31T07:16:15Z</time>
</trkpt>
<trkpt lat="53.461017609" lon="50.392963439">
  <ele>55.123001</ele>
  <time>2010-07-31T07:16:16Z</time>
</trkpt>
<trkpt lat="53.461143505" lon="50.393073997">
  <ele>55.016998</ele>
  <time>2010-07-31T07:16:17Z</time>
</trkpt>
<trkpt lat="53.461261773" lon="50.393184638">
  <ele>55.030998</ele>
  <time>2010-07-31T07:16:18Z</time>
</trkpt>
<trkpt lat="53.461380042" lon="50.393291507">
  <ele>54.891998</ele>
  <time>2010-07-31T07:16:19Z</time>
</trkpt>
<trkpt lat="53.461502083" lon="50.393398292">
  <ele>54.888000</ele>
  <time>2010-07-31T07:16:20Z</time>
</trkpt>
<trkpt lat="53.461627979" lon="50.393505078">
  <ele>54.978001</ele>
  <time>2010-07-31T07:16:21Z</time>
</trkpt>
<trkpt lat="53.461750019" lon="50.393611947">
  <ele>55.035000</ele>
  <time>2010-07-31T07:16:22Z</time>
</trkpt>
<trkpt lat="53.461875916" lon="50.393722504">
  <ele>55.014000</ele>
  <time>2010-07-31T07:16:23Z</time>
</trkpt>
<trkpt lat="53.462001812" lon="50.393833145">
  <ele>55.085999</ele>
  <time>2010-07-31T07:16:24Z</time>
</trkpt>
<trkpt lat="53.462127708" lon="50.393939931">
  <ele>55.089001</ele>
  <time>2010-07-31T07:16:25Z</time>
</trkpt>
<trkpt lat="53.462253604" lon="50.394046800">
  <ele>55.132999</ele>
  <time>2010-07-31T07:16:26Z</time>
</trkpt>
<trkpt lat="53.462379416" lon="50.394157441">
  <ele>55.195999</ele>
  <time>2010-07-31T07:16:27Z</time>
</trkpt>
<trkpt lat="53.462501541" lon="50.394267999">
  <ele>55.324001</ele>
  <time>2010-07-31T07:16:28Z</time>
</trkpt>
<trkpt lat="53.462627437" lon="50.394374868">
  <ele>55.311001</ele>
  <time>2010-07-31T07:16:29Z</time>
</trkpt>
<trkpt lat="53.462745706" lon="50.394481653">
  <ele>55.353001</ele>
  <time>2010-07-31T07:16:30Z</time>
</trkpt>
<trkpt lat="53.462863890" lon="50.394588439">
  <ele>55.574001</ele>
  <time>2010-07-31T07:16:31Z</time>
</trkpt>
<trkpt lat="53.462982159" lon="50.394691452">
  <ele>55.570999</ele>
  <time>2010-07-31T07:16:32Z</time>
</trkpt>
<trkpt lat="53.463100428" lon="50.394794466">
  <ele>55.700001</ele>
  <time>2010-07-31T07:16:33Z</time>
</trkpt>
<trkpt lat="53.463218696" lon="50.394901251">
  <ele>55.644001</ele>
  <time>2010-07-31T07:16:34Z</time>
</trkpt>
<trkpt lat="53.463336965" lon="50.395004265">
  <ele>55.514000</ele>
  <time>2010-07-31T07:16:35Z</time>
</trkpt>
<trkpt lat="53.463455234" lon="50.395107279">
  <ele>55.334000</ele>
  <time>2010-07-31T07:16:36Z</time>
</trkpt>
<trkpt lat="53.463569647" lon="50.395210292">
  <ele>55.174000</ele>
  <time>2010-07-31T07:16:37Z</time>
</trkpt>
<trkpt lat="53.463684060" lon="50.395309450">
  <ele>55.029999</ele>
  <time>2010-07-31T07:16:38Z</time>
</trkpt>
<trkpt lat="53.463794701" lon="50.395408608">
  <ele>54.911999</ele>
  <time>2010-07-31T07:16:39Z</time>
</trkpt>
<trkpt lat="53.463909114" lon="50.395511622">
  <ele>54.945000</ele>
  <time>2010-07-31T07:16:40Z</time>
</trkpt>
<trkpt lat="53.464023611" lon="50.395614635">
  <ele>54.971001</ele>
  <time>2010-07-31T07:16:41Z</time>
</trkpt>
<trkpt lat="53.464141879" lon="50.395721421">
  <ele>54.995998</ele>
  <time>2010-07-31T07:16:42Z</time>
</trkpt>
<trkpt lat="53.464256292" lon="50.395820579">
  <ele>54.950001</ele>
  <time>2010-07-31T07:16:43Z</time>
</trkpt>
<trkpt lat="53.464370705" lon="50.395923592">
  <ele>55.012001</ele>
  <time>2010-07-31T07:16:44Z</time>
</trkpt>
<trkpt lat="53.464488974" lon="50.396026606">
  <ele>54.862000</ele>
  <time>2010-07-31T07:16:45Z</time>
</trkpt>
<trkpt lat="53.464603387" lon="50.396129619">
  <ele>54.757000</ele>
  <time>2010-07-31T07:16:46Z</time>
</trkpt>
<trkpt lat="53.464721655" lon="50.396228777">
  <ele>54.660999</ele>
  <time>2010-07-31T07:16:47Z</time>
</trkpt>
<trkpt lat="53.464836152" lon="50.396331791">
  <ele>54.742001</ele>
  <time>2010-07-31T07:16:48Z</time>
</trkpt>
<trkpt lat="53.464954337" lon="50.396434804">
  <ele>54.632999</ele>
  <time>2010-07-31T07:16:49Z</time>
</trkpt>
<trkpt lat="53.465068834" lon="50.396533962">
  <ele>54.452999</ele>
  <time>2010-07-31T07:16:50Z</time>
</trkpt>
<trkpt lat="53.465183247" lon="50.396633120">
  <ele>54.297001</ele>
  <time>2010-07-31T07:16:51Z</time>
</trkpt>
<trkpt lat="53.465301516" lon="50.396739990">
  <ele>54.132999</ele>
  <time>2010-07-31T07:16:52Z</time>
</trkpt>
<trkpt lat="53.465423556" lon="50.396842919">
  <ele>54.187000</ele>
  <time>2010-07-31T07:16:53Z</time>
</trkpt>
<trkpt lat="53.465538053" lon="50.396945933">
  <ele>54.060001</ele>
  <time>2010-07-31T07:16:54Z</time>
</trkpt>
<trkpt lat="53.465652466" lon="50.397048946">
  <ele>53.938000</ele>
  <time>2010-07-31T07:16:55Z</time>
</trkpt>
<trkpt lat="53.465766879" lon="50.397151960">
  <ele>53.677002</ele>
  <time>2010-07-31T07:16:56Z</time>
</trkpt>
<trkpt lat="53.465877520" lon="50.397254974">
  <ele>53.428001</ele>
  <time>2010-07-31T07:16:57Z</time>
</trkpt>
<trkpt lat="53.465991933" lon="50.397354132">
  <ele>53.354000</ele>
  <time>2010-07-31T07:16:58Z</time>
</trkpt>
<trkpt lat="53.466106430" lon="50.397453289">
  <ele>53.410999</ele>
  <time>2010-07-31T07:16:59Z</time>
</trkpt>
<trkpt lat="53.466217071" lon="50.397552531">
  <ele>53.299000</ele>
  <time>2010-07-31T07:17:00Z</time>
</trkpt>
<trkpt lat="53.466331484" lon="50.397651689">
  <ele>53.157001</ele>
  <time>2010-07-31T07:17:01Z</time>
</trkpt>
<trkpt lat="53.466442125" lon="50.397747075">
  <ele>53.229000</ele>
  <time>2010-07-31T07:17:02Z</time>
</trkpt>
<trkpt lat="53.466552766" lon="50.397842377">
  <ele>53.172001</ele>
  <time>2010-07-31T07:17:03Z</time>
</trkpt>
<trkpt lat="53.466659551" lon="50.397937763">
  <ele>52.972000</ele>
  <time>2010-07-31T07:17:04Z</time>
</trkpt>
<trkpt lat="53.466770193" lon="50.398033150">
  <ele>52.609001</ele>
  <time>2010-07-31T07:17:05Z</time>
</trkpt>
<trkpt lat="53.466873206" lon="50.398128536">
  <ele>52.439999</ele>
  <time>2010-07-31T07:17:06Z</time>
</trkpt>
<trkpt lat="53.466979992" lon="50.398220066">
  <ele>52.324001</ele>
  <time>2010-07-31T07:17:07Z</time>
</trkpt>
<trkpt lat="53.467083005" lon="50.398311596">
  <ele>52.219002</ele>
  <time>2010-07-31T07:17:08Z</time>
</trkpt>
<trkpt lat="53.467185935" lon="50.398403127">
  <ele>52.066002</ele>
  <time>2010-07-31T07:17:09Z</time>
</trkpt>
<trkpt lat="53.467285177" lon="50.398487113">
  <ele>52.047001</ele>
  <time>2010-07-31T07:17:10Z</time>
</trkpt>
<trkpt lat="53.467380563" lon="50.398567161">
  <ele>52.106998</ele>
  <time>2010-07-31T07:17:11Z</time>
</trkpt>
<trkpt lat="53.467468238" lon="50.398643520">
  <ele>52.091000</ele>
  <time>2010-07-31T07:17:12Z</time>
</trkpt>
<trkpt lat="53.467552224" lon="50.398712168">
  <ele>51.967999</ele>
  <time>2010-07-31T07:17:13Z</time>
</trkpt>
<trkpt lat="53.467632271" lon="50.398784671">
  <ele>51.981998</ele>
  <time>2010-07-31T07:17:14Z</time>
</trkpt>
<trkpt lat="53.467712402" lon="50.398853319">
  <ele>51.858002</ele>
  <time>2010-07-31T07:17:15Z</time>
</trkpt>
<trkpt lat="53.467784906" lon="50.398918111">
  <ele>52.035999</ele>
  <time>2010-07-31T07:17:16Z</time>
</trkpt>
<trkpt lat="53.467861181" lon="50.398986842">
  <ele>51.983002</ele>
  <time>2010-07-31T07:17:17Z</time>
</trkpt>
<trkpt lat="53.467933685" lon="50.399051635">
  <ele>52.000999</ele>
  <time>2010-07-31T07:17:18Z</time>
</trkpt>
<trkpt lat="53.468009960" lon="50.399116511">
  <ele>51.751999</ele>
  <time>2010-07-31T07:17:19Z</time>
</trkpt>
<trkpt lat="53.468086235" lon="50.399181386">
  <ele>51.904999</ele>
  <time>2010-07-31T07:17:20Z</time>
</trkpt>
<trkpt lat="53.468158739" lon="50.399246179">
  <ele>51.799999</ele>
  <time>2010-07-31T07:17:21Z</time>
</trkpt>
<trkpt lat="53.468235014" lon="50.399311054">
  <ele>51.686001</ele>
  <time>2010-07-31T07:17:22Z</time>
</trkpt>
<trkpt lat="53.468307517" lon="50.399375930">
  <ele>51.841000</ele>
  <time>2010-07-31T07:17:23Z</time>
</trkpt>
<trkpt lat="53.468379937" lon="50.399436951">
  <ele>51.886002</ele>
  <time>2010-07-31T07:17:24Z</time>
</trkpt>
<trkpt lat="53.468448669" lon="50.399497971">
  <ele>51.935001</ele>
  <time>2010-07-31T07:17:25Z</time>
</trkpt>
<trkpt lat="53.468524944" lon="50.399562847">
  <ele>52.067001</ele>
  <time>2010-07-31T07:17:26Z</time>
</trkpt>
<trkpt lat="53.468601219" lon="50.399627723">
  <ele>52.119999</ele>
  <time>2010-07-31T07:17:27Z</time>
</trkpt>
<trkpt lat="53.468677495" lon="50.399700142">
  <ele>52.185001</ele>
  <time>2010-07-31T07:17:28Z</time>
</trkpt>
<trkpt lat="53.468761481" lon="50.399772646">
  <ele>52.217999</ele>
  <time>2010-07-31T07:17:29Z</time>
</trkpt>
<trkpt lat="53.468841529" lon="50.399845149">
  <ele>52.250000</ele>
  <time>2010-07-31T07:17:30Z</time>
</trkpt>
<trkpt lat="53.468929287" lon="50.399921425">
  <ele>52.221001</ele>
  <time>2010-07-31T07:17:31Z</time>
</trkpt>
<trkpt lat="53.469017046" lon="50.399993928">
  <ele>52.214001</ele>
  <time>2010-07-31T07:17:32Z</time>
</trkpt>
<trkpt lat="53.469104804" lon="50.400070203">
  <ele>52.150002</ele>
  <time>2010-07-31T07:17:33Z</time>
</trkpt>
<trkpt lat="53.469188707" lon="50.400142707">
  <ele>52.088001</ele>
  <time>2010-07-31T07:17:34Z</time>
</trkpt>
<trkpt lat="53.469276465" lon="50.400222754">
  <ele>52.118999</ele>
  <time>2010-07-31T07:17:35Z</time>
</trkpt>
<trkpt lat="53.469360368" lon="50.400299113">
  <ele>52.152000</ele>
  <time>2010-07-31T07:17:36Z</time>
</trkpt>
<trkpt lat="53.469444271" lon="50.400375389">
  <ele>52.289001</ele>
  <time>2010-07-31T07:17:37Z</time>
</trkpt>
<trkpt lat="53.469528174" lon="50.400451664">
  <ele>52.235001</ele>
  <time>2010-07-31T07:17:38Z</time>
</trkpt>
<trkpt lat="53.469612161" lon="50.400524167">
  <ele>52.256001</ele>
  <time>2010-07-31T07:17:39Z</time>
</trkpt>
<trkpt lat="53.469696064" lon="50.400600443">
  <ele>52.334999</ele>
  <time>2010-07-31T07:17:40Z</time>
</trkpt>
<trkpt lat="53.469779966" lon="50.400672946">
  <ele>52.452000</ele>
  <time>2010-07-31T07:17:41Z</time>
</trkpt>
<trkpt lat="53.469863869" lon="50.400745366">
  <ele>52.359001</ele>
  <time>2010-07-31T07:17:42Z</time>
</trkpt>
<trkpt lat="53.469944000" lon="50.400817869">
  <ele>52.404999</ele>
  <time>2010-07-31T07:17:43Z</time>
</trkpt>
<trkpt lat="53.470027903" lon="50.400890373">
  <ele>52.407001</ele>
  <time>2010-07-31T07:17:44Z</time>
</trkpt>
<trkpt lat="53.470111806" lon="50.400966648">
  <ele>52.450001</ele>
  <time>2010-07-31T07:17:45Z</time>
</trkpt>
<trkpt lat="53.470191937" lon="50.401035296">
  <ele>52.271999</ele>
  <time>2010-07-31T07:17:46Z</time>
</trkpt>
<trkpt lat="53.470272068" lon="50.401107799">
  <ele>52.319000</ele>
  <time>2010-07-31T07:17:47Z</time>
</trkpt>
<trkpt lat="53.470352199" lon="50.401180303">
  <ele>52.417000</ele>
  <time>2010-07-31T07:17:48Z</time>
</trkpt>
<trkpt lat="53.470432246" lon="50.401248951">
  <ele>52.367001</ele>
  <time>2010-07-31T07:17:49Z</time>
</trkpt>
<trkpt lat="53.470512377" lon="50.401317598">
  <ele>52.410000</ele>
  <time>2010-07-31T07:17:50Z</time>
</trkpt>
<trkpt lat="53.470592508" lon="50.401386246">
  <ele>52.511002</ele>
  <time>2010-07-31T07:17:51Z</time>
</trkpt>
<trkpt lat="53.470672639" lon="50.401454894">
  <ele>52.262001</ele>
  <time>2010-07-31T07:17:52Z</time>
</trkpt>
<trkpt lat="53.470748914" lon="50.401523625">
  <ele>52.108002</ele>
  <time>2010-07-31T07:17:53Z</time>
</trkpt>
<trkpt lat="53.470825190" lon="50.401588418">
  <ele>51.959999</ele>
  <time>2010-07-31T07:17:54Z</time>
</trkpt>
<trkpt lat="53.470893838" lon="50.401649438">
  <ele>51.897999</ele>
  <time>2010-07-31T07:17:55Z</time>
</trkpt>
<trkpt lat="53.470962485" lon="50.401714314">
  <ele>51.898998</ele>
  <time>2010-07-31T07:17:56Z</time>
</trkpt>
<trkpt lat="53.471031217" lon="50.401775334">
  <ele>51.771999</ele>
  <time>2010-07-31T07:17:57Z</time>
</trkpt>
<trkpt lat="53.471103637" lon="50.401836354">
  <ele>51.748001</ele>
  <time>2010-07-31T07:17:58Z</time>
</trkpt>
<trkpt lat="53.471179996" lon="50.401905086">
  <ele>51.842999</ele>
  <time>2010-07-31T07:17:59Z</time>
</trkpt>
<trkpt lat="53.471260043" lon="50.401973734">
  <ele>51.666000</ele>
  <time>2010-07-31T07:18:00Z</time>
</trkpt>
<trkpt lat="53.471340174" lon="50.402046237">
  <ele>51.585999</ele>
  <time>2010-07-31T07:18:01Z</time>
</trkpt>
<trkpt lat="53.471420305" lon="50.402114885">
  <ele>51.377998</ele>
  <time>2010-07-31T07:18:02Z</time>
</trkpt>
<trkpt lat="53.471504208" lon="50.402187388">
  <ele>51.478001</ele>
  <time>2010-07-31T07:18:03Z</time>
</trkpt>
<trkpt lat="53.471588111" lon="50.402259808">
  <ele>51.571999</ele>
  <time>2010-07-31T07:18:04Z</time>
</trkpt>
<trkpt lat="53.471672097" lon="50.402332311">
  <ele>51.435001</ele>
  <time>2010-07-31T07:18:05Z</time>
</trkpt>
<trkpt lat="53.471752144" lon="50.402404815">
  <ele>51.519001</ele>
  <time>2010-07-31T07:18:06Z</time>
</trkpt>
<trkpt lat="53.471832275" lon="50.402477235">
  <ele>51.696999</ele>
  <time>2010-07-31T07:18:07Z</time>
</trkpt>
<trkpt lat="53.471912406" lon="50.402549738">
  <ele>51.855999</ele>
  <time>2010-07-31T07:18:08Z</time>
</trkpt>
<trkpt lat="53.471992454" lon="50.402622242">
  <ele>51.973000</ele>
  <time>2010-07-31T07:18:09Z</time>
</trkpt>
<trkpt lat="53.472072585" lon="50.402690889">
  <ele>51.939999</ele>
  <time>2010-07-31T07:18:10Z</time>
</trkpt>
<trkpt lat="53.472148860" lon="50.402755765">
  <ele>51.987999</ele>
  <time>2010-07-31T07:18:11Z</time>
</trkpt>
<trkpt lat="53.472225219" lon="50.402820557">
  <ele>52.198002</ele>
  <time>2010-07-31T07:18:12Z</time>
</trkpt>
<trkpt lat="53.472305266" lon="50.402885433">
  <ele>52.023998</ele>
  <time>2010-07-31T07:18:13Z</time>
</trkpt>
<trkpt lat="53.472381625" lon="50.402957937">
  <ele>52.030998</ele>
  <time>2010-07-31T07:18:14Z</time>
</trkpt>
<trkpt lat="53.472461672" lon="50.403026585">
  <ele>51.914001</ele>
  <time>2010-07-31T07:18:15Z</time>
</trkpt>
<trkpt lat="53.472534176" lon="50.403106716">
  <ele>51.897999</ele>
  <time>2010-07-31T07:18:16Z</time>
</trkpt>
<trkpt lat="53.472602824" lon="50.403194390">
  <ele>51.798000</ele>
  <time>2010-07-31T07:18:17Z</time>
</trkpt>
<trkpt lat="53.472667700" lon="50.403289776">
  <ele>51.765999</ele>
  <time>2010-07-31T07:18:18Z</time>
</trkpt>
<trkpt lat="53.472728720" lon="50.403400417">
  <ele>51.819000</ele>
  <time>2010-07-31T07:18:19Z</time>
</trkpt>
<trkpt lat="53.472785968" lon="50.403522458">
  <ele>51.561001</ele>
  <time>2010-07-31T07:18:20Z</time>
</trkpt>
<trkpt lat="53.472839361" lon="50.403659837">
  <ele>51.549000</ele>
  <time>2010-07-31T07:18:21Z</time>
</trkpt>
<trkpt lat="53.472888982" lon="50.403797133">
  <ele>51.438000</ele>
  <time>2010-07-31T07:18:22Z</time>
</trkpt>
<trkpt lat="53.472942375" lon="50.403942140">
  <ele>51.063999</ele>
  <time>2010-07-31T07:18:23Z</time>
</trkpt>
<trkpt lat="53.473003395" lon="50.404087063">
  <ele>50.993999</ele>
  <time>2010-07-31T07:18:24Z</time>
</trkpt>
<trkpt lat="53.473072043" lon="50.404224358">
  <ele>51.060001</ele>
  <time>2010-07-31T07:18:25Z</time>
</trkpt>
<trkpt lat="53.473148318" lon="50.404342627">
  <ele>50.882000</ele>
  <time>2010-07-31T07:18:26Z</time>
</trkpt>
<trkpt lat="53.473239932" lon="50.404426614">
  <ele>50.763000</ele>
  <time>2010-07-31T07:18:27Z</time>
</trkpt>
<trkpt lat="53.473339090" lon="50.404457124">
  <ele>50.601002</ele>
  <time>2010-07-31T07:18:28Z</time>
</trkpt>
<trkpt lat="53.473438248" lon="50.404445641">
  <ele>50.910999</ele>
  <time>2010-07-31T07:18:29Z</time>
</trkpt>
<trkpt lat="53.473545033" lon="50.404407503">
  <ele>51.028999</ele>
  <time>2010-07-31T07:18:30Z</time>
</trkpt>
<trkpt lat="53.473659530" lon="50.404369365">
  <ele>51.123001</ele>
  <time>2010-07-31T07:18:31Z</time>
</trkpt>
<trkpt lat="53.473777799" lon="50.404357882">
  <ele>51.220001</ele>
  <time>2010-07-31T07:18:32Z</time>
</trkpt>
<trkpt lat="53.473888356" lon="50.404380765">
  <ele>51.032001</ele>
  <time>2010-07-31T07:18:33Z</time>
</trkpt>
<trkpt lat="53.473995226" lon="50.404430386">
  <ele>50.890999</ele>
  <time>2010-07-31T07:18:34Z</time>
</trkpt>
<trkpt lat="53.474098239" lon="50.404499033">
  <ele>51.042999</ele>
  <time>2010-07-31T07:18:35Z</time>
</trkpt>
<trkpt lat="53.474197397" lon="50.404571537">
  <ele>50.910999</ele>
  <time>2010-07-31T07:18:36Z</time>
</trkpt>
<trkpt lat="53.474288927" lon="50.404640185">
  <ele>51.179001</ele>
  <time>2010-07-31T07:18:37Z</time>
</trkpt>
<trkpt lat="53.474372830" lon="50.404708833">
  <ele>51.303001</ele>
  <time>2010-07-31T07:18:38Z</time>
</trkpt>
<trkpt lat="53.474456817" lon="50.404777564">
  <ele>51.382999</ele>
  <time>2010-07-31T07:18:39Z</time>
</trkpt>
<trkpt lat="53.474536864" lon="50.404846212">
  <ele>51.474998</ele>
  <time>2010-07-31T07:18:40Z</time>
</trkpt>
<trkpt lat="53.474620851" lon="50.404918632">
  <ele>51.463001</ele>
  <time>2010-07-31T07:18:41Z</time>
</trkpt>
<trkpt lat="53.474712381" lon="50.404994991">
  <ele>51.415001</ele>
  <time>2010-07-31T07:18:42Z</time>
</trkpt>
<trkpt lat="53.474803912" lon="50.405075038">
  <ele>51.292999</ele>
  <time>2010-07-31T07:18:43Z</time>
</trkpt>
<trkpt lat="53.474895442" lon="50.405155169">
  <ele>51.151001</ele>
  <time>2010-07-31T07:18:44Z</time>
</trkpt>
<trkpt lat="53.474983200" lon="50.405235300">
  <ele>51.147999</ele>
  <time>2010-07-31T07:18:45Z</time>
</trkpt>
<trkpt lat="53.475074731" lon="50.405315431">
  <ele>51.112999</ele>
  <time>2010-07-31T07:18:46Z</time>
</trkpt>
<trkpt lat="53.475170117" lon="50.405399334">
  <ele>51.126999</ele>
  <time>2010-07-31T07:18:47Z</time>
</trkpt>
<trkpt lat="53.475265503" lon="50.405483237">
  <ele>50.992001</ele>
  <time>2010-07-31T07:18:48Z</time>
</trkpt>
<trkpt lat="53.475360889" lon="50.405567139">
  <ele>50.773998</ele>
  <time>2010-07-31T07:18:49Z</time>
</trkpt>
<trkpt lat="53.475456275" lon="50.405662525">
  <ele>50.709000</ele>
  <time>2010-07-31T07:18:50Z</time>
</trkpt>
<trkpt lat="53.475551577" lon="50.405750284">
  <ele>50.620998</ele>
  <time>2010-07-31T07:18:51Z</time>
</trkpt>
<trkpt lat="53.475658447" lon="50.405834187">
  <ele>50.596001</ele>
  <time>2010-07-31T07:18:52Z</time>
</trkpt>
<trkpt lat="53.475761376" lon="50.405921945">
  <ele>50.546001</ele>
  <time>2010-07-31T07:18:53Z</time>
</trkpt>
<trkpt lat="53.475860618" lon="50.406013476">
  <ele>50.432999</ele>
  <time>2010-07-31T07:18:54Z</time>
</trkpt>
<trkpt lat="53.475963632" lon="50.406105006">
  <ele>50.355000</ele>
  <time>2010-07-31T07:18:55Z</time>
</trkpt>
<trkpt lat="53.476066561" lon="50.406192765">
  <ele>50.254002</ele>
  <time>2010-07-31T07:18:56Z</time>
</trkpt>
<trkpt lat="53.476173431" lon="50.406288151">
  <ele>50.387001</ele>
  <time>2010-07-31T07:18:57Z</time>
</trkpt>
<trkpt lat="53.476280216" lon="50.406383537">
  <ele>50.598999</ele>
  <time>2010-07-31T07:18:58Z</time>
</trkpt>
<trkpt lat="53.476394629" lon="50.406478923">
  <ele>50.730000</ele>
  <time>2010-07-31T07:18:59Z</time>
</trkpt>
<trkpt lat="53.476505270" lon="50.406578081">
  <ele>50.466000</ele>
  <time>2010-07-31T07:19:00Z</time>
</trkpt>
<trkpt lat="53.476623539" lon="50.406681094">
  <ele>50.514000</ele>
  <time>2010-07-31T07:19:01Z</time>
</trkpt>
<trkpt lat="53.476741808" lon="50.406784024">
  <ele>50.368999</ele>
  <time>2010-07-31T07:19:02Z</time>
</trkpt>
<trkpt lat="53.476863848" lon="50.406887038">
  <ele>50.526001</ele>
  <time>2010-07-31T07:19:03Z</time>
</trkpt>
<trkpt lat="53.476985972" lon="50.406993907">
  <ele>50.609001</ele>
  <time>2010-07-31T07:19:04Z</time>
</trkpt>
<trkpt lat="53.477108013" lon="50.407100692">
  <ele>50.715000</ele>
  <time>2010-07-31T07:19:05Z</time>
</trkpt>
<trkpt lat="53.477226282" lon="50.407207478">
  <ele>50.674000</ele>
  <time>2010-07-31T07:19:06Z</time>
</trkpt>
<trkpt lat="53.477340695" lon="50.407314263">
  <ele>50.755001</ele>
  <time>2010-07-31T07:19:07Z</time>
</trkpt>
<trkpt lat="53.477458963" lon="50.407421133">
  <ele>50.903999</ele>
  <time>2010-07-31T07:19:08Z</time>
</trkpt>
<trkpt lat="53.477573376" lon="50.407520290">
  <ele>50.950001</ele>
  <time>2010-07-31T07:19:09Z</time>
</trkpt>
<trkpt lat="53.477687873" lon="50.407619448">
  <ele>51.058998</ele>
  <time>2010-07-31T07:19:10Z</time>
</trkpt>
<trkpt lat="53.477802286" lon="50.407718690">
  <ele>50.826000</ele>
  <time>2010-07-31T07:19:11Z</time>
</trkpt>
<trkpt lat="53.477912927" lon="50.407817848">
  <ele>50.713001</ele>
  <time>2010-07-31T07:19:12Z</time>
</trkpt>
<trkpt lat="53.478023568" lon="50.407913234">
  <ele>50.877998</ele>
  <time>2010-07-31T07:19:13Z</time>
</trkpt>
<trkpt lat="53.478137981" lon="50.408012392">
  <ele>51.061001</ele>
  <time>2010-07-31T07:19:14Z</time>
</trkpt>
<trkpt lat="53.478252394" lon="50.408115406">
  <ele>51.058998</ele>
  <time>2010-07-31T07:19:15Z</time>
</trkpt>
<trkpt lat="53.478374518" lon="50.408218419">
  <ele>51.026001</ele>
  <time>2010-07-31T07:19:16Z</time>
</trkpt>
<trkpt lat="53.478492703" lon="50.408317577">
  <ele>51.021000</ele>
  <time>2010-07-31T07:19:17Z</time>
</trkpt>
<trkpt lat="53.478610972" lon="50.408420591">
  <ele>50.992001</ele>
  <time>2010-07-31T07:19:18Z</time>
</trkpt>
<trkpt lat="53.478725469" lon="50.408523520">
  <ele>50.918999</ele>
  <time>2010-07-31T07:19:19Z</time>
</trkpt>
<trkpt lat="53.478839882" lon="50.408626534">
  <ele>50.734001</ele>
  <time>2010-07-31T07:19:20Z</time>
</trkpt>
<trkpt lat="53.478958150" lon="50.408729548">
  <ele>50.660000</ele>
  <time>2010-07-31T07:19:21Z</time>
</trkpt>
<trkpt lat="53.479076419" lon="50.408832561">
  <ele>50.651001</ele>
  <time>2010-07-31T07:19:22Z</time>
</trkpt>
<trkpt lat="53.479194604" lon="50.408935575">
  <ele>50.382000</ele>
  <time>2010-07-31T07:19:23Z</time>
</trkpt>
<trkpt lat="53.479312873" lon="50.409038505">
  <ele>50.220001</ele>
  <time>2010-07-31T07:19:24Z</time>
</trkpt>
<trkpt lat="53.479431141" lon="50.409145374">
  <ele>50.037998</ele>
  <time>2010-07-31T07:19:25Z</time>
</trkpt>
<trkpt lat="53.479553182" lon="50.409256015">
  <ele>49.955002</ele>
  <time>2010-07-31T07:19:26Z</time>
</trkpt>
<trkpt lat="53.479679078" lon="50.409366572">
  <ele>49.790001</ele>
  <time>2010-07-31T07:19:27Z</time>
</trkpt>
<trkpt lat="53.479804974" lon="50.409473442">
  <ele>49.912998</ele>
  <time>2010-07-31T07:19:28Z</time>
</trkpt>
<trkpt lat="53.479938498" lon="50.409580227">
  <ele>49.967999</ele>
  <time>2010-07-31T07:19:29Z</time>
</trkpt>
<trkpt lat="53.480068166" lon="50.409690868">
  <ele>49.919998</ele>
  <time>2010-07-31T07:19:30Z</time>
</trkpt>
<trkpt lat="53.480197918" lon="50.409801509">
  <ele>49.955002</ele>
  <time>2010-07-31T07:19:31Z</time>
</trkpt>
<trkpt lat="53.480323814" lon="50.409915922">
  <ele>49.780998</ele>
  <time>2010-07-31T07:19:32Z</time>
</trkpt>
<trkpt lat="53.480453482" lon="50.410026563">
  <ele>49.812000</ele>
  <time>2010-07-31T07:19:33Z</time>
</trkpt>
<trkpt lat="53.480579378" lon="50.410137204">
  <ele>49.779999</ele>
  <time>2010-07-31T07:19:34Z</time>
</trkpt>
<trkpt lat="53.480705274" lon="50.410247762">
  <ele>49.827999</ele>
  <time>2010-07-31T07:19:35Z</time>
</trkpt>
<trkpt lat="53.480827315" lon="50.410358403">
  <ele>49.792999</ele>
  <time>2010-07-31T07:19:36Z</time>
</trkpt>
<trkpt lat="53.480953211" lon="50.410469044">
  <ele>49.847000</ele>
  <time>2010-07-31T07:19:37Z</time>
</trkpt>
<trkpt lat="53.481082879" lon="50.410583457">
  <ele>49.915001</ele>
  <time>2010-07-31T07:19:38Z</time>
</trkpt>
<trkpt lat="53.481224030" lon="50.410701726">
  <ele>49.689999</ele>
  <time>2010-07-31T07:19:39Z</time>
</trkpt>
<trkpt lat="53.481376665" lon="50.410823850">
  <ele>49.950001</ele>
  <time>2010-07-31T07:19:40Z</time>
</trkpt>
<trkpt lat="53.481536843" lon="50.410961146">
  <ele>49.849998</ele>
  <time>2010-07-31T07:19:41Z</time>
</trkpt>
<trkpt lat="53.481712360" lon="50.411109924">
  <ele>49.639999</ele>
  <time>2010-07-31T07:19:42Z</time>
</trkpt>
<trkpt lat="53.481895421" lon="50.411273958">
  <ele>49.678001</ele>
  <time>2010-07-31T07:19:43Z</time>
</trkpt>
<trkpt lat="53.482082337" lon="50.411453247">
  <ele>49.597000</ele>
  <time>2010-07-31T07:19:44Z</time>
</trkpt>
<trkpt lat="53.482265482" lon="50.411636392">
  <ele>49.342999</ele>
  <time>2010-07-31T07:19:45Z</time>
</trkpt>
<trkpt lat="53.482448542" lon="50.411811825">
  <ele>49.384998</ele>
  <time>2010-07-31T07:19:46Z</time>
</trkpt>
<trkpt lat="53.482631687" lon="50.411972087">
  <ele>49.514000</ele>
  <time>2010-07-31T07:19:47Z</time>
</trkpt>
<trkpt lat="53.482810976" lon="50.412128409">
  <ele>49.673000</ele>
  <time>2010-07-31T07:19:48Z</time>
</trkpt>
<trkpt lat="53.482986409" lon="50.412277188">
  <ele>49.660000</ele>
  <time>2010-07-31T07:19:49Z</time>
</trkpt>
<trkpt lat="53.483161926" lon="50.412425967">
  <ele>49.793999</ele>
  <time>2010-07-31T07:19:50Z</time>
</trkpt>
<trkpt lat="53.483333588" lon="50.412578601">
  <ele>49.662998</ele>
  <time>2010-07-31T07:19:51Z</time>
</trkpt>
<trkpt lat="53.483501393" lon="50.412731152">
  <ele>49.689999</ele>
  <time>2010-07-31T07:19:52Z</time>
</trkpt>
<trkpt lat="53.483676910" lon="50.412887558">
  <ele>49.782001</ele>
  <time>2010-07-31T07:19:53Z</time>
</trkpt>
<trkpt lat="53.483860055" lon="50.413043965">
  <ele>49.831001</ele>
  <time>2010-07-31T07:19:54Z</time>
</trkpt>
<trkpt lat="53.484046971" lon="50.413192743">
  <ele>49.854000</ele>
  <time>2010-07-31T07:19:55Z</time>
</trkpt>
<trkpt lat="53.484233888" lon="50.413341522">
  <ele>49.750999</ele>
  <time>2010-07-31T07:19:56Z</time>
</trkpt>
<trkpt lat="53.484420804" lon="50.413501700">
  <ele>49.759998</ele>
  <time>2010-07-31T07:19:57Z</time>
</trkpt>
<trkpt lat="53.484607721" lon="50.413658107">
  <ele>49.692001</ele>
  <time>2010-07-31T07:19:58Z</time>
</trkpt>
<trkpt lat="53.484790782" lon="50.413825996">
  <ele>49.743000</ele>
  <time>2010-07-31T07:19:59Z</time>
</trkpt>
<trkpt lat="53.484970070" lon="50.414001429">
  <ele>49.743999</ele>
  <time>2010-07-31T07:20:00Z</time>
</trkpt>
<trkpt lat="53.485149359" lon="50.414180718">
  <ele>49.826000</ele>
  <time>2010-07-31T07:20:01Z</time>
</trkpt>
<trkpt lat="53.485324876" lon="50.414360007">
  <ele>49.432999</ele>
  <time>2010-07-31T07:20:02Z</time>
</trkpt>
<trkpt lat="53.485507937" lon="50.414527897">
  <ele>49.379002</ele>
  <time>2010-07-31T07:20:03Z</time>
</trkpt>
<trkpt lat="53.485691082" lon="50.414691931">
  <ele>49.533001</ele>
  <time>2010-07-31T07:20:04Z</time>
</trkpt>
<trkpt lat="53.485874142" lon="50.414855964">
  <ele>49.596001</ele>
  <time>2010-07-31T07:20:05Z</time>
</trkpt>
<trkpt lat="53.486053431" lon="50.415012371">
  <ele>49.620998</ele>
  <time>2010-07-31T07:20:06Z</time>
</trkpt>
<trkpt lat="53.486228948" lon="50.415164921">
  <ele>49.472000</ele>
  <time>2010-07-31T07:20:07Z</time>
</trkpt>
<trkpt lat="53.486404382" lon="50.415317556">
  <ele>49.314999</ele>
  <time>2010-07-31T07:20:08Z</time>
</trkpt>
<trkpt lat="53.486579899" lon="50.415470107">
  <ele>49.242001</ele>
  <time>2010-07-31T07:20:09Z</time>
</trkpt>
<trkpt lat="53.486755332" lon="50.415626513">
  <ele>49.210999</ele>
  <time>2010-07-31T07:20:10Z</time>
</trkpt>
<trkpt lat="53.486930849" lon="50.415786775">
  <ele>49.243000</ele>
  <time>2010-07-31T07:20:11Z</time>
</trkpt>
<trkpt lat="53.487106282" lon="50.415939325">
  <ele>49.237999</ele>
  <time>2010-07-31T07:20:12Z</time>
</trkpt>
<trkpt lat="53.487281799" lon="50.416091960">
  <ele>49.167000</ele>
  <time>2010-07-31T07:20:13Z</time>
</trkpt>
<trkpt lat="53.487457316" lon="50.416240655">
  <ele>49.298000</ele>
  <time>2010-07-31T07:20:14Z</time>
</trkpt>
<trkpt lat="53.487632750" lon="50.416397061">
  <ele>49.349998</ele>
  <time>2010-07-31T07:20:15Z</time>
</trkpt>
<trkpt lat="53.487808267" lon="50.416553468">
  <ele>49.289001</ele>
  <time>2010-07-31T07:20:16Z</time>
</trkpt>
<trkpt lat="53.487987556" lon="50.416709874">
  <ele>49.277000</ele>
  <time>2010-07-31T07:20:17Z</time>
</trkpt>
<trkpt lat="53.488170616" lon="50.416866280">
  <ele>49.429001</ele>
  <time>2010-07-31T07:20:18Z</time>
</trkpt>
<trkpt lat="53.488353761" lon="50.417022686">
  <ele>49.655998</ele>
  <time>2010-07-31T07:20:19Z</time>
</trkpt>
<trkpt lat="53.488540677" lon="50.417186720">
  <ele>49.575001</ele>
  <time>2010-07-31T07:20:20Z</time>
</trkpt>
<trkpt lat="53.488735221" lon="50.417346982">
  <ele>49.464001</ele>
  <time>2010-07-31T07:20:21Z</time>
</trkpt>
<trkpt lat="53.488929765" lon="50.417507160">
  <ele>49.366001</ele>
  <time>2010-07-31T07:20:22Z</time>
</trkpt>
<trkpt lat="53.489124309" lon="50.417671194">
  <ele>49.275002</ele>
  <time>2010-07-31T07:20:23Z</time>
</trkpt>
<trkpt lat="53.489318853" lon="50.417835228">
  <ele>49.200001</ele>
  <time>2010-07-31T07:20:24Z</time>
</trkpt>
<trkpt lat="53.489513397" lon="50.417999262">
  <ele>49.230000</ele>
  <time>2010-07-31T07:20:25Z</time>
</trkpt>
<trkpt lat="53.489704169" lon="50.418163296">
  <ele>49.209000</ele>
  <time>2010-07-31T07:20:26Z</time>
</trkpt>
<trkpt lat="53.489891086" lon="50.418327330">
  <ele>48.918999</ele>
  <time>2010-07-31T07:20:27Z</time>
</trkpt>
<trkpt lat="53.490081774" lon="50.418502847">
  <ele>48.793999</ele>
  <time>2010-07-31T07:20:28Z</time>
</trkpt>
<trkpt lat="53.490272546" lon="50.418678280">
  <ele>48.830002</ele>
  <time>2010-07-31T07:20:29Z</time>
</trkpt>
<trkpt lat="53.490463234" lon="50.418857569">
  <ele>48.655998</ele>
  <time>2010-07-31T07:20:30Z</time>
</trkpt>
<trkpt lat="53.490661634" lon="50.419036858">
  <ele>48.346001</ele>
  <time>2010-07-31T07:20:31Z</time>
</trkpt>
<trkpt lat="53.490863806" lon="50.419220002">
  <ele>48.263000</ele>
  <time>2010-07-31T07:20:32Z</time>
</trkpt>
<trkpt lat="53.491062205" lon="50.419391664">
  <ele>48.125000</ele>
  <time>2010-07-31T07:20:33Z</time>
</trkpt>
<trkpt lat="53.491260521" lon="50.419567097">
  <ele>47.943001</ele>
  <time>2010-07-31T07:20:34Z</time>
</trkpt>
<trkpt lat="53.491455065" lon="50.419734986">
  <ele>48.084999</ele>
  <time>2010-07-31T07:20:35Z</time>
</trkpt>
<trkpt lat="53.491649609" lon="50.419902792">
  <ele>48.063000</ele>
  <time>2010-07-31T07:20:36Z</time>
</trkpt>
<trkpt lat="53.491836525" lon="50.420066826">
  <ele>47.748001</ele>
  <time>2010-07-31T07:20:37Z</time>
</trkpt>
<trkpt lat="53.492027298" lon="50.420234716">
  <ele>47.713001</ele>
  <time>2010-07-31T07:20:38Z</time>
</trkpt>
<trkpt lat="53.492217986" lon="50.420402521">
  <ele>47.549999</ele>
  <time>2010-07-31T07:20:39Z</time>
</trkpt>
<trkpt lat="53.492408758" lon="50.420574183">
  <ele>47.639000</ele>
  <time>2010-07-31T07:20:40Z</time>
</trkpt>
<trkpt lat="53.492599446" lon="50.420738216">
  <ele>47.535000</ele>
  <time>2010-07-31T07:20:41Z</time>
</trkpt>
<trkpt lat="53.492790218" lon="50.420906106">
  <ele>47.426998</ele>
  <time>2010-07-31T07:20:42Z</time>
</trkpt>
<trkpt lat="53.492980991" lon="50.421070140">
  <ele>47.298000</ele>
  <time>2010-07-31T07:20:43Z</time>
</trkpt>
<trkpt lat="53.493171679" lon="50.421241801">
  <ele>47.431999</ele>
  <time>2010-07-31T07:20:44Z</time>
</trkpt>
<trkpt lat="53.493366223" lon="50.421417234">
  <ele>47.703999</ele>
  <time>2010-07-31T07:20:45Z</time>
</trkpt>
<trkpt lat="53.493564622" lon="50.421588896">
  <ele>47.868000</ele>
  <time>2010-07-31T07:20:46Z</time>
</trkpt>
<trkpt lat="53.493759166" lon="50.421760557">
  <ele>47.952999</ele>
  <time>2010-07-31T07:20:47Z</time>
</trkpt>
<trkpt lat="53.493953710" lon="50.421932219">
  <ele>48.011002</ele>
  <time>2010-07-31T07:20:48Z</time>
</trkpt>
<trkpt lat="53.494152110" lon="50.422107736">
  <ele>47.925999</ele>
  <time>2010-07-31T07:20:49Z</time>
</trkpt>
<trkpt lat="53.494350426" lon="50.422279397">
  <ele>47.901001</ele>
  <time>2010-07-31T07:20:50Z</time>
</trkpt>
<trkpt lat="53.494544970" lon="50.422454830">
  <ele>47.919998</ele>
  <time>2010-07-31T07:20:51Z</time>
</trkpt>
<trkpt lat="53.494739514" lon="50.422626492">
  <ele>47.870998</ele>
  <time>2010-07-31T07:20:52Z</time>
</trkpt>
<trkpt lat="53.494930286" lon="50.422798153">
  <ele>47.932999</ele>
  <time>2010-07-31T07:20:53Z</time>
</trkpt>
<trkpt lat="53.495124830" lon="50.422969814">
  <ele>47.939999</ele>
  <time>2010-07-31T07:20:54Z</time>
</trkpt>
<trkpt lat="53.495315518" lon="50.423137704">
  <ele>47.915001</ele>
  <time>2010-07-31T07:20:55Z</time>
</trkpt>
<trkpt lat="53.495506290" lon="50.423301738">
  <ele>48.015999</ele>
  <time>2010-07-31T07:20:56Z</time>
</trkpt>
<trkpt lat="53.495685579" lon="50.423461916">
  <ele>48.089001</ele>
  <time>2010-07-31T07:20:57Z</time>
</trkpt>
<trkpt lat="53.495853385" lon="50.423610695">
  <ele>48.235001</ele>
  <time>2010-07-31T07:20:58Z</time>
</trkpt>
<trkpt lat="53.496009791" lon="50.423747990">
  <ele>48.319000</ele>
  <time>2010-07-31T07:20:59Z</time>
</trkpt>
<trkpt lat="53.496154798" lon="50.423873886">
  <ele>48.539001</ele>
  <time>2010-07-31T07:21:00Z</time>
</trkpt>
<trkpt lat="53.496303577" lon="50.423999783">
  <ele>48.755001</ele>
  <time>2010-07-31T07:21:01Z</time>
</trkpt>
<trkpt lat="53.496440873" lon="50.424121823">
  <ele>48.865002</ele>
  <time>2010-07-31T07:21:02Z</time>
</trkpt>
<trkpt lat="53.496582024" lon="50.424247719">
  <ele>48.858002</ele>
  <time>2010-07-31T07:21:03Z</time>
</trkpt>
<trkpt lat="53.496723175" lon="50.424373616">
  <ele>48.846001</ele>
  <time>2010-07-31T07:21:04Z</time>
</trkpt>
<trkpt lat="53.496868098" lon="50.424499512">
  <ele>48.879002</ele>
  <time>2010-07-31T07:21:05Z</time>
</trkpt>
<trkpt lat="53.497013105" lon="50.424629180">
  <ele>48.768002</ele>
  <time>2010-07-31T07:21:06Z</time>
</trkpt>
<trkpt lat="53.497158028" lon="50.424758932">
  <ele>48.665001</ele>
  <time>2010-07-31T07:21:07Z</time>
</trkpt>
<trkpt lat="53.497306807" lon="50.424888600">
  <ele>48.583000</ele>
  <time>2010-07-31T07:21:08Z</time>
</trkpt>
<trkpt lat="53.497455586" lon="50.425018352">
  <ele>48.540001</ele>
  <time>2010-07-31T07:21:09Z</time>
</trkpt>
<trkpt lat="53.497608220" lon="50.425151791">
  <ele>48.727001</ele>
  <time>2010-07-31T07:21:10Z</time>
</trkpt>
<trkpt lat="53.497756999" lon="50.425277688">
  <ele>48.597000</ele>
  <time>2010-07-31T07:21:11Z</time>
</trkpt>
<trkpt lat="53.497905694" lon="50.425407439">
  <ele>48.974998</ele>
  <time>2010-07-31T07:21:12Z</time>
</trkpt>
<trkpt lat="53.498058328" lon="50.425533336">
  <ele>49.130001</ele>
  <time>2010-07-31T07:21:13Z</time>
</trkpt>
<trkpt lat="53.498210879" lon="50.425666776">
  <ele>49.181000</ele>
  <time>2010-07-31T07:21:14Z</time>
</trkpt>
<trkpt lat="53.498367285" lon="50.425796527">
  <ele>49.262001</ele>
  <time>2010-07-31T07:21:15Z</time>
</trkpt>
<trkpt lat="53.498519920" lon="50.425926195">
  <ele>49.286999</ele>
  <time>2010-07-31T07:21:16Z</time>
</trkpt>
<trkpt lat="53.498676326" lon="50.426055947">
  <ele>49.369999</ele>
  <time>2010-07-31T07:21:17Z</time>
</trkpt>
<trkpt lat="53.498828877" lon="50.426189387">
  <ele>49.558998</ele>
  <time>2010-07-31T07:21:18Z</time>
</trkpt>
<trkpt lat="53.498981511" lon="50.426319139">
  <ele>49.823002</ele>
  <time>2010-07-31T07:21:19Z</time>
</trkpt>
<trkpt lat="53.499134062" lon="50.426445035">
  <ele>49.945999</ele>
  <time>2010-07-31T07:21:20Z</time>
</trkpt>
<trkpt lat="53.499286612" lon="50.426578559">
  <ele>49.730000</ele>
  <time>2010-07-31T07:21:21Z</time>
</trkpt>
<trkpt lat="53.499439247" lon="50.426715855">
  <ele>49.686001</ele>
  <time>2010-07-31T07:21:22Z</time>
</trkpt>
<trkpt lat="53.499591798" lon="50.426853150">
  <ele>49.653000</ele>
  <time>2010-07-31T07:21:23Z</time>
</trkpt>
<trkpt lat="53.499740576" lon="50.426986674">
  <ele>49.358002</ele>
  <time>2010-07-31T07:21:24Z</time>
</trkpt>
<trkpt lat="53.499893211" lon="50.427120198">
  <ele>49.386002</ele>
  <time>2010-07-31T07:21:25Z</time>
</trkpt>
<trkpt lat="53.500038134" lon="50.427253721">
  <ele>49.577999</ele>
  <time>2010-07-31T07:21:26Z</time>
</trkpt>
<trkpt lat="53.500183141" lon="50.427387245">
  <ele>49.610001</ele>
  <time>2010-07-31T07:21:27Z</time>
</trkpt>
<trkpt lat="53.500331920" lon="50.427520769">
  <ele>49.763000</ele>
  <time>2010-07-31T07:21:28Z</time>
</trkpt>
<trkpt lat="53.500484470" lon="50.427650437">
  <ele>49.754002</ele>
  <time>2010-07-31T07:21:29Z</time>
</trkpt>
<trkpt lat="53.500637021" lon="50.427783960">
  <ele>49.719002</ele>
  <time>2010-07-31T07:21:30Z</time>
</trkpt>
<trkpt lat="53.500793427" lon="50.427925112">
  <ele>49.806999</ele>
  <time>2010-07-31T07:21:31Z</time>
</trkpt>
<trkpt lat="53.500953689" lon="50.428062407">
  <ele>49.754002</ele>
  <time>2010-07-31T07:21:32Z</time>
</trkpt>
<trkpt lat="53.501117723" lon="50.428203559">
  <ele>49.723999</ele>
  <time>2010-07-31T07:21:33Z</time>
</trkpt>
<trkpt lat="53.501277901" lon="50.428340938">
  <ele>49.887001</ele>
  <time>2010-07-31T07:21:34Z</time>
</trkpt>
<trkpt lat="53.501438163" lon="50.428482089">
  <ele>49.907001</ele>
  <time>2010-07-31T07:21:35Z</time>
</trkpt>
<trkpt lat="53.501602197" lon="50.428627012">
  <ele>49.865002</ele>
  <time>2010-07-31T07:21:36Z</time>
</trkpt>
<trkpt lat="53.501762375" lon="50.428771935">
  <ele>49.724998</ele>
  <time>2010-07-31T07:21:37Z</time>
</trkpt>
<trkpt lat="53.501926409" lon="50.428916942">
  <ele>49.799999</ele>
  <time>2010-07-31T07:21:38Z</time>
</trkpt>
<trkpt lat="53.502086671" lon="50.429058094">
  <ele>49.764999</ele>
  <time>2010-07-31T07:21:39Z</time>
</trkpt>
<trkpt lat="53.502246849" lon="50.429203017">
  <ele>49.747002</ele>
  <time>2010-07-31T07:21:40Z</time>
</trkpt>
<trkpt lat="53.502407111" lon="50.429348024">
  <ele>49.542999</ele>
  <time>2010-07-31T07:21:41Z</time>
</trkpt>
<trkpt lat="53.502574917" lon="50.429489175">
  <ele>49.333000</ele>
  <time>2010-07-31T07:21:42Z</time>
</trkpt>
<trkpt lat="53.502738951" lon="50.429634098">
  <ele>49.000000</ele>
  <time>2010-07-31T07:21:43Z</time>
</trkpt>
<trkpt lat="53.502906840" lon="50.429782877">
  <ele>48.730000</ele>
  <time>2010-07-31T07:21:44Z</time>
</trkpt>
<trkpt lat="53.503070790" lon="50.429931656">
  <ele>48.631001</ele>
  <time>2010-07-31T07:21:45Z</time>
</trkpt>
<trkpt lat="53.503238680" lon="50.430076579">
  <ele>48.228001</ele>
  <time>2010-07-31T07:21:46Z</time>
</trkpt>
<trkpt lat="53.503406486" lon="50.430221586">
  <ele>47.889000</ele>
  <time>2010-07-31T07:21:47Z</time>
</trkpt>
<trkpt lat="53.503574375" lon="50.430370364">
  <ele>47.825001</ele>
  <time>2010-07-31T07:21:48Z</time>
</trkpt>
<trkpt lat="53.503746036" lon="50.430522915">
  <ele>47.612999</ele>
  <time>2010-07-31T07:21:49Z</time>
</trkpt>
<trkpt lat="53.503917698" lon="50.430675466">
  <ele>47.380001</ele>
  <time>2010-07-31T07:21:50Z</time>
</trkpt>
<trkpt lat="53.504089359" lon="50.430824244">
  <ele>47.271000</ele>
  <time>2010-07-31T07:21:51Z</time>
</trkpt>
<trkpt lat="53.504257165" lon="50.430973023">
  <ele>47.301998</ele>
  <time>2010-07-31T07:21:52Z</time>
</trkpt>
<trkpt lat="53.504428826" lon="50.431121802">
  <ele>47.113998</ele>
  <time>2010-07-31T07:21:53Z</time>
</trkpt>
<trkpt lat="53.504600488" lon="50.431274436">
  <ele>46.952000</ele>
  <time>2010-07-31T07:21:54Z</time>
</trkpt>
<trkpt lat="53.504772149" lon="50.431423215">
  <ele>46.952999</ele>
  <time>2010-07-31T07:21:55Z</time>
</trkpt>
<trkpt lat="53.504943810" lon="50.431579622">
  <ele>46.932999</ele>
  <time>2010-07-31T07:21:56Z</time>
</trkpt>
<trkpt lat="53.505115472" lon="50.431728400">
  <ele>47.000000</ele>
  <time>2010-07-31T07:21:57Z</time>
</trkpt>
<trkpt lat="53.505290989" lon="50.431880951">
  <ele>47.054001</ele>
  <time>2010-07-31T07:21:58Z</time>
</trkpt>
<trkpt lat="53.505466422" lon="50.432033502">
  <ele>46.963001</ele>
  <time>2010-07-31T07:21:59Z</time>
</trkpt>
<trkpt lat="53.505641939" lon="50.432189908">
  <ele>47.153000</ele>
  <time>2010-07-31T07:22:00Z</time>
</trkpt>
<trkpt lat="53.505817372" lon="50.432346314">
  <ele>47.191002</ele>
  <time>2010-07-31T07:22:01Z</time>
</trkpt>
<trkpt lat="53.505996745" lon="50.432498949">
  <ele>47.137001</ele>
  <time>2010-07-31T07:22:02Z</time>
</trkpt>
<trkpt lat="53.506172178" lon="50.432655355">
  <ele>47.188999</ele>
  <time>2010-07-31T07:22:03Z</time>
</trkpt>
<trkpt lat="53.506351467" lon="50.432811761">
  <ele>47.148998</ele>
  <time>2010-07-31T07:22:04Z</time>
</trkpt>
<trkpt lat="53.506530756" lon="50.432968168">
  <ele>47.146000</ele>
  <time>2010-07-31T07:22:05Z</time>
</trkpt>
<trkpt lat="53.506710045" lon="50.433128346">
  <ele>47.067001</ele>
  <time>2010-07-31T07:22:06Z</time>
</trkpt>
<trkpt lat="53.506893190" lon="50.433288608">
  <ele>47.042000</ele>
  <time>2010-07-31T07:22:07Z</time>
</trkpt>
<trkpt lat="53.507072479" lon="50.433445014">
  <ele>47.025002</ele>
  <time>2010-07-31T07:22:08Z</time>
</trkpt>
<trkpt lat="53.507251767" lon="50.433605192">
  <ele>47.110001</ele>
  <time>2010-07-31T07:22:09Z</time>
</trkpt>
<trkpt lat="53.507431056" lon="50.433761599">
  <ele>47.219002</ele>
  <time>2010-07-31T07:22:10Z</time>
</trkpt>
<trkpt lat="53.507606490" lon="50.433921777">
  <ele>47.198002</ele>
  <time>2010-07-31T07:22:11Z</time>
</trkpt>
<trkpt lat="53.507785778" lon="50.434078183">
  <ele>47.042999</ele>
  <time>2010-07-31T07:22:12Z</time>
</trkpt>
<trkpt lat="53.507957440" lon="50.434230817">
  <ele>47.029999</ele>
  <time>2010-07-31T07:22:13Z</time>
</trkpt>
<trkpt lat="53.508125329" lon="50.434383368">
  <ele>46.895000</ele>
  <time>2010-07-31T07:22:14Z</time>
</trkpt>
<trkpt lat="53.508296991" lon="50.434539774">
  <ele>46.890999</ele>
  <time>2010-07-31T07:22:15Z</time>
</trkpt>
<trkpt lat="53.508468652" lon="50.434700036">
  <ele>46.925999</ele>
  <time>2010-07-31T07:22:16Z</time>
</trkpt>
<trkpt lat="53.508644085" lon="50.434852587">
  <ele>46.854000</ele>
  <time>2010-07-31T07:22:17Z</time>
</trkpt>
<trkpt lat="53.508815747" lon="50.435005222">
  <ele>46.759998</ele>
  <time>2010-07-31T07:22:18Z</time>
</trkpt>
<trkpt lat="53.508987408" lon="50.435157772">
  <ele>46.644001</ele>
  <time>2010-07-31T07:22:19Z</time>
</trkpt>
<trkpt lat="53.509159070" lon="50.435306551">
  <ele>46.460999</ele>
  <time>2010-07-31T07:22:20Z</time>
</trkpt>
<trkpt lat="53.509330731" lon="50.435459102">
  <ele>46.452000</ele>
  <time>2010-07-31T07:22:21Z</time>
</trkpt>
<trkpt lat="53.509502392" lon="50.435611736">
  <ele>46.603001</ele>
  <time>2010-07-31T07:22:22Z</time>
</trkpt>
<trkpt lat="53.509674054" lon="50.435764287">
  <ele>46.541000</ele>
  <time>2010-07-31T07:22:23Z</time>
</trkpt>
<trkpt lat="53.509845715" lon="50.435916921">
  <ele>46.331001</ele>
  <time>2010-07-31T07:22:24Z</time>
</trkpt>
<trkpt lat="53.510017376" lon="50.436065700">
  <ele>46.118999</ele>
  <time>2010-07-31T07:22:25Z</time>
</trkpt>
<trkpt lat="53.510189038" lon="50.436218251">
  <ele>46.106998</ele>
  <time>2010-07-31T07:22:26Z</time>
</trkpt>
<trkpt lat="53.510356927" lon="50.436370885">
  <ele>46.064999</ele>
  <time>2010-07-31T07:22:27Z</time>
</trkpt>
<trkpt lat="53.510528589" lon="50.436523436">
  <ele>46.147999</ele>
  <time>2010-07-31T07:22:28Z</time>
</trkpt>
<trkpt lat="53.510700250" lon="50.436675986">
  <ele>46.160999</ele>
  <time>2010-07-31T07:22:29Z</time>
</trkpt>
<trkpt lat="53.510871911" lon="50.436828621">
  <ele>46.200001</ele>
  <time>2010-07-31T07:22:30Z</time>
</trkpt>
<trkpt lat="53.511043573" lon="50.436985027">
  <ele>46.102001</ele>
  <time>2010-07-31T07:22:31Z</time>
</trkpt>
<trkpt lat="53.511215234" lon="50.437145205">
  <ele>46.146000</ele>
  <time>2010-07-31T07:22:32Z</time>
</trkpt>
<trkpt lat="53.511390667" lon="50.437309239">
  <ele>46.112000</ele>
  <time>2010-07-31T07:22:33Z</time>
</trkpt>
<trkpt lat="53.511566184" lon="50.437477129">
  <ele>45.875999</ele>
  <time>2010-07-31T07:22:34Z</time>
</trkpt>
<trkpt lat="53.511741618" lon="50.437648790">
  <ele>45.854000</ele>
  <time>2010-07-31T07:22:35Z</time>
</trkpt>
<trkpt lat="53.511920907" lon="50.437831851">
  <ele>45.775002</ele>
  <time>2010-07-31T07:22:36Z</time>
</trkpt>
<trkpt lat="53.512100196" lon="50.438018767">
  <ele>45.682999</ele>
  <time>2010-07-31T07:22:37Z</time>
</trkpt>
<trkpt lat="53.512279484" lon="50.438213311">
  <ele>45.465000</ele>
  <time>2010-07-31T07:22:38Z</time>
</trkpt>
<trkpt lat="53.512458773" lon="50.438411711">
  <ele>45.353001</ele>
  <time>2010-07-31T07:22:39Z</time>
</trkpt>
<trkpt lat="53.512638062" lon="50.438621510">
  <ele>45.125000</ele>
  <time>2010-07-31T07:22:40Z</time>
</trkpt>
<trkpt lat="53.512821207" lon="50.438835165">
  <ele>44.995998</ele>
  <time>2010-07-31T07:22:41Z</time>
</trkpt>
<trkpt lat="53.513000496" lon="50.439060219">
  <ele>44.814999</ele>
  <time>2010-07-31T07:22:42Z</time>
</trkpt>
<trkpt lat="53.513183556" lon="50.439285273">
  <ele>44.577000</ele>
  <time>2010-07-31T07:22:43Z</time>
</trkpt>
<trkpt lat="53.513366701" lon="50.439525582">
  <ele>44.500000</ele>
  <time>2010-07-31T07:22:44Z</time>
</trkpt>
<trkpt lat="53.513549846" lon="50.439769747">
  <ele>44.398998</ele>
  <time>2010-07-31T07:22:45Z</time>
</trkpt>
<trkpt lat="53.513729135" lon="50.440013912">
  <ele>44.273998</ele>
  <time>2010-07-31T07:22:46Z</time>
</trkpt>
<trkpt lat="53.513912195" lon="50.440265620">
  <ele>44.056000</ele>
  <time>2010-07-31T07:22:47Z</time>
</trkpt>
<trkpt lat="53.514091484" lon="50.440521268">
  <ele>43.700001</ele>
  <time>2010-07-31T07:22:48Z</time>
</trkpt>
<trkpt lat="53.514267001" lon="50.440780604">
  <ele>43.284000</ele>
  <time>2010-07-31T07:22:49Z</time>
</trkpt>
<trkpt lat="53.514442435" lon="50.441040024">
  <ele>43.202000</ele>
  <time>2010-07-31T07:22:50Z</time>
</trkpt>
<trkpt lat="53.514610324" lon="50.441299444">
  <ele>43.388000</ele>
  <time>2010-07-31T07:22:51Z</time>
</trkpt>
<trkpt lat="53.514778130" lon="50.441562636">
  <ele>43.404999</ele>
  <time>2010-07-31T07:22:52Z</time>
</trkpt>
<trkpt lat="53.514942164" lon="50.441833455">
  <ele>43.293999</ele>
  <time>2010-07-31T07:22:53Z</time>
</trkpt>
<trkpt lat="53.515102426" lon="50.442100503">
  <ele>43.223999</ele>
  <time>2010-07-31T07:22:54Z</time>
</trkpt>
<trkpt lat="53.515258748" lon="50.442371406">
  <ele>43.021000</ele>
  <time>2010-07-31T07:22:55Z</time>
</trkpt>
<trkpt lat="53.515411383" lon="50.442638369">
  <ele>42.849998</ele>
  <time>2010-07-31T07:22:56Z</time>
</trkpt>
<trkpt lat="53.515560161" lon="50.442901645">
  <ele>42.685001</ele>
  <time>2010-07-31T07:22:57Z</time>
</trkpt>
<trkpt lat="53.515705084" lon="50.443172464">
  <ele>42.618999</ele>
  <time>2010-07-31T07:22:58Z</time>
</trkpt>
<trkpt lat="53.515850091" lon="50.443443283">
  <ele>42.720001</ele>
  <time>2010-07-31T07:22:59Z</time>
</trkpt>
<trkpt lat="53.515991243" lon="50.443717958">
  <ele>42.652000</ele>
  <time>2010-07-31T07:23:00Z</time>
</trkpt>
<trkpt lat="53.516128538" lon="50.443988778">
  <ele>42.602001</ele>
  <time>2010-07-31T07:23:01Z</time>
</trkpt>
<trkpt lat="53.516262062" lon="50.444263453">
  <ele>42.566002</ele>
  <time>2010-07-31T07:23:02Z</time>
</trkpt>
<trkpt lat="53.516391730" lon="50.444534272">
  <ele>42.737999</ele>
  <time>2010-07-31T07:23:03Z</time>
</trkpt>
<trkpt lat="53.516517626" lon="50.444805175">
  <ele>42.723000</ele>
  <time>2010-07-31T07:23:04Z</time>
</trkpt>
<trkpt lat="53.516639750" lon="50.445072139">
  <ele>42.605000</ele>
  <time>2010-07-31T07:23:05Z</time>
</trkpt>
<trkpt lat="53.516754163" lon="50.445339186">
  <ele>42.577000</ele>
  <time>2010-07-31T07:23:06Z</time>
</trkpt>
<trkpt lat="53.516872432" lon="50.445606234">
  <ele>42.494999</ele>
  <time>2010-07-31T07:23:07Z</time>
</trkpt>
<trkpt lat="53.516990701" lon="50.445873281">
  <ele>42.719002</ele>
  <time>2010-07-31T07:23:08Z</time>
</trkpt>
<trkpt lat="53.517108886" lon="50.446136473">
  <ele>42.777000</ele>
  <time>2010-07-31T07:23:09Z</time>
</trkpt>
<trkpt lat="53.517227154" lon="50.446407292">
  <ele>42.556000</ele>
  <time>2010-07-31T07:23:10Z</time>
</trkpt>
<trkpt lat="53.517341651" lon="50.446681967">
  <ele>42.654999</ele>
  <time>2010-07-31T07:23:11Z</time>
</trkpt>
<trkpt lat="53.517463692" lon="50.446956642">
  <ele>42.752998</ele>
  <time>2010-07-31T07:23:12Z</time>
</trkpt>
<trkpt lat="53.517581960" lon="50.447235089">
  <ele>42.819000</ele>
  <time>2010-07-31T07:23:13Z</time>
</trkpt>
<trkpt lat="53.517700229" lon="50.447517391">
  <ele>42.624001</ele>
  <time>2010-07-31T07:23:14Z</time>
</trkpt>
<trkpt lat="53.517822269" lon="50.447803466">
  <ele>42.513000</ele>
  <time>2010-07-31T07:23:15Z</time>
</trkpt>
<trkpt lat="53.517944310" lon="50.448093396">
  <ele>42.526001</ele>
  <time>2010-07-31T07:23:16Z</time>
</trkpt>
<trkpt lat="53.518070206" lon="50.448387181">
  <ele>42.523998</ele>
  <time>2010-07-31T07:23:17Z</time>
</trkpt>
<trkpt lat="53.518196102" lon="50.448680883">
  <ele>42.452000</ele>
  <time>2010-07-31T07:23:18Z</time>
</trkpt>
<trkpt lat="53.518321998" lon="50.448978441">
  <ele>42.409000</ele>
  <time>2010-07-31T07:23:19Z</time>
</trkpt>
<trkpt lat="53.518451666" lon="50.449275998">
  <ele>42.313000</ele>
  <time>2010-07-31T07:23:20Z</time>
</trkpt>
<trkpt lat="53.518585190" lon="50.449584955">
  <ele>42.431999</ele>
  <time>2010-07-31T07:23:21Z</time>
</trkpt>
<trkpt lat="53.518714942" lon="50.449893912">
  <ele>42.320000</ele>
  <time>2010-07-31T07:23:22Z</time>
</trkpt>
<trkpt lat="53.518852238" lon="50.450206725">
  <ele>42.174000</ele>
  <time>2010-07-31T07:23:23Z</time>
</trkpt>
<trkpt lat="53.518985761" lon="50.450515766">
  <ele>42.124001</ele>
  <time>2010-07-31T07:23:24Z</time>
</trkpt>
<trkpt lat="53.519123057" lon="50.450828578">
  <ele>42.070000</ele>
  <time>2010-07-31T07:23:25Z</time>
</trkpt>
<trkpt lat="53.519256581" lon="50.451141391">
  <ele>42.134998</ele>
  <time>2010-07-31T07:23:26Z</time>
</trkpt>
<trkpt lat="53.519390104" lon="50.451450348">
  <ele>41.991001</ele>
  <time>2010-07-31T07:23:27Z</time>
</trkpt>
<trkpt lat="53.519523628" lon="50.451763161">
  <ele>41.903999</ele>
  <time>2010-07-31T07:23:28Z</time>
</trkpt>
<trkpt lat="53.519657152" lon="50.452075973">
  <ele>41.969002</ele>
  <time>2010-07-31T07:23:29Z</time>
</trkpt>
<trkpt lat="53.519786820" lon="50.452384930">
  <ele>41.814999</ele>
  <time>2010-07-31T07:23:30Z</time>
</trkpt>
<trkpt lat="53.519916572" lon="50.452686343">
  <ele>41.811001</ele>
  <time>2010-07-31T07:23:31Z</time>
</trkpt>
<trkpt lat="53.520042384" lon="50.452980045">
  <ele>41.898998</ele>
  <time>2010-07-31T07:23:32Z</time>
</trkpt>
<trkpt lat="53.520168280" lon="50.453269975">
  <ele>41.762001</ele>
  <time>2010-07-31T07:23:33Z</time>
</trkpt>
<trkpt lat="53.520290405" lon="50.453552278">
  <ele>41.942001</ele>
  <time>2010-07-31T07:23:34Z</time>
</trkpt>
<trkpt lat="53.520408589" lon="50.453830725">
  <ele>41.930000</ele>
  <time>2010-07-31T07:23:35Z</time>
</trkpt>
<trkpt lat="53.520526858" lon="50.454105400">
  <ele>42.154999</ele>
  <time>2010-07-31T07:23:36Z</time>
</trkpt>
<trkpt lat="53.520641355" lon="50.454376219">
  <ele>42.155998</ele>
  <time>2010-07-31T07:23:37Z</time>
</trkpt>
<trkpt lat="53.520755768" lon="50.454639411">
  <ele>42.287998</ele>
  <time>2010-07-31T07:23:38Z</time>
</trkpt>
<trkpt lat="53.520866409" lon="50.454895059">
  <ele>42.138000</ele>
  <time>2010-07-31T07:23:39Z</time>
</trkpt>
<trkpt lat="53.520973194" lon="50.455150623">
  <ele>42.228001</ele>
  <time>2010-07-31T07:23:40Z</time>
</trkpt>
<trkpt lat="53.521083836" lon="50.455402415">
  <ele>42.382999</ele>
  <time>2010-07-31T07:23:41Z</time>
</trkpt>
<trkpt lat="53.521198248" lon="50.455654124">
  <ele>42.199001</ele>
  <time>2010-07-31T07:23:42Z</time>
</trkpt>
<trkpt lat="53.521305118" lon="50.455909688">
  <ele>41.955002</ele>
  <time>2010-07-31T07:23:43Z</time>
</trkpt>
<trkpt lat="53.521419531" lon="50.456161480">
  <ele>41.841999</ele>
  <time>2010-07-31T07:23:44Z</time>
</trkpt>
<trkpt lat="53.521530172" lon="50.456420900">
  <ele>41.733002</ele>
  <time>2010-07-31T07:23:45Z</time>
</trkpt>
<trkpt lat="53.521640813" lon="50.456680320">
  <ele>41.616001</ele>
  <time>2010-07-31T07:23:46Z</time>
</trkpt>
<trkpt lat="53.521751370" lon="50.456943512">
  <ele>41.556000</ele>
  <time>2010-07-31T07:23:47Z</time>
</trkpt>
<trkpt lat="53.521865867" lon="50.457206704">
  <ele>41.610001</ele>
  <time>2010-07-31T07:23:48Z</time>
</trkpt>
<trkpt lat="53.521980280" lon="50.457469979">
  <ele>41.705002</ele>
  <time>2010-07-31T07:23:49Z</time>
</trkpt>
<trkpt lat="53.522098549" lon="50.457744570">
  <ele>41.944000</ele>
  <time>2010-07-31T07:23:50Z</time>
</trkpt>
<trkpt lat="53.522216817" lon="50.458019245">
  <ele>41.884998</ele>
  <time>2010-07-31T07:23:51Z</time>
</trkpt>
<trkpt lat="53.522335086" lon="50.458293920">
  <ele>41.931999</ele>
  <time>2010-07-31T07:23:52Z</time>
</trkpt>
<trkpt lat="53.522457127" lon="50.458572367">
  <ele>42.084000</ele>
  <time>2010-07-31T07:23:53Z</time>
</trkpt>
<trkpt lat="53.522579167" lon="50.458858525">
  <ele>42.403999</ele>
  <time>2010-07-31T07:23:54Z</time>
</trkpt>
<trkpt lat="53.522701291" lon="50.459140744">
  <ele>42.362000</ele>
  <time>2010-07-31T07:23:55Z</time>
</trkpt>
<trkpt lat="53.522823332" lon="50.459426902">
  <ele>42.361000</ele>
  <time>2010-07-31T07:23:56Z</time>
</trkpt>
<trkpt lat="53.522941601" lon="50.459705349">
  <ele>42.562000</ele>
  <time>2010-07-31T07:23:57Z</time>
</trkpt>
<trkpt lat="53.523059869" lon="50.459987652">
  <ele>42.591000</ele>
  <time>2010-07-31T07:23:58Z</time>
</trkpt>
<trkpt lat="53.523178138" lon="50.460262327">
  <ele>42.707001</ele>
  <time>2010-07-31T07:23:59Z</time>
</trkpt>
<trkpt lat="53.523296323" lon="50.460536918">
  <ele>42.865002</ele>
  <time>2010-07-31T07:24:00Z</time>
</trkpt>
<trkpt lat="53.523410819" lon="50.460807821">
  <ele>43.027000</ele>
  <time>2010-07-31T07:24:01Z</time>
</trkpt>
<trkpt lat="53.523525232" lon="50.461078640">
  <ele>43.120998</ele>
  <time>2010-07-31T07:24:02Z</time>
</trkpt>
<trkpt lat="53.523639645" lon="50.461353315">
  <ele>43.169998</ele>
  <time>2010-07-31T07:24:03Z</time>
</trkpt>
<trkpt lat="53.523750287" lon="50.461620362">
  <ele>43.206001</ele>
  <time>2010-07-31T07:24:04Z</time>
</trkpt>
<trkpt lat="53.523864783" lon="50.461887326">
  <ele>43.167999</ele>
  <time>2010-07-31T07:24:05Z</time>
</trkpt>
<trkpt lat="53.523982968" lon="50.462150602">
  <ele>43.256001</ele>
  <time>2010-07-31T07:24:06Z</time>
</trkpt>
<trkpt lat="53.524093609" lon="50.462409938">
  <ele>43.460999</ele>
  <time>2010-07-31T07:24:07Z</time>
</trkpt>
<trkpt lat="53.524208106" lon="50.462665586">
  <ele>43.492001</ele>
  <time>2010-07-31T07:24:08Z</time>
</trkpt>
<trkpt lat="53.524314892" lon="50.462913522">
  <ele>43.535999</ele>
  <time>2010-07-31T07:24:09Z</time>
</trkpt>
<trkpt lat="53.524421677" lon="50.463165315">
  <ele>43.533001</ele>
  <time>2010-07-31T07:24:10Z</time>
</trkpt>
<trkpt lat="53.524528462" lon="50.463413252">
  <ele>43.554001</ele>
  <time>2010-07-31T07:24:11Z</time>
</trkpt>
<trkpt lat="53.524639104" lon="50.463661188">
  <ele>43.658001</ele>
  <time>2010-07-31T07:24:12Z</time>
</trkpt>
<trkpt lat="53.524745973" lon="50.463912981">
  <ele>43.807999</ele>
  <time>2010-07-31T07:24:13Z</time>
</trkpt>
<trkpt lat="53.524852758" lon="50.464168545">
  <ele>43.793999</ele>
  <time>2010-07-31T07:24:14Z</time>
</trkpt>
<trkpt lat="53.524963399" lon="50.464416482">
  <ele>44.046001</ele>
  <time>2010-07-31T07:24:15Z</time>
</trkpt>
<trkpt lat="53.525074041" lon="50.464672130">
  <ele>44.429001</ele>
  <time>2010-07-31T07:24:16Z</time>
</trkpt>
<trkpt lat="53.525188453" lon="50.464927694">
  <ele>44.577000</ele>
  <time>2010-07-31T07:24:17Z</time>
</trkpt>
<trkpt lat="53.525302866" lon="50.465183258">
  <ele>44.908001</ele>
  <time>2010-07-31T07:24:18Z</time>
</trkpt>
<trkpt lat="53.525417363" lon="50.465442678">
  <ele>45.201000</ele>
  <time>2010-07-31T07:24:19Z</time>
</trkpt>
<trkpt lat="53.525531776" lon="50.465705870">
  <ele>45.245998</ele>
  <time>2010-07-31T07:24:20Z</time>
</trkpt>
<trkpt lat="53.525650045" lon="50.465976689">
  <ele>45.172001</ele>
  <time>2010-07-31T07:24:21Z</time>
</trkpt>
<trkpt lat="53.525768314" lon="50.466247592">
  <ele>45.113998</ele>
  <time>2010-07-31T07:24:22Z</time>
</trkpt>
<trkpt lat="53.525886498" lon="50.466522183">
  <ele>45.152000</ele>
  <time>2010-07-31T07:24:23Z</time>
</trkpt>
<trkpt lat="53.526008623" lon="50.466800714">
  <ele>45.158001</ele>
  <time>2010-07-31T07:24:24Z</time>
</trkpt>
<trkpt lat="53.526134519" lon="50.467079161">
  <ele>45.147999</ele>
  <time>2010-07-31T07:24:25Z</time>
</trkpt>
<trkpt lat="53.526256559" lon="50.467361463">
  <ele>45.064999</ele>
  <time>2010-07-31T07:24:26Z</time>
</trkpt>
<trkpt lat="53.526374828" lon="50.467639910">
  <ele>45.113998</ele>
  <time>2010-07-31T07:24:27Z</time>
</trkpt>
<trkpt lat="53.526496869" lon="50.467925984">
  <ele>45.273998</ele>
  <time>2010-07-31T07:24:28Z</time>
</trkpt>
<trkpt lat="53.526618993" lon="50.468208287">
  <ele>45.208000</ele>
  <time>2010-07-31T07:24:29Z</time>
</trkpt>
<trkpt lat="53.526741033" lon="50.468486818">
  <ele>45.502998</ele>
  <time>2010-07-31T07:24:30Z</time>
</trkpt>
<trkpt lat="53.526863074" lon="50.468769036">
  <ele>45.592999</ele>
  <time>2010-07-31T07:24:31Z</time>
</trkpt>
<trkpt lat="53.526985198" lon="50.469055194">
  <ele>45.789001</ele>
  <time>2010-07-31T07:24:32Z</time>
</trkpt>
<trkpt lat="53.527103383" lon="50.469333641">
  <ele>45.705002</ele>
  <time>2010-07-31T07:24:33Z</time>
</trkpt>
<trkpt lat="53.527225507" lon="50.469615944">
  <ele>45.653999</ele>
  <time>2010-07-31T07:24:34Z</time>
</trkpt>
<trkpt lat="53.527347548" lon="50.469898246">
  <ele>45.762001</ele>
  <time>2010-07-31T07:24:35Z</time>
</trkpt>
<trkpt lat="53.527469672" lon="50.470180549">
  <ele>45.798000</ele>
  <time>2010-07-31T07:24:36Z</time>
</trkpt>
<trkpt lat="53.527591713" lon="50.470458996">
  <ele>45.765999</ele>
  <time>2010-07-31T07:24:37Z</time>
</trkpt>
<trkpt lat="53.527713753" lon="50.470737442">
  <ele>45.876999</ele>
  <time>2010-07-31T07:24:38Z</time>
</trkpt>
<trkpt lat="53.527835878" lon="50.471019745">
  <ele>45.985001</ele>
  <time>2010-07-31T07:24:39Z</time>
</trkpt>
<trkpt lat="53.527957918" lon="50.471298192">
  <ele>46.109001</ele>
  <time>2010-07-31T07:24:40Z</time>
</trkpt>
<trkpt lat="53.528076187" lon="50.471576722">
  <ele>46.030998</ele>
  <time>2010-07-31T07:24:41Z</time>
</trkpt>
<trkpt lat="53.528194455" lon="50.471855169">
  <ele>46.071999</ele>
  <time>2010-07-31T07:24:42Z</time>
</trkpt>
<trkpt lat="53.528316496" lon="50.472137472">
  <ele>46.046001</ele>
  <time>2010-07-31T07:24:43Z</time>
</trkpt>
<trkpt lat="53.528434765" lon="50.472415918">
  <ele>46.035000</ele>
  <time>2010-07-31T07:24:44Z</time>
</trkpt>
<trkpt lat="53.528556805" lon="50.472694365">
  <ele>46.159000</ele>
  <time>2010-07-31T07:24:45Z</time>
</trkpt>
<trkpt lat="53.528671302" lon="50.472969040">
  <ele>46.054001</ele>
  <time>2010-07-31T07:24:46Z</time>
</trkpt>
<trkpt lat="53.528789487" lon="50.473239860">
  <ele>46.176998</ele>
  <time>2010-07-31T07:24:47Z</time>
</trkpt>
<trkpt lat="53.528903984" lon="50.473514535">
  <ele>46.298000</ele>
  <time>2010-07-31T07:24:48Z</time>
</trkpt>
<trkpt lat="53.529022252" lon="50.473789209">
  <ele>46.415001</ele>
  <time>2010-07-31T07:24:49Z</time>
</trkpt>
<trkpt lat="53.529140437" lon="50.474060029">
  <ele>46.430000</ele>
  <time>2010-07-31T07:24:50Z</time>
</trkpt>
<trkpt lat="53.529254934" lon="50.474323304">
  <ele>46.596001</ele>
  <time>2010-07-31T07:24:51Z</time>
</trkpt>
<trkpt lat="53.529373202" lon="50.474586496">
  <ele>46.633999</ele>
  <time>2010-07-31T07:24:52Z</time>
</trkpt>
<trkpt lat="53.529483760" lon="50.474849688">
  <ele>46.632000</ele>
  <time>2010-07-31T07:24:53Z</time>
</trkpt>
<trkpt lat="53.529598257" lon="50.475112880">
  <ele>46.627998</ele>
  <time>2010-07-31T07:24:54Z</time>
</trkpt>
<trkpt lat="53.529712670" lon="50.475376155">
  <ele>46.751999</ele>
  <time>2010-07-31T07:24:55Z</time>
</trkpt>
<trkpt lat="53.529823311" lon="50.475639347">
  <ele>46.640999</ele>
  <time>2010-07-31T07:24:56Z</time>
</trkpt>
<trkpt lat="53.529933952" lon="50.475902539">
  <ele>46.616001</ele>
  <time>2010-07-31T07:24:57Z</time>
</trkpt>
<trkpt lat="53.530048365" lon="50.476165731">
  <ele>46.625000</ele>
  <time>2010-07-31T07:24:58Z</time>
</trkpt>
<trkpt lat="53.530162778" lon="50.476432778">
  <ele>46.604000</ele>
  <time>2010-07-31T07:24:59Z</time>
</trkpt>
<trkpt lat="53.530281046" lon="50.476699825">
  <ele>46.687000</ele>
  <time>2010-07-31T07:25:00Z</time>
</trkpt>
<trkpt lat="53.530399315" lon="50.476974500">
  <ele>46.720001</ele>
  <time>2010-07-31T07:25:01Z</time>
</trkpt>
<trkpt lat="53.530517584" lon="50.477249175">
  <ele>46.912998</ele>
  <time>2010-07-31T07:25:02Z</time>
</trkpt>
<trkpt lat="53.530639624" lon="50.477527622">
  <ele>46.998001</ele>
  <time>2010-07-31T07:25:03Z</time>
</trkpt>
<trkpt lat="53.530757893" lon="50.477802297">
  <ele>47.068001</ele>
  <time>2010-07-31T07:25:04Z</time>
</trkpt>
<trkpt lat="53.530872306" lon="50.478076972">
  <ele>47.148998</ele>
  <time>2010-07-31T07:25:05Z</time>
</trkpt>
<trkpt lat="53.530986803" lon="50.478343936">
  <ele>47.391998</ele>
  <time>2010-07-31T07:25:06Z</time>
</trkpt>
<trkpt lat="53.531101216" lon="50.478607211">
  <ele>47.595001</ele>
  <time>2010-07-31T07:25:07Z</time>
</trkpt>
<trkpt lat="53.531211857" lon="50.478866547">
  <ele>47.560001</ele>
  <time>2010-07-31T07:25:08Z</time>
</trkpt>
<trkpt lat="53.531326270" lon="50.479122195">
  <ele>47.562000</ele>
  <time>2010-07-31T07:25:09Z</time>
</trkpt>
<trkpt lat="53.531433139" lon="50.479377760">
  <ele>47.589001</ele>
  <time>2010-07-31T07:25:10Z</time>
</trkpt>
<trkpt lat="53.531543696" lon="50.479633324">
  <ele>47.470001</ele>
  <time>2010-07-31T07:25:11Z</time>
</trkpt>
<trkpt lat="53.531650566" lon="50.479885116">
  <ele>47.485001</ele>
  <time>2010-07-31T07:25:12Z</time>
</trkpt>
<trkpt lat="53.531761207" lon="50.480136909">
  <ele>47.587002</ele>
  <time>2010-07-31T07:25:13Z</time>
</trkpt>
<trkpt lat="53.531867992" lon="50.480392473">
  <ele>47.683998</ele>
  <time>2010-07-31T07:25:14Z</time>
</trkpt>
<trkpt lat="53.531974778" lon="50.480648037">
  <ele>47.833000</ele>
  <time>2010-07-31T07:25:15Z</time>
</trkpt>
<trkpt lat="53.532085419" lon="50.480899829">
  <ele>48.138000</ele>
  <time>2010-07-31T07:25:16Z</time>
</trkpt>
<trkpt lat="53.532196060" lon="50.481155394">
  <ele>48.223000</ele>
  <time>2010-07-31T07:25:17Z</time>
</trkpt>
<trkpt lat="53.532310473" lon="50.481410958">
  <ele>48.189999</ele>
  <time>2010-07-31T07:25:18Z</time>
</trkpt>
<trkpt lat="53.532424886" lon="50.481670378">
  <ele>48.261002</ele>
  <time>2010-07-31T07:25:19Z</time>
</trkpt>
<trkpt lat="53.532539383" lon="50.481933570">
  <ele>48.356998</ele>
  <time>2010-07-31T07:25:20Z</time>
</trkpt>
<trkpt lat="53.532653796" lon="50.482208245">
  <ele>48.355000</ele>
  <time>2010-07-31T07:25:21Z</time>
</trkpt>
<trkpt lat="53.532772064" lon="50.482479064">
  <ele>48.494999</ele>
  <time>2010-07-31T07:25:22Z</time>
</trkpt>
<trkpt lat="53.532890333" lon="50.482757594">
  <ele>48.563999</ele>
  <time>2010-07-31T07:25:23Z</time>
</trkpt>
<trkpt lat="53.533012373" lon="50.483043669">
  <ele>48.581001</ele>
  <time>2010-07-31T07:25:24Z</time>
</trkpt>
<trkpt lat="53.533138270" lon="50.483333599">
  <ele>48.537998</ele>
  <time>2010-07-31T07:25:25Z</time>
</trkpt>
<trkpt lat="53.533264166" lon="50.483623529">
  <ele>48.547001</ele>
  <time>2010-07-31T07:25:26Z</time>
</trkpt>
<trkpt lat="53.533393834" lon="50.483917231">
  <ele>48.622002</ele>
  <time>2010-07-31T07:25:27Z</time>
</trkpt>
<trkpt lat="53.533523586" lon="50.484218560">
  <ele>48.516998</ele>
  <time>2010-07-31T07:25:28Z</time>
</trkpt>
<trkpt lat="53.533657109" lon="50.484523745">
  <ele>48.668999</ele>
  <time>2010-07-31T07:25:29Z</time>
</trkpt>
<trkpt lat="53.533786777" lon="50.484828930">
  <ele>48.810001</ele>
  <time>2010-07-31T07:25:30Z</time>
</trkpt>
<trkpt lat="53.533916445" lon="50.485126488">
  <ele>49.066002</ele>
  <time>2010-07-31T07:25:31Z</time>
</trkpt>
<trkpt lat="53.534042342" lon="50.485424045">
  <ele>49.166000</ele>
  <time>2010-07-31T07:25:32Z</time>
</trkpt>
<trkpt lat="53.534168238" lon="50.485713976">
  <ele>49.290001</ele>
  <time>2010-07-31T07:25:33Z</time>
</trkpt>
<trkpt lat="53.534290278" lon="50.486003906">
  <ele>49.250999</ele>
  <time>2010-07-31T07:25:34Z</time>
</trkpt>
<trkpt lat="53.534416175" lon="50.486289980">
  <ele>49.061001</ele>
  <time>2010-07-31T07:25:35Z</time>
</trkpt>
<trkpt lat="53.534538299" lon="50.486568427">
  <ele>48.794998</ele>
  <time>2010-07-31T07:25:36Z</time>
</trkpt>
<trkpt lat="53.534656484" lon="50.486843102">
  <ele>48.702000</ele>
  <time>2010-07-31T07:25:37Z</time>
</trkpt>
<trkpt lat="53.534774752" lon="50.487113921">
  <ele>48.757000</ele>
  <time>2010-07-31T07:25:38Z</time>
</trkpt>
<trkpt lat="53.534893021" lon="50.487377197">
  <ele>48.841999</ele>
  <time>2010-07-31T07:25:39Z</time>
</trkpt>
<trkpt lat="53.535007518" lon="50.487636533">
  <ele>48.627998</ele>
  <time>2010-07-31T07:25:40Z</time>
</trkpt>
<trkpt lat="53.535118075" lon="50.487888325">
  <ele>48.437000</ele>
  <time>2010-07-31T07:25:41Z</time>
</trkpt>
<trkpt lat="53.535224944" lon="50.488143889">
  <ele>48.362999</ele>
  <time>2010-07-31T07:25:42Z</time>
</trkpt>
<trkpt lat="53.535335502" lon="50.488395682">
  <ele>48.319000</ele>
  <time>2010-07-31T07:25:43Z</time>
</trkpt>
<trkpt lat="53.535442371" lon="50.488647474">
  <ele>48.327999</ele>
  <time>2010-07-31T07:25:44Z</time>
</trkpt>
<trkpt lat="53.535549156" lon="50.488895411">
  <ele>48.254002</ele>
  <time>2010-07-31T07:25:45Z</time>
</trkpt>
<trkpt lat="53.535655942" lon="50.489143347">
  <ele>48.158001</ele>
  <time>2010-07-31T07:25:46Z</time>
</trkpt>
<trkpt lat="53.535758955" lon="50.489387512">
  <ele>48.233002</ele>
  <time>2010-07-31T07:25:47Z</time>
</trkpt>
<trkpt lat="53.535865825" lon="50.489635449">
  <ele>48.221001</ele>
  <time>2010-07-31T07:25:48Z</time>
</trkpt>
<trkpt lat="53.535972610" lon="50.489883386">
  <ele>48.320000</ele>
  <time>2010-07-31T07:25:49Z</time>
</trkpt>
<trkpt lat="53.536079396" lon="50.490127550">
  <ele>48.278999</ele>
  <time>2010-07-31T07:25:50Z</time>
</trkpt>
<trkpt lat="53.536186181" lon="50.490371715">
  <ele>48.264000</ele>
  <time>2010-07-31T07:25:51Z</time>
</trkpt>
<trkpt lat="53.536293050" lon="50.490615880">
  <ele>48.299999</ele>
  <time>2010-07-31T07:25:52Z</time>
</trkpt>
<trkpt lat="53.536399836" lon="50.490859961">
  <ele>47.980000</ele>
  <time>2010-07-31T07:25:53Z</time>
</trkpt>
<trkpt lat="53.536506621" lon="50.491111754">
  <ele>48.285999</ele>
  <time>2010-07-31T07:25:54Z</time>
</trkpt>
<trkpt lat="53.536617262" lon="50.491363546">
  <ele>48.266998</ele>
  <time>2010-07-31T07:25:55Z</time>
</trkpt>
<trkpt lat="53.536727903" lon="50.491619110">
  <ele>48.300999</ele>
  <time>2010-07-31T07:25:56Z</time>
</trkpt>
<trkpt lat="53.536838545" lon="50.491878530">
  <ele>48.522999</ele>
  <time>2010-07-31T07:25:57Z</time>
</trkpt>
<trkpt lat="53.536949186" lon="50.492137950">
  <ele>48.630001</ele>
  <time>2010-07-31T07:25:58Z</time>
</trkpt>
<trkpt lat="53.537059743" lon="50.492397286">
  <ele>48.507999</ele>
  <time>2010-07-31T07:25:59Z</time>
</trkpt>
<trkpt lat="53.537170384" lon="50.492656706">
  <ele>48.396999</ele>
  <time>2010-07-31T07:26:00Z</time>
</trkpt>
<trkpt lat="53.537284881" lon="50.492919898">
  <ele>48.216999</ele>
  <time>2010-07-31T07:26:01Z</time>
</trkpt>
<trkpt lat="53.537399294" lon="50.493186945">
  <ele>48.032001</ele>
  <time>2010-07-31T07:26:02Z</time>
</trkpt>
<trkpt lat="53.537509935" lon="50.493450137">
  <ele>48.062000</ele>
  <time>2010-07-31T07:26:03Z</time>
</trkpt>
<trkpt lat="53.537620576" lon="50.493713412">
  <ele>48.054001</ele>
  <time>2010-07-31T07:26:04Z</time>
</trkpt>
<trkpt lat="53.537734989" lon="50.493976604">
  <ele>48.312000</ele>
  <time>2010-07-31T07:26:05Z</time>
</trkpt>
<trkpt lat="53.537841775" lon="50.494236024">
  <ele>48.430000</ele>
  <time>2010-07-31T07:26:06Z</time>
</trkpt>
<trkpt lat="53.537948644" lon="50.494491588">
  <ele>48.532001</ele>
  <time>2010-07-31T07:26:07Z</time>
</trkpt>
<trkpt lat="53.538055429" lon="50.494739525">
  <ele>48.421001</ele>
  <time>2010-07-31T07:26:08Z</time>
</trkpt>
<trkpt lat="53.538162215" lon="50.494979834">
  <ele>48.285000</ele>
  <time>2010-07-31T07:26:09Z</time>
</trkpt>
<trkpt lat="53.538265228" lon="50.495220143">
  <ele>48.289001</ele>
  <time>2010-07-31T07:26:10Z</time>
</trkpt>
<trkpt lat="53.538364386" lon="50.495449053">
  <ele>48.237999</ele>
  <time>2010-07-31T07:26:11Z</time>
</trkpt>
<trkpt lat="53.538459772" lon="50.495677963">
  <ele>47.953999</ele>
  <time>2010-07-31T07:26:12Z</time>
</trkpt>
<trkpt lat="53.538555158" lon="50.495899161">
  <ele>47.805000</ele>
  <time>2010-07-31T07:26:13Z</time>
</trkpt>
<trkpt lat="53.538650544" lon="50.496120444">
  <ele>47.775002</ele>
  <time>2010-07-31T07:26:14Z</time>
</trkpt>
<trkpt lat="53.538753474" lon="50.496349353">
  <ele>47.610001</ele>
  <time>2010-07-31T07:26:15Z</time>
</trkpt>
<trkpt lat="53.538852716" lon="50.496578179">
  <ele>47.522999</ele>
  <time>2010-07-31T07:26:16Z</time>
</trkpt>
<trkpt lat="53.538951874" lon="50.496818572">
  <ele>47.466000</ele>
  <time>2010-07-31T07:26:17Z</time>
</trkpt>
<trkpt lat="53.539054887" lon="50.497058881">
  <ele>47.536999</ele>
  <time>2010-07-31T07:26:18Z</time>
</trkpt>
<trkpt lat="53.539161673" lon="50.497303046">
  <ele>47.407001</ele>
  <time>2010-07-31T07:26:19Z</time>
</trkpt>
<trkpt lat="53.539268458" lon="50.497550983">
  <ele>47.417999</ele>
  <time>2010-07-31T07:26:20Z</time>
</trkpt>
<trkpt lat="53.539379099" lon="50.497798920">
  <ele>47.407001</ele>
  <time>2010-07-31T07:26:21Z</time>
</trkpt>
<trkpt lat="53.539489741" lon="50.498054484">
  <ele>47.478001</ele>
  <time>2010-07-31T07:26:22Z</time>
</trkpt>
<trkpt lat="53.539596526" lon="50.498310048">
  <ele>47.484001</ele>
  <time>2010-07-31T07:26:23Z</time>
</trkpt>
<trkpt lat="53.539707167" lon="50.498565696">
  <ele>47.313999</ele>
  <time>2010-07-31T07:26:24Z</time>
</trkpt>
<trkpt lat="53.539817808" lon="50.498825032">
  <ele>47.193001</ele>
  <time>2010-07-31T07:26:25Z</time>
</trkpt>
<trkpt lat="53.539928449" lon="50.499084452">
  <ele>47.136002</ele>
  <time>2010-07-31T07:26:26Z</time>
</trkpt>
<trkpt lat="53.540042862" lon="50.499347728">
  <ele>47.020000</ele>
  <time>2010-07-31T07:26:27Z</time>
</trkpt>
<trkpt lat="53.540153503" lon="50.499610920">
  <ele>46.893002</ele>
  <time>2010-07-31T07:26:28Z</time>
</trkpt>
<trkpt lat="53.540271772" lon="50.499874111">
  <ele>46.866001</ele>
  <time>2010-07-31T07:26:29Z</time>
</trkpt>
<trkpt lat="53.540382413" lon="50.500137303">
  <ele>46.880001</ele>
  <time>2010-07-31T07:26:30Z</time>
</trkpt>
<trkpt lat="53.540496826" lon="50.500392951">
  <ele>46.775002</ele>
  <time>2010-07-31T07:26:31Z</time>
</trkpt>
<trkpt lat="53.540599840" lon="50.500633260">
  <ele>46.845001</ele>
  <time>2010-07-31T07:26:32Z</time>
</trkpt>
<trkpt lat="53.540695226" lon="50.500862086">
  <ele>46.903000</ele>
  <time>2010-07-31T07:26:33Z</time>
</trkpt>
<trkpt lat="53.540782901" lon="50.501075741">
  <ele>46.784000</ele>
  <time>2010-07-31T07:26:34Z</time>
</trkpt>
<trkpt lat="53.540863032" lon="50.501274141">
  <ele>46.834000</ele>
  <time>2010-07-31T07:26:35Z</time>
</trkpt>
<trkpt lat="53.540935535" lon="50.501453429">
  <ele>47.174999</ele>
  <time>2010-07-31T07:26:36Z</time>
</trkpt>
<trkpt lat="53.541000327" lon="50.501609836">
  <ele>47.347000</ele>
  <time>2010-07-31T07:26:37Z</time>
</trkpt>
<trkpt lat="53.541057575" lon="50.501754759">
  <ele>47.612999</ele>
  <time>2010-07-31T07:26:38Z</time>
</trkpt>
<trkpt lat="53.541107196" lon="50.501876799">
  <ele>47.651001</ele>
  <time>2010-07-31T07:26:39Z</time>
</trkpt>
<trkpt lat="53.541145334" lon="50.501976041">
  <ele>47.592999</ele>
  <time>2010-07-31T07:26:40Z</time>
</trkpt>
<trkpt lat="53.541179616" lon="50.502056088">
  <ele>47.498001</ele>
  <time>2010-07-31T07:26:41Z</time>
</trkpt>
<trkpt lat="53.541198727" lon="50.502105709">
  <ele>47.442001</ele>
  <time>2010-07-31T07:26:42Z</time>
</trkpt>
<trkpt lat="53.541210210" lon="50.502132447">
  <ele>47.573002</ele>
  <time>2010-07-31T07:26:43Z</time>
</trkpt>
</trkseg>
</trk>
</gpx>
